hotel_name,hotel_url,hotel_location,group_label,brand_label,group_type,lat,lon,formatted_address,provider,confidence,place_id,types,partial_match,status
"Al Wathba, a Luxury Collection Desert Resort & Spa, Abu Dhabi",https://www.americanexpress.com/en-us/travel/discover/property/United-Arab-Emirates/Abu-Dhabi/Al-Wathba-a-Luxury-Collection-Desert-Resort--Spa-Abu-Dhabi?intlink=US-travel-discover-property-results-propertyCard-Al-Wathba-a-Luxury-Collection-Desert-Resort--Spa-Abu-Dhabi,"Abu Dhabi, United Arab Emirates",FINE HOTELS + RESORTS,,Program,24.1377896,54.742373,Al Wathba South 56620 - مشيرف - بالظبا - أبو ظبي - United Arab Emirates,google_places,PLACE_DETAILS,ChIJTyzMlEErXj4RTFL5tDkqyn0,establishment;lodging;point_of_interest,False,CACHED
Clayoquot Wilderness Lodge,https://www.americanexpress.com/en-us/travel/discover/property/British-Columbia-CA/Alberni-Clayoquot-C/Clayoquot-Wilderness-Lodge?intlink=US-travel-discover-property-results-propertyCard-Clayoquot-Wilderness-Lodge,"Alberni-Clayoquot C, British Columbia CA",FINE HOTELS + RESORTS,,Program,49.3663737,-125.7776638,"Bedwell River Valley, Alberni-Clayoquot C, BC V0R 2Z0, Canada",google_places,PLACE_DETAILS,ChIJy-YzMZrHiVQRzPDs4pvgFyk,establishment;lodging;point_of_interest,False,CACHED
Cameron House on Loch Lomond,https://www.americanexpress.com/en-us/travel/discover/property/Scotland/Alexandria/Cameron-House-On-Loch-Lomond?intlink=US-travel-discover-property-results-propertyCard-Cameron-House-On-Loch-Lomond,"Alexandria, Scotland",FINE HOTELS + RESORTS,,Program,56.0132151,-4.6077486,"Loch Lomond, A82, Alexandria G83 8QZ, UK",google_places,PLACE_DETAILS,ChIJ7RRv2rOsiUgRpWxpy3f3Lxs,establishment;lodging;point_of_interest;spa,False,CACHED
SHA Wellness Spain,https://www.americanexpress.com/en-us/travel/discover/property/Spain/Alicante/Sha-Wellness-Spain?intlink=US-travel-discover-property-results-propertyCard-Sha-Wellness-Spain,"Alicante, Spain",FINE HOTELS + RESORTS,,Program,38.5597759,-0.0744886,"Carrer del Verderol, 5, 03581 L'Albir, Alicante, Spain",google_places,PLACE_DETAILS,ChIJP9NeI6gGYg0RSE8mbFq08KY,establishment;health;lodging;point_of_interest;spa,False,CACHED
Pulitzer Amsterdam,https://www.americanexpress.com/en-us/travel/discover/property/Netherlands/Amsterdam/Pulitzer-Amsterdam?intlink=US-travel-discover-property-results-propertyCard-Pulitzer-Amsterdam,"Amsterdam, Netherlands",FINE HOTELS + RESORTS,,Program,52.3728783,4.883357,"Prinsengracht 323, 1016 GZ Amsterdam, Netherlands",google_places,PLACE_DETAILS,ChIJDY8OYsMJxkcRNqaKHHoTNFQ,establishment;lodging;point_of_interest,False,CACHED
Hotel Fasano Angra dos Reis,https://www.americanexpress.com/en-us/travel/discover/property/Brazil/Angra-dos-Reis/Hotel-Fasano-Angra-Dos-Reis?intlink=US-travel-discover-property-results-propertyCard-Hotel-Fasano-Angra-Dos-Reis,"Angra dos Reis, Brazil",FINE HOTELS + RESORTS,,Program,-22.9718836,-44.4389483,"Rod. Governador Mário Covas, Km 512 - Porto Frade, Angra dos Reis - RJ, 23946-017, Brazil",google_places,PLACE_DETAILS,ChIJvy2sgViynQARu4HqaxlTwoo,establishment;lodging;point_of_interest,False,CACHED
"The Brando, Tetiaroa Private Island",https://www.americanexpress.com/en-us/travel/discover/property/French-Polynesia/Arue/The-Brando-Tetiaroa-Private-Island?intlink=US-travel-discover-property-results-propertyCard-The-Brando-Tetiaroa-Private-Island,"Arue, French Polynesia",FINE HOTELS + RESORTS,,Program,-17.0227819,-149.5959077,"Arue 98702, French Polynesia",google_places,PLACE_DETAILS,ChIJUWiPJxOnkHYR5op_8Zwx0lI,establishment;lodging;point_of_interest,False,CACHED
91 Athens Riviera,https://www.americanexpress.com/en-us/travel/discover/property/Greece/Athens/91-Athens-Riviera?intlink=US-travel-discover-property-results-propertyCard-91-Athens-Riviera,"Athens, Greece",FINE HOTELS + RESORTS,,Program,37.8535593,23.7512451,"Α' Ακτή, Λεωφ. Αλκυονίδων 4, Βούλα 166 74, Greece",google_places,PLACE_DETAILS,ChIJZVOpVcO_oRQRsJ9vcNSSl6I,establishment;lodging;point_of_interest,False,CACHED
Grecotel The Dolli at Acropolis,https://www.americanexpress.com/en-us/travel/discover/property/Greece/Athens/Grecotel-The-Dolli-At-Acropolis?intlink=US-travel-discover-property-results-propertyCard-Grecotel-The-Dolli-At-Acropolis,"Athens, Greece",FINE HOTELS + RESORTS,,Program,37.9758119,23.7281266,"Mitropoleos 49, Athina 105 56, Greece",google_places,PLACE_DETAILS,ChIJ8UkelJ-9oRQR3C0IucbNFZI,establishment;lodging;point_of_interest,False,CACHED
Nobu Hotel Atlanta,https://www.americanexpress.com/en-us/travel/discover/property/Georgia-US/Atlanta/Nobu-Hotel-Atlanta?intlink=US-travel-discover-property-results-propertyCard-Nobu-Hotel-Atlanta,"Atlanta, Georgia US",FINE HOTELS + RESORTS,,Program,33.8540972,-84.36345999999999,"3520 Peachtree Rd NE, Atlanta, GA 30326, USA",google_places,PLACE_DETAILS,ChIJ3W5SZlEP9YgRbYjjmO_tZpo,establishment;lodging;point_of_interest,False,CACHED
Sofitel Auckland Viaduct Harbour,https://www.americanexpress.com/en-us/travel/discover/property/New-Zealand/Auckland/Sofitel-Auckland-Viaduct-Harbour?intlink=US-travel-discover-property-results-propertyCard-Sofitel-Auckland-Viaduct-Harbour,"Auckland, New Zealand",FINE HOTELS + RESORTS,,Program,-36.84479700000001,174.7574727,"21 Viaduct Harbour Avenue, Auckland Central, Auckland 1010, New Zealand",google_places,PLACE_DETAILS,ChIJAX9w4_NHDW0R2zjmiCinZ2k,establishment;lodging;point_of_interest,False,CACHED
The Loren Hotel Austin,https://www.americanexpress.com/en-us/travel/discover/property/Texas-US/Austin/The-Loren-Hotel-Austin?intlink=US-travel-discover-property-results-propertyCard-The-Loren-Hotel-Austin,"Austin, Texas US",FINE HOTELS + RESORTS,,Program,30.2637714,-97.75657919999999,"1211 W Riverside Dr, Austin, TX 78704, USA",google_places,PLACE_DETAILS,ChIJQ4BhX-e1RIYR0Eg1T5vDE68,establishment;lodging;point_of_interest,False,CACHED
La Mirande,https://www.americanexpress.com/en-us/travel/discover/property/France/Avignon/La-Mirande?intlink=US-travel-discover-property-results-propertyCard-La-Mirande,"Avignon, France",FINE HOTELS + RESORTS,,Program,43.950058,4.8077516,"4 Pl. de l'Amirande, 84000 Avignon, France",google_places,PLACE_DETAILS,ChIJW9K__YbrtRIR9EXpNugn0Q0,establishment;lodging;point_of_interest,False,CACHED
Dusit Thani Bangkok,https://www.americanexpress.com/en-us/travel/discover/property/Thailand/Bangkok/Dusit-Thani-Bangkok?intlink=US-travel-discover-property-results-propertyCard-Dusit-Thani-Bangkok,"Bangkok, Thailand",FINE HOTELS + RESORTS,,Program,13.7283139,100.5384519,"98 Thanon Rama IV, Si Lom, Khet Bang Rak, Krung Thep Maha Nakhon 10500, Thailand",google_places,PLACE_DETAILS,ChIJNR_QAkSf4jARbTRljQDBL70,establishment;lodging;point_of_interest,False,CACHED
Almanac Barcelona,https://www.americanexpress.com/en-us/travel/discover/property/Spain/Barcelona/Almanac-Barcelona?intlink=US-travel-discover-property-results-propertyCard-Almanac-Barcelona,"Barcelona, Spain",FINE HOTELS + RESORTS,,Program,41.3907169,2.169436,"619-621, Gran Via de les Corts Catalanes, Eixample, 08007 Barcelona, Spain",google_places,PLACE_DETAILS,ChIJdfJXAfKipBIRdtISLg-8xkY,establishment;lodging;point_of_interest,False,CACHED
The Royal Crescent Hotel & Spa,https://www.americanexpress.com/en-us/travel/discover/property/England/Bath/The-Royal-Crescent-Hotel--Spa?intlink=US-travel-discover-property-results-propertyCard-The-Royal-Crescent-Hotel--Spa,"Bath, England",FINE HOTELS + RESORTS,,Program,51.3874679,-2.3681134,"16 Royal Cres, Bath BA1 2LS, UK",google_places,PLACE_DETAILS,ChIJZUo6omqBcUgRBxusGzy3GoI,bar;establishment;food;lodging;point_of_interest;restaurant;spa,False,CACHED
Hotel de Rome,https://www.americanexpress.com/en-us/travel/discover/property/Germany/Berlin/Hotel-De-Rome?intlink=US-travel-discover-property-results-propertyCard-Hotel-De-Rome,"Berlin, Germany",FINE HOTELS + RESORTS,,Program,52.5157859,13.3940599,"Behrenstraße 37, 10117 Berlin, Germany",google_places,PLACE_DETAILS,ChIJsQ4OlttRqEcR3QNihxP152w,establishment;lodging;point_of_interest,False,CACHED
Palazzo Margherita,https://www.americanexpress.com/en-us/travel/discover/property/Italy/Bernalda/Palazzo-Margherita?intlink=US-travel-discover-property-results-propertyCard-Palazzo-Margherita,"Bernalda, Italy",FINE HOTELS + RESORTS,,Program,40.4074897,16.6872007,"Corso Umberto I, 64, 75012 Bernalda MT, Italy",google_places,PLACE_DETAILS,ChIJo6QV26RnRxMRKwSvKYqHCaM,establishment;lodging;point_of_interest,False,CACHED
Ambergris Cay,https://www.americanexpress.com/en-us/travel/discover/property/Turks-and-Caicos-Islands/Big-Ambergris-Cay/Ambergris-Cay?intlink=US-travel-discover-property-results-propertyCard-Ambergris-Cay,"Big Ambergris Cay, Turks and Caicos Islands",FINE HOTELS + RESORTS,,Program,21.2976677,-71.63470269999999,"Ambergris Cay, TKCA 1ZZ, Turks and Caicos Islands",google_places,PLACE_DETAILS,ChIJhwcAADNBs44RoicxhGaiuDI,establishment;lodging;point_of_interest;spa,False,CACHED
Cloister at The Boca Raton,https://www.americanexpress.com/en-us/travel/discover/property/Florida-US/Boca-Raton/Cloister-At-The-Boca-Raton?intlink=US-travel-discover-property-results-propertyCard-Cloister-At-The-Boca-Raton,"Boca Raton, Florida US",FINE HOTELS + RESORTS,,Program,26.342512,-80.078332,"501 E Camino Real, Boca Raton, FL 33432, USA",google_places,PLACE_DETAILS,ChIJn9EcVBbi2IgRJXwMbOX-OmM,establishment;lodging;point_of_interest,False,CACHED
Tower at The Boca Raton,https://www.americanexpress.com/en-us/travel/discover/property/Florida-US/Boca-Raton/Tower-At-The-Boca-Raton?intlink=US-travel-discover-property-results-propertyCard-Tower-At-The-Boca-Raton,"Boca Raton, Florida US",FINE HOTELS + RESORTS,,Program,26.3415065,-80.07752289999999,"501 E Camino Real, Boca Raton, FL 33432, USA",google_places,PLACE_DETAILS,ChIJ0QRE1RXi2IgRDEgnsDdVCqA,establishment;lodging;point_of_interest,False,CACHED
Yacht Club at The Boca Raton,https://www.americanexpress.com/en-us/travel/discover/property/Florida-US/Boca-Raton/Yacht-Club-At-The-Boca-Raton?intlink=US-travel-discover-property-results-propertyCard-Yacht-Club-At-The-Boca-Raton,"Boca Raton, Florida US",FINE HOTELS + RESORTS,,Program,26.3431336,-80.0775862,"505 E Camino Real, Boca Raton, FL 33432, USA",google_places,PLACE_DETAILS,ChIJKxIcCH3j2IgRs8xCa2WjxYQ,establishment;lodging;point_of_interest,False,CACHED
Capelongue,https://www.americanexpress.com/en-us/travel/discover/property/France/Bonnieux/Capelongue?intlink=US-travel-discover-property-results-propertyCard-Capelongue,"Bonnieux, France",FINE HOTELS + RESORTS,,Program,43.8219749,5.3180744,"Les Claparèdes, 550 Chem. des Cabanes, 84480 Bonnieux, France",google_places,PLACE_DETAILS,ChIJD_sZA6sQyhIR_EwUXy1YjTM,establishment;food;lodging;point_of_interest;restaurant;spa,False,CACHED
"Steigenberger Icon Wiltcher's, Brussels",https://www.americanexpress.com/en-us/travel/discover/property/Belgium/Brussels/Steigenberger-Icon-Wiltchers-Brussels?intlink=US-travel-discover-property-results-propertyCard-Steigenberger-Icon-Wiltchers-Brussels,"Brussels, Belgium",FINE HOTELS + RESORTS,,Program,50.8324587,4.357470900000001,"Av. Louise 71, 1050 Bruxelles, Belgium",google_places,PLACE_DETAILS,ChIJdwVZjInEw0cR6KTNXjQDNjg,establishment;lodging;point_of_interest,False,CACHED
Aria Hotel Budapest by Library Hotel Collection,https://www.americanexpress.com/en-us/travel/discover/property/Hungary/Budapest/Aria-Hotel-Budapest-By-Library-Hotel-Collection?intlink=US-travel-discover-property-results-propertyCard-Aria-Hotel-Budapest-By-Library-Hotel-Collection,"Budapest, Hungary",FINE HOTELS + RESORTS,,Program,47.499834,19.0534037,"Budapest, Hercegprímás u. 5, 1051 Hungary",google_places,PLACE_DETAILS,ChIJaw_UwGrcQUcRBMb-T52BOXU,establishment;lodging;point_of_interest,False,CACHED
Faena Buenos Aires,https://www.americanexpress.com/en-us/travel/discover/property/Argentina/Buenos-Aires/Faena-Buenos-Aires?intlink=US-travel-discover-property-results-propertyCard-Faena-Buenos-Aires,"Buenos Aires, Argentina",FINE HOTELS + RESORTS,,Program,-34.6139869,-58.3617792,"Martha Salotti 445, C1107 CMB, Cdad. Autónoma de Buenos Aires, Argentina",google_places,PLACE_DETAILS,ChIJ3_YRvdc0o5URF426622Yfts,establishment;lodging;point_of_interest,False,CACHED
Paradise Hotel Busan,https://www.americanexpress.com/en-us/travel/discover/property/South-Korea/Busan/Paradise-Hotel-Busan?intlink=US-travel-discover-property-results-propertyCard-Paradise-Hotel-Busan,"Busan, South Korea",FINE HOTELS + RESORTS,,Program,35.1601338,129.1646875,"296 Haeundaehaebyeon-ro, Haeundae, Busan, South Korea",google_places,PLACE_DETAILS,ChIJcewmsUKNaDURvdd647woro8,establishment;lodging;point_of_interest,False,CACHED
SHA Wellness Mexico,https://www.americanexpress.com/en-us/travel/discover/property/Quintana-Roo-MX/Cancún/Sha-Wellness-Mexico?intlink=US-travel-discover-property-results-propertyCard-Sha-Wellness-Mexico,"Cancún, Quintana Roo MX",FINE HOTELS + RESORTS,,Program,21.2152192,-86.8015873,"Carr. a Punta Sam 84, 77420 Cancún, Q.R., Mexico",google_places,PLACE_DETAILS,ChIJb5ABhjMvTI8RInxX8jPsJEg,establishment;lodging;point_of_interest,False,CACHED
Aethos Sardinia,https://www.americanexpress.com/en-us/travel/discover/property/Italy/Cannigione/Aethos-Sardinia?intlink=US-travel-discover-property-results-propertyCard-Aethos-Sardinia,"Cannigione, Italy",FINE HOTELS + RESORTS,,Program,41.1184057,9.4392817,"Via Monti Corru, 07021 Cannigione Provincia della Gallura Nord-Est Sardegna, Italy",google_places,PLACE_DETAILS,ChIJ62nhGzxE2RIR0e-gr7iZax8,establishment;lodging;point_of_interest,False,CACHED
Cap Vermell Grand Hotel,https://www.americanexpress.com/en-us/travel/discover/property/Spain/Canyamel/Cap-Vermell-Grand-Hotel?intlink=US-travel-discover-property-results-propertyCard-Cap-Vermell-Grand-Hotel,"Canyamel, Spain",FINE HOTELS + RESORTS,,Program,39.6689517,3.4395414,"Urb. Atalaya de Canyamel, Vial A, 12, 07589 Canyamel Platja, Illes Balears, Spain",google_places,PLACE_DETAILS,ChIJQQkcsugVlhIR7bHWYfbZd3I,establishment;lodging;point_of_interest,False,PLACES:Cap Vermell Grand Hotel Hotel
12 Apostles Hotel and Spa,https://www.americanexpress.com/en-us/travel/discover/property/South-Africa/Cape-Town/12-Apostles-Hotel-And-Spa?intlink=US-travel-discover-property-results-propertyCard-12-Apostles-Hotel-And-Spa,"Cape Town, South Africa",FINE HOTELS + RESORTS,,Program,-33.9835262,18.3589679,"Victoria Rd, Camps Bay, Cape Town, 8005, South Africa",google_places,PLACE_DETAILS,ChIJSQfrsjdmzB0R-XGTGAe06iI,establishment;lodging;point_of_interest,False,CACHED
CIVANA Wellness Resort and Spa,https://www.americanexpress.com/en-us/travel/discover/property/Arizona-US/Carefree/Civana-Wellness-Resort-And-Spa?intlink=US-travel-discover-property-results-propertyCard-Civana-Wellness-Resort-And-Spa,"Carefree, Arizona US",FINE HOTELS + RESORTS,,Program,33.8232096,-111.9095589,"37220 Mule Train Rd, Carefree, AZ 85377, USA",google_places,PLACE_DETAILS,ChIJ74cR6tZ-K4cRvLOT93fffZA,bar;establishment;food;gym;health;lodging;night_club;point_of_interest;restaurant;spa,False,CACHED
Carmel Valley Ranch,https://www.americanexpress.com/en-us/travel/discover/property/California-US/Carmel-By-The-Sea/Carmel-Valley-Ranch?intlink=US-travel-discover-property-results-propertyCard-Carmel-Valley-Ranch,"Carmel-By-The-Sea, California US",FINE HOTELS + RESORTS,,Program,36.51930189999999,-121.806573,"1 Old Ranch Rd, Carmel, CA 93923, USA",google_places,PLACE_DETAILS,ChIJX2-P59zxjYAR-SNVkNFbYlY,establishment;lodging;point_of_interest,False,CACHED
The Umstead Hotel & Spa,https://www.americanexpress.com/en-us/travel/discover/property/North-Carolina-US/Cary/The-Umstead-Hotel--Spa?intlink=US-travel-discover-property-results-propertyCard-The-Umstead-Hotel--Spa,"Cary, North Carolina US",FINE HOTELS + RESORTS,,Program,35.8298301,-78.7641448,"100 Woodland Pond Dr, Cary, NC 27513, USA",google_places,PLACE_DETAILS,ChIJ1_XdgFvxrIkRmWToQljAnmA,establishment;food;lodging;point_of_interest;restaurant;spa,False,CACHED
Les Roches Blanches Cassis,https://www.americanexpress.com/en-us/travel/discover/property/France/Cassis/Les-Roches-Blanches-Cassis?intlink=US-travel-discover-property-results-propertyCard-Les-Roches-Blanches-Cassis,"Cassis, France",FINE HOTELS + RESORTS,,Program,43.2117099,5.5295488,"9 Av. des Calanques, 13260 Cassis, France",google_places,PLACE_DETAILS,ChIJexKG0426yRIRU1HAI7xhclQ,establishment;food;lodging;point_of_interest;restaurant;spa,False,CACHED
The Dewberry,https://www.americanexpress.com/en-us/travel/discover/property/South-Carolina-US/Charleston/The-Dewberry?intlink=US-travel-discover-property-results-propertyCard-The-Dewberry,"Charleston, South Carolina US",FINE HOTELS + RESORTS,,Program,32.7878367,-79.9345914,"334 Meeting St, Charleston, SC 29403, USA",google_places,PLACE_DETAILS,ChIJcxpY9mx6_ogRL43yYUExux4,establishment;lodging;point_of_interest;spa,False,CACHED
The Pinch Charleston,https://www.americanexpress.com/en-us/travel/discover/property/South-Carolina-US/Charleston/The-Pinch-Charleston?intlink=US-travel-discover-property-results-propertyCard-The-Pinch-Charleston,"Charleston, South Carolina US",FINE HOTELS + RESORTS,,Program,32.7844161,-79.9350509,"40 George St, Charleston, SC 29401, USA",google_places,PLACE_DETAILS,ChIJD7_czN97_ogRN-yIqDrfM4c,establishment;lodging;point_of_interest,False,CACHED
Zero George Street,https://www.americanexpress.com/en-us/travel/discover/property/South-Carolina-US/Charleston/Zero-George-Street?intlink=US-travel-discover-property-results-propertyCard-Zero-George-Street,"Charleston, South Carolina US",FINE HOTELS + RESORTS,,Program,32.786602,-79.9295078,"Right Side, 0 George St, Charleston, SC 29401, USA",google_places,PLACE_DETAILS,ChIJY7-7lnJ6_ogR3eAkND6sK1k,bar;establishment;food;lodging;point_of_interest;restaurant,False,CACHED
The Ivey's Hotel,https://www.americanexpress.com/en-us/travel/discover/property/North-Carolina-US/Charlotte/The-Iveys-Hotel?intlink=US-travel-discover-property-results-propertyCard-The-Iveys-Hotel,"Charlotte, North Carolina US",FINE HOTELS + RESORTS,,Program,35.227989,-80.8422606,"127 N Tryon St, Charlotte, NC 28202, USA",google_places,PLACE_DETAILS,ChIJEbV-XSWgVogRUK0U8nYBzmU,establishment;lodging;point_of_interest,False,CACHED
Les Sources de Cheverny,https://www.americanexpress.com/en-us/travel/discover/property/France/Cheverny/Les-Sources-De-Cheverny?intlink=US-travel-discover-property-results-propertyCard-Les-Sources-De-Cheverny,"Cheverny, France",FINE HOTELS + RESORTS,,Program,47.4834954,1.4268276,"23 Rte de Fougère, 41700 Cheverny, France",google_places,PLACE_DETAILS,ChIJMb9GpGCs5EcRyCcrXre_cSE,establishment;lodging;point_of_interest,False,CACHED
Castello di Vicarello,https://www.americanexpress.com/en-us/travel/discover/property/Italy/Cinigiano/Castello-Di-Vicarello?intlink=US-travel-discover-property-results-propertyCard-Castello-Di-Vicarello,"Cinigiano, Italy",FINE HOTELS + RESORTS,,Program,42.8855206,11.3086876,"Via Vicarello, 1, 58044 Poggi del Sasso GR, Italy",google_places,PLACE_DETAILS,ChIJLyjf5x1JLxMRzT_1pd_C1Bc,establishment;food;lodging;point_of_interest;restaurant,False,CACHED
"Lucknam Park, Emblems Collection",https://www.americanexpress.com/en-us/travel/discover/property/England/Colerne/Lucknam-Park-Emblems-Collection?intlink=US-travel-discover-property-results-propertyCard-Lucknam-Park-Emblems-Collection,"Colerne, England",FINE HOTELS + RESORTS,,Program,51.45505,-2.25939,"Lucknam Park, Thickwood, Chippenham SN14 8AZ, UK",google_places,PLACE_DETAILS,ChIJt_zHOVR4cUgRONaAmLjRN6c,establishment;lodging;point_of_interest,False,CACHED
Ashford Castle,https://www.americanexpress.com/en-us/travel/discover/property/Ireland/Cong/Ashford-Castle?intlink=US-travel-discover-property-results-propertyCard-Ashford-Castle,"Cong, Ireland",FINE HOTELS + RESORTS,,Program,53.5345934,-9.2848658,"Ashford Castle Dr, Ashford Or Cappacorcoge, Cong, Co. Mayo, Ireland",google_places,PLACE_DETAILS,ChIJgVZlMP-PREgRtsD6aHWlm7Q,establishment;lodging;point_of_interest,False,CACHED
Cowley Manor Experimental,https://www.americanexpress.com/en-us/travel/discover/property/England/Cowley/Cowley-Manor-Experimental?intlink=US-travel-discover-property-results-propertyCard-Cowley-Manor-Experimental,"Cowley, England",FINE HOTELS + RESORTS,,Program,51.83072379999999,-2.0530709,"Cowley, Cheltenham GL53 9NL, UK",google_places,PLACE_DETAILS,ChIJ0_f1yqYQcUgRNJ4kzvAk6Sk,establishment;lodging;point_of_interest,False,CACHED
Mount Lofty House Boutique Estate,https://www.americanexpress.com/en-us/travel/discover/property/Australia/Crafers/Mount-Lofty-House-Boutique-Estate?intlink=US-travel-discover-property-results-propertyCard-Mount-Lofty-House-Boutique-Estate,"Crafers, Australia",FINE HOTELS + RESORTS,,Program,-34.9866883,138.7093204,"1 Mawson Dr, Crafers SA 5152, Australia",google_places,PLACE_DETAILS,ChIJn2nXXc_MsGoRT_QvRujlBq8,establishment;food;lodging;point_of_interest;restaurant;spa,False,CACHED
Sequoia - Intimate Adults Only Luxury Lodge,https://www.americanexpress.com/en-us/travel/discover/property/Australia/Crafers/Sequoia---Intimate-Adults-Only-Luxury-Lodge?intlink=US-travel-discover-property-results-propertyCard-Sequoia---Intimate-Adults-Only-Luxury-Lodge,"Crafers, Australia",FINE HOTELS + RESORTS,,Program,-34.987224,138.7102005,"1 Mawson Dr, Crafers SA 5152, Australia",google_places,PLACE_DETAILS,ChIJ_XP4gM_MsGoRc8uMQwyD6_M,establishment;lodging;point_of_interest,False,CACHED
Hotel Crescent Court,https://www.americanexpress.com/en-us/travel/discover/property/Texas-US/Dallas/Hotel-Crescent-Court?intlink=US-travel-discover-property-results-propertyCard-Hotel-Crescent-Court,"Dallas, Texas US",FINE HOTELS + RESORTS,,Program,32.7941693,-96.8042468,"400 Crescent Ct, Dallas, TX 75201, USA",google_places,PLACE_DETAILS,ChIJi2qoFzCZToYRkRB1UioZFXM,establishment;lodging;point_of_interest,False,CACHED
Limelight Hotel Denver,https://www.americanexpress.com/en-us/travel/discover/property/Colorado-US/Denver/Limelight-Hotel-Denver?intlink=US-travel-discover-property-results-propertyCard-Limelight-Hotel-Denver,"Denver, Colorado US",FINE HOTELS + RESORTS,,Program,39.7532668,-105.002025,"1600 Wewatta St, Denver, CO 80202, USA",google_places,PLACE_DETAILS,ChIJ0Xk_zMN4bIcR70lcs6SIRf4,establishment;lodging;point_of_interest,False,CACHED
Armani Dubai,https://www.americanexpress.com/en-us/travel/discover/property/United-Arab-Emirates/Dubai/Armani-Dubai?intlink=US-travel-discover-property-results-propertyCard-Armani-Dubai,"Dubai, United Arab Emirates",FINE HOTELS + RESORTS,,Program,25.1972199,55.2743793,Burj Khalifa - Sheikh Mohammed bin Rashid Blvd - Burj Khalifa - Downtown Dubai - Dubai - United Arab Emirates,google_places,PLACE_DETAILS,ChIJh51qx4FCXz4Rxdkio9LbXOs,establishment;lodging;point_of_interest,False,CACHED
Bab Al Shams,https://www.americanexpress.com/en-us/travel/discover/property/United-Arab-Emirates/Dubai/Bab-Al-Shams?intlink=US-travel-discover-property-results-propertyCard-Bab-Al-Shams,"Dubai, United Arab Emirates",FINE HOTELS + RESORTS,,Program,24.8171508,55.2308538,Al Qudra Road - opposite Endurance City - Mugatrah - Dubai - United Arab Emirates,google_places,PLACE_DETAILS,ChIJFxCH3HZvXz4Rz8fIvmm2WZM,establishment;lodging;point_of_interest;spa,False,CACHED
The Royal Atlantis Resort & Residences FZE,https://www.americanexpress.com/en-us/travel/discover/property/United-Arab-Emirates/Dubai/The-Royal-Atlantis-Resort--Residences-Fze?intlink=US-travel-discover-property-results-propertyCard-The-Royal-Atlantis-Resort--Residences-Fze,"Dubai, United Arab Emirates",FINE HOTELS + RESORTS,,Program,25.1386034,55.1277594,Palm Jumeirah - Crescent Rd - The Palm Jumeirah - Dubai - United Arab Emirates,google_places,PLACE_DETAILS,ChIJyTL-aggVXz4R4cAwRc0Ydsw,establishment;lodging;point_of_interest,False,CACHED
The Sanderling,https://www.americanexpress.com/en-us/travel/discover/property/North-Carolina-US/Duck/The-Sanderling?intlink=US-travel-discover-property-results-propertyCard-The-Sanderling,"Duck, North Carolina US",FINE HOTELS + RESORTS,,Program,36.2225839,-75.7706649,"1461 Duck Rd, Duck, NC 27949, USA",google_places,PLACE_DETAILS,ChIJdVVH8PkmpYkRobN1x7fNKI4,establishment;lodging;point_of_interest;spa,False,CACHED
Harbor View Hotel,https://www.americanexpress.com/en-us/travel/discover/property/Massachusetts-US/Edgartown/Harbor-View-Hotel?intlink=US-travel-discover-property-results-propertyCard-Harbor-View-Hotel,"Edgartown, Massachusetts US",FINE HOTELS + RESORTS,,Program,41.39249580000001,-70.506566,"Harbor View Hotel, 131 N Water St, Edgartown, MA 02539, USA",google_places,PLACE_DETAILS,ChIJ8-Q5cjss5YkRWlG2optn_ns,establishment;lodging;point_of_interest,False,CACHED
100 Princes Street,https://www.americanexpress.com/en-us/travel/discover/property/Scotland/Edinburgh/100-Princes-Street?intlink=US-travel-discover-property-results-propertyCard-100-Princes-Street,"Edinburgh, Scotland",FINE HOTELS + RESORTS,,Program,55.9516376,-3.200276,"100 Princes St., Edinburgh EH2 3AB, UK",google_places,PLACE_DETAILS,ChIJv2PatTDHh0gR6OjrMFWOjWY,establishment;lodging;point_of_interest,False,CACHED
Aethos Ericeira,https://www.americanexpress.com/en-us/travel/discover/property/Portugal/Encarnação/Aethos-Ericeira?intlink=US-travel-discover-property-results-propertyCard-Aethos-Ericeira,"Encarnação, Portugal",FINE HOTELS + RESORTS,,Program,39.0344987,-9.4171256,"R. da Estalagem, 2640-255 Encarnação, Portugal",google_places,PLACE_DETAILS,ChIJ6-JqfsclHw0RvNGX8kXL8H8,establishment;lodging;point_of_interest;spa,False,CACHED
Encore Boston Harbor,https://www.americanexpress.com/en-us/travel/discover/property/Massachusetts-US/Everett/Encore-Boston-Harbor?intlink=US-travel-discover-property-results-propertyCard-Encore-Boston-Harbor,"Everett, Massachusetts US",FINE HOTELS + RESORTS,,Program,42.39521430000001,-71.0695365,"1 Broadway, Everett, MA 02149, USA",google_places,PLACE_DETAILS,ChIJi9RuTeJx44kRsv3bZbvJDmo,establishment;lodging;point_of_interest;shopping_mall,False,CACHED
Hotel La Gemma,https://www.americanexpress.com/en-us/travel/discover/property/Italy/Florence/Hotel-La-Gemma?intlink=US-travel-discover-property-results-propertyCard-Hotel-La-Gemma,"Florence, Italy",FINE HOTELS + RESORTS,,Program,43.7707363,11.2540568,"Via dei Cavalieri, 2/C, 50123 Firenze FI, Italy",google_places,PLACE_DETAILS,ChIJxTHhuQFUKhMR-i0rb2B2sxc,establishment;lodging;point_of_interest,False,CACHED
"The Crescent Hotel, Fort Worth",https://www.americanexpress.com/en-us/travel/discover/property/Texas-US/Fort-Worth/The-Crescent-Hotel-Fort-Worth?intlink=US-travel-discover-property-results-propertyCard-The-Crescent-Hotel-Fort-Worth,"Fort Worth, Texas US",FINE HOTELS + RESORTS,,Program,32.7500537,-97.36508549999999,"3300 Camp Bowie Blvd, Fort Worth, TX 76107, USA",google_places,PLACE_DETAILS,ChIJ8TUSJ31zToYR8XUI0O-P32M,establishment;lodging;point_of_interest,False,CACHED
Sofitel Frankfurt Opera,https://www.americanexpress.com/en-us/travel/discover/property/Germany/Frankfurt/Sofitel-Frankfurt-Opera?intlink=US-travel-discover-property-results-propertyCard-Sofitel-Frankfurt-Opera,"Frankfurt, Germany",FINE HOTELS + RESORTS,,Program,50.1160466,8.6734656,"Nur Hier Zufahrt Zum, Hochstraße 44, 60313 Frankfurt am Main, Germany",google_places,PLACE_DETAILS,ChIJV_CNVqwOvUcRdkMLglXHp74,establishment;lodging;point_of_interest,False,CACHED
Steigenberger Icon Frankfurter Hof,https://www.americanexpress.com/en-us/travel/discover/property/Germany/Frankfurt/Steigenberger-Icon-Frankfurter-Hof?intlink=US-travel-discover-property-results-propertyCard-Steigenberger-Icon-Frankfurter-Hof,"Frankfurt, Germany",FINE HOTELS + RESORTS,,Program,50.1102913,8.6760504,"Am Kaiserplatz, Bethmannstraße 33, 60311 Frankfurt am Main, Germany",google_places,PLACE_DETAILS,ChIJY80iaqkOvUcRNQEhyx9ZB6A,bar;establishment;food;lodging;point_of_interest;restaurant,False,CACHED
Southall Farm & Inn,https://www.americanexpress.com/en-us/travel/discover/property/Tennessee-US/Franklin/Southall-Farm--Inn?intlink=US-travel-discover-property-results-propertyCard-Southall-Farm--Inn,"Franklin, Tennessee US",FINE HOTELS + RESORTS,,Program,35.88995269999999,-86.92250609999999,"2200 Osage Lp, Franklin, TN 37064, USA",google_places,PLACE_DETAILS,ChIJA3Mnex-BZIgRQHDE1srb-qQ,establishment;lodging;point_of_interest,False,CACHED
InterContinental Fujairah Resort,https://www.americanexpress.com/en-us/travel/discover/property/United-Arab-Emirates/Fujairah/Intercontinental-Fujairah-Resort?intlink=US-travel-discover-property-results-propertyCard-Intercontinental-Fujairah-Resort,"Fujairah, United Arab Emirates",FINE HOTELS + RESORTS,,Program,25.5049456,56.36227909999999,Al Aqah Beach - Dibba Road - Al ʻIqqah - Fujairah - United Arab Emirates,google_places,PLACE_DETAILS,ChIJqwCCxKnK9T4RYb2hXDJk_e0,establishment;lodging;point_of_interest,False,CACHED
Hotel D'Angleterre Geneva,https://www.americanexpress.com/en-us/travel/discover/property/Switzerland/Geneva/Hotel-Dangleterre-Geneva?intlink=US-travel-discover-property-results-propertyCard-Hotel-Dangleterre-Geneva,"Geneva, Switzerland",FINE HOTELS + RESORTS,,Program,46.2096502,6.150323999999999,"Quai du Mont-Blanc 17, 1201 Genève, Switzerland",google_places,PLACE_DETAILS,ChIJmbe3ViRljEcRPxrWKJP3yeE,establishment;lodging;point_of_interest,False,CACHED
Palm Heights,https://www.americanexpress.com/en-us/travel/discover/property/Cayman-Islands/Grand-Cayman/Palm-Heights?intlink=US-travel-discover-property-results-propertyCard-Palm-Heights,"Grand Cayman, Cayman Islands",FINE HOTELS + RESORTS,,Program,19.3277571,-81.3820858,"Seven Mile Beach Grand Cayman KY1, 747 W Bay Rd, 1110, Cayman Islands",google_places,PLACE_DETAILS,ChIJB4xY5leGJY8RVMHdIoZ-wjM,establishment;lodging;point_of_interest,False,CACHED
Le Barthelemy Hotel & Spa,https://www.americanexpress.com/en-us/travel/discover/property/Saint-Barthelemy/Grand-Cul-de-Sac/Le-Barthelemy-Hotel--Spa?intlink=US-travel-discover-property-results-propertyCard-Le-Barthelemy-Hotel--Spa,"Grand Cul-de-Sac, Saint Barthelemy",FINE HOTELS + RESORTS,,Program,17.9082603,-62.80163950000001,"Baie de Grand Cul de Sac, Saint-Barthélemy 97133, St Barthélemy",google_places,PLACE_DETAILS,ChIJZWefh8HfDYwRDscXzg67Xc8,establishment;food;lodging;point_of_interest;restaurant;spa,False,CACHED
Paws Up Montana,https://www.americanexpress.com/en-us/travel/discover/property/Montana-US/Greenough/Paws-Up-Montana?intlink=US-travel-discover-property-results-propertyCard-Paws-Up-Montana,"Greenough, Montana US",FINE HOTELS + RESORTS,,Program,46.9161387,-113.4323664,"40060 Paws Up Rd, Greenough, MT 59823, USA",google_places,PLACE_DETAILS,ChIJjbWCfEqrXVMRcDD_VyjaUuo,establishment;lodging;point_of_interest,False,CACHED
Canoe Place Inn & Cottages,https://www.americanexpress.com/en-us/travel/discover/property/New-York-US/Hampton-Bays/Canoe-Place-Inn--Cottages?intlink=US-travel-discover-property-results-propertyCard-Canoe-Place-Inn--Cottages,"Hampton Bays, New York US",FINE HOTELS + RESORTS,,Program,40.8852204,-72.5029562,"239 E Montauk Hwy, Hampton Bays, NY 11946, USA",google_places,PLACE_DETAILS,ChIJ15dum7Tt6IkRIOVFGn0qG5k,establishment;lodging;point_of_interest,False,CACHED
The Grove,https://www.americanexpress.com/en-us/travel/discover/property/England/Hertfordshire/The-Grove?intlink=US-travel-discover-property-results-propertyCard-The-Grove,"Hertfordshire, England",FINE HOTELS + RESORTS,,Program,28.3613419,-81.6501237,"14501 Grove Resort Ave, Winter Garden, FL 34787, USA",google_places,PLACE_DETAILS,ChIJ4boXmvl83YgRmIy08hCc2b8,amusement_park;establishment;lodging;point_of_interest,False,CACHED
Andronis Concept,https://www.americanexpress.com/en-us/travel/discover/property/Greece/Imerovigli/Andronis-Concept?intlink=US-travel-discover-property-results-propertyCard-Andronis-Concept,"Imerovigli, Greece",FINE HOTELS + RESORTS,,Program,36.438076,25.4239616,"Epar.Od. Firon-Ias, Thira 847 00, Greece",google_places,PLACE_DETAILS,ChIJ4xk7jEzMmRQRW8rk7P7TXtQ,establishment;food;lodging;point_of_interest;restaurant;spa,False,CACHED
Southern Ocean Lodge,https://www.americanexpress.com/en-us/travel/discover/property/Australia/Kingscote/Southern-Ocean-Lodge?intlink=US-travel-discover-property-results-propertyCard-Southern-Ocean-Lodge,"Kingscote, Australia",FINE HOTELS + RESORTS,,Program,-36.0177119,136.8339196,"Hanson Bay Rd, Kingscote SA 5223, Australia",google_places,PLACE_DETAILS,ChIJRX0wR-cprWoRoivPUwnAfBE,establishment;lodging;point_of_interest,False,CACHED
The American Club,https://www.americanexpress.com/en-us/travel/discover/property/Wisconsin-US/Kohler/The-American-Club?intlink=US-travel-discover-property-results-propertyCard-The-American-Club,"Kohler, Wisconsin US",FINE HOTELS + RESORTS,,Program,43.7399595,-87.7810471,"419 Highland Dr, Kohler, WI 53044, USA",google_places,PLACE_DETAILS,ChIJKQ907s2gBIgRhcuNHgkT5Yg,bar;establishment;lodging;point_of_interest;spa,False,CACHED
Spa & Resort Bachmair Weissach,https://www.americanexpress.com/en-us/travel/discover/property/Germany/Kreuth/Spa--Resort-Bachmair-Weissach?intlink=US-travel-discover-property-results-propertyCard-Spa--Resort-Bachmair-Weissach,"Kreuth, Germany",FINE HOTELS + RESORTS,,Program,47.6864184,11.7580464,"Wiesseer Str. 1, 83700 Kreuth, Germany",google_places,PLACE_DETAILS,ChIJix9_5cKOnUcROUr34sH8nxY,establishment;health;lodging;point_of_interest;spa,False,CACHED
Dusit Thani Kyoto,https://www.americanexpress.com/en-us/travel/discover/property/Japan/Kyoto/Dusit-Thani-Kyoto?intlink=US-travel-discover-property-results-propertyCard-Dusit-Thani-Kyoto,"Kyoto, Japan",FINE HOTELS + RESORTS,,Program,34.9919451,135.7549275,"466 Nishinotōinchō, Shimogyo Ward, Kyoto, 600-8327, Japan",google_places,PLACE_DETAILS,ChIJly85F0AJAWARisEPr-heHlw,establishment;lodging;point_of_interest,False,CACHED
The Lodge at Torrey Pines,https://www.americanexpress.com/en-us/travel/discover/property/California-US/La-Jolla/The-Lodge-At-Torrey-Pines?intlink=US-travel-discover-property-results-propertyCard-The-Lodge-At-Torrey-Pines,"La Jolla, California US",FINE HOTELS + RESORTS,,Program,32.9041054,-117.2446127,"11480 N Torrey Pines Rd, La Jolla, CA 92037, USA",google_places,PLACE_DETAILS,ChIJCecG5V8G3IARr1ynw6IDuhM,establishment;lodging;point_of_interest,False,CACHED
Casa de Campo Resort & Villas,https://www.americanexpress.com/en-us/travel/discover/property/Dominican-Republic/La-Romana/Casa-De-Campo-Resort--Villas?intlink=US-travel-discover-property-results-propertyCard-Casa-De-Campo-Resort--Villas,"La Romana, Dominican Republic",FINE HOTELS + RESORTS,,Program,18.4208612,-68.918855,"Carretera La Romana - Higuey Hwy, La Romana 22000, Dominican Republic",google_places,PLACE_DETAILS,ChIJS1K23U-qqI4Rf06RBib3KH8,establishment;lodging;point_of_interest;tourist_attraction,False,CACHED
Fontainebleau Las Vegas,https://www.americanexpress.com/en-us/travel/discover/property/Nevada-US/Las-Vegas/Fontainebleau-Las-Vegas?intlink=US-travel-discover-property-results-propertyCard-Fontainebleau-Las-Vegas,"Las Vegas, Nevada US",FINE HOTELS + RESORTS,,Program,36.1373971,-115.1594354,"2777 S Las Vegas Blvd, Las Vegas, NV 89109, USA",google_places,PLACE_DETAILS,ChIJ9QG3333FyIARdDvDeFyVK9A,establishment;lodging;point_of_interest,False,CACHED
Palazzo at The Venetian,https://www.americanexpress.com/en-us/travel/discover/property/Nevada-US/Las-Vegas/Palazzo-At-The-Venetian?intlink=US-travel-discover-property-results-propertyCard-Palazzo-At-The-Venetian,"Las Vegas, Nevada US",FINE HOTELS + RESORTS,,Program,36.1240054,-115.1679583,"3325 S Las Vegas Blvd, Las Vegas, NV 89109, USA",google_places,PLACE_DETAILS,ChIJ9TdsBj7EyIARVQQd4t-9bkU,casino;establishment;lodging;point_of_interest,False,CACHED
Wynn and Encore Las Vegas,https://www.americanexpress.com/en-us/travel/discover/property/Nevada-US/Las-Vegas/Wynn-And-Encore-Las-Vegas?intlink=US-travel-discover-property-results-propertyCard-Wynn-And-Encore-Las-Vegas,"Las Vegas, Nevada US",FINE HOTELS + RESORTS,,Program,36.1294396,-115.164314,"3121 S Las Vegas Blvd, Las Vegas, NV 89109, USA",google_places,PLACE_DETAILS,ChIJS0B4ZMzCyIARxg2SVf4dIZk,casino;establishment;lodging;point_of_interest;tourist_attraction,False,CACHED
Villa La Coste,https://www.americanexpress.com/en-us/travel/discover/property/France/Le-Puy-Sainte-Réparade/Villa-La-Coste?intlink=US-travel-discover-property-results-propertyCard-Villa-La-Coste,"Le Puy-Sainte-Réparade, France",FINE HOTELS + RESORTS,,Program,43.6333905,5.4144426,"2750 Route de la Cride, 13610 Le Puy-Sainte-Réparade, France",google_places,PLACE_DETAILS,ChIJH6Nf3OWKyRIRfXTtTjBBbuM,bar;establishment;food;lodging;point_of_interest;restaurant;spa,False,CACHED
Beaverbrook,https://www.americanexpress.com/en-us/travel/discover/property/England/Leatherhead/Beaverbrook?intlink=US-travel-discover-property-results-propertyCard-Beaverbrook,"Leatherhead, England",FINE HOTELS + RESORTS,,Program,51.277009,-0.3122132,"Reigate Rd, Leatherhead KT22 8QX, UK",google_places,PLACE_DETAILS,ChIJ0_v_DDvhdUgRxzrIBql2T7c,bar;establishment;food;lodging;point_of_interest;restaurant;spa,False,CACHED
Kudadoo Maldives Private Island,https://www.americanexpress.com/en-us/travel/discover/property/Maldives/Lhaviyani/Kudadoo-Maldives-Private-Island?intlink=US-travel-discover-property-results-propertyCard-Kudadoo-Maldives-Private-Island,"Lhaviyani, Maldives",FINE HOTELS + RESORTS,,Program,5.5025795,73.43361150000001,"Kudadoo Island, Lhaviyani Atoll 07080, Maldives",google_places,PLACE_DETAILS,ChIJWbmJaJoqazsRgPsff6grW6k,establishment;lodging;point_of_interest,False,CACHED
Palacio Ludovice Wine Experience Hotel,https://www.americanexpress.com/en-us/travel/discover/property/Portugal/Lisbon/Palacio-Ludovice-Wine-Experience-Hotel?intlink=US-travel-discover-property-results-propertyCard-Palacio-Ludovice-Wine-Experience-Hotel,"Lisbon, Portugal",FINE HOTELS + RESORTS,,Program,38.7140779,-9.144106599999999,"R. de São Pedro de Alcântara 39, 1250-237 Lisboa, Portugal",google_places,PLACE_DETAILS,ChIJcdXUhdYzGQ0R-_plDS7F0OU,establishment;lodging;point_of_interest,False,CACHED
Broadwick Soho,https://www.americanexpress.com/en-us/travel/discover/property/England/London/Broadwick-Soho?intlink=US-travel-discover-property-results-propertyCard-Broadwick-Soho,"London, England",FINE HOTELS + RESORTS,,Program,51.5138596,-0.135365,"20 Broadwick St, London W1F 8HT, UK",google_places,PLACE_DETAILS,ChIJ1Y_caTIFdkgRyawbVn8jgJI,establishment;lodging;point_of_interest,False,CACHED
Nobu Hotel London Portman Square,https://www.americanexpress.com/en-us/travel/discover/property/England/London/Nobu-Hotel-London-Portman-Square?intlink=US-travel-discover-property-results-propertyCard-Nobu-Hotel-London-Portman-Square,"London, England",FINE HOTELS + RESORTS,,Program,51.5161336,-0.1579796,"22 Portman Square, London W1H 7BG, UK",google_places,PLACE_DETAILS,ChIJ1XLh_HIbdkgRuGAsY82FGLc,establishment;lodging;point_of_interest,False,CACHED
The Biltmore Mayfair,https://www.americanexpress.com/en-us/travel/discover/property/England/London/The-Biltmore-Mayfair?intlink=US-travel-discover-property-results-propertyCard-The-Biltmore-Mayfair,"London, England",FINE HOTELS + RESORTS,,Program,51.5108004,-0.151122,"44 Grosvenor Sq, London W1K 2HP, UK",google_places,PLACE_DETAILS,ChIJA2wOKCkFdkgRf3B85ZcBsGc,establishment;lodging;point_of_interest,False,CACHED
The Goring,https://www.americanexpress.com/en-us/travel/discover/property/England/London/The-Goring?intlink=US-travel-discover-property-results-propertyCard-The-Goring,"London, England",FINE HOTELS + RESORTS,,Program,51.4975718,-0.1454684,"15 Beeston Pl, London SW1W 0JW, UK",google_places,PLACE_DETAILS,ChIJpyeYGW8FdkgRqfqKh8Yxrs8,establishment;lodging;point_of_interest,False,CACHED
BRACH Madrid - Evok Collection,https://www.americanexpress.com/en-us/travel/discover/property/Spain/Madrid/Brach-Madrid---Evok-Collection?intlink=US-travel-discover-property-results-propertyCard-Brach-Madrid---Evok-Collection,"Madrid, Spain",FINE HOTELS + RESORTS,,Program,40.4200581,-3.7000627,"Gran Vía, 20, Centro, 28013 Madrid, Spain",google_places,PLACE_DETAILS,ChIJObeBgRMpQg0RnCBmL44-3s0,establishment;lodging;point_of_interest,False,CACHED
The Louise,https://www.americanexpress.com/en-us/travel/discover/property/Australia/Marananga/The-Louise?intlink=US-travel-discover-property-results-propertyCard-The-Louise,"Marananga, Australia",FINE HOTELS + RESORTS,,Program,-34.488121,138.9467926,"375 Seppeltsfield Road, Stonewell Rd, Marananga SA 5355, Australia",google_places,PLACE_DETAILS,ChIJHcgB3rjuuWoRrhDhDPTVWlo,establishment;food;lodging;point_of_interest;restaurant,False,CACHED
Isla Bella Beach Resort & Spa,https://www.americanexpress.com/en-us/travel/discover/property/Florida-US/Marathon/Isla-Bella-Beach-Resort--Spa?intlink=US-travel-discover-property-results-propertyCard-Isla-Bella-Beach-Resort--Spa,"Marathon, Florida US",FINE HOTELS + RESORTS,,Program,24.7065947,-81.12098809999999,"1 Knights Key Blvd, Marathon, FL 33050, USA",google_places,PLACE_DETAILS,ChIJhcnfNl_e0IgRF7LinLyiM5s,establishment;lodging;point_of_interest,False,CACHED
Les Sources de Caudalie,https://www.americanexpress.com/en-us/travel/discover/property/France/Martillac/Les-Sources-De-Caudalie?intlink=US-travel-discover-property-results-propertyCard-Les-Sources-De-Caudalie,"Martillac, France",FINE HOTELS + RESORTS,,Program,44.7309837,-0.5573526,"Smith Haut-Lafitte, 33650 Martillac, France",google_places,PLACE_DETAILS,ChIJ82kXZakhVQ0RqBJyHiJQh8g,establishment;lodging;point_of_interest,False,CACHED
Les Fermes De Marie,https://www.americanexpress.com/en-us/travel/discover/property/France/Megeve/Les-Fermes-De-Marie?intlink=US-travel-discover-property-results-propertyCard-Les-Fermes-De-Marie,"Megeve, France",FINE HOTELS + RESORTS,,Program,45.856047,6.6119733,"163 Chem. des Épis, 74120 Megève, France",google_places,PLACE_DETAILS,ChIJQf837c_ii0cRUnAKK6BTUIk,establishment;food;lodging;point_of_interest;restaurant;spa,False,CACHED
Crown Towers,https://www.americanexpress.com/en-us/travel/discover/property/Australia/Melbourne/Crown-Towers?intlink=US-travel-discover-property-results-propertyCard-Crown-Towers,"Melbourne, Australia",FINE HOTELS + RESORTS,,Program,-37.8223655,144.9600278,"8 Whiteman St, Southbank VIC 3006, Australia",google_places,PLACE_DETAILS,ChIJiUWj1VJd1moRnauuyUO9XDs,bar;establishment;lodging;point_of_interest,False,CACHED
Sofitel Mexico City Reforma,https://www.americanexpress.com/en-us/travel/discover/property/Mexico-City-MX/Mexico-City/Sofitel-Mexico-City-Reforma?intlink=US-travel-discover-property-results-propertyCard-Sofitel-Mexico-City-Reforma,"Mexico City, Mexico City MX",FINE HOTELS + RESORTS,,Program,19.4284387,-99.16631939999999,"297 Avenue, Av. P.º de la Reforma, Cuauhtémoc, 06500 Ciudad de México, CDMX, Mexico",google_places,PLACE_DETAILS,ChIJV2-apjX_0YURHllFkszMbHU,establishment;lodging;point_of_interest,False,CACHED
"Mr. C Miami, Coconut Grove",https://www.americanexpress.com/en-us/travel/discover/property/Florida-US/Miami/Mr-C-Miami-Coconut-Grove?intlink=US-travel-discover-property-results-propertyCard-Mr-C-Miami-Coconut-Grove,"Miami, Florida US",FINE HOTELS + RESORTS,,Program,25.7275563,-80.2419389,"2988 McFarlane Rd, Coconut Grove, FL 33133, USA",google_places,PLACE_DETAILS,ChIJ3Rm2kTO32YgRirVmfkanMe8,cafe;establishment;food;lodging;point_of_interest;restaurant;spa,False,CACHED
Silky Oaks Lodge,https://www.americanexpress.com/en-us/travel/discover/property/Australia/Mossman/Silky-Oaks-Lodge?intlink=US-travel-discover-property-results-propertyCard-Silky-Oaks-Lodge,"Mossman, Australia",FINE HOTELS + RESORTS,,Program,-16.4696324,145.3466687,"423 Finlayvale Rd, Finlayvale QLD 4873, Australia",google_places,PLACE_DETAILS,ChIJuV460HSvgmkRtZgGZ_Y1kBE,establishment;food;lodging;point_of_interest;restaurant,False,CACHED
Cali Mykonos,https://www.americanexpress.com/en-us/travel/discover/property/Greece/Mykonos/Cali-Mykonos?intlink=US-travel-discover-property-results-propertyCard-Cali-Mykonos,"Mykonos, Greece",FINE HOTELS + RESORTS,,Program,37.4429445,25.4258484,"Mykonos 846 00, Greece",google_places,PLACE_DETAILS,ChIJWfVgv0u5ohQRsh7aK8q9Agw,establishment;lodging;point_of_interest,False,CACHED
Kalesma Mykonos,https://www.americanexpress.com/en-us/travel/discover/property/Greece/Mykonos/Kalesma-Mykonos?intlink=US-travel-discover-property-results-propertyCard-Kalesma-Mykonos,"Mykonos, Greece",FINE HOTELS + RESORTS,,Program,37.41599009999999,25.3157317,"Aleomandra, Mykonos, Mikonos 846 00, Greece",google_places,PLACE_DETAILS,ChIJL44t-m6-ohQR1rTQLjFdunE,establishment;lodging;point_of_interest,False,CACHED
Baccarat Hotel New York,https://www.americanexpress.com/en-us/travel/discover/property/New-York-US/New-York/Baccarat-Hotel-New-York?intlink=US-travel-discover-property-results-propertyCard-Baccarat-Hotel-New-York,"New York, New York US",FINE HOTELS + RESORTS,,Program,40.7608858,-73.9774029,"28 W 53rd St, New York, NY 10019, USA",google_places,PLACE_DETAILS,ChIJi0E5YvlYwokRp4w4kH4Av-A,establishment;lodging;point_of_interest,False,CACHED
Equinox Hotel New York,https://www.americanexpress.com/en-us/travel/discover/property/New-York-US/New-York/Equinox-Hotel-New-York?intlink=US-travel-discover-property-results-propertyCard-Equinox-Hotel-New-York,"New York, New York US",FINE HOTELS + RESORTS,,Program,40.7546506,-74.0022128,"33 Hudson Yards, New York, NY 10001, USA",google_places,PLACE_DETAILS,ChIJf-JE3ehZwokRXgoRYPxLMhA,establishment;lodging;point_of_interest;spa,False,CACHED
Velaa Private Island,https://www.americanexpress.com/en-us/travel/discover/property/Maldives/Noonu-Atoll/Velaa-Private-Island?intlink=US-travel-discover-property-results-propertyCard-Velaa-Private-Island,"Noonu Atoll, Maldives",FINE HOTELS + RESORTS,,Program,5.831371,73.209457,"R6J5+GQW, Republic of Maldives, Maldives",google_places,PLACE_DETAILS,ChIJDZ9XzRRHazsRbd9mwfmuVJA,establishment;lodging;point_of_interest,False,CACHED
"Gili Lankanfushi, Maldives",https://www.americanexpress.com/en-us/travel/discover/property/Maldives/North-Malé-Atoll/Gili-Lankanfushi-Maldives?intlink=US-travel-discover-property-results-propertyCard-Gili-Lankanfushi-Maldives,"North Malé Atoll, Maldives",FINE HOTELS + RESORTS,,Program,4.294893099999999,73.5580944,"Lankanfushi Island, North, 08920, Maldives",google_places,PLACE_DETAILS,ChIJA4fHn1WBPzsRnfKgQTweWO8,establishment;lodging;point_of_interest;spa,False,CACHED
Santo Mine Oia Suites,https://www.americanexpress.com/en-us/travel/discover/property/Greece/Oia/Santo-Mine-Oia-Suites?intlink=US-travel-discover-property-results-propertyCard-Santo-Mine-Oia-Suites,"Oia, Greece",FINE HOTELS + RESORTS,,Program,36.4626094,25.3710454,"Oia 847 02, Greece",google_places,PLACE_DETAILS,ChIJjbyRj_3LmRQRKbjtt9032K0,establishment;lodging;point_of_interest,False,CACHED
Azumi Setoda,https://www.americanexpress.com/en-us/travel/discover/property/Japan/Onomichi/Azumi-Setoda?intlink=US-travel-discover-property-results-propertyCard-Azumi-Setoda,"Onomichi, Japan",FINE HOTELS + RESORTS,,Program,34.30422060000001,133.0850149,"269 Setodachō Setoda, Onomichi, Hiroshima 722-2411, Japan",google_places,PLACE_DETAILS,ChIJkXIp3q5RUDURmP8gvdT6Tik,establishment;lodging;point_of_interest,False,CACHED
Loews Portofino Bay Hotel at Universal Orlando,https://www.americanexpress.com/en-us/travel/discover/property/Florida-US/Orlando/Loews-Portofino-Bay-Hotel-At-Universal-Orlando?intlink=US-travel-discover-property-results-propertyCard-Loews-Portofino-Bay-Hotel-At-Universal-Orlando,"Orlando, Florida US",FINE HOTELS + RESORTS,,Program,28.4800233,-81.460858,"5601 Universal Blvd, Orlando, FL 32819, USA",google_places,PLACE_DETAILS,ChIJnYQbRWpw54gRG5yw0l4AU-8,establishment;lodging;point_of_interest,False,CACHED
Estelle Manor,https://www.americanexpress.com/en-us/travel/discover/property/England/Oxfordshire/Estelle-Manor?intlink=US-travel-discover-property-results-propertyCard-Estelle-Manor,"Oxfordshire, England",FINE HOTELS + RESORTS,,Program,51.8078531,-1.4280526,"Eynsham Park, Estelle Manor, North Leigh, Witney OX29 6PN, UK",google_places,PLACE_DETAILS,ChIJZUrLFl_PdkgRnQzTVFzh6P8,establishment;lodging;point_of_interest,False,CACHED
The Breakers Palm Beach,https://www.americanexpress.com/en-us/travel/discover/property/Florida-US/Palm-Beach/The-Breakers-Palm-Beach?intlink=US-travel-discover-property-results-propertyCard-The-Breakers-Palm-Beach,"Palm Beach, Florida US",FINE HOTELS + RESORTS,,Program,26.7147746,-80.03398419999999,"1 S County Rd, Palm Beach, FL 33480, USA",google_places,PLACE_DETAILS,ChIJZcTxw5DW2IgREnhgYXc3igo,establishment;food;lodging;point_of_interest;restaurant,False,CACHED
Colony Palms Hotel and Bungalows,https://www.americanexpress.com/en-us/travel/discover/property/California-US/Palm-Springs/Colony-Palms-Hotel-And-Bungalows?intlink=US-travel-discover-property-results-propertyCard-Colony-Palms-Hotel-And-Bungalows,"Palm Springs, California US",FINE HOTELS + RESORTS,,Program,33.8312887,-116.5450461,"572 N Indian Canyon Dr, Palm Springs, CA 92262, USA",google_places,PLACE_DETAILS,ChIJGWMCYrkb24AR6v_wgdM8iJ4,establishment;lodging;point_of_interest,False,CACHED
"L'Horizon Resort & Spa, Hermann Bungalows",https://www.americanexpress.com/en-us/travel/discover/property/California-US/Palm-Springs/Lhorizon-Resort--Spa-Hermann-Bungalows?intlink=US-travel-discover-property-results-propertyCard-Lhorizon-Resort--Spa-Hermann-Bungalows,"Palm Springs, California US",FINE HOTELS + RESORTS,,Program,33.8016091,-116.5353501,"1050 E Palm Canyon Dr, Palm Springs, CA 92264, USA",google_places,PLACE_DETAILS,ChIJx3D2bGsb24ARkQxMEbf2gy0,establishment;lodging;point_of_interest,False,CACHED
Sanctuary Camelback Mountain Resort and Spa,https://www.americanexpress.com/en-us/travel/discover/property/Arizona-US/Paradise-Valley/Sanctuary-Camelback-Mountain-Resort-And-Spa?intlink=US-travel-discover-property-results-propertyCard-Sanctuary-Camelback-Mountain-Resort-And-Spa,"Paradise Valley, Arizona US",FINE HOTELS + RESORTS,,Program,33.5224782,-111.9595147,"5700 E McDonald Dr, Paradise Valley, AZ 85253, USA",google_places,PLACE_DETAILS,ChIJaxdJkZsMK4cRwENNbXOR56Y,bar;establishment;food;lodging;point_of_interest;restaurant;spa,False,CACHED
Brach Paris - Evok Collection,https://www.americanexpress.com/en-us/travel/discover/property/France/Paris/Brach-Paris---Evok-Collection?intlink=US-travel-discover-property-results-propertyCard-Brach-Paris---Evok-Collection,"Paris, France",FINE HOTELS + RESORTS,,Program,48.8613423,2.2747098,"1-7 Rue Jean Richepin, 75116 Paris, France",google_places,PLACE_DETAILS,ChIJ70mPt1Vl5kcRTwF6NCOWUYs,establishment;food;hair_care;health;lodging;point_of_interest;restaurant;spa,False,CACHED
Hotel Lancaster,https://www.americanexpress.com/en-us/travel/discover/property/France/Paris/Hotel-Lancaster?intlink=US-travel-discover-property-results-propertyCard-Hotel-Lancaster,"Paris, France",FINE HOTELS + RESORTS,,Program,40.0376609,-76.3050616,"25 S Queen St, Lancaster, PA 17603, USA",google_places,PLACE_DETAILS,ChIJ8awU_O0kxokRHTkrVY7OTv4,establishment;lodging;point_of_interest,False,CACHED
La Fantaisie,https://www.americanexpress.com/en-us/travel/discover/property/France/Paris/La-Fantaisie?intlink=US-travel-discover-property-results-propertyCard-La-Fantaisie,"Paris, France",FINE HOTELS + RESORTS,,Program,48.875403,2.3436543,"24 Rue Cadet, 75009 Paris, France",google_places,PLACE_DETAILS,ChIJF09fmz9u5kcRCh9K9jIzA-g,establishment;lodging;point_of_interest,False,CACHED
Stein Eriksen Lodge Deer Valley,https://www.americanexpress.com/en-us/travel/discover/property/Utah-US/Park-City/Stein-Eriksen-Lodge-Deer-Valley?intlink=US-travel-discover-property-results-propertyCard-Stein-Eriksen-Lodge-Deer-Valley,"Park City, Utah US",FINE HOTELS + RESORTS,,Program,40.6220547,-111.4906561,"7700 Stein Way, Park City, UT 84060, USA",google_places,PLACE_DETAILS,ChIJm8ltbNlyUocR56mokzB8Lg8,establishment;lodging;point_of_interest,False,CACHED
Trisara,https://www.americanexpress.com/en-us/travel/discover/property/Thailand/Phuket/Trisara?intlink=US-travel-discover-property-results-propertyCard-Trisara,"Phuket, Thailand",FINE HOTELS + RESORTS,,Program,8.0362329,98.2770225,"60 Cherngtalay 1 Srisoonthorn Road Tambon Choeng Thale, Amphoe Thalang, Chang Wat Phuket 83110, Thailand",google_places,PLACE_DETAILS,ChIJ-aGB6eIxUDARld9uRFqIL8Q,establishment;food;lodging;point_of_interest;restaurant;spa,False,CACHED
Hotel Christopher,https://www.americanexpress.com/en-us/travel/discover/property/Saint-Barthelemy/Pointe-Milou/Hotel-Christopher?intlink=US-travel-discover-property-results-propertyCard-Hotel-Christopher,"Pointe Milou, Saint Barthelemy",FINE HOTELS + RESORTS,,Program,17.9138984,-62.81697459999999,"Pointe Milou, Gustavia 97133, St Barthélemy",google_places,PLACE_DETAILS,ChIJh_xTgo3fDYwR5RWdhXBJqJw,establishment;lodging;point_of_interest,False,CACHED
The Largo,https://www.americanexpress.com/en-us/travel/discover/property/Portugal/Porto/The-Largo?intlink=US-travel-discover-property-results-propertyCard-The-Largo,"Porto, Portugal",FINE HOTELS + RESORTS,,Program,41.143207,-8.614840899999999,"Lgo de S. Domingos 60, 4050-545 Porto, Portugal",google_places,PLACE_DETAILS,ChIJIwN3lXplJA0RUs5bljfAz-E,establishment;lodging;point_of_interest,False,CACHED
Villa Treville,https://www.americanexpress.com/en-us/travel/discover/property/Italy/Positano/Villa-Treville?intlink=US-travel-discover-property-results-propertyCard-Villa-Treville,"Positano, Italy",FINE HOTELS + RESORTS,,Program,40.62645750000001,14.496936,"Via Arienzo, 30, 84017 Positano SA, Italy",google_places,PLACE_DETAILS,ChIJi5eLcRaXOxMRqoj0BLPrGyE,establishment;lodging;point_of_interest;spa,False,CACHED
Beach Enclave,https://www.americanexpress.com/en-us/travel/discover/property/Turks-and-Caicos-Islands/Providenciales/Beach-Enclave?intlink=US-travel-discover-property-results-propertyCard-Beach-Enclave,"Providenciales, Turks and Caicos Islands",FINE HOTELS + RESORTS,,Program,21.7996125,-72.1483813,"47 Joe Wood Drive Long Bay Heights, Long Bay, Leeward Settlement TKCA 1ZZ, Turks and Caicos Islands",google_places,PLACE_DETAILS,ChIJ4zsWx-ZPS4kRZmGvDHjoOLc,establishment;lodging;point_of_interest,False,CACHED
Hotel Fasano Punta del Este,https://www.americanexpress.com/en-us/travel/discover/property/Uruguay/Punta-del-Este/Hotel-Fasano-Punta-Del-Este?intlink=US-travel-discover-property-results-propertyCard-Hotel-Fasano-Punta-Del-Este,"Punta del Este, Uruguay",FINE HOTELS + RESORTS,,Program,-34.8442036,-54.891613,"Cno. C. Egusquiza y Paso del Barranco, S/N, 20400 Punta del Este, Departamento de Maldonado, Uruguay",google_places,PLACE_DETAILS,ChIJ2zPXHt4bdZURCJzozrrlQ9A,establishment;lodging;point_of_interest,False,CACHED
JOALI Being,https://www.americanexpress.com/en-us/travel/discover/property/Maldives/Raa-Atoll/Joali-Being?intlink=US-travel-discover-property-results-propertyCard-Joali-Being,"Raa Atoll, Maldives",FINE HOTELS + RESORTS,,Program,5.507397699999999,72.9686396,"Bodufushi Island, Maldives",google_places,PLACE_DETAILS,ChIJN5rEMrsdazsRo01C6yIdZpc,establishment;lodging;point_of_interest,False,CACHED
JOALI Maldives,https://www.americanexpress.com/en-us/travel/discover/property/Maldives/Raa-Atoll/Joali-Maldives?intlink=US-travel-discover-property-results-propertyCard-Joali-Maldives,"Raa Atoll, Maldives",FINE HOTELS + RESORTS,,Program,5.6079151,72.9527,"Muravandhoo Island, Maldives",google_places,PLACE_DETAILS,ChIJ3W7OuO8PazsRZRNlDER6g54,establishment;lodging;point_of_interest,False,CACHED
Villa Marie Saint Tropez,https://www.americanexpress.com/en-us/travel/discover/property/France/Ramatuelle/Villa-Marie-Saint-Tropez?intlink=US-travel-discover-property-results-propertyCard-Villa-Marie-Saint-Tropez,"Ramatuelle, France",FINE HOTELS + RESORTS,,Program,43.2457456,6.638732099999999,"1100 chemin de Val Rian, 83350 Ramatuelle, France",google_places,PLACE_DETAILS,ChIJ0wLIqOTGzhIRzIkCx4yhRlo,bar;establishment;food;lodging;point_of_interest;restaurant;spa,False,CACHED
Terranea Resort & Spa,https://www.americanexpress.com/en-us/travel/discover/property/California-US/Rancho-Palos-Verdes/Terranea-Resort--Spa?intlink=US-travel-discover-property-results-propertyCard-Terranea-Resort--Spa,"Rancho Palos Verdes, California US",FINE HOTELS + RESORTS,,Program,33.738794,-118.3979607,"100 Terranea Way, Rancho Palos Verdes, CA 90275, USA",google_places,PLACE_DETAILS,ChIJ74n5w6tO3YARhjx8Waqxurs,establishment;lodging;point_of_interest;spa,False,CACHED
"Caramel A Grecotel Resort to live, Crete",https://www.americanexpress.com/en-us/travel/discover/property/Greece/Rethymnon/Caramel-A-Grecotel-Resort-To-Live-Crete?intlink=US-travel-discover-property-results-propertyCard-Caramel-A-Grecotel-Resort-To-Live-Crete,"Rethymnon, Greece",FINE HOTELS + RESORTS,,Program,,,,google_places_first,,,,,NO_RESULT:CACHED:NO_RESULT
Hotel Fasano Rio De Janeiro,https://www.americanexpress.com/en-us/travel/discover/property/Brazil/Rio-de-Janeiro/Hotel-Fasano-Rio-De-Janeiro?intlink=US-travel-discover-property-results-propertyCard-Hotel-Fasano-Rio-De-Janeiro,"Rio de Janeiro, Brazil",FINE HOTELS + RESORTS,,Program,-22.9871556,-43.1962104,"Av. Vieira Souto, 80 - Ipanema, Rio de Janeiro - RJ, 22420-002, Brazil",google_places,PLACE_DETAILS,ChIJNTWt6wTVmwARCOFLpbd5MsQ,establishment;lodging;point_of_interest,False,CACHED
Gyp Sea Saint Barth,https://www.americanexpress.com/en-us/travel/discover/property/Saint-Barthelemy/Saint-Barthelemy/Gyp-Sea-Saint-Barth?intlink=US-travel-discover-property-results-propertyCard-Gyp-Sea-Saint-Barth,"Saint Barthelemy, Saint Barthelemy",FINE HOTELS + RESORTS,,Program,17.9029812,-62.8338071,"Baie de Saint-Jean, 97133, St Barthélemy",google_places,PLACE_DETAILS,ChIJRzc-1L51DowRr1fgQGtpQdQ,establishment;food;point_of_interest;restaurant,False,CACHED
Airelles Chateau Hotel de la Messardiere,https://www.americanexpress.com/en-us/travel/discover/property/France/Saint-Tropez/Airelles-Chateau-Hotel-De-La-Messardiere?intlink=US-travel-discover-property-results-propertyCard-Airelles-Chateau-Hotel-De-La-Messardiere,"Saint-Tropez, France",FINE HOTELS + RESORTS,,Program,43.2542059,6.6576743,"2 Rte de Tahiti, 83990 Saint-Tropez, France",google_places,PLACE_DETAILS,ChIJxeumAibHzhIR_kH4-oZjzC4,establishment;food;lodging;point_of_interest;restaurant;spa,False,CACHED
La Tartane St Tropez,https://www.americanexpress.com/en-us/travel/discover/property/France/Saint-Tropez/La-Tartane-St-Tropez?intlink=US-travel-discover-property-results-propertyCard-La-Tartane-St-Tropez,"Saint-Tropez, France",FINE HOTELS + RESORTS,,Program,43.26173499999999,6.679824399999999,"Chem. des Salins, 83990 Saint-Tropez, France",google_places,PLACE_DETAILS,ChIJYeie3mrHzhIRARn9zTeZsGA,establishment;food;lodging;point_of_interest;restaurant,False,CACHED
"Llao Llao Resort, Golf & Spa",https://www.americanexpress.com/en-us/travel/discover/property/Argentina/San-Carlos-de-Bariloche/Llao-Llao-Resort-Golf--Spa?intlink=US-travel-discover-property-results-propertyCard-Llao-Llao-Resort-Golf--Spa,"San Carlos de Bariloche, Argentina",FINE HOTELS + RESORTS,,Program,-41.0576325,-71.5312821,"Av. Ezequiel Bustillo Km. 25, R8401 San Carlos de Bariloche, Río Negro, Argentina",google_places,PLACE_DETAILS,ChIJdQHqnW-IGpYRH_Sudz25Qjo,establishment;lodging;point_of_interest,False,CACHED
CordeValle,https://www.americanexpress.com/en-us/travel/discover/property/California-US/San-Martin/Cordevalle?intlink=US-travel-discover-property-results-propertyCard-Cordevalle,"San Martin, California US",FINE HOTELS + RESORTS,,Program,37.067571,-121.6328912,"1 Cordevalle Club Drive, San Martin, CA 95046, USA",google_places,PLACE_DETAILS,ChIJP_vTad4fjoAR21Wrb-2rJdY,establishment;lodging;point_of_interest;spa,False,CACHED
Live Aqua San Miguel de Allende,https://www.americanexpress.com/en-us/travel/discover/property/Guanajuato-MX/San-Miguel-de-Allende/Live-Aqua-San-Miguel-De-Allende?intlink=US-travel-discover-property-results-propertyCard-Live-Aqua-San-Miguel-De-Allende,"San Miguel de Allende, Guanajuato MX",FINE HOTELS + RESORTS,,Program,20.9198815,-100.7393696,"Calz. De La Presa No. 85, Zona Centro, 37700 San Miguel de Allende, Gto., Mexico",google_places,PLACE_DETAILS,ChIJ8-AAvbhRK4QRbtKCVEu0HD0,establishment;lodging;point_of_interest,False,CACHED
Nobu Hotel San Sebastian,https://www.americanexpress.com/en-us/travel/discover/property/Spain/San-Sebastian/Nobu-Hotel-San-Sebastian?intlink=US-travel-discover-property-results-propertyCard-Nobu-Hotel-San-Sebastian,"San Sebastian, Spain",FINE HOTELS + RESORTS,,Program,43.314184,-1.993753,"Mirakontxa Pasealekua, 32, 20007 Donostia / San Sebastián, Gipuzkoa, Spain",google_places,PLACE_DETAILS,ChIJm6sUm6m6UQ0RcqQ9tPaSDRU,establishment;lodging;point_of_interest,False,CACHED
OKU Ibiza,https://www.americanexpress.com/en-us/travel/discover/property/Spain/Sant-Antoni-de-Portmany/Oku-Ibiza?intlink=US-travel-discover-property-results-propertyCard-Oku-Ibiza,"Sant Antoni de Portmany, Spain",FINE HOTELS + RESORTS,,Program,38.99053670000001,1.2941357,"Carrer Nunó Sanç, 7-10, 07820 Sant Antoni de Portmany, Illes Balears, Spain",google_places,PLACE_DETAILS,ChIJA98z_gU2mRIRy_Uswc7aHcI,establishment;lodging;point_of_interest,False,CACHED
7Pines Resort Ibiza,https://www.americanexpress.com/en-us/travel/discover/property/Spain/Sant-Josep-de-sa-Talaia/7pines-Resort-Ibiza?intlink=US-travel-discover-property-results-propertyCard-7pines-Resort-Ibiza,"Sant Josep de sa Talaia, Spain",FINE HOTELS + RESORTS,,Program,38.95241070000001,1.2230483,"Carrer Puig Delfín, s/n, 07830, Illes Balears, Spain",google_places,PLACE_DETAILS,ChIJvfzpa8VKmRIR5me6UwTErpo,establishment;lodging;point_of_interest,False,CACHED
ME Ibiza,https://www.americanexpress.com/en-us/travel/discover/property/Spain/Santa-Eulalia-del-Rio/Me-Ibiza?intlink=US-travel-discover-property-results-propertyCard-Me-Ibiza,"Santa Eulalia del Rio, Spain",FINE HOTELS + RESORTS,,Program,38.991936,1.570108,"Avinguda de s'Argamassa, 153, 07849 S'Argamassa, Illes Balears, Spain",google_places,PLACE_DETAILS,ChIJnUT8scQUmRIRU22heBM5gtQ,establishment;lodging;point_of_interest,False,CACHED
Sea Island Resort,https://www.americanexpress.com/en-us/travel/discover/property/Georgia-US/Sea-Island/Sea-Island-Resort?intlink=US-travel-discover-property-results-propertyCard-Sea-Island-Resort,"Sea Island, Georgia US",FINE HOTELS + RESORTS,,Program,31.155337,-81.38634499999999,"105 Terminal Wy, St Simons Island, GA 31522, USA",google_places,PLACE_DETAILS,ChIJV9FupH_a5IgRAT5kDnohM5I,establishment;lodging;point_of_interest,False,CACHED
Enchantment,https://www.americanexpress.com/en-us/travel/discover/property/Arizona-US/Sedona/Enchantment?intlink=US-travel-discover-property-results-propertyCard-Enchantment,"Sedona, Arizona US",FINE HOTELS + RESORTS,,Program,34.9146566,-111.8542968,"525 Boynton Canyon Rd, Sedona, AZ 86336, USA",google_places,PLACE_DETAILS,ChIJR5FFzA6gLYcRj0Q-kGua4_s,establishment;lodging;point_of_interest,False,CACHED
Marina Bay Sands,https://www.americanexpress.com/en-us/travel/discover/property/Singapore/Singapore/Marina-Bay-Sands?intlink=US-travel-discover-property-results-propertyCard-Marina-Bay-Sands,"Singapore, Singapore",FINE HOTELS + RESORTS,,Program,1.2837575,103.8591065,"10 Bayfront Ave, Singapore 018956",google_places,PLACE_DETAILS,ChIJA5LATO4Z2jER111V-v6abAI,establishment;food;lodging;point_of_interest;restaurant;tourist_attraction,False,CACHED
The Ranch Hudson Valley,https://www.americanexpress.com/en-us/travel/discover/property/New-York-US/Sloatsburg/The-Ranch-Hudson-Valley?intlink=US-travel-discover-property-results-propertyCard-The-Ranch-Hudson-Valley,"Sloatsburg, New York US",FINE HOTELS + RESORTS,,Program,41.1425407,-74.2257358,"150 Sisters Servants Ln, Sloatsburg, NY 10974, USA",google_places,PLACE_DETAILS,ChIJY9XUxYsfw4kRYkyeUTo0KMs,establishment;health;lodging;point_of_interest;spa,False,CACHED
Jade Mountain,https://www.americanexpress.com/en-us/travel/discover/property/Saint-Lucia/Soufriere/Jade-Mountain?intlink=US-travel-discover-property-results-propertyCard-Jade-Mountain,"Soufriere, Saint Lucia",FINE HOTELS + RESORTS,,Program,13.8645491,-61.0756692,"VW7F+RP8, Mamin, St Lucia",google_places,PLACE_DETAILS,ChIJvcHvoryJQIwRx3eDuIFTsyA,establishment;lodging;point_of_interest,False,CACHED
Ladera Resort Saint Lucia,https://www.americanexpress.com/en-us/travel/discover/property/Saint-Lucia/Soufriere/Ladera-Resort-Saint-Lucia?intlink=US-travel-discover-property-results-propertyCard-Ladera-Resort-Saint-Lucia,"Soufriere, Saint Lucia",FINE HOTELS + RESORTS,,Program,13.8329256,-61.05172340000001,"Rabot Estate Soufriere Post Office Jalousle, Jalousle, St Lucia",google_places,PLACE_DETAILS,ChIJX873RmGJQIwR58MbUxVxTkk,establishment;food;lodging;point_of_interest;restaurant,False,CACHED
Rusacks St Andrews,https://www.americanexpress.com/en-us/travel/discover/property/Scotland/St-Andrews/Rusacks-St-Andrews?intlink=US-travel-discover-property-results-propertyCard-Rusacks-St-Andrews,"St Andrews, Scotland",FINE HOTELS + RESORTS,,Program,56.3424199,-2.8042568,"Pilmour Links, 16 Pilmour Links, St Andrews KY16 9JQ, UK",google_places,PLACE_DETAILS,ChIJY_BLfYRXhkgRjFz3QNDuo6A,establishment;lodging;point_of_interest,False,CACHED
Sofitel Sydney Darling Harbour,https://www.americanexpress.com/en-us/travel/discover/property/Australia/Sydney/Sofitel-Sydney-Darling-Harbour?intlink=US-travel-discover-property-results-propertyCard-Sofitel-Sydney-Darling-Harbour,"Sydney, Australia",FINE HOTELS + RESORTS,,Program,-33.8726871,151.1985728,"Sofitel Sydney Darling Harbour, 12 Darling Dr, Sydney NSW 2000, Australia",google_places,PLACE_DETAILS,ChIJaauHdjquEmsRl1v0I7_e62A,establishment;lodging;point_of_interest,False,CACHED
Hotel Fasano Sao Paulo,https://www.americanexpress.com/en-us/travel/discover/property/Brazil/São-Paulo/Hotel-Fasano-Sao-Paulo?intlink=US-travel-discover-property-results-propertyCard-Hotel-Fasano-Sao-Paulo,"São Paulo, Brazil",FINE HOTELS + RESORTS,,Program,-23.564453,-46.669542,"R. Vitório Fasano, 88 - Cerqueira César, São Paulo - SP, 01414-020, Brazil",google_places,PLACE_DETAILS,ChIJZ9O939VZzpQRN-hhRjnGeuU,establishment;lodging;point_of_interest,False,CACHED
Dusit Thani Guam Resort,https://www.americanexpress.com/en-us/travel/discover/property/Guam/Tamuning/Dusit-Thani-Guam-Resort?intlink=US-travel-discover-property-results-propertyCard-Dusit-Thani-Guam-Resort,"Tamuning, Guam",FINE HOTELS + RESORTS,,Program,13.5137475,144.8051339,"1227 Pale San Vitores Rd, Tumon, 96913, Guam",google_places,PLACE_DETAILS,ChIJx9tXXIuCH2cRqXSGoWFSiwE,bar;cafe;establishment;food;lodging;night_club;point_of_interest;restaurant;spa,False,CACHED
Huka Lodge,https://www.americanexpress.com/en-us/travel/discover/property/New-Zealand/Taupo/Huka-Lodge?intlink=US-travel-discover-property-results-propertyCard-Huka-Lodge,"Taupo, New Zealand",FINE HOTELS + RESORTS,,Program,-38.654401,176.086024,"271 Huka Falls Road, Wairakei, Taupō 3377, New Zealand",google_places,PLACE_DETAILS,ChIJU41t9Vz3a20R3-cXhoaaX1o,establishment;lodging;point_of_interest,False,CACHED
Caldera House,https://www.americanexpress.com/en-us/travel/discover/property/Wyoming-US/Teton-Village/Caldera-House?intlink=US-travel-discover-property-results-propertyCard-Caldera-House,"Teton Village, Wyoming US",FINE HOTELS + RESORTS,,Program,43.5872943,-110.8277753,"3275 Village Dr, Teton Village, WY 83025, USA",google_places,PLACE_DETAILS,ChIJicTnKNcFU1MRV_3bok9NPqs,establishment;lodging;point_of_interest,False,CACHED
Janu Tokyo,https://www.americanexpress.com/en-us/travel/discover/property/Japan/Tokyo/Janu-Tokyo?intlink=US-travel-discover-property-results-propertyCard-Janu-Tokyo,"Tokyo, Japan",FINE HOTELS + RESORTS,,Program,35.6621677,139.7403096,"1-chōme-2-2 Azabudai, Minato City, Tokyo 106-0041, Japan",google_places,PLACE_DETAILS,ChIJEWV5V2-LGGARWr133cObY_8,establishment;lodging;point_of_interest,False,CACHED
Tierra Patagonia,https://www.americanexpress.com/en-us/travel/discover/property/Chile/Torres-del-Paine/Tierra-Patagonia?intlink=US-travel-discover-property-results-propertyCard-Tierra-Patagonia,"Torres del Paine, Chile",FINE HOTELS + RESORTS,,Program,-51.0349807,-72.5834045,"On the edge of Torres del Paine National Park, Torres de Paine, Magallanes y la Antártica Chilena, Chile",google_places,PLACE_DETAILS,ChIJF1gP2WvKur0RECj2QSiOe2A,establishment;lodging;point_of_interest;spa,False,CACHED
The Loren at Pink Beach,https://www.americanexpress.com/en-us/travel/discover/property/Bermuda/Tucker's-Town/The-Loren-At-Pink-Beach?intlink=US-travel-discover-property-results-propertyCard-The-Loren-At-Pink-Beach,"Tucker's Town, Bermuda",FINE HOTELS + RESORTS,,Program,32.32163930000001,-64.71025519999999,"116 South Rd, Tucker's Town HS 01, Bermuda",google_places,PLACE_DETAILS,ChIJ4fZGAM5sLYoRAL093utPsTo,establishment;lodging;point_of_interest,False,CACHED
Canyon Ranch Tucson,https://www.americanexpress.com/en-us/travel/discover/property/Arizona-US/Tucson/Canyon-Ranch-Tucson?intlink=US-travel-discover-property-results-propertyCard-Canyon-Ranch-Tucson,"Tucson, Arizona US",FINE HOTELS + RESORTS,,Program,32.2872136,-110.8098864,"8600 E Rockcliff Rd, Tucson, AZ 85750, USA",google_places,PLACE_DETAILS,ChIJP12W7axu1oYRfvIz73_PSjg,establishment;health;lodging;point_of_interest;spa,False,CACHED
Argos in Cappadocia,https://www.americanexpress.com/en-us/travel/discover/property/Turkey/Uchisar/Argos-In-Cappadocia?intlink=US-travel-discover-property-results-propertyCard-Argos-In-Cappadocia,"Uchisar, Turkey",FINE HOTELS + RESORTS,,Program,38.6295259,34.8067013,"Tekelli, Kayabaş Sk. No: 23, 50240 Uçhisar/Nevşehir Merkez/Nevşehir, Türkiye",google_places,PLACE_DETAILS,ChIJcaAQDfJoKhURSLLVsJkyQEc,establishment;lodging;point_of_interest,False,CACHED
The Oyster Box,https://www.americanexpress.com/en-us/travel/discover/property/South-Africa/Umhlanga/The-Oyster-Box?intlink=US-travel-discover-property-results-propertyCard-The-Oyster-Box,"Umhlanga, South Africa",FINE HOTELS + RESORTS,,Program,-29.72840339999999,31.08724149999999,"2 Lighthouse Rd, Umhlanga Rocks, uMhlanga, 4319, South Africa",google_places,PLACE_DETAILS,ChIJEyOwb1oP9x4R_CHVFbkxw9c,establishment;lodging;point_of_interest,False,CACHED
The Arrabelle at Vail Square,https://www.americanexpress.com/en-us/travel/discover/property/Colorado-US/Vail/The-Arrabelle-At-Vail-Square?intlink=US-travel-discover-property-results-propertyCard-The-Arrabelle-At-Vail-Square,"Vail, Colorado US",FINE HOTELS + RESORTS,,Program,39.6431257,-106.389448,"675 Lionshead Pl, Vail, CO 81657, USA",google_places,PLACE_DETAILS,ChIJr5aK6GBwaocRXJjAdYl46y4,establishment;lodging;point_of_interest,False,CACHED
The Sebastian - Vail,https://www.americanexpress.com/en-us/travel/discover/property/Colorado-US/Vail/The-Sebastian---Vail?intlink=US-travel-discover-property-results-propertyCard-The-Sebastian---Vail,"Vail, Colorado US",FINE HOTELS + RESORTS,,Program,39.6425758,-106.3780059,"16 Vail Rd, Vail, CO 81657, USA",google_places,PLACE_DETAILS,ChIJydnOOWlwaocRydcGyVol7L8,establishment;lodging;point_of_interest;real_estate_agency;travel_agency,False,CACHED
Airelles Val dIsere,https://www.americanexpress.com/en-us/travel/discover/property/France/Val-d'Isère/Airelles-Val-Disere?intlink=US-travel-discover-property-results-propertyCard-Airelles-Val-Disere,"Val d'Isère, France",FINE HOTELS + RESORTS,,Program,45.4473103,6.979686699999999,"145 Rue de la Poste, 73150 Val-d'Isère, France",google_places,PLACE_DETAILS,ChIJx3AjAukLiUcRBCrC2jYXSoU,establishment;lodging;point_of_interest,False,CACHED
Loden Boutique Hotel Vancouver,https://www.americanexpress.com/en-us/travel/discover/property/British-Columbia-CA/Vancouver/Loden-Boutique-Hotel-Vancouver?intlink=US-travel-discover-property-results-propertyCard-Loden-Boutique-Hotel-Vancouver,"Vancouver, British Columbia CA",FINE HOTELS + RESORTS,,Program,49.2875667,-123.1232789,"1177 Melville St, Vancouver, BC V6E 4C4, Canada",google_places,PLACE_DETAILS,ChIJc0kRT4FxhlQRlW6SuJBUJE4,establishment;lodging;point_of_interest,False,CACHED
Pan Pacific Vancouver Pacific Club,https://www.americanexpress.com/en-us/travel/discover/property/British-Columbia-CA/Vancouver/Pan-Pacific-Vancouver-Pacific-Club?intlink=US-travel-discover-property-results-propertyCard-Pan-Pacific-Vancouver-Pacific-Club,"Vancouver, British Columbia CA",FINE HOTELS + RESORTS,,Program,49.2878274,-123.1134453,"999 Canada Pl #300, Vancouver, BC V6C 3B5, Canada",google_places,PLACE_DETAILS,ChIJ18-j2oJxhlQRnsW7wcnQG1E,establishment;lodging;point_of_interest,False,CACHED
Nolinski Venezia - Evok Collection,https://www.americanexpress.com/en-us/travel/discover/property/Italy/Venice/Nolinski-Venezia---Evok-Collection?intlink=US-travel-discover-property-results-propertyCard-Nolinski-Venezia---Evok-Collection,"Venice, Italy",FINE HOTELS + RESORTS,,Program,45.43297099999999,12.3346522,"Calle Larga XXII Marzo, 2032, 30124 Venezia VE, Italy",google_places,PLACE_DETAILS,ChIJNVpZkhCxfkcR3TZVrSrb65E,establishment;food;lodging;point_of_interest;restaurant,False,CACHED
San Clemente Palace,https://www.americanexpress.com/en-us/travel/discover/property/Italy/Venice/San-Clemente-Palace?intlink=US-travel-discover-property-results-propertyCard-San-Clemente-Palace,"Venice, Italy",FINE HOTELS + RESORTS,,Program,45.4113766,12.3355371,"isola San clemente, 1/1, 30124 Venezia VE, Italy",google_places,PLACE_DETAILS,ChIJJ9dKMvGuKxMRTqkb45DZixU,establishment;food;lodging;point_of_interest;restaurant;spa,False,CACHED
The Venice Venice Hotel,https://www.americanexpress.com/en-us/travel/discover/property/Italy/Venice/The-Venice-Venice-Hotel?intlink=US-travel-discover-property-results-propertyCard-The-Venice-Venice-Hotel,"Venice, Italy",FINE HOTELS + RESORTS,,Program,45.4399727,12.3361776,"Sestiere Cannaregio, 5631, 30121 Venezia VE, Italy",google_places,PLACE_DETAILS,ChIJ8UlFopSxfkcRXM8HjLfsTNU,establishment;lodging;point_of_interest,False,CACHED
"Airelles Chateau de Versailles, Le Grand Controle",https://www.americanexpress.com/en-us/travel/discover/property/France/Versailles/Airelles-Chateau-De-Versailles-Le-Grand-Controle?intlink=US-travel-discover-property-results-propertyCard-Airelles-Chateau-De-Versailles-Le-Grand-Controle,"Versailles, France",FINE HOTELS + RESORTS,,Program,48.8013233,2.1199224,"12 Rue de l'Indépendance Américaine, 78000 Versailles, France",google_places,PLACE_DETAILS,ChIJp9eEe6x95kcRx9ZXHHSdrPc,establishment;lodging;point_of_interest,False,CACHED
Almanac Palais Vienna,https://www.americanexpress.com/en-us/travel/discover/property/Austria/Vienna/Almanac-Palais-Vienna?intlink=US-travel-discover-property-results-propertyCard-Almanac-Palais-Vienna,"Vienna, Austria",FINE HOTELS + RESORTS,,Program,48.2043547,16.3770344,"Parkring 14/16, 1010 Wien, Austria",google_places,PLACE_DETAILS,ChIJO3wBCHYHbUcR3nBMC6RdWBY,establishment;lodging;point_of_interest,False,CACHED
Kisawa Sanctuary,https://www.americanexpress.com/en-us/travel/discover/property/Mozambique/Vilankulo/Kisawa-Sanctuary?intlink=US-travel-discover-property-results-propertyCard-Kisawa-Sanctuary,"Vilankulo, Mozambique",FINE HOTELS + RESORTS,,Program,-21.9089541,35.4459805,"Kisawa Sanctuary Benguerra Island Inhambane, 1304, Mozambique",google_places,PLACE_DETAILS,ChIJ-wsAcM5bJh8RtNzEgI9DnVs,establishment;lodging;point_of_interest,False,CACHED
Cal-a-Vie Health Spa,https://www.americanexpress.com/en-us/travel/discover/property/California-US/Vista/Cal-a-vie-Health-Spa?intlink=US-travel-discover-property-results-propertyCard-Cal-a-vie-Health-Spa,"Vista, California US",FINE HOTELS + RESORTS,,Program,33.2493838,-117.2072729,"29402 Spa Havens Way, Vista, CA 92084, USA",google_places,PLACE_DETAILS,ChIJb0xqijZ23IARxffaWN2FOAA,clothing_store;establishment;health;lodging;point_of_interest;spa;store,False,CACHED
"The Jefferson, Washington, DC",https://www.americanexpress.com/en-us/travel/discover/property/District-of-Columbia-US/Washington/The-Jefferson-Washington-Dc?intlink=US-travel-discover-property-results-propertyCard-The-Jefferson-Washington-Dc,"Washington, District of Columbia US",FINE HOTELS + RESORTS,,Program,38.9059541,-77.03683029999999,"1200 16th St NW, Washington, DC 20036, USA",google_places,PLACE_DETAILS,ChIJOYdIe7-3t4kREprpMMO1BKM,bar;establishment;food;gym;health;lodging;point_of_interest;restaurant,False,CACHED
Sunset Tower Hotel,https://www.americanexpress.com/en-us/travel/discover/property/California-US/West-Hollywood/Sunset-Tower-Hotel?intlink=US-travel-discover-property-results-propertyCard-Sunset-Tower-Hotel,"West Hollywood, California US",FINE HOTELS + RESORTS,,Program,34.0952195,-118.3722258,"8358 Sunset Blvd, West Hollywood, CA 90069, USA",google_places,PLACE_DETAILS,ChIJPR1jrb--woARjgvrg3cz16I,establishment;lodging;point_of_interest,False,CACHED
The London West Hollywood at Beverly Hills,https://www.americanexpress.com/en-us/travel/discover/property/California-US/West-Hollywood/The-London-West-Hollywood-At-Beverly-Hills?intlink=US-travel-discover-property-results-propertyCard-The-London-West-Hollywood-At-Beverly-Hills,"West Hollywood, California US",FINE HOTELS + RESORTS,,Program,34.089957,-118.3850689,"1020 N San Vicente Blvd, West Hollywood, CA 90069, USA",google_places,PLACE_DETAILS,ChIJl9d0lKO-woARCzjfK8vVuyo,establishment;lodging;point_of_interest,False,CACHED
Kokomo Private Island Fiji,https://www.americanexpress.com/en-us/travel/discover/property/Fiji/Yaukuve-Levu-Island/Kokomo-Private-Island-Fiji?intlink=US-travel-discover-property-results-propertyCard-Kokomo-Private-Island-Fiji,"Yaukuve Levu Island, Fiji",FINE HOTELS + RESORTS,,Program,-18.8045332,178.5297195,"Yaukuve Levu Island, Fiji",google_places,PLACE_DETAILS,ChIJx8XeMiaeG24R7F5u7MdCt-Q,establishment;lodging;point_of_interest,False,CACHED
Bardessono Hotel & Spa,https://www.americanexpress.com/en-us/travel/discover/property/California-US/Yountville/Bardessono-Hotel--Spa?intlink=US-travel-discover-property-results-propertyCard-Bardessono-Hotel--Spa,"Yountville, California US",FINE HOTELS + RESORTS,,Program,38.40294,-122.36031,"6526 Yount St, Yountville, CA 94599, USA",google_places,PLACE_DETAILS,ChIJ3XYPmFZVhIARJrZiHo0sBtk,establishment;food;lodging;point_of_interest;restaurant,False,CACHED
The Estate Yountville,https://www.americanexpress.com/en-us/travel/discover/property/California-US/Yountville/The-Estate-Yountville?intlink=US-travel-discover-property-results-propertyCard-The-Estate-Yountville,"Yountville, California US",FINE HOTELS + RESORTS,,Program,38.3491745,-122.2656878,"1600 Atlas Peak Rd, Napa, CA 94558, USA",google_places,PLACE_DETAILS,ChIJk9P3twAEhYAROEgBxxmJIZU,establishment;lodging;point_of_interest,False,CACHED
Longitude 131,https://www.americanexpress.com/en-us/travel/discover/property/Australia/Yulara/Longitude-131?intlink=US-travel-discover-property-results-propertyCard-Longitude-131,"Yulara, Australia",FINE HOTELS + RESORTS,,Program,-25.2503589,131.0080575,"Yulara Drive, Yulara NT 0872, Australia",google_places,PLACE_DETAILS,ChIJ24TZRSNAIysRwqrWEVV1tFs,establishment;lodging;point_of_interest,False,CACHED
Cap Estel,https://www.americanexpress.com/en-us/travel/discover/property/France/Èze/Cap-Estel?intlink=US-travel-discover-property-results-propertyCard-Cap-Estel,"Èze, France",FINE HOTELS + RESORTS,,Program,43.7183437,7.374084400000001,"1312 Av. Raymond Poincaré, 06360 Èze, France",google_places,PLACE_DETAILS,ChIJ10AiZUfDzRIR5H8e-wEIiEA,establishment;lodging;point_of_interest;spa,False,CACHED
1 Hotel Mayfair,https://www.americanexpress.com/en-us/travel/discover/property/England/London/1-Hotel-Mayfair?intlink=US-travel-discover-property-results-propertyCard-1-Hotel-Mayfair,"London, England",FINE HOTELS + RESORTS,1 Hotels,Program,51.5075839,-0.1422121,"3 Berkeley St, London W1J 8DL, UK",google_places,PLACE_DETAILS,ChIJLcpxhKcFdkgRfWjpSLIzZ_4,establishment;lodging;point_of_interest,False,CACHED
1 Hotel South Beach,https://www.americanexpress.com/en-us/travel/discover/property/Florida-US/Miami-Beach/1-Hotel-South-Beach?intlink=US-travel-discover-property-results-propertyCard-1-Hotel-South-Beach,"Miami Beach, Florida US",FINE HOTELS + RESORTS,1 Hotels,Program,25.7993977,-80.1272626,"2341 Collins Ave, Miami Beach, FL 33139, USA",google_places,PLACE_DETAILS,ChIJgxKBi5202YgR4O37_FqQx_M,establishment;lodging;point_of_interest,False,CACHED
1 Hotel Nashville,https://www.americanexpress.com/en-us/travel/discover/property/Tennessee-US/Nashville/1-Hotel-Nashville?intlink=US-travel-discover-property-results-propertyCard-1-Hotel-Nashville,"Nashville, Tennessee US",FINE HOTELS + RESORTS,1 Hotels,Program,36.157274,-86.78073739999999,"710 Demonbreun St, Nashville, TN 37203, USA",google_places,PLACE_DETAILS,ChIJdxehjdJnZIgRcCHDGrZkrE4,establishment;lodging;point_of_interest,False,CACHED
1 Hotel Hanalei Bay,https://www.americanexpress.com/en-us/travel/discover/property/Hawaii-US/Princeville/1-Hotel-Hanalei-Bay?intlink=US-travel-discover-property-results-propertyCard-1-Hotel-Hanalei-Bay,"Princeville, Hawaii US",FINE HOTELS + RESORTS,1 Hotels,Program,22.2206439,-159.4972603,"5520 Ka Haku Rd, Princeville, HI 96722, USA",google_places,PLACE_DETAILS,ChIJ42jWmyb7BnwRvITHyt_VlUY,establishment;health;lodging;point_of_interest;spa,False,CACHED
1 Hotel San Francisco,https://www.americanexpress.com/en-us/travel/discover/property/California-US/San-Francisco/1-Hotel-San-Francisco?intlink=US-travel-discover-property-results-propertyCard-1-Hotel-San-Francisco,"San Francisco, California US",FINE HOTELS + RESORTS,1 Hotels,Program,37.7935686,-122.3930872,"8 Mission St, San Francisco, CA 94105, USA",google_places,PLACE_DETAILS,ChIJg7PyJ3GBhYARO29J0nraSd0,establishment;lodging;point_of_interest,False,CACHED
1 Hotel Seattle,https://www.americanexpress.com/en-us/travel/discover/property/Washington-US/Seattle/1-Hotel-Seattle?intlink=US-travel-discover-property-results-propertyCard-1-Hotel-Seattle,"Seattle, Washington US",FINE HOTELS + RESORTS,1 Hotels,Program,47.618244,-122.337408,"2125 Terry Ave, Seattle, WA 98121, USA",google_places,PLACE_DETAILS,ChIJKcGlQGEVkFQRaPjymkQEfrk,establishment;lodging;point_of_interest,False,CACHED
1 Hotel Toronto,https://www.americanexpress.com/en-us/travel/discover/property/Ontario-CA/Toronto/1-Hotel-Toronto?intlink=US-travel-discover-property-results-propertyCard-1-Hotel-Toronto,"Toronto, Ontario CA",FINE HOTELS + RESORTS,1 Hotels,Program,43.6430423,-79.40161839999999,"550 Wellington St W, Toronto, ON M5V 2V4, Canada",google_places,PLACE_DETAILS,ChIJtVVuA0A1K4gRvpFVah4kFdQ,establishment;lodging;point_of_interest,False,CACHED
1 Hotel West Hollywood,https://www.americanexpress.com/en-us/travel/discover/property/California-US/West-Hollywood/1-Hotel-West-Hollywood?intlink=US-travel-discover-property-results-propertyCard-1-Hotel-West-Hollywood,"West Hollywood, California US",FINE HOTELS + RESORTS,1 Hotels,Program,34.0942422,-118.3756038,"8490 Sunset Blvd, West Hollywood, CA 90069, USA",google_places,PLACE_DETAILS,ChIJ94OQ0b2-woARibPMc15KILQ,establishment;lodging;point_of_interest,False,CACHED
Alila Jabal Akhdar,https://www.americanexpress.com/en-us/travel/discover/property/Oman/Al-Jabal-Al-Akhdar/Alila-Jabal-Akhdar?intlink=US-travel-discover-property-results-propertyCard-Alila-Jabal-Akhdar,"Al Jabal Al Akhdar, Oman",FINE HOTELS + RESORTS,Alila,Program,23.1404718,57.5400443,"Jabal Al Akhdar, Al Roose, 621, Oman",google_places,PLACE_DETAILS,ChIJidvdSxWMjj4R86Yq_CUVOEg,establishment;lodging;point_of_interest,False,CACHED
Alila Ventana Big Sur,https://www.americanexpress.com/en-us/travel/discover/property/California-US/Big-Sur/Alila-Ventana-Big-Sur?intlink=US-travel-discover-property-results-propertyCard-Alila-Ventana-Big-Sur,"Big Sur, California US",FINE HOTELS + RESORTS,Alila,Program,36.229167,-121.7603537,"48123 CA-1, Big Sur, CA 93920, USA",google_places,PLACE_DETAILS,ChIJ4TZJu1aEjYARA-2yJUhD4as,establishment;lodging;point_of_interest,False,CACHED
Alila Marea Beach Resort Encinitas,https://www.americanexpress.com/en-us/travel/discover/property/California-US/Encinitas/Alila-Marea-Beach-Resort-Encinitas?intlink=US-travel-discover-property-results-propertyCard-Alila-Marea-Beach-Resort-Encinitas,"Encinitas, California US",FINE HOTELS + RESORTS,Alila,Program,33.0824205,-117.3091256,"2100 N Coast Hwy 101, Encinitas, CA 92024, USA",google_places,PLACE_DETAILS,ChIJqyJWP9kM3IARnlldVx7UcUg,establishment;lodging;point_of_interest,False,CACHED
Alila Fort Bishangarh,https://www.americanexpress.com/en-us/travel/discover/property/India/Jaipur/Alila-Fort-Bishangarh?intlink=US-travel-discover-property-results-propertyCard-Alila-Fort-Bishangarh,"Jaipur, India",FINE HOTELS + RESORTS,Alila,Program,27.3213081,75.8943832,"Manoharpur - Bishangarh Link Rd, off Nh-8, At, Bishangarh, Rajasthan 303104, India",google_places,PLACE_DETAILS,ChIJ2dzAWYsFbTkRzqz0G6SkGto,establishment;lodging;point_of_interest,False,CACHED
Alila Villas Uluwatu,https://www.americanexpress.com/en-us/travel/discover/property/Indonesia/Pecatu/Alila-Villas-Uluwatu?intlink=US-travel-discover-property-results-propertyCard-Alila-Villas-Uluwatu,"Pecatu, Indonesia",FINE HOTELS + RESORTS,Alila,Program,-8.8442372,115.1381182,"Jl. Belimbing Sari Jl. Alila Villas, Pecatu, Uluwatu, Kabupaten Badung, Bali 80361, Indonesia",google_places,PLACE_DETAILS,ChIJweE3dN1a0i0RpjAjIkXxCLY,establishment;lodging;point_of_interest,False,CACHED
Alila Seminyak,https://www.americanexpress.com/en-us/travel/discover/property/Indonesia/Seminyak/Alila-Seminyak?intlink=US-travel-discover-property-results-propertyCard-Alila-Seminyak,"Seminyak, Indonesia",FINE HOTELS + RESORTS,Alila,Program,-8.680272,115.150606,"Jl. Taman Ganesha Jl. Petitenget No.9, Seminyak, Kec. Kuta Utara, Kabupaten Badung, Bali 80361, Indonesia",google_places,PLACE_DETAILS,ChIJDZSYfQ5H0i0Riwqx0-tnf6w,establishment;lodging;point_of_interest,False,CACHED
Alila Shanghai,https://www.americanexpress.com/en-us/travel/discover/property/China/Shanghai/Alila-Shanghai?intlink=US-travel-discover-property-results-propertyCard-Alila-Shanghai,"Shanghai, China",FINE HOTELS + RESORTS,Alila,Program,31.2270579,121.4627424,"500 Wei Hai Lu, Jing An Qu, Shang Hai Shi, China, 200041",google_places,PLACE_DETAILS,ChIJe9yyJWpwsjUR3MRW6wiyPWY,establishment;lodging;point_of_interest,False,CACHED
Alila Napa Valley,https://www.americanexpress.com/en-us/travel/discover/property/California-US/St.-Helena/Alila-Napa-Valley?intlink=US-travel-discover-property-results-propertyCard-Alila-Napa-Valley,"St. Helena, California US",FINE HOTELS + RESORTS,Alila,Program,38.508887,-122.4788682,"1915 Main St, St Helena, CA 94574, USA",google_places,PLACE_DETAILS,ChIJ96vpHJ1QhIARR0OoEvyKYNU,establishment;lodging;point_of_interest,False,CACHED
Amanbagh,https://www.americanexpress.com/en-us/travel/discover/property/India/Ajabgarh/Amanbagh?intlink=US-travel-discover-property-results-propertyCard-Amanbagh,"Ajabgarh, India",FINE HOTELS + RESORTS,Aman,Program,27.1687102,76.2945502,"Ajabgarh, Rundh Narayani, Rajasthan 301027, India",google_places,PLACE_DETAILS,ChIJkYZj_SyDbTkR7voZS5otyPM,establishment;lodging;point_of_interest,False,CACHED
Aman Villas at Nusa Dua,https://www.americanexpress.com/en-us/travel/discover/property/Indonesia/Badung/Aman-Villas-At-Nusa-Dua?intlink=US-travel-discover-property-results-propertyCard-Aman-Villas-At-Nusa-Dua,"Badung, Indonesia",FINE HOTELS + RESORTS,Aman,Program,-8.8134041,115.2110245,"Jl. Nusa Dua, Benoa, Kec. Kuta Sel., Kabupaten Badung, Bali 80363, Indonesia",google_places,PLACE_DETAILS,ChIJDRmSQI090i0RGhxuiaqKElk,establishment;lodging;point_of_interest,False,CACHED
Aman Nai Lert Bangkok,https://www.americanexpress.com/en-us/travel/discover/property/Thailand/Bangkok/Aman-Nai-Lert-Bangkok?intlink=US-travel-discover-property-results-propertyCard-Aman-Nai-Lert-Bangkok,"Bangkok, Thailand",FINE HOTELS + RESORTS,Aman,Program,13.7467275,100.5468969,"1 Soi Somkid, Khwaeng Lumphini, Pathum Wan, Krung Thep Maha Nakhon 10330, Thailand",google_places,PLACE_DETAILS,ChIJJ2BaV9if4jARiNLkIi1g87I,establishment;lodging;point_of_interest,False,CACHED
Amangiri,https://www.americanexpress.com/en-us/travel/discover/property/Utah-US/Canyon-Point/Amangiri?intlink=US-travel-discover-property-results-propertyCard-Amangiri,"Canyon Point, Utah US",FINE HOTELS + RESORTS,Aman,Program,37.0146225,-111.6111213,"1 Kayenta Rd, Canyon Point, UT 84741, USA",google_places,PLACE_DETAILS,ChIJq-qcNtwhNYcRazgIZDEKTIc,establishment;lodging;point_of_interest,False,CACHED
Aman Le Melezin,https://www.americanexpress.com/en-us/travel/discover/property/France/Courchevel/Aman-Le-Melezin?intlink=US-travel-discover-property-results-propertyCard-Aman-Le-Melezin,"Courchevel, France",FINE HOTELS + RESORTS,Aman,Program,45.4129125,6.636100099999999,"310 Rue de Bellecôte, 73120 Courchevel, France",google_places,PLACE_DETAILS,ChIJtwejrK54iUcRXgM489YNlRQ,establishment;lodging;point_of_interest,False,CACHED
Amanzoe,https://www.americanexpress.com/en-us/travel/discover/property/Greece/Emionida/Amanzoe?intlink=US-travel-discover-property-results-propertyCard-Amanzoe,"Emionida, Greece",FINE HOTELS + RESORTS,Aman,Program,37.3705299,23.1174646,"Agios Panteleimonas,Kranidi,213 00, Kranidi 213 00, Greece",google_places,PLACE_DETAILS,ChIJD9XVrpqWnxQRVZS4ikgSrgk,establishment;lodging;point_of_interest,False,CACHED
Amangalla,https://www.americanexpress.com/en-us/travel/discover/property/Sri-Lanka/Galle/Amangalla?intlink=US-travel-discover-property-results-propertyCard-Amangalla,"Galle, Sri Lanka",FINE HOTELS + RESORTS,Aman,Program,6.028619,80.21704100000001,"10 Church St, Galle 80000, Sri Lanka",google_places,PLACE_DETAILS,ChIJmyNMRrtz4ToR1N8_DiW-ckU,establishment;lodging;point_of_interest,False,CACHED
Amanfayun,https://www.americanexpress.com/en-us/travel/discover/property/China/Hangzhou/Amanfayun?intlink=US-travel-discover-property-results-propertyCard-Amanfayun,"Hangzhou, China",FINE HOTELS + RESORTS,Aman,Program,30.23743899999999,120.097404,"Xihu, Hangzhou, China, 310058",google_places,PLACE_DETAILS,ChIJFa2HnM58SzQROP979iy2PjQ,establishment;lodging;point_of_interest,False,CACHED
Amangani,https://www.americanexpress.com/en-us/travel/discover/property/Wyoming-US/Jackson/Amangani?intlink=US-travel-discover-property-results-propertyCard-Amangani,"Jackson, Wyoming US",FINE HOTELS + RESORTS,Aman,Program,43.5040497,-110.7743935,"1535 E Butte Rd, Jackson, WY 83001, USA",google_places,PLACE_DETAILS,ChIJXUtAiukaU1MRzNuTJdCwny4,establishment;lodging;point_of_interest,False,CACHED
Aman Kyoto,https://www.americanexpress.com/en-us/travel/discover/property/Japan/Kyoto/Aman-Kyoto?intlink=US-travel-discover-property-results-propertyCard-Aman-Kyoto,"Kyoto, Japan",FINE HOTELS + RESORTS,Aman,Program,35.05076409999999,135.7305842,"1 Okitayama Washimine-cho, 大北山鷲峯町 北区 京都市 京都府 603-8458, Japan",google_places,PLACE_DETAILS,ChIJ-8IdwOupAWARZk21GnGrDU8,establishment;lodging;point_of_interest,False,CACHED
Amandayan,https://www.americanexpress.com/en-us/travel/discover/property/China/Lijiang/Amandayan?intlink=US-travel-discover-property-results-propertyCard-Amandayan,"Lijiang, China",FINE HOTELS + RESORTS,Aman,Program,26.87444,100.231914,"29 Shi Shan Lu, Gu Cheng Qu, Li Jiang Shi, Yun Nan Sheng, China, 674199",google_places,PLACE_DETAILS,ChIJd-w70zjKIDcRd-7Ox023BTk,establishment;lodging;point_of_interest,False,CACHED
Amantaka,https://www.americanexpress.com/en-us/travel/discover/property/Laos/Luang-Prabang/Amantaka?intlink=US-travel-discover-property-results-propertyCard-Amantaka,"Luang Prabang, Laos",FINE HOTELS + RESORTS,Aman,Program,19.8863165,102.1353279,"55, 3 Kingkitsarath Rd, Luang Prabang 06000, Laos",google_places,PLACE_DETAILS,ChIJsUE6O2sqLzERgFPxi9Gd-WU,establishment;lodging;point_of_interest,False,CACHED
Amanjiwo,https://www.americanexpress.com/en-us/travel/discover/property/Indonesia/Magelang/Amanjiwo?intlink=US-travel-discover-property-results-propertyCard-Amanjiwo,"Magelang, Indonesia",FINE HOTELS + RESORTS,Aman,Program,-7.6317493,110.2020802,"9692+78, Sawah, Majaksingi, Borobudur, Magelang Regency, Central Java 56553, Indonesia",google_places,PLACE_DETAILS,ChIJq6qqqk2Mei4Rqmvo961NXvo,establishment;lodging;point_of_interest,False,CACHED
Amankila,https://www.americanexpress.com/en-us/travel/discover/property/Indonesia/Manggis/Amankila?intlink=US-travel-discover-property-results-propertyCard-Amankila,"Manggis, Indonesia",FINE HOTELS + RESORTS,Aman,Program,-8.5008658,115.5280609,"Jl. Raya Manggis, Manggis, Kec. Manggis, Kabupaten Karangasem, Bali 80871, Indonesia",google_places,PLACE_DETAILS,ChIJxSy9OTsS0i0RXYga34sFAxs,establishment;lodging;point_of_interest,False,CACHED
Amanjena,https://www.americanexpress.com/en-us/travel/discover/property/Morocco/Marrakech/Amanjena?intlink=US-travel-discover-property-results-propertyCard-Amanjena,"Marrakech, Morocco",FINE HOTELS + RESORTS,Aman,Program,31.6083474,-7.933944800000001,"km 12, Route de Ouarzazate، Marrakech 40000, Morocco",google_places,PLACE_DETAILS,ChIJT-IyeGHurw0Rx89nUEaYTPM,establishment;lodging;point_of_interest,False,CACHED
Amanwana,https://www.americanexpress.com/en-us/travel/discover/property/Indonesia/Moyo-Island/Amanwana?intlink=US-travel-discover-property-results-propertyCard-Amanwana,"Moyo Island, Indonesia",FINE HOTELS + RESORTS,Aman,Program,-8.2630038,117.4986933,"Moyo Island, Labuan Aji, Labuhan Badas, Kabupaten Sumbawa, Nusa Tenggara Bar. 84313, Indonesia",google_places,PLACE_DETAILS,ChIJxb1phiWTyy0RTeRzEz4mxNk,establishment;lodging;point_of_interest,False,CACHED
Aman New York,https://www.americanexpress.com/en-us/travel/discover/property/New-York-US/New-York/Aman-New-York?intlink=US-travel-discover-property-results-propertyCard-Aman-New-York,"New York, New York US",FINE HOTELS + RESORTS,Aman,Program,40.7629802,-73.9746883,"730 5th Ave, New York, NY 10019, USA",google_places,PLACE_DETAILS,ChIJM-uWC9VZwokRMm_7bwjHFBg,establishment;lodging;point_of_interest;spa,False,CACHED
Amanoi,https://www.americanexpress.com/en-us/travel/discover/property/Vietnam/Ninh-Thuan/Amanoi?intlink=US-travel-discover-property-results-propertyCard-Amanoi,"Ninh Thuan, Vietnam",FINE HOTELS + RESORTS,Aman,Program,11.7094081,109.1976347,"Commune, Vĩnh Hy, Ninh Hải, Khánh Hòa, Vietnam",google_places,PLACE_DETAILS,ChIJUc7XdXC_cDERnMvOwIIE6yA,establishment;lodging;point_of_interest,False,CACHED
Amanpulo,https://www.americanexpress.com/en-us/travel/discover/property/Philippines/Pamalican-Island/Amanpulo?intlink=US-travel-discover-property-results-propertyCard-Amanpulo,"Pamalican Island, Philippines",FINE HOTELS + RESORTS,Aman,Program,11.3563099,120.7270957,"Pamalican Island Cuyo Archipelago, Cuyo, 5318 Palawan, Philippines",google_places,PLACE_DETAILS,ChIJlc70UrzysDMRGM6Ikv8Bhco,establishment;lodging;point_of_interest,False,CACHED
Amankora,https://www.americanexpress.com/en-us/travel/discover/property/Bhutan/Paro/Amankora?intlink=US-travel-discover-property-results-propertyCard-Amankora,"Paro, Bhutan",FINE HOTELS + RESORTS,Aman,Program,27.478648,89.61195810000001,"Near Kuenga Chhoeling Palace, Administrative Office, Upper, Motithang 11001, Bhutan",google_places,PLACE_DETAILS,ChIJYY19POmW4TkRhNLu1I0lo5w,establishment;lodging;point_of_interest,False,CACHED
Amanpuri,https://www.americanexpress.com/en-us/travel/discover/property/Thailand/Phuket/Amanpuri?intlink=US-travel-discover-property-results-propertyCard-Amanpuri,"Phuket, Thailand",FINE HOTELS + RESORTS,Aman,Program,7.9837758,98.27647239999999,"118, 1 ถนน ศรีสุนทร, Tambon Choeng Thale, Amphoe Thalang, Chang Wat Phuket 83110, Thailand",google_places,PLACE_DETAILS,ChIJi5-UCAMyUDARxOsdxsP2jMU,establishment;lodging;point_of_interest,False,CACHED
Amanera,https://www.americanexpress.com/en-us/travel/discover/property/Dominican-Republic/Playa-Grande/Amanera?intlink=US-travel-discover-property-results-propertyCard-Amanera,"Playa Grande, Dominican Republic",FINE HOTELS + RESORTS,Aman,Program,19.6779997,-70.0179142,"Auto. 5. Carretera, Carretera, Rio San Juan 33300, Dominican Republic",google_places,PLACE_DETAILS,ChIJ02704Oxsro4RjvvAkUjMbus,establishment;lodging;point_of_interest,False,CACHED
Amanyara,https://www.americanexpress.com/en-us/travel/discover/property/Turks-and-Caicos-Islands/Providenciales/Amanyara?intlink=US-travel-discover-property-results-propertyCard-Amanyara,"Providenciales, Turks and Caicos Islands",FINE HOTELS + RESORTS,Aman,Program,21.8292,-72.338,"Northwest Point, Wheeland Settlement TKCA 1ZZ, Turks and Caicos Islands",google_places,PLACE_DETAILS,ChIJOSLn-ipPS4kRN013ytXOxew,establishment;lodging;point_of_interest,False,CACHED
Aman Rosa Alpina,https://www.americanexpress.com/en-us/travel/discover/property/Italy/San-Cassiano/Aman-Rosa-Alpina?intlink=US-travel-discover-property-results-propertyCard-Aman-Rosa-Alpina,"San Cassiano, Italy",FINE HOTELS + RESORTS,Aman,Program,46.571428,11.931176,"Strada Micura de Rue, 20, 39036 San Cassiano BZ, Italy",google_places,PLACE_DETAILS,ChIJt9LEx0o5eEcRGuzlID984rI,establishment;lodging;point_of_interest,False,CACHED
Aman-i-Khas,https://www.americanexpress.com/en-us/travel/discover/property/India/Sawai-Madhopur/Aman-i-khas?intlink=US-travel-discover-property-results-propertyCard-Aman-i-khas,"Sawai Madhopur, India",FINE HOTELS + RESORTS,Aman,Program,26.0636546,76.4412208,"Village- Sherpur, near Ranthambore National Park, Khilchipur, Sawai Madhopur, Rajasthan 322001, India",google_places,PLACE_DETAILS,ChIJn44ap_HYcTkRI_HTzAQqu4U,establishment;lodging;point_of_interest,False,CACHED
Amanyangyun,https://www.americanexpress.com/en-us/travel/discover/property/China/Shanghai/Amanyangyun?intlink=US-travel-discover-property-results-propertyCard-Amanyangyun,"Shanghai, China",FINE HOTELS + RESORTS,Aman,Program,31.0374608,121.3573889,"6161 Yuan Jiang Lu, Min Hang Qu, China, 201111",google_places,PLACE_DETAILS,ChIJya710YGJsjURXnym1-fCS70,establishment;lodging;point_of_interest,False,CACHED
Amanemu,https://www.americanexpress.com/en-us/travel/discover/property/Japan/Shima-shi/Amanemu?intlink=US-travel-discover-property-results-propertyCard-Amanemu,"Shima-shi, Japan",FINE HOTELS + RESORTS,Aman,Program,34.2925404,136.7969576,"Hamajima-cho, 2165 Hamajimachō Hazako, Shima, Mie 517-0403, Japan",google_places,PLACE_DETAILS,ChIJFZmD84epBWARx8-NHR5HgAU,establishment;lodging;point_of_interest,False,CACHED
Amansara,https://www.americanexpress.com/en-us/travel/discover/property/Cambodia/Siem-Reap/Amansara?intlink=US-travel-discover-property-results-propertyCard-Amansara,"Siem Reap, Cambodia",FINE HOTELS + RESORTS,Aman,Program,13.3645163,103.8607427,"Phum Boeung Daun Pa, Krong Siem Reap 93101, Cambodia",google_places,PLACE_DETAILS,ChIJOb4JDXcXEDERd2MFW-1BBl8,establishment;lodging;point_of_interest,False,CACHED
Amanwella,https://www.americanexpress.com/en-us/travel/discover/property/Sri-Lanka/Tangalle/Amanwella?intlink=US-travel-discover-property-results-propertyCard-Amanwella,"Tangalle, Sri Lanka",FINE HOTELS + RESORTS,Aman,Program,6.0062093,80.7779231,"Bodhi Mawatha, Godellawela 82200, Sri Lanka",google_places,PLACE_DETAILS,ChIJ1_JfC5JK4ToRwEEh8QwPylg,establishment;lodging;point_of_interest,False,CACHED
Aman Tokyo,https://www.americanexpress.com/en-us/travel/discover/property/Japan/Tokyo/Aman-Tokyo?intlink=US-travel-discover-property-results-propertyCard-Aman-Tokyo,"Tokyo, Japan",FINE HOTELS + RESORTS,Aman,Program,35.6854887,139.7655445,"The Otemachi Tower, 1-chōme-5-6 Ōtemachi, Chiyoda City, Tokyo 100-0004, Japan",google_places,PLACE_DETAILS,ChIJfV9KdPiLGGARn4ma2GUEoJo,establishment;lodging;point_of_interest,False,CACHED
Amandari,https://www.americanexpress.com/en-us/travel/discover/property/Indonesia/Ubud/Amandari?intlink=US-travel-discover-property-results-propertyCard-Amandari,"Ubud, Indonesia",FINE HOTELS + RESORTS,Aman,Program,-8.4885781,115.2447028,"Jl. Raya Kedewatan, Kedewatan, Kecamatan Ubud, Kabupaten Gianyar, Bali 80571, Indonesia",google_places,PLACE_DETAILS,ChIJm5Osf0Y90i0R2UVAJOJyJn0,establishment;lodging;point_of_interest,False,CACHED
Aman Venice,https://www.americanexpress.com/en-us/travel/discover/property/Italy/Venice/Aman-Venice?intlink=US-travel-discover-property-results-propertyCard-Aman-Venice,"Venice, Italy",FINE HOTELS + RESORTS,Aman,Program,45.4366573,12.3316542,"Palazzo Papadopoli, Calle Tiepolo, 1364, 30125 Venezia VE, Italy",google_places,PLACE_DETAILS,ChIJadCox9qxfkcR1nZWCLz8jUc,establishment;lodging;point_of_interest,False,CACHED
Anantara Qasr Al Sarab Desert Resort,https://www.americanexpress.com/en-us/travel/discover/property/United-Arab-Emirates/Abu-Dhabi/Anantara-Qasr-Al-Sarab-Desert-Resort?intlink=US-travel-discover-property-results-propertyCard-Anantara-Qasr-Al-Sarab-Desert-Resort,"Abu Dhabi, United Arab Emirates",FINE HOTELS + RESORTS,Anantara,Program,22.9002683,54.3360709,Qasr Al Sarab Desert Resort - Bateen Liwa - Mahdar Sahab - Abu Dhabi - United Arab Emirates,google_places,PLACE_DETAILS,ChIJxdHIKCI9YT4R5HrN0jqnA4A,establishment;lodging;point_of_interest;spa,False,CACHED
Anantara Convento di Amalfi Grand Hotel,https://www.americanexpress.com/en-us/travel/discover/property/Italy/Amalfi/Anantara-Convento-Di-Amalfi-Grand-Hotel?intlink=US-travel-discover-property-results-propertyCard-Anantara-Convento-Di-Amalfi-Grand-Hotel,"Amalfi, Italy",FINE HOTELS + RESORTS,Anantara,Program,40.6329098,14.5972518,"SS163, 8, 84011 Amalfi SA, Italy",google_places,PLACE_DETAILS,ChIJ8fv0srOVOxMR5MQVE4A9VFk,establishment;lodging;point_of_interest,False,CACHED
Anantara Grand Hotel Krasnapolsky Amsterdam,https://www.americanexpress.com/en-us/travel/discover/property/Netherlands/Amsterdam/Anantara-Grand-Hotel-Krasnapolsky-Amsterdam?intlink=US-travel-discover-property-results-propertyCard-Anantara-Grand-Hotel-Krasnapolsky-Amsterdam,"Amsterdam, Netherlands",FINE HOTELS + RESORTS,Anantara,Program,52.3726648,4.8942603,"Dam 9, 1012 GJ Amsterdam, Netherlands",google_places,PLACE_DETAILS,ChIJ_5j_RccJxkcRtPh7den4sB8,establishment;lodging;point_of_interest,False,CACHED
Anantara New York Palace Budapest,https://www.americanexpress.com/en-us/travel/discover/property/Hungary/Budapest/Anantara-New-York-Palace-Budapest?intlink=US-travel-discover-property-results-propertyCard-Anantara-New-York-Palace-Budapest,"Budapest, Hungary",FINE HOTELS + RESORTS,Anantara,Program,47.498532,19.070432,"Budapest, Erzsébet krt. 9, 1073 Hungary",google_places,PLACE_DETAILS,ChIJYUYX_WbcQUcRnvSLTnINJoU,establishment;lodging;point_of_interest,False,CACHED
Anantara Chiang Mai Resort,https://www.americanexpress.com/en-us/travel/discover/property/Thailand/Chiang-Mai/Anantara-Chiang-Mai-Resort?intlink=US-travel-discover-property-results-propertyCard-Anantara-Chiang-Mai-Resort,"Chiang Mai, Thailand",FINE HOTELS + RESORTS,Anantara,Program,18.7815954,99.003714,"123, 1 Charoen Prathet Rd, Tambon Chang Khlan, Amphoe Mueang Chiang Mai, Chang Wat Chiang Mai 50100, Thailand",google_places,PLACE_DETAILS,ChIJT-F9SKg62jARLeYUQc3AwcE,establishment;food;lodging;point_of_interest;restaurant;spa,False,CACHED
Anantara Golden Triangle Elephant Camp and Resort,https://www.americanexpress.com/en-us/travel/discover/property/Thailand/Chiang-Rai/Anantara-Golden-Triangle-Elephant-Camp-And-Resort?intlink=US-travel-discover-property-results-propertyCard-Anantara-Golden-Triangle-Elephant-Camp-And-Resort,"Chiang Rai, Thailand",FINE HOTELS + RESORTS,Anantara,Program,20.3673439,100.077507,"229, ตำบล เวียง อำเภอ เชียงแสน เชียงราย 57150, Thailand",google_places,PLACE_DETAILS,ChIJ8XSQZNRc1jARHScaiQUXX_Y,establishment;lodging;point_of_interest;spa,False,CACHED
Anantara World Islands Dubai Resort,https://www.americanexpress.com/en-us/travel/discover/property/United-Arab-Emirates/Dubai/Anantara-World-Islands-Dubai-Resort?intlink=US-travel-discover-property-results-propertyCard-Anantara-World-Islands-Dubai-Resort,"Dubai, United Arab Emirates",FINE HOTELS + RESORTS,Anantara,Program,25.1942593,55.1765599,55VG+QWX South America - World Islands - Dubai - United Arab Emirates,google_places,PLACE_DETAILS,ChIJobMv6VRBXz4ROY0E7e4_fMk,establishment;lodging;point_of_interest,False,CACHED
Anantara The Marker Dublin Hotel,https://www.americanexpress.com/en-us/travel/discover/property/Ireland/Dublin/Anantara-The-Marker-Dublin-Hotel?intlink=US-travel-discover-property-results-propertyCard-Anantara-The-Marker-Dublin-Hotel,"Dublin, Ireland",FINE HOTELS + RESORTS,Anantara,Program,53.3444341,-6.2390208,"Grand Canal Quay, Docklands, Dublin, D02 CK38, Ireland",google_places,PLACE_DETAILS,ChIJsbnbJO0OZ0gRbVR0sIEnLCE,establishment;lodging;point_of_interest,False,CACHED
Anantara Desaru Coast Resort & Villas,https://www.americanexpress.com/en-us/travel/discover/property/Malaysia/Johor/Anantara-Desaru-Coast-Resort--Villas?intlink=US-travel-discover-property-results-propertyCard-Anantara-Desaru-Coast-Resort--Villas,"Johor, Malaysia",FINE HOTELS + RESORTS,Anantara,Program,1.5381864,104.2678196,"Persiaran Pantai, Desaru Coast, 81930 Bandar Penawar, Johor Darul Ta'zim, Malaysia",google_places,PLACE_DETAILS,ChIJ9TGcJxlL2jER5mylAaZHnYM,establishment;lodging;point_of_interest,False,CACHED
The Royal Livingstone Victoria Falls Zambia Hotel by Anantara,https://www.americanexpress.com/en-us/travel/discover/property/Zambia/Livingstone/The-Royal-Livingstone-Victoria-Falls-Zambia-Hotel-By-Anantara?intlink=US-travel-discover-property-results-propertyCard-The-Royal-Livingstone-Victoria-Falls-Zambia-Hotel-By-Anantara,"Livingstone, Zambia",FINE HOTELS + RESORTS,Anantara,Program,-17.9188544,25.8639974,"Mosi-oa-Tunya Road, Livingstone, Zambia",google_places,PLACE_DETAILS,ChIJAUVYU_vvTxkRGUrCfXXtnmg,establishment;lodging;point_of_interest,False,CACHED
Anantara Villa Padierna Marbella,https://www.americanexpress.com/en-us/travel/discover/property/Spain/Marbella/Anantara-Villa-Padierna-Marbella?intlink=US-travel-discover-property-results-propertyCard-Anantara-Villa-Padierna-Marbella,"Marbella, Spain",FINE HOTELS + RESORTS,Anantara,Program,36.4757216,-5.0531959,"Urbanizacion Villa Padierna Golf Resort, Carr. de Cadiz, km166, 29679 Marbella, Málaga, Spain",google_places,PLACE_DETAILS,ChIJY0xJF48rcw0Rj17mRI5ee-A,establishment;lodging;point_of_interest,False,CACHED
Anantara Plaza Nice Hotel,https://www.americanexpress.com/en-us/travel/discover/property/France/Nice/Anantara-Plaza-Nice-Hotel?intlink=US-travel-discover-property-results-propertyCard-Anantara-Plaza-Nice-Hotel,"Nice, France",FINE HOTELS + RESORTS,Anantara,Program,43.6967997,7.268164700000001,"12 Av. de Verdun, 06000 Nice, France",google_places,PLACE_DETAILS,ChIJs013HKHazRIRIhWGtt6KTKI,establishment;lodging;point_of_interest,False,CACHED
Anantara Koh Yao Yai Resort & Villas,https://www.americanexpress.com/en-us/travel/discover/property/Thailand/Phang-Nga/Anantara-Koh-Yao-Yai-Resort--Villas?intlink=US-travel-discover-property-results-propertyCard-Anantara-Koh-Yao-Yai-Resort--Villas,"Phang Nga, Thailand",FINE HOTELS + RESORTS,Anantara,Program,8.0415387,98.60747789999999,"88, 8, Koh Yao Yai, Amphoe Ko Yao, Chang Wat Phang-nga 82160, Thailand",google_places,PLACE_DETAILS,ChIJG-boF2bJUTARcSNyxb6E9aw,establishment;lodging;point_of_interest,False,CACHED
Anantara Layan Phuket Resort,https://www.americanexpress.com/en-us/travel/discover/property/Thailand/Phuket/Anantara-Layan-Phuket-Resort?intlink=US-travel-discover-property-results-propertyCard-Anantara-Layan-Phuket-Resort,"Phuket, Thailand",FINE HOTELS + RESORTS,Anantara,Program,8.0356995,98.2844465,"168 หมู่ที่ 6 หาด Soi Layan 4, Tambon Choeng Thale, Amphoe Thalang, Chang Wat Phuket 83110, Thailand",google_places,PLACE_DETAILS,ChIJbWR9vYQ5UDAR0fGj0XXoTRo,establishment;lodging;point_of_interest,False,CACHED
Anantara Quy Nhon Villas,https://www.americanexpress.com/en-us/travel/discover/property/Vietnam/Quy-Nhon-/Anantara-Quy-Nhon-Villas?intlink=US-travel-discover-property-results-propertyCard-Anantara-Quy-Nhon-Villas,"Quy Nhon , Vietnam",FINE HOTELS + RESORTS,Anantara,Program,13.6803107,109.2328347,"Cầu Bãi Dại, Ghềnh Ráng, Quy Nhơn, Bình Định, Vietnam",google_places,PLACE_DETAILS,ChIJxdR7nbFtbzERLDbcBKJFNJc,establishment;food;health;lodging;point_of_interest;restaurant;spa,False,CACHED
Anantara Palazzo Naiadi Rome,https://www.americanexpress.com/en-us/travel/discover/property/Italy/Rome/Anantara-Palazzo-Naiadi-Rome?intlink=US-travel-discover-property-results-propertyCard-Anantara-Palazzo-Naiadi-Rome,"Rome, Italy",FINE HOTELS + RESORTS,Anantara,Program,41.902135,12.496035,"P.za della Repubblica, 48, 00185 Roma RM, Italy",google_places,PLACE_DETAILS,ChIJy_CuUkdhLxMRnF3vy_K-Umw,establishment;lodging;point_of_interest,False,CACHED
Anantara Peace Haven Tangalle,https://www.americanexpress.com/en-us/travel/discover/property/Sri-Lanka/Tangalle/Anantara-Peace-Haven-Tangalle?intlink=US-travel-discover-property-results-propertyCard-Anantara-Peace-Haven-Tangalle,"Tangalle, Sri Lanka",FINE HOTELS + RESORTS,Anantara,Program,6.0124768,80.78386909999999,"Goyambokka Estate, Tangalle 82200, Sri Lanka",google_places,PLACE_DETAILS,ChIJDRoyqexK4ToRNvtJLz63oT8,establishment;lodging;point_of_interest,False,CACHED
Anantara Palais Hansen Vienna Hotel,https://www.americanexpress.com/en-us/travel/discover/property/Austria/Vienna/Anantara-Palais-Hansen-Vienna-Hotel?intlink=US-travel-discover-property-results-propertyCard-Anantara-Palais-Hansen-Vienna-Hotel,"Vienna, Austria",FINE HOTELS + RESORTS,Anantara,Program,48.2164302,16.3687977,"Schottenring 24/1010, 1010 Wien, Austria",google_places,PLACE_DETAILS,ChIJxf5WUrsHbUcRnvHbkNCsC64,establishment;lodging;point_of_interest,False,CACHED
Andaz Pattaya Jomtien Beach,https://www.americanexpress.com/en-us/travel/discover/property/Thailand/Chon-Buri/Andaz-Pattaya-Jomtien-Beach?intlink=US-travel-discover-property-results-propertyCard-Andaz-Pattaya-Jomtien-Beach,"Chon Buri, Thailand",FINE HOTELS + RESORTS,Andaz,Program,12.7918093,100.9113655,"345, Moo 3, Na Jomtien Sub-District, เมืองพัทยา อำเภอสัตหีบ ชลบุรี 20250, Thailand",google_places,PLACE_DETAILS,ChIJWcz97b-TAjERPGpuFrWJ0rc,establishment;lodging;point_of_interest,False,CACHED
Andaz Bali,https://www.americanexpress.com/en-us/travel/discover/property/Indonesia/Denpasar/Andaz-Bali?intlink=US-travel-discover-property-results-propertyCard-Andaz-Bali,"Denpasar, Indonesia",FINE HOTELS + RESORTS,Andaz,Program,-8.699537399999999,115.2636097,"Jl. Danau Tamblingan No.89a, Sanur, Denpasar Selatan, Kota Denpasar, Bali 80228, Indonesia",google_places,PLACE_DETAILS,ChIJB-uVJb1B0i0RqkzXI3A1-hI,establishment;lodging;point_of_interest,False,CACHED
Andaz Prague,https://www.americanexpress.com/en-us/travel/discover/property/Czech-Republic/Prague/Andaz-Prague?intlink=US-travel-discover-property-results-propertyCard-Andaz-Prague,"Prague, Czech Republic",FINE HOTELS + RESORTS,Andaz,Program,50.0855117,14.4302374,"Senovážné nám. 976/31, Nové Město, 110 00 Praha-Praha 1, Czechia",google_places,PLACE_DETAILS,ChIJ56bH5ruVC0cRFwQAtY9dnDg,establishment;lodging;point_of_interest,False,CACHED
Andaz Scottsdale Resort & Bungalows,https://www.americanexpress.com/en-us/travel/discover/property/Arizona-US/Scottsdale/Andaz-Scottsdale-Resort--Bungalows?intlink=US-travel-discover-property-results-propertyCard-Andaz-Scottsdale-Resort--Bungalows,"Scottsdale, Arizona US",FINE HOTELS + RESORTS,Andaz,Program,33.5283604,-111.9282038,"6114 N Scottsdale Rd, Scottsdale, AZ 85253, USA",google_places,PLACE_DETAILS,ChIJK439wxILK4cRY-Om_9pfc1w,establishment;lodging;point_of_interest,False,CACHED
Andaz Tokyo Toranomon Hills,https://www.americanexpress.com/en-us/travel/discover/property/Japan/Tokyo/Andaz-Tokyo-Toranomon-Hills?intlink=US-travel-discover-property-results-propertyCard-Andaz-Tokyo-Toranomon-Hills,"Tokyo, Japan",FINE HOTELS + RESORTS,Andaz,Program,35.6668029,139.7495043,"Toranomon Hills Mori Tower 51st Floor, １丁目-２３-4 虎ノ門 港区 東京都 105-0001, Japan",google_places,PLACE_DETAILS,ChIJFeBOopOLGGARGOiAaePckew,establishment;lodging;point_of_interest,False,CACHED
Andaz Maui at Wailea Resort,https://www.americanexpress.com/en-us/travel/discover/property/Hawaii-US/Wailea/Andaz-Maui-At-Wailea-Resort?intlink=US-travel-discover-property-results-propertyCard-Andaz-Maui-At-Wailea-Resort,"Wailea, Hawaii US",FINE HOTELS + RESORTS,Andaz,Program,20.6926432,-156.4424164,"3550 Wailea Alanui Dr, Wailea, HI 96753, USA",google_places,PLACE_DETAILS,ChIJ70ze3MTaVHkRN8uMUD3HfkU,establishment;lodging;point_of_interest,False,CACHED
"Hotel Jerome, Auberge Collection",https://www.americanexpress.com/en-us/travel/discover/property/Colorado-US/Aspen/Hotel-Jerome-Auberge-Collection?intlink=US-travel-discover-property-results-propertyCard-Hotel-Jerome-Auberge-Collection,"Aspen, Colorado US",FINE HOTELS + RESORTS,Auberge Collection,Program,39.1910339,-106.8194459,"330 E Main St, Aspen, CO 81611, USA",google_places,PLACE_DETAILS,ChIJ5-zrFH05QIcRmN9eXOxSl4s,establishment;lodging;point_of_interest,False,CACHED
"Commodore Perry Estate, Auberge Collection",https://www.americanexpress.com/en-us/travel/discover/property/Texas-US/Austin/Commodore-Perry-Estate-Auberge-Collection?intlink=US-travel-discover-property-results-propertyCard-Commodore-Perry-Estate-Auberge-Collection,"Austin, Texas US",FINE HOTELS + RESORTS,Auberge Collection,Program,30.3008673,-97.7221474,"4100 Red River St, Austin, TX 78751, USA",google_places,PLACE_DETAILS,ChIJWzmee3XKRIYRIay9WgtCG24,establishment;lodging;point_of_interest,False,CACHED
"Chileno Bay Resort & Residences, Auberge Collection",https://www.americanexpress.com/en-us/travel/discover/property/Baja-California-Sur-MX/Cabo-San-Lucas/Chileno-Bay-Resort--Residences-Auberge-Collection?intlink=US-travel-discover-property-results-propertyCard-Chileno-Bay-Resort--Residences-Auberge-Collection,"Cabo San Lucas, Baja California Sur MX",FINE HOTELS + RESORTS,Auberge Collection,Program,22.9472211,-109.8085279,"Playa Chileno Bay Playa Chileno Bay, San Jose-San Lucas, Carr. Transpeninsular Km. 15, Tourist Corridor, 23410 Cabo San Lucas, B.C.S., Mexico",google_places,PLACE_DETAILS,ChIJX7eaAQhLr4YRgMN1VHZvaRQ,establishment;lodging;point_of_interest;real_estate_agency;travel_agency,False,CACHED
"Esperanza, Auberge Collection",https://www.americanexpress.com/en-us/travel/discover/property/Baja-California-Sur-MX/Cabo-San-Lucas/Esperanza-Auberge-Collection?intlink=US-travel-discover-property-results-propertyCard-Esperanza-Auberge-Collection,"Cabo San Lucas, Baja California Sur MX",FINE HOTELS + RESORTS,Auberge Collection,Program,22.9016699,-109.8526851,"Punta Ballena, Carr. Transpeninsular KM 7, Tourist Corridor, 23410 Cabo San Lucas, B.C.S., Mexico",google_places,PLACE_DETAILS,ChIJjT56loFMr4YR-I3fXckHS2Y,establishment;lodging;point_of_interest;real_estate_agency;spa;travel_agency,False,CACHED
"Solage, Auberge Collection",https://www.americanexpress.com/en-us/travel/discover/property/California-US/Calistoga/Solage-Auberge-Collection?intlink=US-travel-discover-property-results-propertyCard-Solage-Auberge-Collection,"Calistoga, California US",FINE HOTELS + RESORTS,Auberge Collection,Program,38.5843693,-122.5708567,"755 Silverado Trl N, Calistoga, CA 94515, USA",google_places,PLACE_DETAILS,ChIJ9W7f4RNDhIARf0JLI-CXN0I,establishment;lodging;point_of_interest,False,CACHED
"Collegio alla Querce, Auberge Collection",https://www.americanexpress.com/en-us/travel/discover/property/Italy/Florence/Collegio-Alla-Querce-Auberge-Collection?intlink=US-travel-discover-property-results-propertyCard-Collegio-Alla-Querce-Auberge-Collection,"Florence, Italy",FINE HOTELS + RESORTS,Auberge Collection,Program,43.7876593,11.2780823,"Via delle Forbici, 21B, 50133 Firenze FI, Italy",google_places,PLACE_DETAILS,ChIJtXzJvkZUKhMRqBcu5y4adD4,establishment;lodging;point_of_interest,False,CACHED
"Bowie House, Auberge Collection",https://www.americanexpress.com/en-us/travel/discover/property/Texas-US/Fort-Worth/Bowie-House-Auberge-Collection?intlink=US-travel-discover-property-results-propertyCard-Bowie-House-Auberge-Collection,"Fort Worth, Texas US",FINE HOTELS + RESORTS,Auberge Collection,Program,32.7470336,-97.3725949,"3700 Camp Bowie Blvd, Fort Worth, TX 76107, USA",google_places,PLACE_DETAILS,ChIJuVR5vg9zToYRZFl0G4WXKJs,establishment;lodging;point_of_interest,False,CACHED
"Wildflower Farms, Auberge Collection",https://www.americanexpress.com/en-us/travel/discover/property/New-York-US/Gardiner/Wildflower-Farms-Auberge-Collection?intlink=US-travel-discover-property-results-propertyCard-Wildflower-Farms-Auberge-Collection,"Gardiner, New York US",FINE HOTELS + RESORTS,Auberge Collection,Program,41.6860566,-74.1820163,"2702 Main St, Gardiner, NY 12525, USA",google_places,PLACE_DETAILS,ChIJi-y3n_Yh3YkRR9h1NsEED1A,establishment;health;lodging;point_of_interest,False,CACHED
"The Woodward, Auberge Collection",https://www.americanexpress.com/en-us/travel/discover/property/Switzerland/Geneva/The-Woodward-Auberge-Collection?intlink=US-travel-discover-property-results-propertyCard-The-Woodward-Auberge-Collection,"Geneva, Switzerland",FINE HOTELS + RESORTS,Auberge Collection,Program,46.212132,6.1522662,"Quai Wilson 37, 1201 Genève, Switzerland",google_places,PLACE_DETAILS,ChIJ6Zr4LyFljEcRuVw8qYnRctQ,establishment;lodging;point_of_interest,False,CACHED
"The Dunlin, Auberge Collection",https://www.americanexpress.com/en-us/travel/discover/property/South-Carolina-US/Johns-Island/The-Dunlin-Auberge-Collection?intlink=US-travel-discover-property-results-propertyCard-The-Dunlin-Auberge-Collection,"Johns Island, South Carolina US",FINE HOTELS + RESORTS,Auberge Collection,Program,32.621879,-80.12243099999999,"6000 Kiawah River Dr, Johns Island, SC 29455, USA",google_places,PLACE_DETAILS,ChIJI2i0MxUr_IgRqWYvGuLY9oo,establishment;lodging;point_of_interest,False,CACHED
"White Barn Inn, Auberge Collection",https://www.americanexpress.com/en-us/travel/discover/property/Maine-US/Kennebunk/White-Barn-Inn-Auberge-Collection?intlink=US-travel-discover-property-results-propertyCard-White-Barn-Inn-Auberge-Collection,"Kennebunk, Maine US",FINE HOTELS + RESORTS,Auberge Collection,Program,43.3553072,-70.4795056,"37 Beach Ave, Kennebunk, ME 04043, USA",google_places,PLACE_DETAILS,ChIJB1w-c5GrskwRAVqO-xiU2kE,establishment;lodging;point_of_interest,False,CACHED
"Mauna Lani, Auberge Collection",https://www.americanexpress.com/en-us/travel/discover/property/Hawaii-US/Kohala-Coast/Mauna-Lani-Auberge-Collection?intlink=US-travel-discover-property-results-propertyCard-Mauna-Lani-Auberge-Collection,"Kohala Coast, Hawaii US",FINE HOTELS + RESORTS,Auberge Collection,Program,19.9461702,-155.8667477,"68-1400 Mauna Lani Dr, Waimea, HI 96743, USA",google_places,PLACE_DETAILS,ChIJH2_h1pOHU3kRWjI3Ot4V4Kc,establishment;lodging;point_of_interest,False,CACHED
"The Inn at Mattei's Tavern, Auberge Collection",https://www.americanexpress.com/en-us/travel/discover/property/California-US/Los-Olivos/The-Inn-At-Matteis-Tavern-Auberge-Collection?intlink=US-travel-discover-property-results-propertyCard-The-Inn-At-Matteis-Tavern-Auberge-Collection,"Los Olivos, California US",FINE HOTELS + RESORTS,Auberge Collection,Program,34.6673323,-120.1172471,"2350 Railway Ave, Los Olivos, CA 93441, USA",google_places,PLACE_DETAILS,ChIJIahi6HlV6YARwPG81hWjmtU,establishment;lodging;point_of_interest,False,CACHED
"Domaine des Etangs, Auberge Collection",https://www.americanexpress.com/en-us/travel/discover/property/France/Massignac/Domaine-Des-Etangs-Auberge-Collection?intlink=US-travel-discover-property-results-propertyCard-Domaine-Des-Etangs-Auberge-Collection,"Massignac, France",FINE HOTELS + RESORTS,Auberge Collection,Program,45.7756621,0.6434264,"Domaine des Etangs, 16310 Massignac, France",google_places,PLACE_DETAILS,ChIJee8-wLv3_kcRrE7IxMk2Uco,establishment;lodging;point_of_interest;spa,False,CACHED
"The Lodge at Primland, Auberge Collection",https://www.americanexpress.com/en-us/travel/discover/property/Virginia-US/Meadows-of-Dan/The-Lodge-At-Primland-Auberge-Collection?intlink=US-travel-discover-property-results-propertyCard-The-Lodge-At-Primland-Auberge-Collection,"Meadows of Dan, Virginia US",FINE HOTELS + RESORTS,Auberge Collection,Program,36.6617827,-80.4318697,"2000 Busted Rock Rd, Meadows of Dan, VA 24120, USA",google_places,PLACE_DETAILS,ChIJG7dnLYdsUogRvvs8_B-kkps,establishment;lodging;point_of_interest,False,CACHED
"Stanly Ranch, Auberge Collection",https://www.americanexpress.com/en-us/travel/discover/property/California-US/Napa/Stanly-Ranch-Auberge-Collection?intlink=US-travel-discover-property-results-propertyCard-Stanly-Ranch-Auberge-Collection,"Napa, California US",FINE HOTELS + RESORTS,Auberge Collection,Program,38.2441342,-122.2988801,"200 Stanly Crossroad, Napa, CA 94559, USA",google_places,PLACE_DETAILS,ChIJz_EgpYMJhYARQBnC7XArOy8,establishment;lodging;point_of_interest,False,CACHED
"The Vanderbilt, Auberge Collection",https://www.americanexpress.com/en-us/travel/discover/property/Rhode-Island-US/Newport/The-Vanderbilt-Auberge-Collection?intlink=US-travel-discover-property-results-propertyCard-The-Vanderbilt-Auberge-Collection,"Newport, Rhode Island US",FINE HOTELS + RESORTS,Auberge Collection,Program,41.4882281,-71.31344709999999,"41 Mary St, Newport, RI 02840, USA",google_places,PLACE_DETAILS,ChIJP38JpWmv5YkRNblKlzO-O3M,establishment;lodging;point_of_interest,False,CACHED
"Goldener Hirsch, Auberge Collection",https://www.americanexpress.com/en-us/travel/discover/property/Utah-US/Park-City/Goldener-Hirsch-Auberge-Collection?intlink=US-travel-discover-property-results-propertyCard-Goldener-Hirsch-Auberge-Collection,"Park City, Utah US",FINE HOTELS + RESORTS,Auberge Collection,Program,40.6225733,-111.4894904,"7520 Royal St, Park City, UT 84060, USA",google_places,PLACE_DETAILS,ChIJW0lLvtlyUocRlTzMQiuMFoA,establishment;lodging;point_of_interest;real_estate_agency;travel_agency,False,CACHED
"Etereo, Auberge Collection",https://www.americanexpress.com/en-us/travel/discover/property/Quintana-Roo-MX/Playa-del-Carmen/Etereo-Auberge-Collection?intlink=US-travel-discover-property-results-propertyCard-Etereo-Auberge-Collection,"Playa del Carmen, Quintana Roo MX",FINE HOTELS + RESORTS,Auberge Collection,Program,20.7206431,-86.9839046,"Paseo Kanai 16, Solidaridad, 77730 Playa del Carmen, Q.R., Mexico",google_places,PLACE_DETAILS,ChIJid78RfNnTo8Rei5SRu89vsI,establishment;lodging;point_of_interest;real_estate_agency;travel_agency,False,CACHED
"Susurros del Corazon, Auberge Collection",https://www.americanexpress.com/en-us/travel/discover/property/Nayarit-MX/Punta-de-Mita/Susurros-Del-Corazon-Auberge-Collection?intlink=US-travel-discover-property-results-propertyCard-Susurros-Del-Corazon-Auberge-Collection,"Punta de Mita, Nayarit MX",FINE HOTELS + RESORTS,Auberge Collection,Program,20.757124,-105.4802786,"Desarrollo El Banco Carretera a La Cruz de Huanacaxtle Km 14, 63734 Corral del Risco, Nay., Mexico",google_places,PLACE_DETAILS,ChIJ78WhtUlrIYQRjcdlkOaY16Y,establishment;lodging;point_of_interest,False,CACHED
"Hacienda AltaGracia, Auberge Collection",https://www.americanexpress.com/en-us/travel/discover/property/Costa-Rica/Pérez-Zeledón/Hacienda-Altagracia-Auberge-Collection?intlink=US-travel-discover-property-results-propertyCard-Hacienda-Altagracia-Auberge-Collection,"Pérez Zeledón, Costa Rica",FINE HOTELS + RESORTS,Auberge Collection,Program,9.3346252,-83.57711019999999,"Contiguo a la Escuela de Santa Teresa de Cajón, San José, Pérez Zeledón, 11908, Costa Rica",google_places,PLACE_DETAILS,ChIJ7a45p8aypo8RDWZhtLI5T_M,establishment;lodging;point_of_interest,False,CACHED
"Bishop's Lodge, Auberge Collection",https://www.americanexpress.com/en-us/travel/discover/property/New-Mexico-US/Santa-Fe/Bishops-Lodge-Auberge-Collection?intlink=US-travel-discover-property-results-propertyCard-Bishops-Lodge-Auberge-Collection,"Santa Fe, New Mexico US",FINE HOTELS + RESORTS,Auberge Collection,Program,35.730289,-105.909928,"1297 Bishops Lodge Rd, Santa Fe, NM 87506, USA",google_places,PLACE_DETAILS,ChIJ6zzAMw5PGIcRIORwMZgI-qg,establishment;food;lodging;point_of_interest;restaurant;spa;travel_agency,False,CACHED
"Madeline Hotel & Residences, Auberge Collection",https://www.americanexpress.com/en-us/travel/discover/property/Colorado-US/Telluride/Madeline-Hotel--Residences-Auberge-Collection?intlink=US-travel-discover-property-results-propertyCard-Madeline-Hotel--Residences-Auberge-Collection,"Telluride, Colorado US",FINE HOTELS + RESORTS,Auberge Collection,Program,37.9369073,-107.8478015,"569 Mountain Village Blvd, Telluride, CO 81435, USA",google_places,PLACE_DETAILS,ChIJNZKMlQXYPocRHQ-WGDthUfk,establishment;lodging;point_of_interest,False,CACHED
"Grace Hotel, Auberge Collection",https://www.americanexpress.com/en-us/travel/discover/property/Greece/Thira/Grace-Hotel-Auberge-Collection?intlink=US-travel-discover-property-results-propertyCard-Grace-Hotel-Auberge-Collection,"Thira, Greece",FINE HOTELS + RESORTS,Auberge Collection,Program,36.43295579999999,25.4209615,"Imerovigli 847 00, Greece",google_places,PLACE_DETAILS,ChIJEVOuZUrMmRQRCWhII1hHD68,establishment;lodging;point_of_interest,False,CACHED
"The Lodge at Blue Sky, Auberge Collection",https://www.americanexpress.com/en-us/travel/discover/property/Utah-US/Wanship/The-Lodge-At-Blue-Sky-Auberge-Collection?intlink=US-travel-discover-property-results-propertyCard-The-Lodge-At-Blue-Sky-Auberge-Collection,"Wanship, Utah US",FINE HOTELS + RESORTS,Auberge Collection,Program,40.7994281,-111.4465022,"27649 Old Lincoln Hwy, Wanship, UT 84017, USA",google_places,PLACE_DETAILS,ChIJjc3IYhQVUocRvaf2RayqWv8,establishment;lodging;point_of_interest,False,CACHED
"Mayflower Inn and Spa, Auberge Collection",https://www.americanexpress.com/en-us/travel/discover/property/Connecticut-US/Washington/Mayflower-Inn-And-Spa-Auberge-Collection?intlink=US-travel-discover-property-results-propertyCard-Mayflower-Inn-And-Spa-Auberge-Collection,"Washington, Connecticut US",FINE HOTELS + RESORTS,Auberge Collection,Program,41.630362,-73.30638700000002,"118 Woodbury Rd, CT-47, Washington, CT 06793, USA",google_places,PLACE_DETAILS,ChIJ1RlJ1cjy54kRM1LiEKdu8fc,establishment;lodging;point_of_interest,False,CACHED
"Domes Noruz Chania, Autograph Collection",https://www.americanexpress.com/en-us/travel/discover/property/Greece/Agioi-Apostoloi/Domes-Noruz-Chania-Autograph-Collection?intlink=US-travel-discover-property-results-propertyCard-Domes-Noruz-Chania-Autograph-Collection,"Agioi Apostoloi, Greece",FINE HOTELS + RESORTS,Autograph Collection Hotels,Program,35.5119612,23.9768486,"5 Strati Pantelaki Street, Στρατή Παντελάκη 5, Chania 731 00, Greece",google_places,PLACE_DETAILS,ChIJyVjspEJ9nBQRhl-6XlqN1GA,establishment;lodging;point_of_interest,False,CACHED
"Academias Hotel, Autograph Collection",https://www.americanexpress.com/en-us/travel/discover/property/Greece/Athens/Academias-Hotel-Autograph-Collection?intlink=US-travel-discover-property-results-propertyCard-Academias-Hotel-Autograph-Collection,"Athens, Greece",FINE HOTELS + RESORTS,Autograph Collection Hotels,Program,37.9797195,23.7360152,"Akadimias 38, Athina 106 72, Greece",google_places,PLACE_DETAILS,ChIJqzx47He9oRQRs9L4RDjCFOE,establishment;lodging;point_of_interest,False,CACHED
Cotton House Hotel Autograph Collection,https://www.americanexpress.com/en-us/travel/discover/property/Spain/Barcelona/Cotton-House-Hotel-Autograph-Collection?intlink=US-travel-discover-property-results-propertyCard-Cotton-House-Hotel-Autograph-Collection,"Barcelona, Spain",FINE HOTELS + RESORTS,Autograph Collection Hotels,Program,41.3917358,2.1718019,"Gran Via de les Corts Catalanes, 670, Eixample, 08010 Barcelona, Spain",google_places,PLACE_DETAILS,ChIJu6gINO6ipBIRG-Qp7wa_H0c,establishment;lodging;point_of_interest,False,CACHED
"University Arms Hotel, an Autograph Collection, Cambridge",https://www.americanexpress.com/en-us/travel/discover/property/England/Cambridge/University-Arms-Hotel-An-Autograph-Collection-Cambridge?intlink=US-travel-discover-property-results-propertyCard-University-Arms-Hotel-An-Autograph-Collection-Cambridge,"Cambridge, England",FINE HOTELS + RESORTS,Autograph Collection Hotels,Program,52.2019338,0.125055,"52-42 Regent St, Cambridge CB2 1AD, UK",google_places,PLACE_DETAILS,ChIJLxSfDrMVdkgRn-eycd_BcX8,establishment;lodging;point_of_interest,False,CACHED
The College Green Hotel Dublin,https://www.americanexpress.com/en-us/travel/discover/property/Ireland/Dublin/The-College-Green-Hotel-Dublin?intlink=US-travel-discover-property-results-propertyCard-The-College-Green-Hotel-Dublin,"Dublin, Ireland",FINE HOTELS + RESORTS,Autograph Collection Hotels,Program,53.3456096,-6.2588141,"At, College Green, Dublin, D02 HR67, Ireland",google_places,PLACE_DETAILS,ChIJOQL6dWXNQkgR_Zclnr8DdRE,establishment;lodging;point_of_interest,False,CACHED
The Shelbourne Dublin,https://www.americanexpress.com/en-us/travel/discover/property/Ireland/Dublin/The-Shelbourne-Dublin?intlink=US-travel-discover-property-results-propertyCard-The-Shelbourne-Dublin,"Dublin, Ireland",FINE HOTELS + RESORTS,Autograph Collection Hotels,Program,53.3390289,-6.2560971,"27 St Stephen's Green, Dublin, D02 K224, Ireland",google_places,PLACE_DETAILS,ChIJwamzCpkOZ0gR5Dk8ikLiX1I,establishment;lodging;point_of_interest,False,CACHED
"Domes of Elounda, Autograph Collection",https://www.americanexpress.com/en-us/travel/discover/property/Greece/Elounda/Domes-Of-Elounda-Autograph-Collection?intlink=US-travel-discover-property-results-propertyCard-Domes-Of-Elounda-Autograph-Collection,"Elounda, Greece",FINE HOTELS + RESORTS,Autograph Collection Hotels,Program,35.2894073,25.729406,"Tsifliki, Schisma Elountas 720 53, Greece",google_places,PLACE_DETAILS,ChIJoZbhn8ickBQRsexknI-rngw,establishment;lodging;point_of_interest,False,CACHED
"SINA Villa Medici, Autograph Collection",https://www.americanexpress.com/en-us/travel/discover/property/Italy/Florence/Sina-Villa-Medici-Autograph-Collection?intlink=US-travel-discover-property-results-propertyCard-Sina-Villa-Medici-Autograph-Collection,"Florence, Italy",FINE HOTELS + RESORTS,Autograph Collection Hotels,Program,43.775928,11.242233,"Via Il Prato, 42, 50123 Firenze FI, Italy",google_places,PLACE_DETAILS,ChIJ6dJVLa5WKhMRbYjqNXdveuQ,establishment;lodging;point_of_interest,False,CACHED
The Cloudveil,https://www.americanexpress.com/en-us/travel/discover/property/Wyoming-US/Jackson/The-Cloudveil?intlink=US-travel-discover-property-results-propertyCard-The-Cloudveil,"Jackson, Wyoming US",FINE HOTELS + RESORTS,Autograph Collection Hotels,Program,43.4807672,-110.7610151,"112 Center St, Jackson, WY 83001, USA",google_places,PLACE_DETAILS,ChIJbZlQfIUbU1MRzb0uZa3VODQ,establishment;lodging;point_of_interest,False,CACHED
Mount Juliet Estate,https://www.americanexpress.com/en-us/travel/discover/property/Ireland/Kilkenny/Mount-Juliet-Estate?intlink=US-travel-discover-property-results-propertyCard-Mount-Juliet-Estate,"Kilkenny, Ireland",FINE HOTELS + RESORTS,Autograph Collection Hotels,Program,52.5261797,-7.189515399999999,"Estate, Mount Juliet, Co. Kilkenny, R95 E096, Ireland",google_places,PLACE_DETAILS,ChIJ_R2SJoA0XUgRgFa5GajHAA8,establishment;lodging;point_of_interest,False,CACHED
"TIAD, Autograph Collection",https://www.americanexpress.com/en-us/travel/discover/property/Japan/Nagoya/Tiad-Autograph-Collection?intlink=US-travel-discover-property-results-propertyCard-Tiad-Autograph-Collection,"Nagoya, Japan",FINE HOTELS + RESORTS,Autograph Collection Hotels,Program,35.163837,136.9097187,"5-chōme-15-19 Sakae, Naka Ward, Nagoya, Aichi 460-0008, Japan",google_places,PLACE_DETAILS,ChIJO_zJmPVxA2AR7KyOgNsgs4o,establishment;food;lodging;point_of_interest;restaurant,False,CACHED
The Cove at Atlantis,https://www.americanexpress.com/en-us/travel/discover/property/The-Bahamas/Paradise-Island/The-Cove-At-Atlantis?intlink=US-travel-discover-property-results-propertyCard-The-Cove-At-Atlantis,"Paradise Island, The Bahamas",FINE HOTELS + RESORTS,Autograph Collection Hotels,Program,25.0864115,-77.32696609999999,"1 Casino Drive, Paradise Island, The Bahamas",google_places,PLACE_DETAILS,ChIJ_79V7aN9L4kRM-T9-BQEPss,establishment;lodging;point_of_interest,False,CACHED
"Mapito Safari Camp, Serengeti, Autograph Collection",https://www.americanexpress.com/en-us/travel/discover/property/Tanzania/Robanda/Mapito-Safari-Camp-Serengeti-Autograph-Collection?intlink=US-travel-discover-property-results-propertyCard-Mapito-Safari-Camp-Serengeti-Autograph-Collection,"Robanda, Tanzania",FINE HOTELS + RESORTS,Autograph Collection Hotels,Program,-2.1785354,34.6813098,"Ikoma Region, Robanda, Tanzania",google_places,PLACE_DETAILS,ChIJsTYpj3mwMhgRaqGiAvbDvP4,establishment;lodging;point_of_interest,False,CACHED
"The Jay, Autograph Collection",https://www.americanexpress.com/en-us/travel/discover/property/California-US/San-Francisco/The-Jay-Autograph-Collection?intlink=US-travel-discover-property-results-propertyCard-The-Jay-Autograph-Collection,"San Francisco, California US",FINE HOTELS + RESORTS,Autograph Collection Hotels,Program,37.794702,-122.4006747,"433 Clay St, San Francisco, CA 94111, USA",google_places,PLACE_DETAILS,ChIJJaJK_A-BhYARkTIyu-gNgRw,establishment;lodging;point_of_interest,False,CACHED
"Buoy Haus Beach Resort St. Thomas, Autograph Collection",https://www.americanexpress.com/en-us/travel/discover/property/U.S.-Virgin-Islands/St.-Thomas/Buoy-Haus-Beach-Resort-St-Thomas-Autograph-Collection?intlink=US-travel-discover-property-results-propertyCard-Buoy-Haus-Beach-Resort-St-Thomas-Autograph-Collection,"St. Thomas, U.S. Virgin Islands",FINE HOTELS + RESORTS,Autograph Collection Hotels,Program,18.3199538,-64.9188894,"2 Estate Bakkeroe, St Thomas 00802, USVI",google_places,PLACE_DETAILS,ChIJfaJVBiEbBYwRj0zQfGk2fP0,establishment;lodging;point_of_interest,False,CACHED
"The Opus, Westchester, Autograph Collection",https://www.americanexpress.com/en-us/travel/discover/property/New-York-US/White-Plains/The-Opus-Westchester-Autograph-Collection?intlink=US-travel-discover-property-results-propertyCard-The-Opus-Westchester-Autograph-Collection,"White Plains, New York US",FINE HOTELS + RESORTS,Autograph Collection Hotels,Program,41.0328895,-73.7674541,"3 Renaissance Square, White Plains, NY 10601, USA",google_places,PLACE_DETAILS,ChIJ_3SBfkqVwokRo847Cufvgbo,establishment;lodging;point_of_interest,False,CACHED
"Baglioni Hotel Regina, Rome",https://www.americanexpress.com/en-us/travel/discover/property/Italy/Rome/Baglioni-Hotel-Regina-Rome?intlink=US-travel-discover-property-results-propertyCard-Baglioni-Hotel-Regina-Rome,"Rome, Italy",FINE HOTELS + RESORTS,Baglioni Hotels,Program,41.90704179999999,12.4898377,"Via Vittorio Veneto, 72, 00187 Roma RM, Italy",google_places,PLACE_DETAILS,ChIJSXC_NKphLxMR-W1fh44pYOY,establishment;food;lodging;point_of_interest;restaurant;spa,False,CACHED
Baglioni Hotel Luna,https://www.americanexpress.com/en-us/travel/discover/property/Italy/Venice/Baglioni-Hotel-Luna?intlink=US-travel-discover-property-results-propertyCard-Baglioni-Hotel-Luna,"Venice, Italy",FINE HOTELS + RESORTS,Baglioni Hotels,Program,45.4330357,12.3371697,"P.za San Marco, 1243, 30124 Venezia VE, Italy",google_places,PLACE_DETAILS,ChIJFUjqGNexfkcRzQ8s8CU2ukY,establishment;food;lodging;point_of_interest;restaurant,False,CACHED
Banyan Tree Cabo Marques,https://www.americanexpress.com/en-us/travel/discover/property/Guerrero-MX/Acapulco/Banyan-Tree-Cabo-Marques?intlink=US-travel-discover-property-results-propertyCard-Banyan-Tree-Cabo-Marques,"Acapulco, Guerrero MX",FINE HOTELS + RESORTS,Banyan Tree Hotels & Resorts,Program,16.7945632,-99.8558365,"Blvrd Cabo Marqués Lote 1, Punta Diamante, 39907 Acapulco de Juárez, Gro., Mexico",google_places,PLACE_DETAILS,ChIJBTqHBRhZyoURDrSEtPD_XTc,establishment;lodging;point_of_interest;spa,False,CACHED
Banyan Tree AlUla,https://www.americanexpress.com/en-us/travel/discover/property/Saudi-Arabia/AlUla/Banyan-Tree-Alula?intlink=US-travel-discover-property-results-propertyCard-Banyan-Tree-Alula,"AlUla, Saudi Arabia",FINE HOTELS + RESORTS,Banyan Tree Hotels & Resorts,Program,26.7436977,37.8493171,"Wadi Ashar Tabuk, Road, Alula 43563, Saudi Arabia",google_places,PLACE_DETAILS,ChIJIaR8SFevpRURvYKMq9mvQL4,establishment;lodging;point_of_interest,False,CACHED
Angsana Corfu,https://www.americanexpress.com/en-us/travel/discover/property/Greece/Corfu/Angsana-Corfu?intlink=US-travel-discover-property-results-propertyCard-Angsana-Corfu,"Corfu, Greece",FINE HOTELS + RESORTS,Banyan Tree Hotels & Resorts,Program,39.553407,19.9091966,"Akra Punta, Nat'l Rd Corfu - Achilleion 11 Km, Μπενίτσες 490 84, Greece",google_places,PLACE_DETAILS,ChIJmXiYc2JfWxMRla1Nzn5Wy-E,establishment;lodging;point_of_interest,False,CACHED
Banyan Tree Dubai,https://www.americanexpress.com/en-us/travel/discover/property/United-Arab-Emirates/Dubai/Banyan-Tree-Dubai?intlink=US-travel-discover-property-results-propertyCard-Banyan-Tree-Dubai,"Dubai, United Arab Emirates",FINE HOTELS + RESORTS,Banyan Tree Hotels & Resorts,Program,25.0805625,55.1206875,34JC+67 Banyan Tree - Marsa Dubai - Bluewaters Island - Dubai - United Arab Emirates,google_places,PLACE_DETAILS,ChIJV9y8JgAVXz4RXovxINuQywE,bar;beauty_salon;establishment;food;lodging;night_club;point_of_interest;restaurant;spa,False,CACHED
Banyan Tree Veya Valle de Guadalupe,https://www.americanexpress.com/en-us/travel/discover/property/Baja-California-Sur-MX/Ensenada/Banyan-Tree-Veya-Valle-De-Guadalupe?intlink=US-travel-discover-property-results-propertyCard-Banyan-Tree-Veya-Valle-De-Guadalupe,"Ensenada, Baja California Sur MX",FINE HOTELS + RESORTS,Banyan Tree Hotels & Resorts,Program,32.0321351,-116.6443015,"Camino Vecinal #179 Ejido El Porvenir Valle de Guadalupe, 22755 Ensenada, B.C., Mexico",google_places,PLACE_DETAILS,ChIJwx4EKnjx2IARekFmu2baw4w,establishment;lodging;point_of_interest,False,CACHED
Banyan Tree Samui,https://www.americanexpress.com/en-us/travel/discover/property/Thailand/Koh-Samui/Banyan-Tree-Samui?intlink=US-travel-discover-property-results-propertyCard-Banyan-Tree-Samui,"Koh Samui, Thailand",FINE HOTELS + RESORTS,Banyan Tree Hotels & Resorts,Program,9.472709499999999,100.0687924,"99, 9 ตำบล มะเร็ต อำเภอเกาะสมุย สุราษฎร์ธานี 84310, Thailand",google_places,PLACE_DETAILS,ChIJEUZMUxXxVDARb9rjLvIV4TI,establishment;lodging;point_of_interest;spa,False,CACHED
Banyan Tree Krabi,https://www.americanexpress.com/en-us/travel/discover/property/Thailand/Krabi/Banyan-Tree-Krabi?intlink=US-travel-discover-property-results-propertyCard-Banyan-Tree-Krabi,"Krabi, Thailand",FINE HOTELS + RESORTS,Banyan Tree Hotels & Resorts,Program,8.094481,98.7483232,"279 Tambon Nongtalay Amphoe Muang Chang Wat Krabi 81180, Thailand",google_places,PLACE_DETAILS,ChIJl4kZaeC5UTARiEfXR0Qqq7w,establishment;lodging;point_of_interest,False,CACHED
"Hacienda Xcanatun, Angsana Heritage Collection",https://www.americanexpress.com/en-us/travel/discover/property/Yucatán-MX/Mérida/Hacienda-Xcanatun-Angsana-Heritage-Collection?intlink=US-travel-discover-property-results-propertyCard-Hacienda-Xcanatun-Angsana-Heritage-Collection,"Mérida, Yucatán MX",FINE HOTELS + RESORTS,Banyan Tree Hotels & Resorts,Program,21.0753256,-89.6282039,"Calle 20 S/N x 19 y 19A Comisaría Xcanatún, 97302 Mérida, Yuc., Mexico",google_places,PLACE_DETAILS,ChIJeQemNFNxVo8RRfLdqiuuHc4,establishment;lodging;point_of_interest,False,CACHED
"Buahan, a Banyan Tree Escape",https://www.americanexpress.com/en-us/travel/discover/property/Indonesia/Payangan/Buahan-a-Banyan-Tree-Escape?intlink=US-travel-discover-property-results-propertyCard-Buahan-a-Banyan-Tree-Escape,"Payangan, Indonesia",FINE HOTELS + RESORTS,Banyan Tree Hotels & Resorts,Program,-8.365373,115.2384718,"Banjar Selat, Buahan Kaja, Kec. Payangan, Kabupaten Gianyar, Bali 80572, Indonesia",google_places,PLACE_DETAILS,ChIJ08JGd_0h0i0RAT-4TS4ZTuA,establishment;lodging;point_of_interest,False,CACHED
Banyan Tree Phuket,https://www.americanexpress.com/en-us/travel/discover/property/Thailand/Phuket/Banyan-Tree-Phuket?intlink=US-travel-discover-property-results-propertyCard-Banyan-Tree-Phuket,"Phuket, Thailand",FINE HOTELS + RESORTS,Banyan Tree Hotels & Resorts,Program,8.0120586,98.295648,"33 Srisunthorn 33/27 Cherngthalay Tambon Choeng Thale, Amphoe Thalang, Chang Wat Phuket 83110, Thailand",google_places,PLACE_DETAILS,ChIJRd3GhzE4UDARzv-XHqvAepo,establishment;lodging;point_of_interest,False,CACHED
Banyan Tree Mayakoba,https://www.americanexpress.com/en-us/travel/discover/property/Quintana-Roo-MX/Playa-del-Carmen/Banyan-Tree-Mayakoba?intlink=US-travel-discover-property-results-propertyCard-Banyan-Tree-Mayakoba,"Playa del Carmen, Quintana Roo MX",FINE HOTELS + RESORTS,Banyan Tree Hotels & Resorts,Program,20.6830018,-87.0288456,"Carretera Federal Chetumal-Puerto Juárez KM 298 Riviera Maya, 77710 Playa del Carmen, Q.R., Mexico",google_places,PLACE_DETAILS,ChIJV-JO0vX-0YURaO77KCuW09Q,establishment;lodging;point_of_interest;spa,False,CACHED
Banyan Tree Puebla,https://www.americanexpress.com/en-us/travel/discover/property/Puebla-MX/Puebla/Banyan-Tree-Puebla?intlink=US-travel-discover-property-results-propertyCard-Banyan-Tree-Puebla,"Puebla, Puebla MX",FINE HOTELS + RESORTS,Banyan Tree Hotels & Resorts,Program,19.0454097,-98.1892421,"C. 10 Nte. 1402, Barrio del Alto, 72000 Heroica Puebla de Zaragoza, Pue., Mexico",google_places,PLACE_DETAILS,ChIJR_RL2uTAz4URdRBr0dNhzDc,bar;establishment;food;gym;health;lodging;point_of_interest;restaurant;spa,False,CACHED
Hotel Barriere Le Majestic Cannes,https://www.americanexpress.com/en-us/travel/discover/property/France/Cannes/Hotel-Barriere-Le-Majestic-Cannes?intlink=US-travel-discover-property-results-propertyCard-Hotel-Barriere-Le-Majestic-Cannes,"Cannes, France",FINE HOTELS + RESORTS,Barrière Group,Program,43.5508821,7.01976,"10 Bd de la Croisette, 06400 Cannes, France",google_places,PLACE_DETAILS,ChIJ76FknZGBzhIRL394VZWcbbo,establishment;food;lodging;point_of_interest;restaurant,False,CACHED
Fouquet's Courchevel,https://www.americanexpress.com/en-us/travel/discover/property/France/Courchevel/Fouquets-Courchevel?intlink=US-travel-discover-property-results-propertyCard-Fouquets-Courchevel,"Courchevel, France",FINE HOTELS + RESORTS,Barrière Group,Program,45.4122608,6.6368078,"422 Rue de Bellecôte, 73120 Courchevel, France",google_geocoding,ROOFTOP,ChIJ5zYbGMd5iUcRcQYEAPZthBE,establishment;food;point_of_interest;restaurant,True,CACHED
Hotel Barriere Le Normandy,https://www.americanexpress.com/en-us/travel/discover/property/France/Deauville/Hotel-Barriere-Le-Normandy?intlink=US-travel-discover-property-results-propertyCard-Hotel-Barriere-Le-Normandy,"Deauville, France",FINE HOTELS + RESORTS,Barrière Group,Program,49.3600179,0.071613,"38 Rue Jean Mermoz, 14800 Deauville, France",google_places,PLACE_DETAILS,ChIJ7dc0ULHU4UcRapdcD0OZB7Y,establishment;food;lodging;point_of_interest;restaurant;spa,False,CACHED
Fouquet's Saint-Barth,https://www.americanexpress.com/en-us/travel/discover/property/Saint-Barthelemy/Gustavia/Fouquets-Saint-barth?intlink=US-travel-discover-property-results-propertyCard-Fouquets-Saint-barth,"Gustavia, Saint Barthelemy",FINE HOTELS + RESORTS,Barrière Group,Program,17.8944666,-62.8472786,"Rue des Normands, Gustavia 97133, St Barthélemy",google_places,PLACE_DETAILS,ChIJ36fR1bUKDowRkTmy4zPYBMI,establishment;lodging;point_of_interest;spa,False,CACHED
Hotel Barriere Fouquet's New York,https://www.americanexpress.com/en-us/travel/discover/property/New-York-US/New-York/Hotel-Barriere-Fouquets-New-York?intlink=US-travel-discover-property-results-propertyCard-Hotel-Barriere-Fouquets-New-York,"New York, New York US",FINE HOTELS + RESORTS,Barrière Group,Program,40.7236168,-74.0097526,"456 Greenwich St, New York, NY 10013, USA",google_places,PLACE_DETAILS,ChIJ2WPuSHVZwokRsWWXSptB01A,establishment;lodging;point_of_interest,False,CACHED
Hotel Fouquet's Paris,https://www.americanexpress.com/en-us/travel/discover/property/France/Paris/Hotel-Fouquets-Paris?intlink=US-travel-discover-property-results-propertyCard-Hotel-Fouquets-Paris,"Paris, France",FINE HOTELS + RESORTS,Barrière Group,Program,48.8710596,2.3013848,"46 Av. George V, 75008 Paris, France",google_places,PLACE_DETAILS,ChIJB9ZcBsJv5kcRQ51kS655Vgo,establishment;lodging;point_of_interest;spa,False,CACHED
"Jimbaran Puri, A Belmond Hotel, Bali",https://www.americanexpress.com/en-us/travel/discover/property/Indonesia/Badung/Jimbaran-Puri-A-Belmond-Hotel-Bali?intlink=US-travel-discover-property-results-propertyCard-Jimbaran-Puri-A-Belmond-Hotel-Bali,"Badung, Indonesia",FINE HOTELS + RESORTS,Belmond,Program,-8.7727784,115.1688297,"Jalan Uluwatu Yoga Perkanthi Lane, Jimbaran, South Kuta, Badung Regency, Bali 80361, Indonesia",google_places,PLACE_DETAILS,ChIJB8V3r2FE0i0RWfyymPJpz5E,establishment;lodging;point_of_interest,False,CACHED
"Mount Nelson, A Belmond Hotel, Cape Town",https://www.americanexpress.com/en-us/travel/discover/property/South-Africa/Cape-Town/Mount-Nelson-A-Belmond-Hotel-Cape-Town?intlink=US-travel-discover-property-results-propertyCard-Mount-Nelson-A-Belmond-Hotel-Cape-Town,"Cape Town, South Africa",FINE HOTELS + RESORTS,Belmond,Program,-33.93206500000001,18.411655,"76 Orange St, Gardens, Cape Town, 8001, South Africa",google_places,PLACE_DETAILS,ChIJ2ZmgHnFnzB0RObLO5XspkIw,establishment;lodging;point_of_interest,False,CACHED
"Castello di Casole, A Belmond Hotel, Tuscany",https://www.americanexpress.com/en-us/travel/discover/property/Italy/Casole-d'Elsa/Castello-Di-Casole-A-Belmond-Hotel-Tuscany?intlink=US-travel-discover-property-results-propertyCard-Castello-Di-Casole-A-Belmond-Hotel-Tuscany,"Casole d'Elsa, Italy",FINE HOTELS + RESORTS,Belmond,Program,43.32479559999999,11.0840685,"Località Querceto, 53031 Casole d'Elsa SI, Italy",google_places,PLACE_DETAILS,ChIJHe4QbKYmKhMRQHTduLK-muM,establishment;lodging;point_of_interest,False,CACHED
"Palacio Nazarenas, A Belmond Hotel, Cusco",https://www.americanexpress.com/en-us/travel/discover/property/Peru/Cusco/Palacio-Nazarenas-A-Belmond-Hotel-Cusco?intlink=US-travel-discover-property-results-propertyCard-Palacio-Nazarenas-A-Belmond-Hotel-Cusco,"Cusco, Peru",FINE HOTELS + RESORTS,Belmond,Program,-13.5149923,-71.9770815,"Nazarenas 223, Cusco 08002, Peru",google_places,PLACE_DETAILS,ChIJUdl-FnPWbZERCN5OJ4PGa7o,establishment;lodging;point_of_interest,False,CACHED
"La Residencia, A Belmond Hotel, Mallorca",https://www.americanexpress.com/en-us/travel/discover/property/Spain/Deià/La-Residencia-A-Belmond-Hotel-Mallorca?intlink=US-travel-discover-property-results-propertyCard-La-Residencia-A-Belmond-Hotel-Mallorca,"Deià, Spain",FINE HOTELS + RESORTS,Belmond,Program,39.7490478,2.6494487,"Carrer son Canals, 07179 Deià, Illes Balears, Spain",google_places,PLACE_DETAILS,ChIJ9birlq3vlxIR_a16RBx3yOQ,establishment;lodging;point_of_interest,False,CACHED
"Reid's Palace, A Belmond Hotel, Madeira",https://www.americanexpress.com/en-us/travel/discover/property/Portugal/Funchal/Reids-Palace-A-Belmond-Hotel-Madeira?intlink=US-travel-discover-property-results-propertyCard-Reids-Palace-A-Belmond-Hotel-Madeira,"Funchal, Portugal",FINE HOTELS + RESORTS,Belmond,Program,32.6406197,-16.9239702,"Estrada Monumental 139, São Martinho, 9000-098 Funchal, Portugal",google_places,PLACE_DETAILS,ChIJFXOVoPBfYAwRJ5wDs8h_jHc,establishment;lodging;point_of_interest,False,CACHED
"Hotel das Cataratas, A Belmond Hotel, Iguassu Falls",https://www.americanexpress.com/en-us/travel/discover/property/Brazil/Iguassu-Falls/Hotel-Das-Cataratas-A-Belmond-Hotel-Iguassu-Falls?intlink=US-travel-discover-property-results-propertyCard-Hotel-Das-Cataratas-A-Belmond-Hotel-Iguassu-Falls,"Iguassu Falls, Brazil",FINE HOTELS + RESORTS,Belmond,Program,-25.6841773,-54.4388518,"Iguassu National Park - Rodovia Br 469, Km 32 - s/n - Foz do Iguaçu, PR, 85855-750, Brazil",google_places,PLACE_DETAILS,ChIJWZUzp3jq9pQRaUqL9AJx9Fg,establishment;lodging;point_of_interest,False,CACHED
"Miraflores Park, A Belmond Hotel, Lima",https://www.americanexpress.com/en-us/travel/discover/property/Peru/Lima/Miraflores-Park-A-Belmond-Hotel-Lima?intlink=US-travel-discover-property-results-propertyCard-Miraflores-Park-A-Belmond-Hotel-Lima,"Lima, Peru",FINE HOTELS + RESORTS,Belmond,Program,-12.1352932,-77.02731949999999,"Mal. de la Reserva 1035, Miraflores 15074, Peru",google_places,PLACE_DETAILS,ChIJly4G_OO3BZERzAsGP-ZZlcs,establishment;lodging;point_of_interest,False,CACHED
"The Cadogan, A Belmond Hotel, London",https://www.americanexpress.com/en-us/travel/discover/property/England/London/The-Cadogan-A-Belmond-Hotel-London?intlink=US-travel-discover-property-results-propertyCard-The-Cadogan-A-Belmond-Hotel-London,"London, England",FINE HOTELS + RESORTS,Belmond,Program,51.4969698,-0.1592796,"75 Sloane St, London SW1X 9SG, UK",google_places,PLACE_DETAILS,ChIJ4STvjj4FdkgRFPN-t7VEWD8,establishment;lodging;point_of_interest,False,CACHED
"Cap Juluca, A Belmond Hotel, Anguilla",https://www.americanexpress.com/en-us/travel/discover/property/Anguilla/Maundays-Bay/Cap-Juluca-A-Belmond-Hotel-Anguilla?intlink=US-travel-discover-property-results-propertyCard-Cap-Juluca-A-Belmond-Hotel-Anguilla,"Maundays Bay, Anguilla",FINE HOTELS + RESORTS,Belmond,Program,18.164896,-63.141769,"Maundays Bay, 2640, Anguilla",google_places,PLACE_DETAILS,ChIJJZQs5PlmDowRqIb2LSN1oI0,establishment;lodging;point_of_interest,False,CACHED
"Maroma, A Belmond Hotel, Riviera Maya",https://www.americanexpress.com/en-us/travel/discover/property/Quintana-Roo-MX/Playa-del-Carmen/Maroma-A-Belmond-Hotel-Riviera-Maya?intlink=US-travel-discover-property-results-propertyCard-Maroma-A-Belmond-Hotel-Riviera-Maya,"Playa del Carmen, Quintana Roo MX",FINE HOTELS + RESORTS,Belmond,Program,20.7402167,-86.9657519,"Carr. Cancún - Tulum Km 51, 77710 Riviera Maya, Q.R., Mexico",google_places,PLACE_DETAILS,ChIJuw7x5fu3m4YRrkFGdr0zO8U,establishment;lodging;point_of_interest,False,CACHED
"Splendido Mare, A Belmond Hotel, Portofino",https://www.americanexpress.com/en-us/travel/discover/property/Italy/Portofino/Splendido-Mare-A-Belmond-Hotel-Portofino?intlink=US-travel-discover-property-results-propertyCard-Splendido-Mare-A-Belmond-Hotel-Portofino,"Portofino, Italy",FINE HOTELS + RESORTS,Belmond,Program,44.3032112,9.2092657,"Via Roma, 2, 16034 Portofino GE, Italy",google_geocoding,ROOFTOP,ChIJryr6wMCf1BIRxA-YykyJTLU,establishment;lodging;point_of_interest,True,CACHED
"Splendido, A Belmond Hotel, Portofino",https://www.americanexpress.com/en-us/travel/discover/property/Italy/Portofino/Splendido-A-Belmond-Hotel-Portofino?intlink=US-travel-discover-property-results-propertyCard-Splendido-A-Belmond-Hotel-Portofino,"Portofino, Italy",FINE HOTELS + RESORTS,Belmond,Program,44.3032112,9.2092657,"Via Roma, 2, 16034 Portofino GE, Italy",google_geocoding,ROOFTOP,ChIJryr6wMCf1BIRxA-YykyJTLU,establishment;lodging;point_of_interest,True,CACHED
"Caruso, A Belmond Hotel, Amalfi Coast",https://www.americanexpress.com/en-us/travel/discover/property/Italy/Ravello/Caruso-A-Belmond-Hotel-Amalfi-Coast?intlink=US-travel-discover-property-results-propertyCard-Caruso-A-Belmond-Hotel-Amalfi-Coast,"Ravello, Italy",FINE HOTELS + RESORTS,Belmond,Program,40.6514312,14.6129811,"Piazza S. Giovanni del Toro, 2, 84010 Ravello SA, Italy",google_geocoding,ROOFTOP,ChIJHzhwLZ6VOxMRp5IzhmDRbOw,establishment;lodging;point_of_interest,True,CACHED
"Copacabana Palace, A Belmond Hotel, Rio de Janeiro",https://www.americanexpress.com/en-us/travel/discover/property/Brazil/Rio-de-Janeiro/Copacabana-Palace-A-Belmond-Hotel-Rio-De-Janeiro?intlink=US-travel-discover-property-results-propertyCard-Copacabana-Palace-A-Belmond-Hotel-Rio-De-Janeiro,"Rio de Janeiro, Brazil",FINE HOTELS + RESORTS,Belmond,Program,-22.9673111,-43.1789541,"Av. Atlântica, 1702 - Copacabana, Rio de Janeiro - RJ, 22021-001, Brazil",google_places,PLACE_DETAILS,ChIJjZJPDlTVmwARroitzBhRLu8,establishment;lodging;point_of_interest,False,CACHED
"Casa de Sierra Nevada, A Belmond Hotel, San Miguel de Allende",https://www.americanexpress.com/en-us/travel/discover/property/Guanajuato-MX/San-Miguel-de-Allende/Casa-De-Sierra-Nevada-A-Belmond-Hotel-San-Miguel-De-Allende?intlink=US-travel-discover-property-results-propertyCard-Casa-De-Sierra-Nevada-A-Belmond-Hotel-San-Miguel-De-Allende,"San Miguel de Allende, Guanajuato MX",FINE HOTELS + RESORTS,Belmond,Program,20.9127691,-100.7423179,"Hospicio 35, Zona Centro, 37700 San Miguel de Allende, Gto., Mexico",google_places,PLACE_DETAILS,ChIJxYhdQrpRK4QRLAGCS0Qsqss,establishment;lodging;point_of_interest,False,CACHED
"Villa Sant'Andrea, A Belmond Hotel, Taormina Mare",https://www.americanexpress.com/en-us/travel/discover/property/Italy/Taormina-Mare/Villa-Santandrea-A-Belmond-Hotel-Taormina-Mare?intlink=US-travel-discover-property-results-propertyCard-Villa-Santandrea-A-Belmond-Hotel-Taormina-Mare,"Taormina Mare, Italy",FINE HOTELS + RESORTS,Belmond,Program,37.8541102,15.3027124,"Via Nazionale, 137, 98039 Taormina ME, Italy",google_places,PLACE_DETAILS,ChIJ47PDOZ0RFBMRnbIto0cV8kI,establishment;lodging;point_of_interest,False,CACHED
"Grand Hotel Timeo, A Belmond Hotel, Taormina",https://www.americanexpress.com/en-us/travel/discover/property/Italy/Taormina/Grand-Hotel-Timeo-A-Belmond-Hotel-Taormina?intlink=US-travel-discover-property-results-propertyCard-Grand-Hotel-Timeo-A-Belmond-Hotel-Taormina,"Taormina, Italy",FINE HOTELS + RESORTS,Belmond,Program,37.8523088,15.2912104,"Via Teatro Greco, 59, 98039 Taormina ME, Italy",google_places,PLACE_DETAILS,ChIJ5QrHTJ8RFBMRUzfUaMkAT6o,establishment;lodging;point_of_interest,False,CACHED
"La Samanna, A Belmond Hotel, St Martin",https://www.americanexpress.com/en-us/travel/discover/property/Saint-Martin/Terres-Basses/La-Samanna-A-Belmond-Hotel-St-Martin?intlink=US-travel-discover-property-results-propertyCard-La-Samanna-A-Belmond-Hotel-St-Martin,"Terres Basses, Saint Martin",FINE HOTELS + RESORTS,Belmond,Program,18.055715,-63.13884319999999,"Baie Longue Terres Basses Saint Martin, Les Terres Basses 97064, St Martin",google_places,PLACE_DETAILS,ChIJjQ5eDEhvDowRIAxt2x4xDOE,establishment;lodging;point_of_interest,False,CACHED
"Rio Sagrado, A Belmond Hotel, Sacred Valley",https://www.americanexpress.com/en-us/travel/discover/property/Peru/Urubamba/Rio-Sagrado-A-Belmond-Hotel-Sacred-Valley?intlink=US-travel-discover-property-results-propertyCard-Rio-Sagrado-A-Belmond-Hotel-Sacred-Valley,"Urubamba, Peru",FINE HOTELS + RESORTS,Belmond,Program,-13.2905613,-72.1449406,"Km. 75.8, Carretera Urubamba-Ollantaytambo, Valle Sagrado, Urubamba 08660, Peru",google_places,PLACE_DETAILS,ChIJZWrN_yPdbZERM_Qczpi_c6U,establishment;lodging;point_of_interest,False,CACHED
"Hotel Cipriani, A Belmond Hotel, Venice",https://www.americanexpress.com/en-us/travel/discover/property/Italy/Venice/Hotel-Cipriani-A-Belmond-Hotel-Venice?intlink=US-travel-discover-property-results-propertyCard-Hotel-Cipriani-A-Belmond-Hotel-Venice,"Venice, Italy",FINE HOTELS + RESORTS,Belmond,Program,45.4264169,12.3412924,"Giudecca, 10, 30133 Venezia VE, Italy",google_places,PLACE_DETAILS,ChIJ0U-xZiqufkcRAVmQKP082-Y,establishment;lodging;point_of_interest,False,CACHED
Bulgari Hotel Beijing,https://www.americanexpress.com/en-us/travel/discover/property/China/Beijing/Bulgari-Hotel-Beijing?intlink=US-travel-discover-property-results-propertyCard-Bulgari-Hotel-Beijing,"Beijing, China",FINE HOTELS + RESORTS,Bulgari Hotels & Resorts,Program,39.947563,116.452261,"China, Bei Jing Shi, Chao Yang Qu, CN CN 北京市 朝阳区新源南路8号院2号楼 邮政编码: 100027",google_places,PLACE_DETAILS,ChIJF4C6Dpus8TUR6VpkEE6m6eA,establishment;lodging;point_of_interest,False,CACHED
Bulgari Resort Dubai,https://www.americanexpress.com/en-us/travel/discover/property/United-Arab-Emirates/Dubai/Bulgari-Resort-Dubai?intlink=US-travel-discover-property-results-propertyCard-Bulgari-Resort-Dubai,"Dubai, United Arab Emirates",FINE HOTELS + RESORTS,Bulgari Hotels & Resorts,Program,25.210697,55.236428,Jumeirah Bay Island - جميرا باي - جميرا ٢ - دبي - United Arab Emirates,google_places,PLACE_DETAILS,ChIJ8-LpJSNCXz4RSYU8D8qlVl4,establishment;lodging;point_of_interest,False,CACHED
Bvlgari Hotel London,https://www.americanexpress.com/en-us/travel/discover/property/England/London/Bvlgari-Hotel-London?intlink=US-travel-discover-property-results-propertyCard-Bvlgari-Hotel-London,"London, England",FINE HOTELS + RESORTS,Bulgari Hotels & Resorts,Program,51.5014669,-0.1635477,"171 Knightsbridge, London SW7 1DW, UK",google_places,PLACE_DETAILS,ChIJB4FBeEcFdkgRF8Hd6yhDQqA,establishment;lodging;point_of_interest,False,CACHED
Bulgari Hotel Milano,https://www.americanexpress.com/en-us/travel/discover/property/Italy/Milan/Bulgari-Hotel-Milano?intlink=US-travel-discover-property-results-propertyCard-Bulgari-Hotel-Milano,"Milan, Italy",FINE HOTELS + RESORTS,Bulgari Hotels & Resorts,Program,45.4698487,9.1895359,"Via Privata Fratelli Gabba, 7B, 20121 Milano MI, Italy",google_places,PLACE_DETAILS,ChIJS3qUE6zGhkcRzRDfJrTuWFE,establishment;lodging;point_of_interest,False,CACHED
Bulgari Hotel Paris,https://www.americanexpress.com/en-us/travel/discover/property/France/Paris/Bulgari-Hotel-Paris?intlink=US-travel-discover-property-results-propertyCard-Bulgari-Hotel-Paris,"Paris, France",FINE HOTELS + RESORTS,Bulgari Hotels & Resorts,Program,48.8683674,2.3014592,"30 Av. George V, 75008 Paris, France",google_places,PLACE_DETAILS,ChIJFYxKgcRv5kcR1sykKIcU01E,establishment;lodging;point_of_interest,False,CACHED
Bulgari Hotel Roma,https://www.americanexpress.com/en-us/travel/discover/property/Italy/Rome/Bulgari-Hotel-Roma?intlink=US-travel-discover-property-results-propertyCard-Bulgari-Hotel-Roma,"Rome, Italy",FINE HOTELS + RESORTS,Bulgari Hotels & Resorts,Program,41.9067821,12.4762188,"Piazza Augusto Imperatore, 10, 00186 Roma RM, Italy",google_places,PLACE_DETAILS,ChIJ-XKhYh9hLxMR6SM6GuN3HM4,bar;establishment;lodging;point_of_interest,False,CACHED
Bulgari Hotel Shanghai,https://www.americanexpress.com/en-us/travel/discover/property/China/Shanghai/Bulgari-Hotel-Shanghai?intlink=US-travel-discover-property-results-propertyCard-Bulgari-Hotel-Shanghai,"Shanghai, China",FINE HOTELS + RESORTS,Bulgari Hotels & Resorts,Program,40.0069299,119.83865,"108 Shanxi North Road, Shan Hai Guan Qu, Qin Huang Dao Shi, China, 066206",google_places,PLACE_DETAILS,ChIJ86uFal5wsjUR8zNDly9PIl0,establishment;lodging;point_of_interest,False,CACHED
Bvlgari Hotel Tokyo,https://www.americanexpress.com/en-us/travel/discover/property/Japan/Tokyo/Bvlgari-Hotel-Tokyo?intlink=US-travel-discover-property-results-propertyCard-Bvlgari-Hotel-Tokyo,"Tokyo, Japan",FINE HOTELS + RESORTS,Bulgari Hotels & Resorts,Program,35.6788388,139.7683266,"2-chōme-2-1 Yaesu, Chuo City, Tokyo 104-0028, Japan",google_places,PLACE_DETAILS,ChIJaZec4c2LGGARhO_j0zirIOw,bar;establishment;lodging;point_of_interest,False,CACHED
Bulgari Resort Bali,https://www.americanexpress.com/en-us/travel/discover/property/Indonesia/Uluwatu/Bulgari-Resort-Bali?intlink=US-travel-discover-property-results-propertyCard-Bulgari-Resort-Bali,"Uluwatu, Indonesia",FINE HOTELS + RESORTS,Bulgari Hotels & Resorts,Program,-8.8429187,115.1216909,"Jl. Goa Lempeh, Pecatu, Kec. Kuta Sel., Kabupaten Badung, Bali, Indonesia",google_places,PLACE_DETAILS,ChIJD3KueOta0i0Rl2LFO5YakuE,establishment;lodging;point_of_interest,False,CACHED
Capella Bangkok,https://www.americanexpress.com/en-us/travel/discover/property/Thailand/Bangkok/Capella-Bangkok?intlink=US-travel-discover-property-results-propertyCard-Capella-Bangkok,"Bangkok, Thailand",FINE HOTELS + RESORTS,Capella Hotels and Resorts,Program,13.7131047,100.5110225,"300 2 ถ. เจริญกรุง Khwaeng Yan Nawa, Khet Sathon, Krung Thep Maha Nakhon 10120, Thailand",google_places,PLACE_DETAILS,ChIJqcNXkyaZ4jAR6PgpLK1RNzI,establishment;food;lodging;point_of_interest;restaurant,False,CACHED
"Capella Tufu Bay, Hainan",https://www.americanexpress.com/en-us/travel/discover/property/China/Hainan/Capella-Tufu-Bay-Hainan?intlink=US-travel-discover-property-results-propertyCard-Capella-Tufu-Bay-Hainan,"Hainan, China",FINE HOTELS + RESORTS,Capella Hotels and Resorts,Program,18.4020026,109.8054855,"China, San Ya Shi, Ling Shui Li Zu Zi Zhi Xian, 海棠湾镇土福湾度假区 邮政编码: 572400",google_places,PLACE_DETAILS,ChIJI2bOd-ClWjERNzonSNcL7VA,establishment;lodging;point_of_interest,False,CACHED
Capella Hanoi,https://www.americanexpress.com/en-us/travel/discover/property/Vietnam/Hanoi/Capella-Hanoi?intlink=US-travel-discover-property-results-propertyCard-Capella-Hanoi,"Hanoi, Vietnam",FINE HOTELS + RESORTS,Capella Hotels and Resorts,Program,21.0257164,105.8566886,"11 P. Lê Phụng Hiểu, French Quarter, Hoàn Kiếm, Hà Nội 100000, Vietnam",google_places,PLACE_DETAILS,ChIJeysLiz2rNTER3KKgUoOxxUQ,establishment;lodging;point_of_interest,False,CACHED
"Patina Maldives, Fari Islands",https://www.americanexpress.com/en-us/travel/discover/property/Maldives/North-Malé-Atoll/Patina-Maldives-Fari-Islands?intlink=US-travel-discover-property-results-propertyCard-Patina-Maldives-Fari-Islands,"North Malé Atoll, Maldives",FINE HOTELS + RESORTS,Capella Hotels and Resorts,Program,4.6277145,73.5704184,"North Malé Atoll, 20026, Maldives",google_places,PLACE_DETAILS,ChIJzWroqKbxPzsRNJEMBEslMtw,establishment;food;lodging;point_of_interest;restaurant;spa,False,CACHED
Capella Shanghai Jian Ye Li,https://www.americanexpress.com/en-us/travel/discover/property/China/Shanghai/Capella-Shanghai-Jian-Ye-Li?intlink=US-travel-discover-property-results-propertyCard-Capella-Shanghai-Jian-Ye-Li,"Shanghai, China",FINE HOTELS + RESORTS,Capella Hotels and Resorts,Program,31.203096,121.451454,"China, Shang Hai Shi, Xu Hui Qu, 建国西路480号 邮政编码: 200031",google_places,PLACE_DETAILS,ChIJUV7OWLF6sjURieArgbuUlMM,establishment;lodging;point_of_interest,False,CACHED
Capella Singapore,https://www.americanexpress.com/en-us/travel/discover/property/Singapore/Singapore/Capella-Singapore?intlink=US-travel-discover-property-results-propertyCard-Capella-Singapore,"Singapore, Singapore",FINE HOTELS + RESORTS,Capella Hotels and Resorts,Program,1.2497222,103.8241667,"1 The Knolls, Sentosa Island, Singapore 098297",google_places,PLACE_DETAILS,ChIJF75fVaoe2jERZYVUuHEz-lQ,establishment;food;lodging;point_of_interest;restaurant,False,CACHED
Capella Sydney,https://www.americanexpress.com/en-us/travel/discover/property/Australia/Sydney/Capella-Sydney?intlink=US-travel-discover-property-results-propertyCard-Capella-Sydney,"Sydney, Australia",FINE HOTELS + RESORTS,Capella Hotels and Resorts,Program,-33.8638571,151.2104059,"24 Loftus St, Sydney NSW 2000, Australia",google_places,PLACE_DETAILS,ChIJ9Zcet0ivEmsRgInM0K7in-Q,establishment;lodging;point_of_interest,False,CACHED
"Capella Ubud, Bali",https://www.americanexpress.com/en-us/travel/discover/property/Indonesia/Ubud/Capella-Ubud-Bali?intlink=US-travel-discover-property-results-propertyCard-Capella-Ubud-Bali,"Ubud, Indonesia",FINE HOTELS + RESORTS,Capella Hotels and Resorts,Program,-8.4482091,115.2681117,"Jl. RY Dalem, Keliki, Kec. Tegallalang, Kabupaten Gianyar, Bali 80561, Indonesia",google_places,PLACE_DETAILS,ChIJY0hnMyoj0i0RfAGZL_k-CSU,establishment;lodging;point_of_interest,False,CACHED
Casa Cipriani Milano,https://www.americanexpress.com/en-us/travel/discover/property/Italy/Milan/Casa-Cipriani-Milano?intlink=US-travel-discover-property-results-propertyCard-Casa-Cipriani-Milano,"Milan, Italy",FINE HOTELS + RESORTS,Casa Cipriani,Program,45.4719765,9.201961899999999,"Via Palestro, 24, 20121 Milano MI, Italy",google_places,PLACE_DETAILS,ChIJ25QoypHHhkcRFEXeMgT35xI,establishment;food;lodging;point_of_interest;restaurant;spa,False,CACHED
Casa Cipriani New York,https://www.americanexpress.com/en-us/travel/discover/property/New-York-US/New-York/Casa-Cipriani-New-York?intlink=US-travel-discover-property-results-propertyCard-Casa-Cipriani-New-York,"New York, New York US",FINE HOTELS + RESORTS,Casa Cipriani,Program,40.7010955,-74.0118779,"10 South St, New York, NY 10004, USA",google_places,PLACE_DETAILS,ChIJ0dVHoBRawokRgbrPq2vhIxc,establishment;food;health;lodging;point_of_interest;restaurant;spa,False,CACHED
Cheval Blanc St-Barth,https://www.americanexpress.com/en-us/travel/discover/property/Saint-Barthelemy/Baie-des-Flamands/Cheval-Blanc-St-barth?intlink=US-travel-discover-property-results-propertyCard-Cheval-Blanc-St-barth,"Baie des Flamands, Saint Barthelemy",FINE HOTELS + RESORTS,Cheval Blanc,Program,17.9190387,-62.85447689999999,"Baie des Flamands, Saint-Barthélemy 97133, St Barthélemy",google_places,PLACE_DETAILS,ChIJ36s4gvffDYwRFJ_L_I51kco,establishment;food;lodging;point_of_interest;restaurant;spa;store,False,CACHED
Cheval Blanc Courchevel,https://www.americanexpress.com/en-us/travel/discover/property/France/Courchevel/Cheval-Blanc-Courchevel?intlink=US-travel-discover-property-results-propertyCard-Cheval-Blanc-Courchevel,"Courchevel, France",FINE HOTELS + RESORTS,Cheval Blanc,Program,45.4094527,6.633614199999999,"Rue du Jardin Alpin, 73120 Courchevel, France",google_places,PLACE_DETAILS,ChIJ-3XPNZh5iUcRTiDgj7Xjpfk,bar;establishment;food;lodging;point_of_interest;restaurant,False,CACHED
Cheval Blanc Seychelles,https://www.americanexpress.com/en-us/travel/discover/property/Seychelles/Mahe/Cheval-Blanc-Seychelles?intlink=US-travel-discover-property-results-propertyCard-Cheval-Blanc-Seychelles,"Mahe, Seychelles",FINE HOTELS + RESORTS,Cheval Blanc,Program,-4.782182,55.4976628,"Anse Intendance, Mahe Island, Intendance Rd, Quatre Bornes, Seychelles",google_places,PLACE_DETAILS,ChIJP2FRiKsrHiMRyfB2_RfVvOI,establishment;lodging;point_of_interest;spa,False,CACHED
Cheval Blanc Randheli,https://www.americanexpress.com/en-us/travel/discover/property/Maldives/Malé/Cheval-Blanc-Randheli?intlink=US-travel-discover-property-results-propertyCard-Cheval-Blanc-Randheli,"Malé, Maldives",FINE HOTELS + RESORTS,Cheval Blanc,Program,48.8588971,2.3420459,"8 Quai du Louvre, 75001 Paris, France",google_places,PLACE_DETAILS,ChIJE6y1dkBv5kcRhZB0rsUidCQ,establishment;lodging;point_of_interest,False,CACHED
Cheval Blanc Paris,https://www.americanexpress.com/en-us/travel/discover/property/France/Paris/Cheval-Blanc-Paris?intlink=US-travel-discover-property-results-propertyCard-Cheval-Blanc-Paris,"Paris, France",FINE HOTELS + RESORTS,Cheval Blanc,Program,48.8588971,2.3420459,"8 Quai du Louvre, 75001 Paris, France",google_places,PLACE_DETAILS,ChIJE6y1dkBv5kcRhZB0rsUidCQ,establishment;lodging;point_of_interest,False,CACHED
Hotel Pitrizza,https://www.americanexpress.com/en-us/travel/discover/property/Italy/Porto-Cervo/Hotel-Pitrizza?intlink=US-travel-discover-property-results-propertyCard-Hotel-Pitrizza,"Porto Cervo, Italy",FINE HOTELS + RESORTS,Cheval Blanc,Program,41.14002079999999,9.5085593,"Via la Banchina di Pitrizza, 07021 Liscia di Vacca Provincia della Gallura Nord-Est Sardegna, Italy",google_places,PLACE_DETAILS,ChIJ75Gbba9A2RIRdyO3plqz29o,establishment;lodging;point_of_interest,False,CACHED
Cheval Blanc St-Tropez,https://www.americanexpress.com/en-us/travel/discover/property/France/Saint-Tropez/Cheval-Blanc-St-tropez?intlink=US-travel-discover-property-results-propertyCard-Cheval-Blanc-St-tropez,"Saint-Tropez, France",FINE HOTELS + RESORTS,Cheval Blanc,Program,43.2665943,6.626655299999999,"Plage de la Bouillabaisse, 83990 Saint-Tropez, France",google_places,PLACE_DETAILS,ChIJDTV3yw7HzhIRYjMG0CraIeI,bar;establishment;food;lodging;point_of_interest;restaurant;spa,False,CACHED
COMO Laucala Island,https://www.americanexpress.com/en-us/travel/discover/property/Fiji/Laucala-Island/Como-Laucala-Island?intlink=US-travel-discover-property-results-propertyCard-Como-Laucala-Island,"Laucala Island, Fiji",FINE HOTELS + RESORTS,COMO Hotels and Resorts,Program,-16.7435909,-179.6827171,"Laucala Island, Fiji",google_places,PLACE_DETAILS,ChIJj_BeK0Bt4HERyrDoeWbd-IU,establishment;lodging;point_of_interest,False,CACHED
COMO The Treasury,https://www.americanexpress.com/en-us/travel/discover/property/Australia/Perth/Como-The-Treasury?intlink=US-travel-discover-property-results-propertyCard-Como-The-Treasury,"Perth, Australia",FINE HOTELS + RESORTS,COMO Hotels and Resorts,Program,-31.95559119999999,115.8606873,"1 Cathedral Ave, Perth WA 6000, Australia",google_places,PLACE_DETAILS,ChIJEd3b0ym7MioRi6nshROcgmg,establishment;lodging;point_of_interest,False,CACHED
COMO Parrot Cay,https://www.americanexpress.com/en-us/travel/discover/property/Turks-and-Caicos-Islands/Providenciales/Como-Parrot-Cay?intlink=US-travel-discover-property-results-propertyCard-Como-Parrot-Cay,"Providenciales, Turks and Caicos Islands",FINE HOTELS + RESORTS,COMO Hotels and Resorts,Program,21.9361926,-72.053601,"Parrot Cay, TKCA 1ZZ, Turks and Caicos Islands",google_places,PLACE_DETAILS,ChIJLyiz1Q1cS4kRlmOJCrOb5Jc,establishment;lodging;point_of_interest;spa,False,CACHED
COMO Castello Del Nero,https://www.americanexpress.com/en-us/travel/discover/property/Italy/Tavarnelle-Val-di-Pesa/Como-Castello-Del-Nero?intlink=US-travel-discover-property-results-propertyCard-Como-Castello-Del-Nero,"Tavarnelle Val di Pesa, Italy",FINE HOTELS + RESORTS,COMO Hotels and Resorts,Program,43.552023,11.1878441,"Str. Spicciano, 7, 50028 Barberino Tavarnelle FI, Italy",google_places,PLACE_DETAILS,ChIJf95QeSFIKhMR943NoXACdts,establishment;food;lodging;point_of_interest;restaurant;spa,False,CACHED
COMO Shambhala Estate,https://www.americanexpress.com/en-us/travel/discover/property/Indonesia/Ubud/Como-Shambhala-Estate?intlink=US-travel-discover-property-results-propertyCard-Como-Shambhala-Estate,"Ubud, Indonesia",FINE HOTELS + RESORTS,COMO Hotels and Resorts,Program,-8.450783200000002,115.2354507,"Banjar Begawan, Desa, Melinggih Kelod, Kec. Payangan, Kabupaten Gianyar, Bali 80571, Indonesia",google_places,PLACE_DETAILS,ChIJl8UJr6oj0i0RrXcn9jp6adk,establishment;lodging;point_of_interest;spa,False,CACHED
Conrad Abu Dhabi Etihad Towers,https://www.americanexpress.com/en-us/travel/discover/property/United-Arab-Emirates/Abu-Dhabi/Conrad-Abu-Dhabi-Etihad-Towers?intlink=US-travel-discover-property-results-propertyCard-Conrad-Abu-Dhabi-Etihad-Towers,"Abu Dhabi, United Arab Emirates",FINE HOTELS + RESORTS,Conrad Hotels & Resorts,Program,24.4584497,54.32230509999999,Corniche St - Al Bateen - W32 - Abu Dhabi - United Arab Emirates,google_places,PLACE_DETAILS,ChIJIX9-hZNlXj4RvO2QAgB5g18,establishment;lodging;point_of_interest;spa,False,CACHED
Conrad Algarve,https://www.americanexpress.com/en-us/travel/discover/property/Portugal/Almancil/Conrad-Algarve?intlink=US-travel-discover-property-results-propertyCard-Conrad-Algarve,"Almancil, Portugal",FINE HOTELS + RESORTS,Conrad Hotels & Resorts,Program,37.0632425,-8.0289784,"Estr. da Quinta do Lago, 8135-106 Almancil, Portugal",google_places,PLACE_DETAILS,ChIJ7_5NAXOzGg0RL61Ki4qSAo4,establishment;lodging;point_of_interest;spa,False,CACHED
Conrad Bora Bora Nui,https://www.americanexpress.com/en-us/travel/discover/property/French-Polynesia/Bora-Bora/Conrad-Bora-Bora-Nui?intlink=US-travel-discover-property-results-propertyCard-Conrad-Bora-Bora-Nui,"Bora Bora, French Polynesia",FINE HOTELS + RESORTS,Conrad Hotels & Resorts,Program,-16.5297376,-151.7678688,"BP 502, Bora-Bora 98730, French Polynesia",google_places,PLACE_DETAILS,ChIJk-lncOC8vXYRc_-EYKBkcSY,establishment;lodging;point_of_interest,False,CACHED
Conrad Chongqing,https://www.americanexpress.com/en-us/travel/discover/property/China/Chongqing/Conrad-Chongqing?intlink=US-travel-discover-property-results-propertyCard-Conrad-Chongqing,"Chongqing, China",FINE HOTELS + RESORTS,Conrad Hotels & Resorts,Program,29.5288408,106.5629511,"36 Nan Ping Xi Lu, Sigongli, Nan An Qu, Chong Qing Shi, China, 400060",google_places,PLACE_DETAILS,ChIJ2V66_d00kzYRuDy1yJtEVrA,establishment;lodging;point_of_interest,False,CACHED
Conrad Chia Laguna Sardinia,https://www.americanexpress.com/en-us/travel/discover/property/Italy/Domus-de-Maria/Conrad-Chia-Laguna-Sardinia?intlink=US-travel-discover-property-results-propertyCard-Conrad-Chia-Laguna-Sardinia,"Domus de Maria, Italy",FINE HOTELS + RESORTS,Conrad Hotels & Resorts,Program,38.8970768,8.8693673,"Viale dei Fenicotteri, 52, 09010 Domus de Maria CA, Italy",google_places,PLACE_DETAILS,ChIJTwe_N5bd5hIRtMqbaRJ1MJw,establishment;lodging;point_of_interest;spa,False,CACHED
Conrad Dublin,https://www.americanexpress.com/en-us/travel/discover/property/Ireland/Dublin/Conrad-Dublin?intlink=US-travel-discover-property-results-propertyCard-Conrad-Dublin,"Dublin, Ireland",FINE HOTELS + RESORTS,Conrad Hotels & Resorts,Program,53.3349625,-6.2576781,"Earlsfort Terrace, Saint Kevin's, Dublin, D02 V562, Ireland",google_places,PLACE_DETAILS,ChIJif3hppgOZ0gRltoiTSLhXlA,establishment;lodging;point_of_interest,False,CACHED
Conrad Fort Lauderdale Beach,https://www.americanexpress.com/en-us/travel/discover/property/Florida-US/Fort-Lauderdale/Conrad-Fort-Lauderdale-Beach?intlink=US-travel-discover-property-results-propertyCard-Conrad-Fort-Lauderdale-Beach,"Fort Lauderdale, Florida US",FINE HOTELS + RESORTS,Conrad Hotels & Resorts,Program,26.1308735,-80.10422319999999,"551 N Fort Lauderdale Beach Blvd, Fort Lauderdale, FL 33304, USA",google_places,PLACE_DETAILS,ChIJYzGj5NMB2YgRMg7lRxEE1is,establishment;lodging;point_of_interest,False,CACHED
Conrad Hamburg,https://www.americanexpress.com/en-us/travel/discover/property/Germany/Hamburg/Conrad-Hamburg?intlink=US-travel-discover-property-results-propertyCard-Conrad-Hamburg,"Hamburg, Germany",FINE HOTELS + RESORTS,Conrad Hotels & Resorts,Program,53.5507983,10.0031744,"Bugenhagenstraße 8, 20095 Hamburg, Germany",google_places,PLACE_DETAILS,ChIJ00p20RCPsUcRWpLqEnVcP-k,establishment;lodging;point_of_interest;spa,False,CACHED
Conrad Hong Kong,https://www.americanexpress.com/en-us/travel/discover/property/China/Hong-Kong/Conrad-Hong-Kong?intlink=US-travel-discover-property-results-propertyCard-Conrad-Hong-Kong,"Hong Kong, China",FINE HOTELS + RESORTS,Conrad Hotels & Resorts,Program,22.2766755,114.1654058,"88 Queensway, Admiralty, Hong Kong",google_places,PLACE_DETAILS,ChIJDVW9tmcABDQRQt1WbTAv6UA,establishment;lodging;point_of_interest;spa,False,CACHED
Conrad Koh Samui,https://www.americanexpress.com/en-us/travel/discover/property/Thailand/Koh-Samui/Conrad-Koh-Samui?intlink=US-travel-discover-property-results-propertyCard-Conrad-Koh-Samui,"Koh Samui, Thailand",FINE HOTELS + RESORTS,Conrad Hotels & Resorts,Program,9.420346499999999,99.9292121,"49/8-9 หมู่ที่ 4 Hillcrest Road Tambon Taling Ngam, Amphoe Ko Samui, Chang Wat Surat Thani 84140, Thailand",google_places,PLACE_DETAILS,ChIJ-2eHfPX1VDARiF6gnWsYiIY,establishment;lodging;point_of_interest;spa,False,CACHED
Conrad Los Angeles,https://www.americanexpress.com/en-us/travel/discover/property/California-US/Los-Angeles/Conrad-Los-Angeles?intlink=US-travel-discover-property-results-propertyCard-Conrad-Los-Angeles,"Los Angeles, California US",FINE HOTELS + RESORTS,Conrad Hotels & Resorts,Program,34.0551769,-118.2485837,"100 S Grand Ave, Los Angeles, CA 90012, USA",google_places,PLACE_DETAILS,ChIJuwYFlk3GwoARTs1-5w3IoJI,establishment;lodging;point_of_interest,False,CACHED
Conrad Bahrain Financial Harbour,https://www.americanexpress.com/en-us/travel/discover/property/Bahrain/Manama/Conrad-Bahrain-Financial-Harbour?intlink=US-travel-discover-property-results-propertyCard-Conrad-Bahrain-Financial-Harbour,"Manama, Bahrain",FINE HOTELS + RESORTS,Conrad Hotels & Resorts,Program,26.2384672,50.5758327,"Building 1378 Rd 4625, Manama 346, Bahrain",google_places,PLACE_DETAILS,ChIJN4V_34ylST4RBPa5MVWmxHE,establishment;lodging;point_of_interest,False,CACHED
Conrad Nashville,https://www.americanexpress.com/en-us/travel/discover/property/Tennessee-US/Nashville/Conrad-Nashville?intlink=US-travel-discover-property-results-propertyCard-Conrad-Nashville,"Nashville, Tennessee US",FINE HOTELS + RESORTS,Conrad Hotels & Resorts,Program,36.1540366,-86.79418319999999,"1620 West End Ave, Nashville, TN 37203, USA",google_places,PLACE_DETAILS,ChIJT1ub28xnZIgRSMEOz_vpTgA,establishment;lodging;point_of_interest,False,CACHED
Conrad New York Downtown,https://www.americanexpress.com/en-us/travel/discover/property/New-York-US/New-York/Conrad-New-York-Downtown?intlink=US-travel-discover-property-results-propertyCard-Conrad-New-York-Downtown,"New York, New York US",FINE HOTELS + RESORTS,Conrad Hotels & Resorts,Program,40.7150355,-74.0158397,"102 N End Ave, New York, NY 10282, USA",google_places,PLACE_DETAILS,ChIJ-8HrdxtawokREfw5AkGs_Os,establishment;lodging;point_of_interest,False,CACHED
Conrad Orlando,https://www.americanexpress.com/en-us/travel/discover/property/Florida-US/Orlando/Conrad-Orlando?intlink=US-travel-discover-property-results-propertyCard-Conrad-Orlando,"Orlando, Florida US",FINE HOTELS + RESORTS,Conrad Hotels & Resorts,Program,28.40968,-81.52734,"1500 Eastbeach Wy, Orlando, FL 32836, USA",google_places,PLACE_DETAILS,ChIJOS4VAwiA54gRKZzBNma4zm8,establishment;lodging;point_of_interest,False,CACHED
Conrad Osaka,https://www.americanexpress.com/en-us/travel/discover/property/Japan/Osaka/Conrad-Osaka?intlink=US-travel-discover-property-results-propertyCard-Conrad-Osaka,"Osaka, Japan",FINE HOTELS + RESORTS,Conrad Hotels & Resorts,Program,34.6933317,135.4956353,"3-chōme-2-4 Nakanoshima, Kita Ward, Osaka, 530-0005, Japan",google_places,PLACE_DETAILS,ChIJ0YkmyvHmAGARhIuTXo0rkZI,establishment;lodging;point_of_interest;spa,False,CACHED
Conrad Punta de Mita,https://www.americanexpress.com/en-us/travel/discover/property/Nayarit-MX/Punta-de-Mita/Conrad-Punta-De-Mita?intlink=US-travel-discover-property-results-propertyCard-Conrad-Punta-De-Mita,"Punta de Mita, Nayarit MX",FINE HOTELS + RESORTS,Conrad Hotels & Resorts,Program,20.7925178,-105.4876085,"Carr. Punta de Mita Manzana Sayulita Km 2, Litibu, 63734 Desarrollo Punta Mita, Nay., Mexico",google_places,PLACE_DETAILS,ChIJQcUEJZcUIYQRoNCkHCqB_bg,establishment;lodging;point_of_interest,False,CACHED
Conrad Rabat Arzana,https://www.americanexpress.com/en-us/travel/discover/property/Morocco/Rabat/Conrad-Rabat-Arzana?intlink=US-travel-discover-property-results-propertyCard-Conrad-Rabat-Arzana,"Rabat, Morocco",FINE HOTELS + RESORTS,Conrad Hotels & Resorts,Program,33.9011609,-7.0005649,"Plage Val d'Or, Rabat 12040, Morocco",google_places,PLACE_DETAILS,ChIJ4TfcmxUNpw0ROHOtdFJPtUU,establishment;lodging;point_of_interest;spa,False,CACHED
Conrad Seoul,https://www.americanexpress.com/en-us/travel/discover/property/South-Korea/Seoul/Conrad-Seoul?intlink=US-travel-discover-property-results-propertyCard-Conrad-Seoul,"Seoul, South Korea",FINE HOTELS + RESORTS,Conrad Hotels & Resorts,Program,37.5253343,126.9265549,"10 Gukjegeumyung-ro, Yeongdeungpo District, Seoul, South Korea",google_places,PLACE_DETAILS,ChIJbfiu7TuffDUR0gqGAsSRDoc,establishment;lodging;point_of_interest;spa,False,CACHED
Conrad Shanghai,https://www.americanexpress.com/en-us/travel/discover/property/China/Shanghai/Conrad-Shanghai?intlink=US-travel-discover-property-results-propertyCard-Conrad-Shanghai,"Shanghai, China",FINE HOTELS + RESORTS,Conrad Hotels & Resorts,Program,31.234401,121.476111,"789 Nan Jing Dong Lu, Huang Pu Qu, Shang Hai Shi, China, 200040",google_places,PLACE_DETAILS,ChIJs8YlgVBwsjURM717bzIBTwk,establishment;lodging;point_of_interest,False,CACHED
Conrad Shenzhen,https://www.americanexpress.com/en-us/travel/discover/property/China/Shenzhen/Conrad-Shenzhen?intlink=US-travel-discover-property-results-propertyCard-Conrad-Shenzhen,"Shenzhen, China",FINE HOTELS + RESORTS,Conrad Hotels & Resorts,Program,22.5277652,113.8974087,"5001 Ting Hai Lu, Nan Shan Qu, Shen Zhen Shi, Guang Dong Sheng, China, 518066",google_places,PLACE_DETAILS,ChIJSaqMCvTuAzQRA1TDsSISc9Y,establishment;lodging;point_of_interest,False,CACHED
Conrad Singapore Marina Bay,https://www.americanexpress.com/en-us/travel/discover/property/Singapore/Singapore/Conrad-Singapore-Marina-Bay?intlink=US-travel-discover-property-results-propertyCard-Conrad-Singapore-Marina-Bay,"Singapore, Singapore",FINE HOTELS + RESORTS,Conrad Hotels & Resorts,Program,1.293589,103.8589017,"2 Temasek Blvd, Singapore 038982",google_places,PLACE_DETAILS,ChIJD2ws16gZ2jERc-UCGfcV-eo,establishment;lodging;point_of_interest;spa,False,CACHED
Conrad Maldives Rangali Island,https://www.americanexpress.com/en-us/travel/discover/property/Maldives/South-Ari-Atoll/Conrad-Maldives-Rangali-Island?intlink=US-travel-discover-property-results-propertyCard-Conrad-Maldives-Rangali-Island,"South Ari Atoll, Maldives",FINE HOTELS + RESORTS,Conrad Hotels & Resorts,Program,3.6167957,72.72283709999999,"Rangali Island Alifu Dhaalu Atoll, 20077, Maldives",google_places,PLACE_DETAILS,ChIJiTEs85zVQDsRWHRlV-8QiEU,establishment;lodging;point_of_interest;spa,False,CACHED
Conrad Tokyo,https://www.americanexpress.com/en-us/travel/discover/property/Japan/Tokyo/Conrad-Tokyo?intlink=US-travel-discover-property-results-propertyCard-Conrad-Tokyo,"Tokyo, Japan",FINE HOTELS + RESORTS,Conrad Hotels & Resorts,Program,35.6628932,139.7612899,"1-chōme-9-1 Higashishinbashi, Minato City, Tokyo 105-7337, Japan",google_places,PLACE_DETAILS,ChIJlUTqGMOLGGAR4mDGvlHTzgU,establishment;lodging;point_of_interest;spa,False,CACHED
Conrad Tulum Riviera Maya,https://www.americanexpress.com/en-us/travel/discover/property/Quintana-Roo-MX/Tulum/Conrad-Tulum-Riviera-Maya?intlink=US-travel-discover-property-results-propertyCard-Conrad-Tulum-Riviera-Maya,"Tulum, Quintana Roo MX",FINE HOTELS + RESORTS,Conrad Hotels & Resorts,Program,20.3566714,-87.3381737,"Carr. Cancún - Tulum 307, Tulkal, 77774 Cdad. Chemuyil, Q.R., Mexico",google_places,PLACE_DETAILS,ChIJWUmObaozTo8R6Sm3Lg0afEo,establishment;lodging;point_of_interest,False,CACHED
"Conrad Washington, DC",https://www.americanexpress.com/en-us/travel/discover/property/District-of-Columbia-US/Washington/Conrad-Washington-Dc?intlink=US-travel-discover-property-results-propertyCard-Conrad-Washington-Dc,"Washington, District of Columbia US",FINE HOTELS + RESORTS,Conrad Hotels & Resorts,Program,38.9014786,-77.0253522,"950 New York Ave NW, Washington, DC 20001, USA",google_places,PLACE_DETAILS,ChIJSxQ7tpO3t4kRGd4f48l13B8,establishment;lodging;point_of_interest,False,CACHED
Pier Sixty-Six,https://www.americanexpress.com/en-us/travel/discover/property/Florida-US/Fort-Lauderdale/Pier-Sixty-six?intlink=US-travel-discover-property-results-propertyCard-Pier-Sixty-six,"Fort Lauderdale, Florida US",FINE HOTELS + RESORTS,CoralTree Hospitality,Program,26.101513,-80.1144186,"2301 SE 17th St, Fort Lauderdale, FL 33316, USA",google_places,PLACE_DETAILS,ChIJI7P5ChYA2YgRJIs1Bpach80,establishment;lodging;point_of_interest,False,CACHED
Corinthia Grand Hotel Astoria,https://www.americanexpress.com/en-us/travel/discover/property/Belgium/Brussels/Corinthia-Grand-Hotel-Astoria?intlink=US-travel-discover-property-results-propertyCard-Corinthia-Grand-Hotel-Astoria,"Brussels, Belgium",FINE HOTELS + RESORTS,Corinthia Hotels,Program,50.8511628,4.3650924,"Rue Royale 103, 1000 Bruxelles, Belgium",google_places,PLACE_DETAILS,ChIJ04YmxwbDw0cR2leyPnBxbRU,bar;establishment;food;lodging;point_of_interest;restaurant;spa,False,CACHED
Corinthia London,https://www.americanexpress.com/en-us/travel/discover/property/England/London/Corinthia-London?intlink=US-travel-discover-property-results-propertyCard-Corinthia-London,"London, England",FINE HOTELS + RESORTS,Corinthia Hotels,Program,51.5064603,-0.1243126,"Corinthia Hotel, 10 Whitehall Pl, London SW1A 2BD, UK",google_places,PLACE_DETAILS,ChIJ0dU6L88EdkgRSRva6TI0lsY,establishment;lodging;point_of_interest,False,CACHED
"The Surrey, A Corinthia Hotel",https://www.americanexpress.com/en-us/travel/discover/property/New-York-US/New-York/The-Surrey-A-Corinthia-Hotel?intlink=US-travel-discover-property-results-propertyCard-The-Surrey-A-Corinthia-Hotel,"New York, New York US",FINE HOTELS + RESORTS,Corinthia Hotels,Program,40.7743421,-73.9640294,"20 E 76th St, New York, NY 10021, USA",google_places,PLACE_DETAILS,ChIJCcAxi5RYwokRUyhXQvDUJsY,establishment;lodging;point_of_interest,False,CACHED
Crown Towers Perth,https://www.americanexpress.com/en-us/travel/discover/property/Australia/Perth/Crown-Towers-Perth?intlink=US-travel-discover-property-results-propertyCard-Crown-Towers-Perth,"Perth, Australia",FINE HOTELS + RESORTS,Crown Resorts,Program,-31.9591834,115.8938337,"Great Eastern Hwy, Burswood WA 6100, Australia",google_places,PLACE_DETAILS,ChIJiRCkGAm7MioRXBvBJyubyHg,bar;establishment;lodging;point_of_interest,False,CACHED
Crown Towers Sydney,https://www.americanexpress.com/en-us/travel/discover/property/Australia/Sydney/Crown-Towers-Sydney?intlink=US-travel-discover-property-results-propertyCard-Crown-Towers-Sydney,"Sydney, Australia",FINE HOTELS + RESORTS,Crown Resorts,Program,-33.8625104,151.201103,"1 Barangaroo Ave, Barangaroo NSW 2000, Australia",google_places,PLACE_DETAILS,ChIJf8gkRgevEmsRZybST411keU,bar;establishment;lodging;point_of_interest,False,CACHED
"The ART Hotel Denver, Curio Collection by Hilton",https://www.americanexpress.com/en-us/travel/discover/property/Colorado-US/Denver/The-Art-Hotel-Denver-Curio-Collection-By-Hilton?intlink=US-travel-discover-property-results-propertyCard-The-Art-Hotel-Denver-Curio-Collection-By-Hilton,"Denver, Colorado US",FINE HOTELS + RESORTS,Curio Collection,Program,39.7354932,-104.9876419,"1201 Broadway, Denver, CO 80203, USA",google_places,PLACE_DETAILS,ChIJK_MDXCp_bIcRwQl8X9wwzLA,establishment;lodging;point_of_interest,False,CACHED
The Caledonian Edinburgh,https://www.americanexpress.com/en-us/travel/discover/property/Scotland/Edinburgh/The-Caledonian-Edinburgh?intlink=US-travel-discover-property-results-propertyCard-The-Caledonian-Edinburgh,"Edinburgh, Scotland",FINE HOTELS + RESORTS,Curio Collection,Program,55.9497969,-3.2073358,"Princes St., Edinburgh EH1 2AB, UK",google_places,PLACE_DETAILS,ChIJS61f0o_Hh0gRfhaZeRZ7gL4,establishment;lodging;point_of_interest;spa,False,CACHED
"Vogue Hotel Downtown Montreal, Curio Collection by Hilton",https://www.americanexpress.com/en-us/travel/discover/property/Québec-CA/Montréal/Vogue-Hotel-Downtown-Montreal-Curio-Collection-By-Hilton?intlink=US-travel-discover-property-results-propertyCard-Vogue-Hotel-Downtown-Montreal-Curio-Collection-By-Hilton,"Montréal, Québec CA",FINE HOTELS + RESORTS,Curio Collection,Program,45.4984499,-73.5756368,"1425 Rue de la Montagne, Montréal, QC H3G 1Z3, Canada",google_places,PLACE_DETAILS,ChIJwYlLtu8byUwRBVHjHKm6AgE,establishment;lodging;point_of_interest,False,CACHED
Mason,https://www.americanexpress.com/en-us/travel/discover/property/Thailand/Chon-Buri/Mason?intlink=US-travel-discover-property-results-propertyCard-Mason,"Chon Buri, Thailand",FINE HOTELS + RESORTS,Design Hotels,Program,33.1232566,-89.0534744,"915 S Columbus Ave, Louisville, MS 39339, USA",google_places,PLACE_DETAILS,ChIJQRhldrhfgYgRluUrzlpJz6Q,establishment;lodging;point_of_interest,False,CACHED
Hospes Palacio del Bailio,https://www.americanexpress.com/en-us/travel/discover/property/Spain/Cordoba/Hospes-Palacio-Del-Bailio?intlink=US-travel-discover-property-results-propertyCard-Hospes-Palacio-Del-Bailio,"Cordoba, Spain",FINE HOTELS + RESORTS,Design Hotels,Program,37.887409,-4.777305999999999,"C. de Ramírez de las Casas Deza, 10, 12, Centro, 14001 Córdoba, Spain",google_places,PLACE_DETAILS,ChIJUXGwfXvfbA0RwK-C0h_Q3pQ,establishment;food;lodging;point_of_interest;restaurant;spa,False,CACHED
Vigilius Mountain Resort,https://www.americanexpress.com/en-us/travel/discover/property/Italy/Lana/Vigilius-Mountain-Resort?intlink=US-travel-discover-property-results-propertyCard-Vigilius-Mountain-Resort,"Lana, Italy",FINE HOTELS + RESORTS,Design Hotels,Program,46.6203618,11.1396866,"Via Villa, 3, 39011 Lana BZ, Italy",google_places,PLACE_DETAILS,ChIJpWd3Q1y-gkcRNvWb6Rcktak,establishment;food;lodging;point_of_interest;restaurant,False,CACHED
Ham Yard Hotel,https://www.americanexpress.com/en-us/travel/discover/property/England/London/Ham-Yard-Hotel?intlink=US-travel-discover-property-results-propertyCard-Ham-Yard-Hotel,"London, England",FINE HOTELS + RESORTS,Design Hotels,Program,51.5112601,-0.134821,"1 Ham Yard, London W1D 7DT, UK",google_places,PLACE_DETAILS,ChIJ6WYai9MEdkgRgVVlop5w_zs,bar;establishment;lodging;point_of_interest,False,CACHED
Manna,https://www.americanexpress.com/en-us/travel/discover/property/Greece/Magouliana/Manna?intlink=US-travel-discover-property-results-propertyCard-Manna,"Magouliana, Greece",FINE HOTELS + RESORTS,Design Hotels,Program,37.6835673,22.1108632,"Korfoxylia, Μαγούλιανα 220 10, Greece",google_places,PLACE_DETAILS,ChIJQdFsb7VxYBMRYKlPij7nKoo,establishment;lodging;point_of_interest,False,CACHED
Myconian O a Member of Design Hotels,https://www.americanexpress.com/en-us/travel/discover/property/Greece/Mykonos/Myconian-O-a-Member-Of-Design-Hotels?intlink=US-travel-discover-property-results-propertyCard-Myconian-O-a-Member-Of-Design-Hotels,"Mykonos, Greece",FINE HOTELS + RESORTS,Design Hotels,Program,37.4227341,25.3217246,"Ornos Beach, Mikonos 846 00, Greece",google_places,PLACE_DETAILS,ChIJaY3SUsO_ohQRXzBulxBY4co,establishment;lodging;point_of_interest,False,CACHED
The Whitby Hotel,https://www.americanexpress.com/en-us/travel/discover/property/New-York-US/New-York/The-Whitby-Hotel?intlink=US-travel-discover-property-results-propertyCard-The-Whitby-Hotel,"New York, New York US",FINE HOTELS + RESORTS,Design Hotels,Program,40.7627161,-73.97574139999999,"18 W 56th St, New York, NY 10019, USA",google_places,PLACE_DETAILS,ChIJzeSWP_pYwokR1RJY_nPngHY,establishment;lodging;point_of_interest,False,CACHED
Warren Street Hotel,https://www.americanexpress.com/en-us/travel/discover/property/New-York-US/New-York/Warren-Street-Hotel?intlink=US-travel-discover-property-results-propertyCard-Warren-Street-Hotel,"New York, New York US",FINE HOTELS + RESORTS,Design Hotels,Program,40.7155632,-74.010503,"86 Warren St, New York, NY 10007, USA",google_places,PLACE_DETAILS,ChIJM_E9jHdbwokRol-zqevjY1o,establishment;lodging;point_of_interest,False,CACHED
Nobis Hotel Palma,https://www.americanexpress.com/en-us/travel/discover/property/Spain/Palma/Nobis-Hotel-Palma?intlink=US-travel-discover-property-results-propertyCard-Nobis-Hotel-Palma,"Palma, Spain",FINE HOTELS + RESORTS,Design Hotels,Program,39.5725264,2.6487592,"Carrer de les Caputxines, 9, Centre, 07003 Palma, Illes Balears, Spain",google_places,PLACE_DETAILS,ChIJfY90BBKTlxIRPRtC3k74MZs,bar;establishment;food;lodging;point_of_interest;restaurant,False,CACHED
Gloria Manor,https://www.americanexpress.com/en-us/travel/discover/property/Taiwan/Pingtung-County/Gloria-Manor?intlink=US-travel-discover-property-results-propertyCard-Gloria-Manor,"Pingtung County, Taiwan",FINE HOTELS + RESORTS,Design Hotels,Program,21.9562193,120.8084934,"No. 101號, Gongyuan Rd, Hengchun Township, Pingtung County, Taiwan 946",google_places,PLACE_DETAILS,ChIJ45xJidSzcTQR5ipVFo4jRYM,establishment;lodging;point_of_interest,False,CACHED
Elizabeth Unique Hotel,https://www.americanexpress.com/en-us/travel/discover/property/Italy/Rome/Elizabeth-Unique-Hotel?intlink=US-travel-discover-property-results-propertyCard-Elizabeth-Unique-Hotel,"Rome, Italy",FINE HOTELS + RESORTS,Design Hotels,Program,41.9072794,12.4772303,"Via delle Colonnette, 35, 00186 Roma RM, Italy",google_places,PLACE_DETAILS,ChIJEyz2blZgLxMRLtj5Vu3Ly2A,establishment;lodging;point_of_interest,False,CACHED
NOUS Santorini,https://www.americanexpress.com/en-us/travel/discover/property/Greece/Santorini/Nous-Santorini?intlink=US-travel-discover-property-results-propertyCard-Nous-Santorini,"Santorini, Greece",FINE HOTELS + RESORTS,Design Hotels,Program,36.4017599,25.4510191,"Epar.Od. Firon-Ormou Perissis, Mesaria 847 00, Greece",google_places,PLACE_DETAILS,ChIJsc-l7bDNmRQR2hJyZmUwQiI,establishment;lodging;point_of_interest,False,CACHED
Hotel Proverbs Taipei,https://www.americanexpress.com/en-us/travel/discover/property/Taiwan/Taipei/Hotel-Proverbs-Taipei?intlink=US-travel-discover-property-results-propertyCard-Hotel-Proverbs-Taipei,"Taipei, Taiwan",FINE HOTELS + RESORTS,Design Hotels,Program,25.0430532,121.5460194,"No. 56號, Section 1, Da'an Rd, Da’an District, Taipei City, Taiwan 10691",google_places,PLACE_DETAILS,ChIJsaBr8dqrQjQRI1Mz7RcM6fY,establishment;lodging;point_of_interest,False,CACHED
7Pines Resort Sardinia,https://www.americanexpress.com/en-us/travel/discover/property/Italy/Baja-Sardinia/7pines-Resort-Sardinia?intlink=US-travel-discover-property-results-propertyCard-7pines-Resort-Sardinia,"Baja Sardinia, Italy",FINE HOTELS + RESORTS,Destination Hotels,Program,41.1281896,9.471724799999999,"Loc. Li, Via Mucchi Bianchi, 07021 Baja Sardinia Provincia della Gallura Nord-Est Sardegna, Italy",google_places,PLACE_DETAILS,ChIJT8JKzt5H2RIRjpLvOQVfgOQ,establishment;lodging;point_of_interest,False,CACHED
SCHLOSS Roxburghe,https://www.americanexpress.com/en-us/travel/discover/property/Scotland/Kelso/Schloss-Roxburghe?intlink=US-travel-discover-property-results-propertyCard-Schloss-Roxburghe,"Kelso, Scotland",FINE HOTELS + RESORTS,Destination Hotels,Program,55.558392,-2.469059,"Heiton, Kelso TD5 8JZ, UK",google_places,PLACE_DETAILS,ChIJwVHnL9hkh0gR-8nSk6R5yyE,establishment;lodging;point_of_interest,False,CACHED
The Seabird Ocean Resort and Spa,https://www.americanexpress.com/en-us/travel/discover/property/California-US/Oceanside/The-Seabird-Ocean-Resort-And-Spa?intlink=US-travel-discover-property-results-propertyCard-The-Seabird-Ocean-Resort-And-Spa,"Oceanside, California US",FINE HOTELS + RESORTS,Destination Hotels,Program,33.1936532,-117.3823686,"101 Mission Ave, Oceanside, CA 92054, USA",google_places,PLACE_DETAILS,ChIJCYFiKThu3IARMrkJy5RG5Vk,establishment;lodging;point_of_interest,False,CACHED
The Lodge at Spruce Peak,https://www.americanexpress.com/en-us/travel/discover/property/Vermont-US/Stowe/The-Lodge-At-Spruce-Peak?intlink=US-travel-discover-property-results-propertyCard-The-Lodge-At-Spruce-Peak,"Stowe, Vermont US",FINE HOTELS + RESORTS,Destination Hotels,Program,44.5300217,-72.78151059999999,"7412 Mountain Rd, Stowe, VT 05672, USA",google_places,PLACE_DETAILS,ChIJJZFSrhWStUwRAJrKp4I7kZs,establishment;lodging;point_of_interest,False,CACHED
Coworth Park,https://www.americanexpress.com/en-us/travel/discover/property/England/Ascot/Coworth-Park?intlink=US-travel-discover-property-results-propertyCard-Coworth-Park,"Ascot, England",FINE HOTELS + RESORTS,Dorchester Collection,Program,51.4044466,-0.6166229999999999,"Blacknest Rd, Sunningdale, Ascot SL5 7SE, UK",google_places,PLACE_DETAILS,ChIJc1UjjQt5dkgRH2J6xaM5m0o,establishment;lodging;point_of_interest,False,CACHED
The Beverly Hills Hotel & Bungalows,https://www.americanexpress.com/en-us/travel/discover/property/California-US/Beverly-Hills/The-Beverly-Hills-Hotel--Bungalows?intlink=US-travel-discover-property-results-propertyCard-The-Beverly-Hills-Hotel--Bungalows,"Beverly Hills, California US",FINE HOTELS + RESORTS,Dorchester Collection,Program,34.0812316,-118.4139956,"9641 Sunset Blvd, Beverly Hills, CA 90210, USA",google_places,PLACE_DETAILS,ChIJXVs5lQa8woARSWRNqYGVUNo,establishment;lodging;point_of_interest,False,CACHED
The Lana - Dorchester Collection,https://www.americanexpress.com/en-us/travel/discover/property/United-Arab-Emirates/Dubai/The-Lana---Dorchester-Collection?intlink=US-travel-discover-property-results-propertyCard-The-Lana---Dorchester-Collection,"Dubai, United Arab Emirates",FINE HOTELS + RESORTS,Dorchester Collection,Program,25.188417,55.28897629999999,Marasi Dr - Business Bay - Dubai - United Arab Emirates,google_places,PLACE_DETAILS,ChIJiyZtnNlpXz4Rmopi1CKIQR8,establishment;lodging;point_of_interest,False,CACHED
45 Park Lane,https://www.americanexpress.com/en-us/travel/discover/property/England/London/45-Park-Lane?intlink=US-travel-discover-property-results-propertyCard-45-Park-Lane,"London, England",FINE HOTELS + RESORTS,Dorchester Collection,Program,51.50639,-0.15162,"45 Park Ln, London W1K 1PN, UK",google_places,PLACE_DETAILS,ChIJbfQO0y8FdkgRGS0AlYkrIsc,establishment;lodging;point_of_interest,False,CACHED
The Dorchester,https://www.americanexpress.com/en-us/travel/discover/property/England/London/The-Dorchester?intlink=US-travel-discover-property-results-propertyCard-The-Dorchester,"London, England",FINE HOTELS + RESORTS,Dorchester Collection,Program,51.5070623,-0.1523879,"53 Park Ln, London W1K 1QA, UK",google_places,PLACE_DETAILS,ChIJiTyvxdcEdkgR53XBqdKYBFE,establishment;lodging;point_of_interest,False,CACHED
Hotel Bel-Air,https://www.americanexpress.com/en-us/travel/discover/property/California-US/Los-Angeles/Hotel-Bel-air?intlink=US-travel-discover-property-results-propertyCard-Hotel-Bel-air,"Los Angeles, California US",FINE HOTELS + RESORTS,Dorchester Collection,Program,34.086597,-118.446351,"701 Stone Canyon Rd, Los Angeles, CA 90077, USA",google_places,PLACE_DETAILS,ChIJ4XfXK_G8woARbUYxTMpyDo8,establishment;lodging;point_of_interest,False,CACHED
Hotel Principe di Savoia,https://www.americanexpress.com/en-us/travel/discover/property/Italy/Milan/Hotel-Principe-Di-Savoia?intlink=US-travel-discover-property-results-propertyCard-Hotel-Principe-Di-Savoia,"Milan, Italy",FINE HOTELS + RESORTS,Dorchester Collection,Program,45.4798053,9.1966635,"Piazza della Repubblica, 17, 20124 Milano MI, Italy",google_places,PLACE_DETAILS,ChIJoUHVGMnGhkcROK4wslmmhAQ,establishment;lodging;point_of_interest,False,CACHED
Hotel Plaza Athenee Paris,https://www.americanexpress.com/en-us/travel/discover/property/France/Paris/Hotel-Plaza-Athenee-Paris?intlink=US-travel-discover-property-results-propertyCard-Hotel-Plaza-Athenee-Paris,"Paris, France",FINE HOTELS + RESORTS,Dorchester Collection,Program,48.8662354,2.3043737,"25 Av. Montaigne, 75008 Paris, France",google_places,PLACE_DETAILS,ChIJkd-uh8pv5kcRe9TvkndT36Y,establishment;lodging;point_of_interest,False,CACHED
Le Meurice,https://www.americanexpress.com/en-us/travel/discover/property/France/Paris/Le-Meurice?intlink=US-travel-discover-property-results-propertyCard-Le-Meurice,"Paris, France",FINE HOTELS + RESORTS,Dorchester Collection,Program,48.86518880000001,2.3280831,"228 Rue de Rivoli, 75001 Paris, France",google_places,PLACE_DETAILS,ChIJUVJY3Ddv5kcRlFyqerxxoeA,establishment;lodging;point_of_interest,False,CACHED
"Hotel Eden, Dorchester Collection",https://www.americanexpress.com/en-us/travel/discover/property/Italy/Rome/Hotel-Eden-Dorchester-Collection?intlink=US-travel-discover-property-results-propertyCard-Hotel-Eden-Dorchester-Collection,"Rome, Italy",FINE HOTELS + RESORTS,Dorchester Collection,Program,41.9066437,12.4863677,"Via Ludovisi, 49, 00187 Roma RM, Italy",google_places,PLACE_DETAILS,ChIJpduOjKphLxMRm7MPRmuuuKo,establishment;lodging;point_of_interest,False,CACHED
The Barcelona EDITION,https://www.americanexpress.com/en-us/travel/discover/property/Spain/Barcelona/The-Barcelona-Edition?intlink=US-travel-discover-property-results-propertyCard-The-Barcelona-Edition,"Barcelona, Spain",FINE HOTELS + RESORTS,EDITION Hotels,Program,41.38594399999999,2.1778103,"Av. de Francesc Cambó, 14, Ciutat Vella, 08003 Barcelona, Spain",google_places,PLACE_DETAILS,ChIJr5TZ19yjpBIR2C87Xj2ByQE,establishment;lodging;point_of_interest,False,CACHED
The Bodrum EDITION,https://www.americanexpress.com/en-us/travel/discover/property/Turkey/Bodrum/The-Bodrum-Edition?intlink=US-travel-discover-property-results-propertyCard-The-Bodrum-Edition,"Bodrum, Turkey",FINE HOTELS + RESORTS,EDITION Hotels,Program,37.1153461,27.3116385,"Dirmil, Balyek Cd. No 5A, 48400 Bodrum/Muğla, Türkiye",google_places,PLACE_DETAILS,ChIJzZ-AXwhxvhQRIcUswS4ooeI,establishment;lodging;point_of_interest,False,CACHED
The London EDITION,https://www.americanexpress.com/en-us/travel/discover/property/England/London/The-London-Edition?intlink=US-travel-discover-property-results-propertyCard-The-London-Edition,"London, England",FINE HOTELS + RESORTS,EDITION Hotels,Program,51.5167678,-0.1362555,"10 Berners St, London W1T 3NP, UK",google_places,PLACE_DETAILS,ChIJpeLYbSsbdkgRONduZ20Z3sQ,establishment;lodging;point_of_interest,False,CACHED
The Madrid EDITION,https://www.americanexpress.com/en-us/travel/discover/property/Spain/Madrid/The-Madrid-Edition?intlink=US-travel-discover-property-results-propertyCard-The-Madrid-Edition,"Madrid, Spain",FINE HOTELS + RESORTS,EDITION Hotels,Program,40.4175359,-3.7060301,"Pl. de Celenque, 2, Centro, 28013 Madrid, Spain",google_places,PLACE_DETAILS,ChIJCxdsfjUpQg0RrsGeIGEirWw,establishment;lodging;point_of_interest,False,CACHED
The Miami Beach EDITION,https://www.americanexpress.com/en-us/travel/discover/property/Florida-US/Miami-Beach/The-Miami-Beach-Edition?intlink=US-travel-discover-property-results-propertyCard-The-Miami-Beach-Edition,"Miami Beach, Florida US",FINE HOTELS + RESORTS,EDITION Hotels,Program,25.8051505,-80.12431579999999,"2901 Collins Ave, Miami Beach, FL 33140, USA",google_places,PLACE_DETAILS,ChIJqwcvS2Gz2YgRZvUavJEt-Vw,establishment;lodging;point_of_interest,False,CACHED
The New York EDITION,https://www.americanexpress.com/en-us/travel/discover/property/New-York-US/New-York/The-New-York-Edition?intlink=US-travel-discover-property-results-propertyCard-The-New-York-Edition,"New York, New York US",FINE HOTELS + RESORTS,EDITION Hotels,Program,40.741286,-73.98735769999999,"5 Madison Ave, New York, NY 10010, USA",google_places,PLACE_DETAILS,ChIJY8Z4tKZZwokRjgZpfMYMV44,establishment;lodging;point_of_interest,False,CACHED
The Riviera Maya EDITION at Kanai,https://www.americanexpress.com/en-us/travel/discover/property/Quintana-Roo-MX/Playa-del-Carmen/The-Riviera-Maya-Edition-At-Kanai?intlink=US-travel-discover-property-results-propertyCard-The-Riviera-Maya-Edition-At-Kanai,"Playa del Carmen, Quintana Roo MX",FINE HOTELS + RESORTS,EDITION Hotels,Program,20.7188643,-86.9887265,"Paseo Kanai 14, Solidaridad, 77730 Playa del Carmen, Q.R., Mexico",google_places,PLACE_DETAILS,ChIJ4bWXim5DTo8RBhLwUz--tFE,establishment;lodging;point_of_interest,False,CACHED
The EDITION Reykjavik,https://www.americanexpress.com/en-us/travel/discover/property/Iceland/Reykjavik/The-Edition-Reykjavik?intlink=US-travel-discover-property-results-propertyCard-The-Edition-Reykjavik,"Reykjavik, Iceland",FINE HOTELS + RESORTS,EDITION Hotels,Program,64.1499243,-21.9353029,"Austurbakki 2, 101 Reykjavík, Iceland",google_places,PLACE_DETAILS,ChIJL8uw1Px11kgRc7rx1AIfB6o,establishment;lodging;point_of_interest,False,CACHED
The Rome EDITION,https://www.americanexpress.com/en-us/travel/discover/property/Italy/Rome/The-Rome-Edition?intlink=US-travel-discover-property-results-propertyCard-The-Rome-Edition,"Rome, Italy",FINE HOTELS + RESORTS,EDITION Hotels,Program,41.9053697,12.4907813,"Salita di S. Nicola da Tolentino, 14, 00187 Roma RM, Italy",google_places,PLACE_DETAILS,ChIJXbB7PVZhLxMR1FPrKGR4wVc,establishment;lodging;point_of_interest,False,CACHED
The Shanghai EDITION,https://www.americanexpress.com/en-us/travel/discover/property/China/Shanghai/The-Shanghai-Edition?intlink=US-travel-discover-property-results-propertyCard-The-Shanghai-Edition,"Shanghai, China",FINE HOTELS + RESORTS,EDITION Hotels,Program,31.237886,121.485916,"199 Nanjing Road East, Huangpu, Shanghai, 上海市 China, 200002",google_places,PLACE_DETAILS,ChIJCaa69FlwsjURGEAlMiWAkfI,establishment;lodging;point_of_interest,False,CACHED
The Singapore EDITION,https://www.americanexpress.com/en-us/travel/discover/property/Singapore/Singapore/The-Singapore-Edition?intlink=US-travel-discover-property-results-propertyCard-The-Singapore-Edition,"Singapore, Singapore",FINE HOTELS + RESORTS,EDITION Hotels,Program,1.3055242,103.8273071,"38 Cuscaden Rd, Singapore 249731",google_places,PLACE_DETAILS,ChIJbam1KowZ2jERqTdPePssDzE,establishment;lodging;point_of_interest,False,CACHED
The Tampa EDITION,https://www.americanexpress.com/en-us/travel/discover/property/Florida-US/Tampa/The-Tampa-Edition?intlink=US-travel-discover-property-results-propertyCard-The-Tampa-Edition,"Tampa, Florida US",FINE HOTELS + RESORTS,EDITION Hotels,Program,27.9436888,-82.4508523,"500 Channelside Dr, Tampa, FL 33602, USA",google_places,PLACE_DETAILS,ChIJERKjMobFwogRU-c43PevXB0,establishment;lodging;point_of_interest,False,CACHED
"The Tokyo EDITION, Ginza",https://www.americanexpress.com/en-us/travel/discover/property/Japan/Tokyo/The-Tokyo-Edition-Ginza?intlink=US-travel-discover-property-results-propertyCard-The-Tokyo-Edition-Ginza,"Tokyo, Japan",FINE HOTELS + RESORTS,EDITION Hotels,Program,35.67264249999999,139.7674904,"2-chōme-8-13 Ginza, Chuo City, Tokyo 104-0061, Japan",google_places,PLACE_DETAILS,ChIJp6wwUlGLGGAR1KNXvWSMDhE,establishment;lodging;point_of_interest,False,CACHED
"The Tokyo EDITION, Toranomon",https://www.americanexpress.com/en-us/travel/discover/property/Japan/Tokyo/The-Tokyo-Edition-Toranomon?intlink=US-travel-discover-property-results-propertyCard-The-Tokyo-Edition-Toranomon,"Tokyo, Japan",FINE HOTELS + RESORTS,EDITION Hotels,Program,35.6646936,139.7455442,"4-chōme-1-1 Toranomon, Minato City, Tokyo 105-0001, Japan",google_places,PLACE_DETAILS,ChIJwxqh7qyLGGARp01W6wdogZI,establishment;lodging;point_of_interest,False,CACHED
The West Hollywood EDITION,https://www.americanexpress.com/en-us/travel/discover/property/California-US/West-Hollywood/The-West-Hollywood-Edition?intlink=US-travel-discover-property-results-propertyCard-The-West-Hollywood-Edition,"West Hollywood, California US",FINE HOTELS + RESORTS,EDITION Hotels,Program,34.0904618,-118.3893231,"9040 Sunset Blvd, West Hollywood, CA 90069, USA",google_places,PLACE_DETAILS,ChIJr7tLCKG-woARNVvQTdKErgU,establishment;lodging;point_of_interest,False,CACHED
Abbaye des Vaux-de-Cernay,https://www.americanexpress.com/en-us/travel/discover/property/France/Cernay-la-Ville/Abbaye-Des-Vaux-de-cernay?intlink=US-travel-discover-property-results-propertyCard-Abbaye-Des-Vaux-de-cernay,"Cernay-la-Ville, France",FINE HOTELS + RESORTS,Ennismore,Program,48.68384589999999,1.935847,"Domaine de l'Abbaye des Vaux de Cernay, 78720 Cernay-la-Ville, France",google_places,PLACE_DETAILS,ChIJ7Wua8ewp5EcR3dO9B6qqHKk,establishment;food;lodging;point_of_interest;restaurant;spa,False,CACHED
Faena Miami Beach,https://www.americanexpress.com/en-us/travel/discover/property/Florida-US/Miami-Beach/Faena-Miami-Beach?intlink=US-travel-discover-property-results-propertyCard-Faena-Miami-Beach,"Miami Beach, Florida US",FINE HOTELS + RESORTS,Ennismore,Program,25.8073663,-80.1234789,"3201 Collins Ave, Miami Beach, FL 33140, USA",google_places,PLACE_DETAILS,ChIJBVShAmez2YgRvNWv6nIzzzY,establishment;lodging;point_of_interest,False,CACHED
Maison Delano Paris,https://www.americanexpress.com/en-us/travel/discover/property/France/Paris/Maison-Delano-Paris?intlink=US-travel-discover-property-results-propertyCard-Maison-Delano-Paris,"Paris, France",FINE HOTELS + RESORTS,Ennismore,Program,48.869492,2.3206498,"4 Rue d'Anjou, 75008 Paris, France",google_places,PLACE_DETAILS,ChIJ4StHTitv5kcRqw-4MQhnPW8,establishment;lodging;point_of_interest,False,CACHED
Fairmont Banff Springs,https://www.americanexpress.com/en-us/travel/discover/property/Alberta-CA/Banff/Fairmont-Banff-Springs?intlink=US-travel-discover-property-results-propertyCard-Fairmont-Banff-Springs,"Banff, Alberta CA",FINE HOTELS + RESORTS,Fairmont,Program,51.16433199999999,-115.56183,"405 Spray Ave, Banff, AB T1L 1J4, Canada",google_places,PLACE_DETAILS,ChIJv7gvLjvKcFMRzvb0LKnpmQA,establishment;lodging;point_of_interest,False,CACHED
"Cape Grace, A Fairmont Managed Hotel",https://www.americanexpress.com/en-us/travel/discover/property/South-Africa/Cape-Town/Cape-Grace-A-Fairmont-Managed-Hotel?intlink=US-travel-discover-property-results-propertyCard-Cape-Grace-A-Fairmont-Managed-Hotel,"Cape Town, South Africa",FINE HOTELS + RESORTS,Fairmont,Program,-33.9091271,18.4207475,"V&A Waterfront, W Quay Rd, Victoria & Alfred Waterfront, Cape Town, 8001, South Africa",google_places,PLACE_DETAILS,ChIJAa1T0FBnzB0R5t4JUv2MDoM,establishment;lodging;point_of_interest,False,CACHED
Fairmont Rio de Janeiro Copacabana,https://www.americanexpress.com/en-us/travel/discover/property/Brazil/Copacabana/Fairmont-Rio-De-Janeiro-Copacabana?intlink=US-travel-discover-property-results-propertyCard-Fairmont-Rio-De-Janeiro-Copacabana,"Copacabana, Brazil",FINE HOTELS + RESORTS,Fairmont,Program,-22.9860445,-43.1895056,"Av. Atlântica, 4240 - Copacabana, Rio de Janeiro - RJ, 22070-002, Brazil",google_places,PLACE_DETAILS,ChIJsc0lMc_VmwARsTljdT2ISVk,establishment;food;lodging;point_of_interest;restaurant,False,CACHED
Fairmont Hotel Vier Jahreszeiten,https://www.americanexpress.com/en-us/travel/discover/property/Germany/Hamburg/Fairmont-Hotel-Vier-Jahreszeiten?intlink=US-travel-discover-property-results-propertyCard-Fairmont-Hotel-Vier-Jahreszeiten,"Hamburg, Germany",FINE HOTELS + RESORTS,Fairmont,Program,53.5556178,9.9915486,"Neuer Jungfernstieg 9 14, 20354 Hamburg, Germany",google_places,PLACE_DETAILS,ChIJ78O2HRmPsUcRRX8fUCLLmbk,establishment;food;lodging;point_of_interest;restaurant,False,CACHED
"Hamilton Princess & Beach Club, A Fairmont Managed Hotel",https://www.americanexpress.com/en-us/travel/discover/property/Bermuda/Hamilton/Hamilton-Princess--Beach-Club-A-Fairmont-Managed-Hotel?intlink=US-travel-discover-property-results-propertyCard-Hamilton-Princess--Beach-Club-A-Fairmont-Managed-Hotel,"Hamilton, Bermuda",FINE HOTELS + RESORTS,Fairmont,Program,32.2908321,-64.7924541,"76 Pitts Bay Rd, HM 08, Bermuda",google_places,PLACE_DETAILS,ChIJO1PnPRQULYoRplhw1J9r2Bc,establishment;food;lodging;point_of_interest;restaurant,False,CACHED
The Fairmont Jasper Park Lodge,https://www.americanexpress.com/en-us/travel/discover/property/Alberta-CA/Jasper/The-Fairmont-Jasper-Park-Lodge?intlink=US-travel-discover-property-results-propertyCard-The-Fairmont-Jasper-Park-Lodge,"Jasper, Alberta CA",FINE HOTELS + RESORTS,Fairmont,Program,52.8859079,-118.057202,"1 Old Lodge Rd, Jasper, AB T0E 1E0, Canada",google_places,PLACE_DETAILS,ChIJYbzAhTwrg1MR8h-DyEwhw88,establishment;food;lodging;point_of_interest;restaurant,False,CACHED
"Fairmont Orchid, Hawaii",https://www.americanexpress.com/en-us/travel/discover/property/Hawaii-US/Kohala-Coast/Fairmont-Orchid-Hawaii?intlink=US-travel-discover-property-results-propertyCard-Fairmont-Orchid-Hawaii,"Kohala Coast, Hawaii US",FINE HOTELS + RESORTS,Fairmont,Program,19.9505591,-155.8598637,"1 N Kaniku Dr, Waimea, HI 96743, USA",google_places,PLACE_DETAILS,ChIJLW4i_XR4VHkRzo2wMEGk3tA,establishment;food;lodging;point_of_interest;restaurant,False,CACHED
Fairmont Chateau Lake Louise,https://www.americanexpress.com/en-us/travel/discover/property/Alberta-CA/Lake-Louise/Fairmont-Chateau-Lake-Louise?intlink=US-travel-discover-property-results-propertyCard-Fairmont-Chateau-Lake-Louise,"Lake Louise, Alberta CA",FINE HOTELS + RESORTS,Fairmont,Program,51.41771900000001,-116.216882,"111 Lake Louise Dr, Lake Louise, AB T0L 1E0, Canada",google_places,PLACE_DETAILS,ChIJNZqvCRJdd1MRBBS7Nem5IEQ,establishment;lodging;point_of_interest;spa,False,CACHED
"The Savoy London, A Fairmont Managed Hotel",https://www.americanexpress.com/en-us/travel/discover/property/England/London/The-Savoy-London-A-Fairmont-Managed-Hotel?intlink=US-travel-discover-property-results-propertyCard-The-Savoy-London-A-Fairmont-Managed-Hotel,"London, England",FINE HOTELS + RESORTS,Fairmont,Program,51.5101494,-0.1205205,"Strand, London WC2R 0EZ, UK",google_places,PLACE_DETAILS,ChIJTVquz8sEdkgRKdz7pP3v9BU,establishment;lodging;point_of_interest,False,CACHED
Fairmont Breakers Long Beach,https://www.americanexpress.com/en-us/travel/discover/property/California-US/Long-Beach/Fairmont-Breakers-Long-Beach?intlink=US-travel-discover-property-results-propertyCard-Fairmont-Breakers-Long-Beach,"Long Beach, California US",FINE HOTELS + RESORTS,Fairmont,Program,33.7667382,-118.1904592,"210 E Ocean Blvd, Long Beach, CA 90802, USA",google_places,PLACE_DETAILS,ChIJOe3juTsx3YARFp8XoidyTns,establishment;lodging;point_of_interest,False,CACHED
Fairmont Tremblant,https://www.americanexpress.com/en-us/travel/discover/property/Québec-CA/Mont-Tremblant/Fairmont-Tremblant?intlink=US-travel-discover-property-results-propertyCard-Fairmont-Tremblant,"Mont-Tremblant, Québec CA",FINE HOTELS + RESORTS,Fairmont,Program,46.2146856,-74.58486649999999,"3045 Chemin de la Chapelle Citq 128365, Mont-Tremblant, QC J8E 1E1, Canada",google_places,PLACE_DETAILS,ChIJHaDRqtB3z0wRGXEFAO-qw8Q,establishment;food;lodging;point_of_interest;restaurant,False,CACHED
Fairmont Le Montreux Palace,https://www.americanexpress.com/en-us/travel/discover/property/Switzerland/Montreux/Fairmont-Le-Montreux-Palace?intlink=US-travel-discover-property-results-propertyCard-Fairmont-Le-Montreux-Palace,"Montreux, Switzerland",FINE HOTELS + RESORTS,Fairmont,Program,46.4386119,6.906830200000001,"Av. Claude-Nobs 2, 1820 Montreux, Switzerland",google_places,PLACE_DETAILS,ChIJ__LfUxebjkcRlQmT_GIcu0o,establishment;food;lodging;point_of_interest;restaurant,False,CACHED
The Plaza,https://www.americanexpress.com/en-us/travel/discover/property/New-York-US/New-York/The-Plaza?intlink=US-travel-discover-property-results-propertyCard-The-Plaza,"New York, New York US",FINE HOTELS + RESORTS,Fairmont,Program,40.7646318,-73.9743251,"768 5th Ave, New York, NY 10019, USA",google_places,PLACE_DETAILS,ChIJYaVdffBYwokRnTOoCzCq9mE,establishment;lodging;point_of_interest,False,CACHED
"Fairmont Heritage Place, Mayakoba",https://www.americanexpress.com/en-us/travel/discover/property/Quintana-Roo-MX/Playa-del-Carmen/Fairmont-Heritage-Place-Mayakoba?intlink=US-travel-discover-property-results-propertyCard-Fairmont-Heritage-Place-Mayakoba,"Playa del Carmen, Quintana Roo MX",FINE HOTELS + RESORTS,Fairmont,Program,20.6864439,-87.02743749999999,"Carretera Federal Cancún Km 298, 77710 Playa del Carmen, Q.R., Mexico",google_places,PLACE_DETAILS,ChIJqSKJ6ohnTo8RK1CQ2wZRwzo,establishment;food;lodging;point_of_interest;restaurant,False,CACHED
Fairmont Le Chateau Frontenac,https://www.americanexpress.com/en-us/travel/discover/property/Québec-CA/Québec-City/Fairmont-Le-Chateau-Frontenac?intlink=US-travel-discover-property-results-propertyCard-Fairmont-Le-Chateau-Frontenac,"Québec City, Québec CA",FINE HOTELS + RESORTS,Fairmont,Program,46.8120085,-71.20521839999999,"1 Rue des Carrières, Québec, QC G1R 5J5, Canada",google_places,PLACE_DETAILS,ChIJ7Vz9a9yVuEwRjUKqbbOLHw4,establishment;lodging;point_of_interest;tourist_attraction,False,CACHED
Fairmont Grand Del Mar,https://www.americanexpress.com/en-us/travel/discover/property/California-US/San-Diego/Fairmont-Grand-Del-Mar?intlink=US-travel-discover-property-results-propertyCard-Fairmont-Grand-Del-Mar,"San Diego, California US",FINE HOTELS + RESORTS,Fairmont,Program,32.938259,-117.197703,"5300 Grand Del Mar Ct, San Diego, CA 92130, USA",google_places,PLACE_DETAILS,ChIJNSRmzcEH3IARXSQ0XbJYBgc,establishment;lodging;point_of_interest;spa,False,CACHED
Fairmont San Francisco,https://www.americanexpress.com/en-us/travel/discover/property/California-US/San-Francisco/Fairmont-San-Francisco?intlink=US-travel-discover-property-results-propertyCard-Fairmont-San-Francisco,"San Francisco, California US",FINE HOTELS + RESORTS,Fairmont,Program,37.7923897,-122.4104443,"950 Mason St, San Francisco, CA 94108, USA",google_places,PLACE_DETAILS,ChIJN2S4EI2AhYAR9J4Qeh1U8Aw,establishment;food;lodging;point_of_interest;restaurant,False,CACHED
Fairmont Miramar Hotel & Bungalows,https://www.americanexpress.com/en-us/travel/discover/property/California-US/Santa-Monica/Fairmont-Miramar-Hotel--Bungalows?intlink=US-travel-discover-property-results-propertyCard-Fairmont-Miramar-Hotel--Bungalows,"Santa Monica, California US",FINE HOTELS + RESORTS,Fairmont,Program,34.0179602,-118.5016982,"101 Wilshire Blvd, Santa Monica, CA 90401, USA",google_places,PLACE_DETAILS,ChIJBx8nTcSkwoAR1bDfXdfVf20,establishment;food;lodging;point_of_interest;restaurant,False,CACHED
Fairmont Olympic Hotel,https://www.americanexpress.com/en-us/travel/discover/property/Washington-US/Seattle/Fairmont-Olympic-Hotel?intlink=US-travel-discover-property-results-propertyCard-Fairmont-Olympic-Hotel,"Seattle, Washington US",FINE HOTELS + RESORTS,Fairmont,Program,47.6080126,-122.3338701,"411 University St, Seattle, WA 98101, USA",google_places,PLACE_DETAILS,ChIJf3uV-rNqkFQRmkmlotz3KN0,bar;establishment;lodging;point_of_interest,False,CACHED
Fairmont Ambassador Seoul,https://www.americanexpress.com/en-us/travel/discover/property/South-Korea/Seoul/Fairmont-Ambassador-Seoul?intlink=US-travel-discover-property-results-propertyCard-Fairmont-Ambassador-Seoul,"Seoul, South Korea",FINE HOTELS + RESORTS,Fairmont,Program,37.5251539,126.929072,"108 Yeoui-daero, Yeongdeungpo District, Seoul, South Korea",google_places,PLACE_DETAILS,ChIJBcNO692ffDUR3keIXE6V49w,establishment;lodging;point_of_interest,False,CACHED
Fairmont Tazi Palace Tangier,https://www.americanexpress.com/en-us/travel/discover/property/Morocco/Tangier/Fairmont-Tazi-Palace-Tangier?intlink=US-travel-discover-property-results-propertyCard-Fairmont-Tazi-Palace-Tangier,"Tangier, Morocco",FINE HOTELS + RESORTS,Fairmont,Program,35.7818783,-5.850713,"Palais Tazi Ksar Al Mandoub, Jamaa Mokrae, Tangier 90000, Morocco",google_places,PLACE_DETAILS,ChIJtdHWgYp5DA0RMl88PY4z72E,establishment;lodging;point_of_interest,False,CACHED
Fairmont Pacific Rim,https://www.americanexpress.com/en-us/travel/discover/property/British-Columbia-CA/Vancouver/Fairmont-Pacific-Rim?intlink=US-travel-discover-property-results-propertyCard-Fairmont-Pacific-Rim,"Vancouver, British Columbia CA",FINE HOTELS + RESORTS,Fairmont,Program,49.288234,-123.1166888,"1038 Canada Pl, Vancouver, BC V6C 0B9, Canada",google_places,PLACE_DETAILS,ChIJgzLyCINxhlQRkHq8urzYQ2Y,establishment;food;lodging;point_of_interest;restaurant,False,CACHED
Fairmont Waterfront,https://www.americanexpress.com/en-us/travel/discover/property/British-Columbia-CA/Vancouver/Fairmont-Waterfront?intlink=US-travel-discover-property-results-propertyCard-Fairmont-Waterfront,"Vancouver, British Columbia CA",FINE HOTELS + RESORTS,Fairmont,Program,49.286958,-123.113901,"900 Canada Pl, Vancouver, BC V6C 3L5, Canada",google_places,PLACE_DETAILS,ChIJDXoq6oJxhlQRew8O_6dS7as,establishment;food;lodging;point_of_interest;restaurant,False,CACHED
"Fairmont Empress, Victoria",https://www.americanexpress.com/en-us/travel/discover/property/British-Columbia-CA/Victoria/Fairmont-Empress-Victoria?intlink=US-travel-discover-property-results-propertyCard-Fairmont-Empress-Victoria,"Victoria, British Columbia CA",FINE HOTELS + RESORTS,Fairmont,Program,48.42172100000001,-123.3678489,"721 Government St, Victoria, BC V8W 1W5, Canada",google_places,PLACE_DETAILS,ChIJifpQ75B0j1QRTJ17niGHLuI,establishment;food;lodging;point_of_interest;restaurant,False,CACHED
"Fairmont Kea Lani, Maui",https://www.americanexpress.com/en-us/travel/discover/property/Hawaii-US/Wailea/Fairmont-Kea-Lani-Maui?intlink=US-travel-discover-property-results-propertyCard-Fairmont-Kea-Lani-Maui,"Wailea, Hawaii US",FINE HOTELS + RESORTS,Fairmont,Program,20.6755864,-156.4415181,"4100 Wailea Alanui Dr, Wailea-Makena, HI 96753, USA",google_places,PLACE_DETAILS,ChIJDesmCSbbVHkRg7nl0yyHLhI,establishment;lodging;point_of_interest;spa,False,CACHED
Fairmont Chateau Whistler,https://www.americanexpress.com/en-us/travel/discover/property/British-Columbia-CA/Whistler/Fairmont-Chateau-Whistler?intlink=US-travel-discover-property-results-propertyCard-Fairmont-Chateau-Whistler,"Whistler, British Columbia CA",FINE HOTELS + RESORTS,Fairmont,Program,50.116647,-122.9462133,"4599 Chateau Blvd, Whistler, BC V8E 1G1, Canada",google_places,PLACE_DETAILS,ChIJC5wOpKw8h1QRzlqVDIThdYY,establishment;food;lodging;point_of_interest;restaurant,False,CACHED
Four Seasons Hotel Abu Dhabi at Maryah Island,https://www.americanexpress.com/en-us/travel/discover/property/United-Arab-Emirates/Abu-Dhabi/Four-Seasons-Hotel-Abu-Dhabi-At-Maryah-Island?intlink=US-travel-discover-property-results-propertyCard-Four-Seasons-Hotel-Abu-Dhabi-At-Maryah-Island,"Abu Dhabi, United Arab Emirates",FINE HOTELS + RESORTS,Four Seasons Hotels and Resorts,Program,24.502772,54.3878958,ISLAND - Abu Dhabi Global Market - Second St - Al Maryah Island - MI1 - Abu Dhabi - United Arab Emirates,google_places,PLACE_DETAILS,ChIJ22xMClVmXj4R1L53MQnc3jM,establishment;lodging;point_of_interest;spa,False,CACHED
Four Seasons Hotel Alexandria at San Stefano,https://www.americanexpress.com/en-us/travel/discover/property/Egypt/Alexandria/Four-Seasons-Hotel-Alexandria-At-San-Stefano?intlink=US-travel-discover-property-results-propertyCard-Four-Seasons-Hotel-Alexandria-At-San-Stefano,"Alexandria, Egypt",FINE HOTELS + RESORTS,Four Seasons Hotels and Resorts,Program,31.2458437,29.9659225,"399 El El-Gaish Rd, San Stefano, El Raml 1, Alexandria Governorate 21599, Egypt",google_places,PLACE_DETAILS,ChIJ3_GqMC7F9RQR0qMr6ijU0sk,establishment;health;lodging;point_of_interest;spa,False,CACHED
Four Seasons Hotel Amman,https://www.americanexpress.com/en-us/travel/discover/property/Jordan/Amman/Four-Seasons-Hotel-Amman?intlink=US-travel-discover-property-results-propertyCard-Four-Seasons-Hotel-Amman,"Amman, Jordan",FINE HOTELS + RESORTS,Four Seasons Hotels and Resorts,Program,31.9616282,35.8810368,"5th Circle, Al, Kindi St Jabal, Amman 11195, Jordan",google_places,PLACE_DETAILS,ChIJnV3aclegHBURWX1PriFOqIA,establishment;health;lodging;point_of_interest;spa,False,CACHED
Four Seasons Astir Palace Hotel Athens,https://www.americanexpress.com/en-us/travel/discover/property/Greece/Athens/Four-Seasons-Astir-Palace-Hotel-Athens?intlink=US-travel-discover-property-results-propertyCard-Four-Seasons-Astir-Palace-Hotel-Athens,"Athens, Greece",FINE HOTELS + RESORTS,Four Seasons Hotels and Resorts,Program,37.805205,23.77115,"Apollonos 40, Vouliagmeni 166 71, Greece",google_places,PLACE_DETAILS,ChIJKwqn-87roRQRo5RKNIcMG64,establishment;health;lodging;point_of_interest;spa,False,CACHED
Four Seasons Hotel Atlanta,https://www.americanexpress.com/en-us/travel/discover/property/Georgia-US/Atlanta/Four-Seasons-Hotel-Atlanta?intlink=US-travel-discover-property-results-propertyCard-Four-Seasons-Hotel-Atlanta,"Atlanta, Georgia US",FINE HOTELS + RESORTS,Four Seasons Hotels and Resorts,Program,33.7864557,-84.3853231,"75 14th St NE, Atlanta, GA 30309, USA",google_places,PLACE_DETAILS,ChIJIcPOqUQE9YgRRwKUvE48rAI,establishment;health;lodging;point_of_interest;spa,False,CACHED
Four Seasons Hotel Austin,https://www.americanexpress.com/en-us/travel/discover/property/Texas-US/Austin/Four-Seasons-Hotel-Austin?intlink=US-travel-discover-property-results-propertyCard-Four-Seasons-Hotel-Austin,"Austin, Texas US",FINE HOTELS + RESORTS,Four Seasons Hotels and Resorts,Program,30.26185589999999,-97.74247919999999,"98 San Jacinto Blvd, Austin, TX 78701, USA",google_places,PLACE_DETAILS,ChIJzxtrlge1RIYR_OtmGKOnWBY,establishment;health;lodging;point_of_interest;spa,False,CACHED
Four Seasons Maldives Landaa Giraavaru,https://www.americanexpress.com/en-us/travel/discover/property/Maldives/Baa-Atoll/Four-Seasons-Maldives-Landaa-Giraavaru?intlink=US-travel-discover-property-results-propertyCard-Four-Seasons-Maldives-Landaa-Giraavaru,"Baa Atoll, Maldives",FINE HOTELS + RESORTS,Four Seasons Hotels and Resorts,Program,5.2861715,73.1122821,"Baa Atoll, 20097, Maldives",google_places,PLACE_DETAILS,ChIJvxBVF7O0SjsR-bE6kKLcAQE,establishment;lodging;point_of_interest;spa,False,CACHED
"Four Seasons Hotel Baku, Azerbaijan",https://www.americanexpress.com/en-us/travel/discover/property/Azerbaijan/Baku/Four-Seasons-Hotel-Baku-Azerbaijan?intlink=US-travel-discover-property-results-propertyCard-Four-Seasons-Hotel-Baku-Azerbaijan,"Baku, Azerbaijan",FINE HOTELS + RESORTS,Four Seasons Hotels and Resorts,Program,40.3634906,49.8349838,"1 Neftçilər Prospekti, Bakı 1095, Azerbaijan",google_places,PLACE_DETAILS,ChIJTex2K8t9MEARuR3LHNqsV3U,establishment;lodging;point_of_interest;spa,False,CACHED
Four Seasons Hotel Baltimore,https://www.americanexpress.com/en-us/travel/discover/property/Maryland-US/Baltimore/Four-Seasons-Hotel-Baltimore?intlink=US-travel-discover-property-results-propertyCard-Four-Seasons-Hotel-Baltimore,"Baltimore, Maryland US",FINE HOTELS + RESORTS,Four Seasons Hotels and Resorts,Program,39.2828049,-76.6023763,"200 International Drive, Baltimore, MD 21202, USA",google_places,PLACE_DETAILS,ChIJPx3RFHwDyIkRmQZ9bSzsfr4,establishment;health;lodging;point_of_interest;spa,False,CACHED
Four Seasons Hotel Bangkok at Chao Phraya River,https://www.americanexpress.com/en-us/travel/discover/property/Thailand/Bangkok/Four-Seasons-Hotel-Bangkok-At-Chao-Phraya-River?intlink=US-travel-discover-property-results-propertyCard-Four-Seasons-Hotel-Bangkok-At-Chao-Phraya-River,"Bangkok, Thailand",FINE HOTELS + RESORTS,Four Seasons Hotels and Resorts,Program,13.7117681,100.5106625,"300/1 ถ. เจริญกรุง Khwaeng Yan Nawa, Khet Sathon, Krung Thep Maha Nakhon 10120, Thailand",google_places,PLACE_DETAILS,ChIJgf1Rnb-Y4jARaZXmSa-m7sU,establishment;lodging;point_of_interest;spa,False,CACHED
Four Seasons Resort and Residences Anguilla,https://www.americanexpress.com/en-us/travel/discover/property/Anguilla/Barnes-Bay/Four-Seasons-Resort-And-Residences-Anguilla?intlink=US-travel-discover-property-results-propertyCard-Four-Seasons-Resort-And-Residences-Anguilla,"Barnes Bay, Anguilla",FINE HOTELS + RESORTS,Four Seasons Hotels and Resorts,Program,18.1780789,-63.14547349999999,"Barnes Bay, 2640, Anguilla",google_places,PLACE_DETAILS,ChIJl_sRDOZmDowRLT6-aQVlCtg,establishment;lodging;point_of_interest;spa,False,CACHED
Four Seasons Resort Mauritius at Anahita,https://www.americanexpress.com/en-us/travel/discover/property/Mauritius/Beauchamp/Four-Seasons-Resort-Mauritius-At-Anahita?intlink=US-travel-discover-property-results-propertyCard-Four-Seasons-Resort-Mauritius-At-Anahita,"Beauchamp, Mauritius",FINE HOTELS + RESORTS,Four Seasons Hotels and Resorts,Program,-20.2843474,57.7904144,"MU, Coastal Road, Beau Champ 71501, Mauritius",google_places,PLACE_DETAILS,ChIJcX1ZMGjwfCERVcBh7THSenk,establishment;lodging;point_of_interest;spa,False,CACHED
Four Seasons Hotel Beijing,https://www.americanexpress.com/en-us/travel/discover/property/China/Beijing/Four-Seasons-Hotel-Beijing?intlink=US-travel-discover-property-results-propertyCard-Four-Seasons-Hotel-Beijing,"Beijing, China",FINE HOTELS + RESORTS,Four Seasons Hotels and Resorts,Program,39.9504553,116.4671995,"48 Liang Ma Qiao Lu, Chao Yang Qu, Bei Jing Shi, China, 100125",google_places,PLACE_DETAILS,ChIJq-YMgIGs8TURdmJe3C_YWSM,establishment;lodging;point_of_interest,False,CACHED
Four Seasons Hotel Bengaluru at Embassy ONE,https://www.americanexpress.com/en-us/travel/discover/property/India/Bengaluru/Four-Seasons-Hotel-Bengaluru-At-Embassy-One?intlink=US-travel-discover-property-results-propertyCard-Four-Seasons-Hotel-Bengaluru-At-Embassy-One,"Bengaluru, India",FINE HOTELS + RESORTS,Four Seasons Hotels and Resorts,Program,13.0196076,77.58539119999999,"8, Bellary Rd, Dena Bank Colony, Ganganagar, Bengaluru, Karnataka 560032, India",google_places,PLACE_DETAILS,ChIJH8glMXcWrjsRaiawcd2tcsY,establishment;lodging;point_of_interest;spa,False,CACHED
"Beverly Wilshire, Beverly Hills, A Four Seasons Hotel",https://www.americanexpress.com/en-us/travel/discover/property/California-US/Beverly-Hills/Beverly-Wilshire-Beverly-Hills-A-Four-Seasons-Hotel?intlink=US-travel-discover-property-results-propertyCard-Beverly-Wilshire-Beverly-Hills-A-Four-Seasons-Hotel,"Beverly Hills, California US",FINE HOTELS + RESORTS,Four Seasons Hotels and Resorts,Program,34.0668765,-118.4004226,"9500 Wilshire Blvd, Beverly Hills, CA 90212, USA",google_places,PLACE_DETAILS,ChIJz-22Hfm7woARmoLOmvYW4J0,establishment;health;lodging;point_of_interest;spa,False,CACHED
Four Seasons Hotel Bogota,https://www.americanexpress.com/en-us/travel/discover/property/Colombia/Bogotá/Four-Seasons-Hotel-Bogota?intlink=US-travel-discover-property-results-propertyCard-Four-Seasons-Hotel-Bogota,"Bogotá, Colombia",FINE HOTELS + RESORTS,Four Seasons Hotels and Resorts,Program,4.652463,-74.056494,"Ak 7 #69a-22, Chapinero, Bogotá, Cundinamarca, Colombia",google_places,PLACE_DETAILS,ChIJL_vE0UOaP44Rl1Iw7aCFqXo,establishment;lodging;point_of_interest;spa,False,CACHED
Four Seasons Hotel Casa Medina Bogota,https://www.americanexpress.com/en-us/travel/discover/property/Colombia/Bogotá/Four-Seasons-Hotel-Casa-Medina-Bogota?intlink=US-travel-discover-property-results-propertyCard-Four-Seasons-Hotel-Casa-Medina-Bogota,"Bogotá, Colombia",FINE HOTELS + RESORTS,Four Seasons Hotels and Resorts,Program,4.652463,-74.056494,"Ak 7 #69a-22, Chapinero, Bogotá, Cundinamarca, Colombia",google_places,PLACE_DETAILS,ChIJL_vE0UOaP44Rl1Iw7aCFqXo,establishment;lodging;point_of_interest;spa,False,CACHED
Four Seasons Resort Bora Bora,https://www.americanexpress.com/en-us/travel/discover/property/French-Polynesia/Bora-Bora/Four-Seasons-Resort-Bora-Bora?intlink=US-travel-discover-property-results-propertyCard-Four-Seasons-Resort-Bora-Bora,"Bora Bora, French Polynesia",FINE HOTELS + RESORTS,Four Seasons Hotels and Resorts,Program,-16.4735236,-151.7062022,"BP 547, Motu Tehotu 98730, French Polynesia",google_places,PLACE_DETAILS,ChIJB_VVzoa9vXYRguWsYU0H8eU,establishment;health;lodging;point_of_interest;spa,False,CACHED
Four Seasons Hotel Boston,https://www.americanexpress.com/en-us/travel/discover/property/Massachusetts-US/Boston/Four-Seasons-Hotel-Boston?intlink=US-travel-discover-property-results-propertyCard-Four-Seasons-Hotel-Boston,"Boston, Massachusetts US",FINE HOTELS + RESORTS,Four Seasons Hotels and Resorts,Program,42.35205819999999,-71.0683119,"200 Boylston St, Boston, MA 02116, USA",google_places,PLACE_DETAILS,ChIJT9e323V644kRU2YTWqSjgF0,establishment;lodging;point_of_interest,False,CACHED
"Four Seasons Hotel One Dalton Street, Boston",https://www.americanexpress.com/en-us/travel/discover/property/Massachusetts-US/Boston/Four-Seasons-Hotel-One-Dalton-Street-Boston?intlink=US-travel-discover-property-results-propertyCard-Four-Seasons-Hotel-One-Dalton-Street-Boston,"Boston, Massachusetts US",FINE HOTELS + RESORTS,Four Seasons Hotels and Resorts,Program,42.3458141,-71.0840802,"1 Dalton St, Boston, MA 02115, USA",google_places,PLACE_DETAILS,ChIJW0u45p1744kR3-G-c08U83Q,establishment;health;lodging;point_of_interest;spa,False,CACHED
Four Seasons Hotel Gresham Palace Budapest,https://www.americanexpress.com/en-us/travel/discover/property/Hungary/Budapest/Four-Seasons-Hotel-Gresham-Palace-Budapest?intlink=US-travel-discover-property-results-propertyCard-Four-Seasons-Hotel-Gresham-Palace-Budapest,"Budapest, Hungary",FINE HOTELS + RESORTS,Four Seasons Hotels and Resorts,Program,47.4996722,19.0480417,"Budapest, Széchenyi István tér 5-6, 1051 Hungary",google_places,PLACE_DETAILS,ChIJp7NvhxXcQUcRT3GQWPZBEjs,establishment;lodging;point_of_interest;spa,False,CACHED
Four Seasons Hotel Buenos Aires,https://www.americanexpress.com/en-us/travel/discover/property/Argentina/Buenos-Aires/Four-Seasons-Hotel-Buenos-Aires?intlink=US-travel-discover-property-results-propertyCard-Four-Seasons-Hotel-Buenos-Aires,"Buenos Aires, Argentina",FINE HOTELS + RESORTS,Four Seasons Hotels and Resorts,Program,-34.590391,-58.38242949999999,"Posadas 1086 88, C1011ABB Cdad. Autónoma de Buenos Aires, Argentina",google_places,PLACE_DETAILS,ChIJN6Y6fbDKvJUR79f451VNI68,establishment;lodging;point_of_interest;spa,False,CACHED
Four Seasons Hotel Cairo at The First Residence,https://www.americanexpress.com/en-us/travel/discover/property/Egypt/Cairo/Four-Seasons-Hotel-Cairo-At-The-First-Residence?intlink=US-travel-discover-property-results-propertyCard-Four-Seasons-Hotel-Cairo-At-The-First-Residence,"Cairo, Egypt",FINE HOTELS + RESORTS,Four Seasons Hotels and Resorts,Program,30.0241471,31.2166445,"35 Giza St, Oula, Al Giza, Giza Governorate 12311, Egypt",google_places,PLACE_DETAILS,ChIJh9b52a5BWBQRGPh8hnRv3Tc,establishment;health;lodging;point_of_interest;spa,False,CACHED
Four Seasons Resort and Residences Napa Valley,https://www.americanexpress.com/en-us/travel/discover/property/California-US/Calistoga/Four-Seasons-Resort-And-Residences-Napa-Valley?intlink=US-travel-discover-property-results-propertyCard-Four-Seasons-Resort-And-Residences-Napa-Valley,"Calistoga, California US",FINE HOTELS + RESORTS,Four Seasons Hotels and Resorts,Program,38.5846193,-122.5679356,"400 Silverado Trl N, Calistoga, CA 94515, USA",google_places,PLACE_DETAILS,ChIJE4bNFhFDhIARo_icTjRbbEc,establishment;health;lodging;point_of_interest;spa,False,CACHED
Four Seasons Residence Club Aviara,https://www.americanexpress.com/en-us/travel/discover/property/California-US/Carlsbad/Four-Seasons-Residence-Club-Aviara?intlink=US-travel-discover-property-results-propertyCard-Four-Seasons-Residence-Club-Aviara,"Carlsbad, California US",FINE HOTELS + RESORTS,Four Seasons Hotels and Resorts,Program,33.0972622,-117.2833441,"7210 Blue Heron Pl, Carlsbad, CA 92011, USA",google_places,PLACE_DETAILS,ChIJjVPBabEM3IARB0OMWKY-_Mg,establishment;lodging;point_of_interest;real_estate_agency;travel_agency,False,CACHED
Four Seasons Hotel Casablanca,https://www.americanexpress.com/en-us/travel/discover/property/Morocco/Casablanca/Four-Seasons-Hotel-Casablanca?intlink=US-travel-discover-property-results-propertyCard-Four-Seasons-Hotel-Casablanca,"Casablanca, Morocco",FINE HOTELS + RESORTS,Four Seasons Hotels and Resorts,Program,33.5995886,-7.6638173,"H8XP+RGP, Boulevard de la Corniche, Casablanca 20050, Morocco",google_places,PLACE_DETAILS,ChIJ14W2Sw_Tpw0R7cFUzDwzcDs,establishment;lodging;point_of_interest;spa,False,CACHED
Four Seasons Resort Nevis,https://www.americanexpress.com/en-us/travel/discover/property/Saint-Kitts-and-Nevis/Charlestown/Four-Seasons-Resort-Nevis?intlink=US-travel-discover-property-results-propertyCard-Four-Seasons-Resort-Nevis,"Charlestown, Saint Kitts and Nevis",FINE HOTELS + RESORTS,Four Seasons Hotels and Resorts,Program,17.1577367,-62.6288295,"Pinney's Beach Charlestown, Nevis, St Kitts & Nevis",google_places,PLACE_DETAILS,ChIJIZj8X089EowROrrhdMq5oS4,establishment;lodging;point_of_interest;spa,False,CACHED
Four Seasons Resort Chiang Mai,https://www.americanexpress.com/en-us/travel/discover/property/Thailand/Chiang-Mai/Four-Seasons-Resort-Chiang-Mai?intlink=US-travel-discover-property-results-propertyCard-Four-Seasons-Resort-Chiang-Mai,"Chiang Mai, Thailand",FINE HOTELS + RESORTS,Four Seasons Hotels and Resorts,Program,18.9161783,98.9316048,"502 MOO 1, MAE RIM, OLD ROAD, ตำบล ริมใต้ อำเภอสะเมิง เชียงใหม่ 50180, Thailand",google_places,PLACE_DETAILS,ChIJtfd_KO862jARHpyH167m98M,establishment;lodging;point_of_interest,False,CACHED
Four Seasons Tented Camp Golden Triangle,https://www.americanexpress.com/en-us/travel/discover/property/Thailand/Chiang-Rai/Four-Seasons-Tented-Camp-Golden-Triangle?intlink=US-travel-discover-property-results-propertyCard-Four-Seasons-Tented-Camp-Golden-Triangle,"Chiang Rai, Thailand",FINE HOTELS + RESORTS,Four Seasons Hotels and Resorts,Program,20.3729807,100.0769107,"499 MOO1 T. Vieng, Vieng, ตำบล เวียง อำเภอ เชียงแสน เชียงราย 57150, Thailand",google_places,PLACE_DETAILS,ChIJFYGeJStF1jARoc_ShY3AdZA,establishment;lodging;point_of_interest;spa,False,CACHED
Four Seasons Hotel Chicago,https://www.americanexpress.com/en-us/travel/discover/property/Illinois-US/Chicago/Four-Seasons-Hotel-Chicago?intlink=US-travel-discover-property-results-propertyCard-Four-Seasons-Hotel-Chicago,"Chicago, Illinois US",FINE HOTELS + RESORTS,Four Seasons Hotels and Resorts,Program,41.8994533,-87.62519879999999,"120 E Delaware Pl, Chicago, IL 60611, USA",google_places,PLACE_DETAILS,ChIJm8-Nw1PTD4gRPGFqqWxjOkA,establishment;health;lodging;point_of_interest;spa,False,CACHED
Four Seasons Resort Bali at Jimbaran Bay,https://www.americanexpress.com/en-us/travel/discover/property/Indonesia/Denpasar/Four-Seasons-Resort-Bali-At-Jimbaran-Bay?intlink=US-travel-discover-property-results-propertyCard-Four-Seasons-Resort-Bali-At-Jimbaran-Bay,"Denpasar, Indonesia",FINE HOTELS + RESORTS,Four Seasons Hotels and Resorts,Program,-8.7844217,115.1588127,"Jl. Bukit Permai, Jimbaran, Kec. Kuta Sel., Kabupaten Badung, Bali 80361, Indonesia",google_places,PLACE_DETAILS,ChIJ6cVf9fFE0i0RogyvBWu4WuM,establishment;health;lodging;point_of_interest;spa,False,CACHED
Four Seasons Hotel Denver,https://www.americanexpress.com/en-us/travel/discover/property/Colorado-US/Denver/Four-Seasons-Hotel-Denver?intlink=US-travel-discover-property-results-propertyCard-Four-Seasons-Hotel-Denver,"Denver, Colorado US",FINE HOTELS + RESORTS,Four Seasons Hotels and Resorts,Program,39.7464844,-104.9981872,"1111 14th St, Denver, CO 80202, USA",google_places,PLACE_DETAILS,ChIJV2xNjs94bIcRTPwjoKCIlYs,establishment;health;lodging;point_of_interest;spa,False,CACHED
Four Seasons Resort Seychelles at Desroches Island,https://www.americanexpress.com/en-us/travel/discover/property/Seychelles/Desroches-Island/Four-Seasons-Resort-Seychelles-At-Desroches-Island?intlink=US-travel-discover-property-results-propertyCard-Four-Seasons-Resort-Seychelles-At-Desroches-Island,"Desroches Island, Seychelles",FINE HOTELS + RESORTS,Four Seasons Hotels and Resorts,Program,-5.6972711,53.6511743,"8J3X+RX, Unnamed Road, Desroches Island, Seychelles",google_places,PLACE_DETAILS,ChIJRXZ8pDJf5CIRS8sAvKf5RNg,establishment;lodging;point_of_interest;spa,False,CACHED
Four Seasons Resort The Nam Hai,https://www.americanexpress.com/en-us/travel/discover/property/Vietnam/Dien-Ban/Four-Seasons-Resort-The-Nam-Hai?intlink=US-travel-discover-property-results-propertyCard-Four-Seasons-Resort-The-Nam-Hai,"Dien Ban, Vietnam",FINE HOTELS + RESORTS,Four Seasons Hotels and Resorts,Program,15.9291973,108.3173707,"Block Ha My Dong B, Dien Ban Dong, Ward, Điện Dương, Ward, Đà Nẵng 50000, Vietnam",google_places,PLACE_DETAILS,ChIJjb4Ah-QRQjERFlzALzxOOvo,establishment;health;lodging;point_of_interest;spa,False,CACHED
Four Seasons Hotel Doha,https://www.americanexpress.com/en-us/travel/discover/property/Qatar/Doha/Four-Seasons-Hotel-Doha?intlink=US-travel-discover-property-results-propertyCard-Four-Seasons-Hotel-Doha,"Doha, Qatar",FINE HOTELS + RESORTS,Four Seasons Hotels and Resorts,Program,25.3245,51.53909239999999,"The Corniche, Doha, Qatar",google_places,PLACE_DETAILS,ChIJjQ3NeC_FRT4Re_qPGpvpoMk,establishment;lodging;point_of_interest;spa,False,CACHED
Four Seasons Dubai at Jumeirah Beach,https://www.americanexpress.com/en-us/travel/discover/property/United-Arab-Emirates/Dubai/Four-Seasons-Dubai-At-Jumeirah-Beach?intlink=US-travel-discover-property-results-propertyCard-Four-Seasons-Dubai-At-Jumeirah-Beach,"Dubai, United Arab Emirates",FINE HOTELS + RESORTS,Four Seasons Hotels and Resorts,Program,25.2023141,55.2402131,Jumeira St - Jumeirah - Jumeirah 2 - Dubai - United Arab Emirates,google_places,PLACE_DETAILS,ChIJW4eo-VFCXz4RieFckb95Wqo,establishment;lodging;point_of_interest;spa,False,CACHED
Four Seasons Hotel Dubai International Financial Centre,https://www.americanexpress.com/en-us/travel/discover/property/United-Arab-Emirates/Dubai/Four-Seasons-Hotel-Dubai-International-Financial-Centre?intlink=US-travel-discover-property-results-propertyCard-Four-Seasons-Hotel-Dubai-International-Financial-Centre,"Dubai, United Arab Emirates",FINE HOTELS + RESORTS,Four Seasons Hotels and Resorts,Program,25.2132629,55.28239170000001,"GV09 Level GF, Gate Village - Building 9, Unit - Sheikh Zayed Rd - Zaa'beel Second - DIFC - Dubai - United Arab Emirates",google_places,PLACE_DETAILS,ChIJp5gj9o1CXz4Rde77RZWQvKs,establishment;health;lodging;point_of_interest;spa,False,CACHED
"Four Seasons Hotel Silicon Valley, at East Palo Alto",https://www.americanexpress.com/en-us/travel/discover/property/California-US/East-Palo-Alto/Four-Seasons-Hotel-Silicon-Valley-At-East-Palo-Alto?intlink=US-travel-discover-property-results-propertyCard-Four-Seasons-Hotel-Silicon-Valley-At-East-Palo-Alto,"East Palo Alto, California US",FINE HOTELS + RESORTS,Four Seasons Hotels and Resorts,Program,37.4600861,-122.1416948,"2050 University Ave, East Palo Alto, CA 94303, USA",google_places,PLACE_DETAILS,ChIJHwrwc267j4ARzL19hHde-mM,establishment;health;lodging;point_of_interest;spa,False,CACHED
Four Seasons Hotel Firenze,https://www.americanexpress.com/en-us/travel/discover/property/Italy/Florence/Four-Seasons-Hotel-Firenze?intlink=US-travel-discover-property-results-propertyCard-Four-Seasons-Hotel-Firenze,"Florence, Italy",FINE HOTELS + RESORTS,Four Seasons Hotels and Resorts,Program,43.7770026,11.2663875,"Borgo Pinti, 99, 50121 Firenze FI, Italy",google_places,PLACE_DETAILS,ChIJeQnHJxBUKhMRqEIwEupVmuk,establishment;health;lodging;point_of_interest;spa,False,CACHED
Four Seasons Hotel and Residences Fort Lauderdale,https://www.americanexpress.com/en-us/travel/discover/property/Florida-US/Fort-Lauderdale/Four-Seasons-Hotel-And-Residences-Fort-Lauderdale?intlink=US-travel-discover-property-results-propertyCard-Four-Seasons-Hotel-And-Residences-Fort-Lauderdale,"Fort Lauderdale, Florida US",FINE HOTELS + RESORTS,Four Seasons Hotels and Resorts,Program,26.1301594,-80.10441809999999,"525 N Fort Lauderdale Beach Blvd, Fort Lauderdale, FL 33304, USA",google_places,PLACE_DETAILS,ChIJHQP0C9QB2YgRbLjCHfQM9tM,establishment;health;lodging;point_of_interest;spa,False,CACHED
Four Seasons Hotel Cairo at Nile Plaza,https://www.americanexpress.com/en-us/travel/discover/property/Egypt/Garden-City/Four-Seasons-Hotel-Cairo-At-Nile-Plaza?intlink=US-travel-discover-property-results-propertyCard-Four-Seasons-Hotel-Cairo-At-Nile-Plaza,"Garden City, Egypt",FINE HOTELS + RESORTS,Four Seasons Hotels and Resorts,Program,30.03610969999999,31.2296318,"1089 CORNICHE EL NIL, Qasr El Nil, Cairo Governorate 11519, Egypt",google_places,PLACE_DETAILS,ChIJCXj1Ps1AWBQRsB73IUIL9dc,establishment;health;lodging;point_of_interest;spa,False,CACHED
Four Seasons Hotel des Bergues Geneva,https://www.americanexpress.com/en-us/travel/discover/property/Switzerland/Geneva/Four-Seasons-Hotel-Des-Bergues-Geneva?intlink=US-travel-discover-property-results-propertyCard-Four-Seasons-Hotel-Des-Bergues-Geneva,"Geneva, Switzerland",FINE HOTELS + RESORTS,Four Seasons Hotels and Resorts,Program,46.2069892,6.1471053,"Quai des Bergues 33, 1201 Genève, Switzerland",google_places,PLACE_DETAILS,ChIJofKpQyhljEcRL6GtxGPru8o,establishment;health;lodging;point_of_interest;spa,False,CACHED
"Four Seasons Hotel Guangzhou, China",https://www.americanexpress.com/en-us/travel/discover/property/China/Guangzhou/Four-Seasons-Hotel-Guangzhou-China?intlink=US-travel-discover-property-results-propertyCard-Four-Seasons-Hotel-Guangzhou-China,"Guangzhou, China",FINE HOTELS + RESORTS,Four Seasons Hotels and Resorts,Program,23.117792,113.323427,"Tianhe District, Guangzhou, China, 510623",google_places,PLACE_DETAILS,ChIJ5yV2WSv_AjQRteXDAQqHcns,establishment;lodging;point_of_interest,False,CACHED
Four Seasons Hotel Hangzhou at West Lake,https://www.americanexpress.com/en-us/travel/discover/property/China/Hangzhou/Four-Seasons-Hotel-Hangzhou-At-West-Lake?intlink=US-travel-discover-property-results-propertyCard-Four-Seasons-Hotel-Hangzhou-At-West-Lake,"Hangzhou, China",FINE HOTELS + RESORTS,Four Seasons Hotels and Resorts,Program,30.2512721,120.1276479,"5 Ling Yin Lu, Xi Hu Qu, Hang Zhou Shi, Zhe Jiang Sheng, China, 310058",google_places,PLACE_DETAILS,ChIJ576mGStjSzQRtr13SnqAvO4,establishment;lodging;point_of_interest,False,CACHED
Four Seasons Hotel Hong Kong,https://www.americanexpress.com/en-us/travel/discover/property/China/Hong-Kong/Four-Seasons-Hotel-Hong-Kong?intlink=US-travel-discover-property-results-propertyCard-Four-Seasons-Hotel-Hong-Kong,"Hong Kong, China",FINE HOTELS + RESORTS,Four Seasons Hotels and Resorts,Program,22.2863701,114.1570412,"8 Finance St, Central, Hong Kong",google_places,PLACE_DETAILS,ChIJzbDWTWIABDQR_WNi3VDdv-U,establishment;lodging;point_of_interest;spa,False,CACHED
Four Seasons Hotel Hampshire,https://www.americanexpress.com/en-us/travel/discover/property/England/Hook/Four-Seasons-Hotel-Hampshire?intlink=US-travel-discover-property-results-propertyCard-Four-Seasons-Hotel-Hampshire,"Hook, England",FINE HOTELS + RESORTS,Four Seasons Hotels and Resorts,Program,51.2579705,-0.8960228,"Dogmersfield Park, Chalky Ln, Hook RG27 8TD, UK",google_places,PLACE_DETAILS,ChIJy5fuqswudEgRZLKZ5qUi5Ok,establishment;health;lodging;point_of_interest;spa,False,CACHED
Four Seasons Hotel Houston,https://www.americanexpress.com/en-us/travel/discover/property/Texas-US/Houston/Four-Seasons-Hotel-Houston?intlink=US-travel-discover-property-results-propertyCard-Four-Seasons-Hotel-Houston,"Houston, Texas US",FINE HOTELS + RESORTS,Four Seasons Hotels and Resorts,Program,29.7538813,-95.3624495,"1300 Lamar St, Houston, TX 77010, USA",google_places,PLACE_DETAILS,ChIJ3_iTyzy_QIYRxx2lem4-UTk,establishment;health;lodging;point_of_interest;spa,False,CACHED
Four Seasons Hotel Istanbul at Sultanahmet,https://www.americanexpress.com/en-us/travel/discover/property/Turkey/Istanbul/Four-Seasons-Hotel-Istanbul-At-Sultanahmet?intlink=US-travel-discover-property-results-propertyCard-Four-Seasons-Hotel-Istanbul-At-Sultanahmet,"Istanbul, Turkey",FINE HOTELS + RESORTS,Four Seasons Hotels and Resorts,Program,41.0065918,28.98021469999999,"Sultanahmet, Cankurtaran, Tevkifhane Sk. No:1, 34122 Fatih/İstanbul, Türkiye",google_places,PLACE_DETAILS,ChIJJY3KRby5yhQRfZfjmnZp1qU,establishment;lodging;point_of_interest;spa,False,CACHED
Four Seasons Hotel Istanbul at the Bosphorus,https://www.americanexpress.com/en-us/travel/discover/property/Turkey/Istanbul/Four-Seasons-Hotel-Istanbul-At-The-Bosphorus?intlink=US-travel-discover-property-results-propertyCard-Four-Seasons-Hotel-Istanbul-At-The-Bosphorus,"Istanbul, Turkey",FINE HOTELS + RESORTS,Four Seasons Hotels and Resorts,Program,41.04240069999999,29.0119754,"No:28, Çırağan Cd., 34349 Beşiktaş/İstanbul, Türkiye",google_places,PLACE_DETAILS,ChIJn2yCFsi3yhQRUzsZL-uYNm8,establishment;lodging;point_of_interest;spa,False,CACHED
Four Seasons Hotel Jakarta,https://www.americanexpress.com/en-us/travel/discover/property/Indonesia/Jakarta/Four-Seasons-Hotel-Jakarta?intlink=US-travel-discover-property-results-propertyCard-Four-Seasons-Hotel-Jakarta,"Jakarta, Indonesia",FINE HOTELS + RESORTS,Four Seasons Hotels and Resorts,Program,-6.2322656,106.8202344,"Jl. Gatot Subroto No.18, Kuningan Bar., Kec. Mampang Prpt., Kota Jakarta Selatan, Daerah Khusus Ibukota Jakarta 12710, Indonesia",google_places,PLACE_DETAILS,ChIJZ1nBhqPzaS4Rz7bsXmwJS98,establishment;health;lodging;point_of_interest;spa,False,CACHED
Four Seasons Resort Hualalai,https://www.americanexpress.com/en-us/travel/discover/property/Hawaii-US/Kailua-Kona/Four-Seasons-Resort-Hualalai?intlink=US-travel-discover-property-results-propertyCard-Four-Seasons-Resort-Hualalai,"Kailua-Kona, Hawaii US",FINE HOTELS + RESORTS,Four Seasons Hotels and Resorts,Program,19.8277012,-155.9916716,"72-100 Ka'upulehu Drive, Kailua-Kona, HI 96740, USA",google_places,PLACE_DETAILS,ChIJIX4RcbFzVHkRQdMrhTjUyzM,establishment;lodging;point_of_interest,False,CACHED
Four Seasons Resort Oahu at Ko Olina,https://www.americanexpress.com/en-us/travel/discover/property/Hawaii-US/Kapolei/Four-Seasons-Resort-Oahu-At-Ko-Olina?intlink=US-travel-discover-property-results-propertyCard-Four-Seasons-Resort-Oahu-At-Ko-Olina,"Kapolei, Hawaii US",FINE HOTELS + RESORTS,Four Seasons Hotels and Resorts,Program,21.3393547,-158.1257721,"92-1001 Olani St, Kapolei, HI 96707, USA",google_places,PLACE_DETAILS,ChIJ1XDUJbxiAHwRPmdoXJkLaXc,establishment;health;lodging;point_of_interest;spa,False,CACHED
Four Seasons Resort Koh Samui,https://www.americanexpress.com/en-us/travel/discover/property/Thailand/Koh-Samui/Four-Seasons-Resort-Koh-Samui?intlink=US-travel-discover-property-results-propertyCard-Four-Seasons-Resort-Koh-Samui,"Koh Samui, Thailand",FINE HOTELS + RESORTS,Four Seasons Hotels and Resorts,Program,9.572516499999999,99.9238924,"219 Moo 5 Surat Thani Angthong, ตำบล แม่น้ำ อำเภอเกาะสมุย สุราษฎร์ธานี 84140, Thailand",google_places,PLACE_DETAILS,ChIJJ0wEK_P3VDARccizdcVtXEA,establishment;lodging;point_of_interest,False,CACHED
Four Seasons Hotel Kuala Lumpur,https://www.americanexpress.com/en-us/travel/discover/property/Malaysia/Kuala-Lumpur/Four-Seasons-Hotel-Kuala-Lumpur?intlink=US-travel-discover-property-results-propertyCard-Four-Seasons-Hotel-Kuala-Lumpur,"Kuala Lumpur, Malaysia",FINE HOTELS + RESORTS,Four Seasons Hotels and Resorts,Program,3.1579949,101.7135918,"145, Jln Ampang, Kuala Lumpur, 50450 Kuala Lumpur, Wilayah Persekutuan Kuala Lumpur, Malaysia",google_places,PLACE_DETAILS,ChIJlRIaD9c3zDERcnwgktmV2cE,establishment;lodging;point_of_interest;spa,False,CACHED
Four Seasons Hotel Kuwait at Burj Alshaya,https://www.americanexpress.com/en-us/travel/discover/property/Kuwait/Kuwait-City/Four-Seasons-Hotel-Kuwait-At-Burj-Alshaya?intlink=US-travel-discover-property-results-propertyCard-Four-Seasons-Hotel-Kuwait-At-Burj-Alshaya,"Kuwait City, Kuwait",FINE HOTELS + RESORTS,Four Seasons Hotels and Resorts,Program,29.3624137,47.9810027,"Al-Soor St, Al Kuwayt, Kuwait",google_places,PLACE_DETAILS,ChIJPSygAsiEzz8Rtc0Lz0LCQlI,establishment;lodging;point_of_interest;spa,False,CACHED
Four Seasons Hotel Kyoto,https://www.americanexpress.com/en-us/travel/discover/property/Japan/Kyoto/Four-Seasons-Hotel-Kyoto?intlink=US-travel-discover-property-results-propertyCard-Four-Seasons-Hotel-Kyoto,"Kyoto, Japan",FINE HOTELS + RESORTS,Four Seasons Hotels and Resorts,Program,34.9906846,135.776123,"445-3 Myōhōin Maekawachō, Higashiyama Ward, Kyoto, 605-0932, Japan",google_places,PLACE_DETAILS,ChIJXRfz8csIAWAR7R3vbOxO6J4,establishment;health;lodging;point_of_interest;spa,False,CACHED
"Four Seasons Resort Tamarindo, Mexico",https://www.americanexpress.com/en-us/travel/discover/property/Jalisco-MX/La-Huerta/Four-Seasons-Resort-Tamarindo-Mexico?intlink=US-travel-discover-property-results-propertyCard-Four-Seasons-Resort-Tamarindo-Mexico,"La Huerta, Jalisco MX",FINE HOTELS + RESORTS,Four Seasons Hotels and Resorts,Program,19.2563192,-104.8050783,"K, BARRA DE NAVIDAD, México 200 Manzana 7.5, 48898 La Manzanilla, Jal., Mexico",google_places,PLACE_DETAILS,ChIJ82O4cOC9JIQRxqtfEPP391M,establishment;lodging;point_of_interest;spa,False,CACHED
Four Seasons Hotel Tunis,https://www.americanexpress.com/en-us/travel/discover/property/Tunisia/La-Marsa/Four-Seasons-Hotel-Tunis?intlink=US-travel-discover-property-results-propertyCard-Four-Seasons-Hotel-Tunis,"La Marsa, Tunisia",FINE HOTELS + RESORTS,Four Seasons Hotels and Resorts,Program,36.9198171,10.2945901,"1057 La Marsa, Gammarth 1057, Tunisia",google_places,PLACE_DETAILS,ChIJzV0eQs-14hIRr_w6avHo0wE,establishment;lodging;point_of_interest,False,CACHED
Four Seasons Resort and Residences Los Cabos at Costa Palmas,https://www.americanexpress.com/en-us/travel/discover/property/Baja-California-Sur-MX/La-Ribera/Four-Seasons-Resort-And-Residences-Los-Cabos-At-Costa-Palmas?intlink=US-travel-discover-property-results-propertyCard-Four-Seasons-Resort-And-Residences-Los-Cabos-At-Costa-Palmas,"La Ribera, Baja California Sur MX",FINE HOTELS + RESORTS,Four Seasons Hotels and Resorts,Program,23.609639,-109.5899868,"C. EUREKA S/N, 23570 La Ribera, B.C.S., Mexico",google_places,PLACE_DETAILS,ChIJYSqAYMN_r4YRthZ8ZeehlUE,establishment;lodging;point_of_interest;spa,False,CACHED
Four Seasons Resort Orlando at Walt Disney World Resort,https://www.americanexpress.com/en-us/travel/discover/property/Florida-US/Lake-Buena-Vista/Four-Seasons-Resort-Orlando-At-Walt-Disney-World-Resort?intlink=US-travel-discover-property-results-propertyCard-Four-Seasons-Resort-Orlando-At-Walt-Disney-World-Resort,"Lake Buena Vista, Florida US",FINE HOTELS + RESORTS,Four Seasons Hotels and Resorts,Program,28.4020568,-81.545536,"10100 Dream Tree Blvd, Lake Buena Vista, FL 32836, USA",google_places,PLACE_DETAILS,ChIJZQAgqdt_3YgRnCLWjBzzC28,establishment;health;lodging;point_of_interest;spa,False,CACHED
Four Seasons Resort Lana'i,https://www.americanexpress.com/en-us/travel/discover/property/Hawaii-US/Lanai-City/Four-Seasons-Resort-Lanai?intlink=US-travel-discover-property-results-propertyCard-Four-Seasons-Resort-Lanai,"Lanai City, Hawaii US",FINE HOTELS + RESORTS,Four Seasons Hotels and Resorts,Program,20.7416716,-156.8963273,"1 Manele Bay Rd, Lanai City, HI 96763, USA",google_places,PLACE_DETAILS,ChIJ_yFPZZY7VXkR1wTu_pq-MPA,establishment;lodging;point_of_interest;spa,False,CACHED
"Sensei Lana'i, A Four Seasons Resort",https://www.americanexpress.com/en-us/travel/discover/property/Hawaii-US/Lanai-City/Sensei-Lanai-A-Four-Seasons-Resort?intlink=US-travel-discover-property-results-propertyCard-Sensei-Lanai-A-Four-Seasons-Resort,"Lanai City, Hawaii US",FINE HOTELS + RESORTS,Four Seasons Hotels and Resorts,Program,20.8362976,-156.9173556,"1 Keomoku Highway, Lanai City, HI 96763, USA",google_places,PLACE_DETAILS,ChIJZdH56Sc3VXkRReQ_-URAGCU,establishment;lodging;point_of_interest;spa,False,CACHED
Four Seasons Resort Langkawi,https://www.americanexpress.com/en-us/travel/discover/property/Malaysia/Langkawi/Four-Seasons-Resort-Langkawi?intlink=US-travel-discover-property-results-propertyCard-Four-Seasons-Resort-Langkawi,"Langkawi, Malaysia",FINE HOTELS + RESORTS,Four Seasons Hotels and Resorts,Program,6.4464255,99.8079635,"Jalan Tanjung Rhu, 07000 Langkawi, Kedah, Malaysia",google_places,PLACE_DETAILS,ChIJgQyn3H17TDARGskJwGqZapE,establishment;lodging;point_of_interest;spa,False,CACHED
Four Seasons Hotel Las Vegas,https://www.americanexpress.com/en-us/travel/discover/property/Nevada-US/Las-Vegas/Four-Seasons-Hotel-Las-Vegas?intlink=US-travel-discover-property-results-propertyCard-Four-Seasons-Hotel-Las-Vegas,"Las Vegas, Nevada US",FINE HOTELS + RESORTS,Four Seasons Hotels and Resorts,Program,36.0910372,-115.1743089,"3960 S Las Vegas Blvd, Las Vegas, NV 89119, USA",google_places,PLACE_DETAILS,ChIJa2qbocXFyIARHH5YGwc3Qg8,establishment;health;lodging;point_of_interest;spa,False,CACHED
Four Seasons Hotel Ritz Lisbon,https://www.americanexpress.com/en-us/travel/discover/property/Portugal/Lisbon/Four-Seasons-Hotel-Ritz-Lisbon?intlink=US-travel-discover-property-results-propertyCard-Four-Seasons-Hotel-Ritz-Lisbon,"Lisbon, Portugal",FINE HOTELS + RESORTS,Four Seasons Hotels and Resorts,Program,38.7255223,-9.1553051,"R. Rodrigo da Fonseca 88, 1099-039 Lisboa, Portugal",google_places,PLACE_DETAILS,ChIJ-x5EtnEzGQ0R8am5BtQUOLs,establishment;health;lodging;point_of_interest;spa,False,CACHED
Four Seasons Hotel London at Park Lane,https://www.americanexpress.com/en-us/travel/discover/property/England/London/Four-Seasons-Hotel-London-At-Park-Lane?intlink=US-travel-discover-property-results-propertyCard-Four-Seasons-Hotel-London-At-Park-Lane,"London, England",FINE HOTELS + RESORTS,Four Seasons Hotels and Resorts,Program,51.5044599,-0.149999,"Hamilton Pl, Park Ln, London W1J 7DR, UK",google_places,PLACE_DETAILS,ChIJPTReYyUFdkgRFxvvBDglXXE,establishment;health;lodging;point_of_interest;spa,False,CACHED
Four Seasons Hotel London at Tower Bridge,https://www.americanexpress.com/en-us/travel/discover/property/England/London/Four-Seasons-Hotel-London-At-Tower-Bridge?intlink=US-travel-discover-property-results-propertyCard-Four-Seasons-Hotel-London-At-Tower-Bridge,"London, England",FINE HOTELS + RESORTS,Four Seasons Hotels and Resorts,Program,51.5101239,-0.0779555,"10 Trinity Square, London EC3N 4AJ, UK",google_places,PLACE_DETAILS,ChIJ7zYiIkwDdkgR0ik2_MUMEbk,establishment;health;lodging;point_of_interest;spa,False,CACHED
Four Seasons Hotel Los Angeles at Beverly Hills,https://www.americanexpress.com/en-us/travel/discover/property/California-US/Los-Angeles/Four-Seasons-Hotel-Los-Angeles-At-Beverly-Hills?intlink=US-travel-discover-property-results-propertyCard-Four-Seasons-Hotel-Los-Angeles-At-Beverly-Hills,"Los Angeles, California US",FINE HOTELS + RESORTS,Four Seasons Hotels and Resorts,Program,34.0730227,-118.3892337,"300 S Doheny Dr, Los Angeles, CA 90048, USA",google_places,PLACE_DETAILS,ChIJT9e323V644kRR6TiEnwcOlA,establishment;health;lodging;point_of_interest;spa,False,CACHED
Four Seasons Hotel Macao,https://www.americanexpress.com/en-us/travel/discover/property/China/Macau/Four-Seasons-Hotel-Macao?intlink=US-travel-discover-property-results-propertyCard-Four-Seasons-Hotel-Macao,"Macau, China",FINE HOTELS + RESORTS,Four Seasons Hotels and Resorts,Program,22.1458341,113.5618115,"Estrada da Baia de Nossa Senhora da Esperanca, Macao",google_places,PLACE_DETAILS,ChIJm5ZmKwVwATQRr0hlwvS6-ps,establishment;health;lodging;point_of_interest;spa,False,CACHED
Four Seasons Hotel Madrid,https://www.americanexpress.com/en-us/travel/discover/property/Spain/Madrid/Four-Seasons-Hotel-Madrid?intlink=US-travel-discover-property-results-propertyCard-Four-Seasons-Hotel-Madrid,"Madrid, Spain",FINE HOTELS + RESORTS,Four Seasons Hotels and Resorts,Program,40.4172123,-3.7003412,"C. de Sevilla, 3, Centro, 28014 Madrid, Spain",google_places,PLACE_DETAILS,ChIJ8VTJCWgpQg0RoDKdirL96Hk,establishment;health;lodging;point_of_interest;spa,False,CACHED
Four Seasons Resort Seychelles,https://www.americanexpress.com/en-us/travel/discover/property/Seychelles/Mahe-Island/Four-Seasons-Resort-Seychelles?intlink=US-travel-discover-property-results-propertyCard-Four-Seasons-Resort-Seychelles,"Mahe Island, Seychelles",FINE HOTELS + RESORTS,Four Seasons Hotels and Resorts,Program,-4.7534424,55.46585589999999,"Petite Anse, Mahe Island, Seychelles",google_places,PLACE_DETAILS,ChIJlV9-TG3V4SIR4cmyxq-n_mI,establishment;lodging;point_of_interest;spa,False,CACHED
Four Seasons Hotel Bahrain Bay,https://www.americanexpress.com/en-us/travel/discover/property/Bahrain/Manama/Four-Seasons-Hotel-Bahrain-Bay?intlink=US-travel-discover-property-results-propertyCard-Four-Seasons-Hotel-Bahrain-Bay,"Manama, Bahrain",FINE HOTELS + RESORTS,Four Seasons Hotels and Resorts,Program,26.2471629,50.5818924,"Road 4606, Building 555, Block 346, Bahrain Bay, المنامة، Bahrain",google_places,PLACE_DETAILS,ChIJKS9DBO6lST4RzAGmpqLEH_4,establishment;lodging;point_of_interest;spa,False,CACHED
Four Seasons Resort Marrakech,https://www.americanexpress.com/en-us/travel/discover/property/Morocco/Marrakech/Four-Seasons-Resort-Marrakech?intlink=US-travel-discover-property-results-propertyCard-Four-Seasons-Resort-Marrakech,"Marrakech, Morocco",FINE HOTELS + RESORTS,Four Seasons Hotels and Resorts,Program,31.6209246,-8.0174416,"Av. de la Ménara, Marrakech 40000, Morocco",google_places,PLACE_DETAILS,ChIJnce37e7urw0RRwISCC26Al8,establishment;lodging;point_of_interest;spa,False,CACHED
Four Seasons Resort Megeve,https://www.americanexpress.com/en-us/travel/discover/property/France/Megeve/Four-Seasons-Resort-Megeve?intlink=US-travel-discover-property-results-propertyCard-Four-Seasons-Resort-Megeve,"Megeve, France",FINE HOTELS + RESORTS,Four Seasons Hotels and Resorts,Program,45.847561,6.642433,"373 Chem. des Follières, 74120 Megève, France",google_places,PLACE_DETAILS,ChIJYQLvfQpYiUcR0pEidVckd4Y,establishment;lodging;point_of_interest;spa,False,CACHED
Four Seasons Hotel Mexico City,https://www.americanexpress.com/en-us/travel/discover/property/Mexico-City-MX/Mexico-City/Four-Seasons-Hotel-Mexico-City?intlink=US-travel-discover-property-results-propertyCard-Four-Seasons-Hotel-Mexico-City,"Mexico City, Mexico City MX",FINE HOTELS + RESORTS,Four Seasons Hotels and Resorts,Program,19.4232659,-99.17437129999999,"Av. P.º de la Reforma 500, Juárez, Cuauhtémoc, 06600 Ciudad de México, CDMX, Mexico",google_places,PLACE_DETAILS,ChIJAWi27E7_0YURT_5T_lCrv2A,establishment;lodging;point_of_interest;spa,False,CACHED
Four Seasons Hotel Miami,https://www.americanexpress.com/en-us/travel/discover/property/Florida-US/Miami/Four-Seasons-Hotel-Miami?intlink=US-travel-discover-property-results-propertyCard-Four-Seasons-Hotel-Miami,"Miami, Florida US",FINE HOTELS + RESORTS,Four Seasons Hotels and Resorts,Program,25.7589641,-80.19208429999999,"1435 Brickell Ave, Miami, FL 33131, USA",google_places,PLACE_DETAILS,ChIJB4u6yIC22YgRSudXSqzWT0k,establishment;health;lodging;point_of_interest;spa,False,CACHED
Four Seasons Hotel Milano,https://www.americanexpress.com/en-us/travel/discover/property/Italy/Milan/Four-Seasons-Hotel-Milano?intlink=US-travel-discover-property-results-propertyCard-Four-Seasons-Hotel-Milano,"Milan, Italy",FINE HOTELS + RESORTS,Four Seasons Hotels and Resorts,Program,45.4692252,9.1953414,"Via Gesù, 6-8, 20121 Milano MI, Italy",google_places,PLACE_DETAILS,ChIJi8h1z6zHhkcRo5RDC06c8mQ,establishment;lodging;point_of_interest;spa,False,CACHED
Four Seasons Hotel Minneapolis,https://www.americanexpress.com/en-us/travel/discover/property/Minnesota-US/Minneapolis/Four-Seasons-Hotel-Minneapolis?intlink=US-travel-discover-property-results-propertyCard-Four-Seasons-Hotel-Minneapolis,"Minneapolis, Minnesota US",FINE HOTELS + RESORTS,Four Seasons Hotels and Resorts,Program,44.9813152,-93.2696859,"245 Hennepin Ave, Minneapolis, MN 55401, USA",google_places,PLACE_DETAILS,ChIJqRZPqOwzs1IR4fmluJgJK2k,establishment;health;lodging;point_of_interest;spa,False,CACHED
Four Seasons Hotel Montreal,https://www.americanexpress.com/en-us/travel/discover/property/Québec-CA/Montréal/Four-Seasons-Hotel-Montreal?intlink=US-travel-discover-property-results-propertyCard-Four-Seasons-Hotel-Montreal,"Montréal, Québec CA",FINE HOTELS + RESORTS,Four Seasons Hotels and Resorts,Program,45.4984303,-73.5765441,"1440 Rue de la Montagne, Montréal, QC H3G 1Z5, Canada",google_places,PLACE_DETAILS,ChIJV6VwVO4XyUwRNN5VaQGcqbA,establishment;lodging;point_of_interest;spa,False,CACHED
Four Seasons Mumbai,https://www.americanexpress.com/en-us/travel/discover/property/India/Mumbai/Four-Seasons-Mumbai?intlink=US-travel-discover-property-results-propertyCard-Four-Seasons-Mumbai,"Mumbai, India",FINE HOTELS + RESORTS,Four Seasons Hotels and Resorts,Program,18.993915,72.8200655,"1/136, Dr Elijah Moses Rd, Gandhi Nagar, Upper Worli, Worli, Mumbai, Maharashtra 400018, India",google_places,PLACE_DETAILS,ChIJ_fKdy47O5zsROlaOFKFb5k0,establishment;lodging;point_of_interest;spa,False,CACHED
Four Seasons Hotel Nashville,https://www.americanexpress.com/en-us/travel/discover/property/Tennessee-US/Nashville/Four-Seasons-Hotel-Nashville?intlink=US-travel-discover-property-results-propertyCard-Four-Seasons-Hotel-Nashville,"Nashville, Tennessee US",FINE HOTELS + RESORTS,Four Seasons Hotels and Resorts,Program,36.1601534,-86.7735786,"100 Demonbreun St, Nashville, TN 37201, USA",google_places,PLACE_DETAILS,ChIJAQIGouZnZIgRyXaN9mj1tYM,establishment;health;lodging;point_of_interest;spa,False,CACHED
Four Seasons Hotel New Orleans,https://www.americanexpress.com/en-us/travel/discover/property/Louisiana-US/New-Orleans/Four-Seasons-Hotel-New-Orleans?intlink=US-travel-discover-property-results-propertyCard-Four-Seasons-Hotel-New-Orleans,"New Orleans, Louisiana US",FINE HOTELS + RESORTS,Four Seasons Hotels and Resorts,Program,29.9488752,-90.0638925,"2 Canal St, New Orleans, LA 70130, USA",google_places,PLACE_DETAILS,ChIJvyPQG22mIIYRMtKuIA2e5ZA,establishment;health;lodging;point_of_interest;spa,False,CACHED
Four Seasons Hotel New York,https://www.americanexpress.com/en-us/travel/discover/property/New-York-US/New-York/Four-Seasons-Hotel-New-York?intlink=US-travel-discover-property-results-propertyCard-Four-Seasons-Hotel-New-York,"New York, New York US",FINE HOTELS + RESORTS,Four Seasons Hotels and Resorts,Program,40.7126317,-74.0091904,"27 Barclay St, New York, NY 10007, USA",google_places,PLACE_DETAILS,ChIJiz9V4xhawokRorqq7eXaNxM,establishment;health;lodging;point_of_interest;spa,False,CACHED
Four Seasons Hotel New York Downtown,https://www.americanexpress.com/en-us/travel/discover/property/New-York-US/New-York/Four-Seasons-Hotel-New-York-Downtown?intlink=US-travel-discover-property-results-propertyCard-Four-Seasons-Hotel-New-York-Downtown,"New York, New York US",FINE HOTELS + RESORTS,Four Seasons Hotels and Resorts,Program,40.7126317,-74.0091904,"27 Barclay St, New York, NY 10007, USA",google_places,PLACE_DETAILS,ChIJiz9V4xhawokRorqq7eXaNxM,establishment;health;lodging;point_of_interest;spa,False,CACHED
Four Seasons Maldives Kuda Huraa,https://www.americanexpress.com/en-us/travel/discover/property/Maldives/North-Malé-Atoll/Four-Seasons-Maldives-Kuda-Huraa?intlink=US-travel-discover-property-results-propertyCard-Four-Seasons-Maldives-Kuda-Huraa,"North Malé Atoll, Maldives",FINE HOTELS + RESORTS,Four Seasons Hotels and Resorts,Program,4.3301232,73.5979972,"North Malé Atoll, 20097, Maldives",google_places,PLACE_DETAILS,ChIJs_UZm7KJPzsRIciVAxAka9I,establishment;lodging;point_of_interest;spa,False,CACHED
Four Seasons Hotel Osaka,https://www.americanexpress.com/en-us/travel/discover/property/Japan/Osaka/Four-Seasons-Hotel-Osaka?intlink=US-travel-discover-property-results-propertyCard-Four-Seasons-Hotel-Osaka,"Osaka, Japan",FINE HOTELS + RESORTS,Four Seasons Hotels and Resorts,Program,34.6961363,135.4935424,"2-chōme-4-32 Dōjima, Kita Ward, Osaka, 530-0003, Japan",google_places,PLACE_DETAILS,ChIJueXXyXznAGARAkI6vy8XhEE,establishment;health;lodging;point_of_interest;spa,False,CACHED
Four Seasons Resort Palm Beach,https://www.americanexpress.com/en-us/travel/discover/property/Florida-US/Palm-Beach/Four-Seasons-Resort-Palm-Beach?intlink=US-travel-discover-property-results-propertyCard-Four-Seasons-Resort-Palm-Beach,"Palm Beach, Florida US",FINE HOTELS + RESORTS,Four Seasons Hotels and Resorts,Program,26.6186138,-80.03771800000001,"2800 S Ocean Blvd, Palm Beach, FL 33480, USA",google_places,PLACE_DETAILS,ChIJ-QQHE8TZ2IgREeYVGXlMFaU,establishment;health;lodging;point_of_interest;spa,False,CACHED
"The Ocean Club, A Four Seasons Resort, Bahamas",https://www.americanexpress.com/en-us/travel/discover/property/The-Bahamas/Paradise-Island/The-Ocean-Club-A-Four-Seasons-Resort-Bahamas?intlink=US-travel-discover-property-results-propertyCard-The-Ocean-Club-A-Four-Seasons-Resort-Bahamas,"Paradise Island, The Bahamas",FINE HOTELS + RESORTS,Four Seasons Hotels and Resorts,Program,25.0834459,-77.311358,"Paradise Island, One Ocean Drive, Nassau, The Bahamas",google_places,PLACE_DETAILS,ChIJxzEcPad9L4kRSUunoHVeGrY,establishment;lodging;point_of_interest;spa,False,CACHED
Four Seasons Hotel George V,https://www.americanexpress.com/en-us/travel/discover/property/France/Paris/Four-Seasons-Hotel-George-V?intlink=US-travel-discover-property-results-propertyCard-Four-Seasons-Hotel-George-V,"Paris, France",FINE HOTELS + RESORTS,Four Seasons Hotels and Resorts,Program,48.8687444,2.3008389,"31 Av. George V, 75008 Paris, France",google_places,PLACE_DETAILS,ChIJAcNYmcJv5kcR7EQ_IeMZp8c,establishment;lodging;point_of_interest;spa,False,CACHED
"Four Seasons Resort Peninsula Papagayo, Costa Rica",https://www.americanexpress.com/en-us/travel/discover/property/Costa-Rica/Peninsula-Papagayo/Four-Seasons-Resort-Peninsula-Papagayo-Costa-Rica?intlink=US-travel-discover-property-results-propertyCard-Four-Seasons-Resort-Peninsula-Papagayo-Costa-Rica,"Peninsula Papagayo, Costa Rica",FINE HOTELS + RESORTS,Four Seasons Hotels and Resorts,Program,10.6115855,-85.6884147,"Liberia Guanaste 26Km al Norte del Doit, CR-G, Peninsula Papagayo, 05000, Costa Rica",google_places,PLACE_DETAILS,ChIJ4-8la0qHdY8RGP3Buof_FrE,establishment;lodging;point_of_interest,False,CACHED
Four Seasons Hotel Philadelphia at Comcast Center,https://www.americanexpress.com/en-us/travel/discover/property/Pennsylvania-US/Philadelphia/Four-Seasons-Hotel-Philadelphia-At-Comcast-Center?intlink=US-travel-discover-property-results-propertyCard-Four-Seasons-Hotel-Philadelphia-At-Comcast-Center,"Philadelphia, Pennsylvania US",FINE HOTELS + RESORTS,Four Seasons Hotels and Resorts,Program,39.955014,-75.17095610000001,"One N 19th St, Philadelphia, PA 19103, USA",google_places,PLACE_DETAILS,ChIJ30X7sDPGxokR8ZUN9WEuItc,establishment;health;lodging;point_of_interest;spa,False,CACHED
Four Seasons Resort Mallorca at Formentor,https://www.americanexpress.com/en-us/travel/discover/property/Spain/Port-de-Pollença/Four-Seasons-Resort-Mallorca-At-Formentor?intlink=US-travel-discover-property-results-propertyCard-Four-Seasons-Resort-Mallorca-At-Formentor,"Port de Pollença, Spain",FINE HOTELS + RESORTS,Four Seasons Hotels and Resorts,Program,39.9267058,3.1449471,"Carrer de Formentor, s/n, 07470 Mallorca, Illes Balears, Spain",google_places,PLACE_DETAILS,ChIJcZM4NHnVlxIRjO1OuMVXPZE,bar;establishment;food;lodging;point_of_interest;restaurant;spa,False,CACHED
Four Seasons Hotel Prague,https://www.americanexpress.com/en-us/travel/discover/property/Czech-Republic/Prague/Four-Seasons-Hotel-Prague?intlink=US-travel-discover-property-results-propertyCard-Four-Seasons-Hotel-Prague,"Prague, Czech Republic",FINE HOTELS + RESORTS,Four Seasons Hotels and Resorts,Program,50.0875423,14.4149159,"Veleslavínova 1098/2a, Staré Město, 110 00 Praha-Praha 1, Czechia",google_places,PLACE_DETAILS,ChIJV98mG-aUC0cRFRxITFMotnk,establishment;health;lodging;point_of_interest;spa,False,CACHED
Four Seasons Resort Punta Mita,https://www.americanexpress.com/en-us/travel/discover/property/Nayarit-MX/Punta-de-Mita/Four-Seasons-Resort-Punta-Mita?intlink=US-travel-discover-property-results-propertyCard-Four-Seasons-Resort-Punta-Mita,"Punta de Mita, Nayarit MX",FINE HOTELS + RESORTS,Four Seasons Hotels and Resorts,Program,20.7677286,-105.5376237,"Punta Mita, 63734 Desarrollo Punta Mita, Nay., Mexico",google_places,PLACE_DETAILS,ChIJNc21EFwUIYQRriTcMmvUNGo,establishment;lodging;point_of_interest;spa,False,CACHED
"Naviva, A Four Seasons Resort, Punta Mita - All Inclusive",https://www.americanexpress.com/en-us/travel/discover/property/Nayarit-MX/Punta-Mita/Naviva-A-Four-Seasons-Resort-Punta-Mita---All-Inclusive?intlink=US-travel-discover-property-results-propertyCard-Naviva-A-Four-Seasons-Resort-Punta-Mita---All-Inclusive,"Punta Mita, Nayarit MX",FINE HOTELS + RESORTS,Four Seasons Hotels and Resorts,Program,20.7875439,-105.5280955,"México 200 Km 19.5, 63734 Desarrollo Punta Mita, Nay., Mexico",google_places,PLACE_DETAILS,ChIJdV9mWKkPjoURvlpkVxJ8b7k,establishment;lodging;point_of_interest;spa,False,CACHED
Four Seasons Resort and Residences Puerto Rico,https://www.americanexpress.com/en-us/travel/discover/property/Puerto-Rico/Rio-Grande/Four-Seasons-Resort-And-Residences-Puerto-Rico?intlink=US-travel-discover-property-results-propertyCard-Four-Seasons-Resort-And-Residences-Puerto-Rico,"Rio Grande, Puerto Rico",FINE HOTELS + RESORTS,Four Seasons Hotels and Resorts,Program,18.4125302,-65.8199351,"PR-187 Kilometer 4.2, Río Grande, 00745, Puerto Rico",google_places,PLACE_DETAILS,ChIJhaIHifKdBIwRK5yZaV94YXI,establishment;lodging;point_of_interest,False,CACHED
Four Seasons Hotel Riyadh at Kingdom Centre,https://www.americanexpress.com/en-us/travel/discover/property/Saudi-Arabia/Riyadh/Four-Seasons-Hotel-Riyadh-At-Kingdom-Centre?intlink=US-travel-discover-property-results-propertyCard-Four-Seasons-Hotel-Riyadh-At-Kingdom-Centre,"Riyadh, Saudi Arabia",FINE HOTELS + RESORTS,Four Seasons Hotels and Resorts,Program,24.7107058,46.6747246,"Kingdom Centre, Olaya St, Al Olaya, Riyadh 11321, Saudi Arabia",google_places,PLACE_DETAILS,ChIJmZNIDYkDLz4RvkI6LbJcj7c,establishment;lodging;point_of_interest;spa,False,CACHED
"Grand-Hotel du Cap-Ferrat, A Four Seasons Hotel",https://www.americanexpress.com/en-us/travel/discover/property/France/Saint-Jean-Cap-Ferrat/Grand-hotel-Du-Cap-ferrat-A-Four-Seasons-Hotel?intlink=US-travel-discover-property-results-propertyCard-Grand-hotel-Du-Cap-ferrat-A-Four-Seasons-Hotel,"Saint-Jean-Cap-Ferrat, France",FINE HOTELS + RESORTS,Four Seasons Hotels and Resorts,Program,43.6769609,7.3314874,"71 Bd du Général de Gaulle, 06230 Saint-Jean-Cap-Ferrat, France",google_places,PLACE_DETAILS,ChIJr5bDI3PbzRIRQ8hg-UCx31A,establishment;health;lodging;point_of_interest;spa,False,CACHED
Four Seasons Hotel San Francisco,https://www.americanexpress.com/en-us/travel/discover/property/California-US/San-Francisco/Four-Seasons-Hotel-San-Francisco?intlink=US-travel-discover-property-results-propertyCard-Four-Seasons-Hotel-San-Francisco,"San Francisco, California US",FINE HOTELS + RESORTS,Four Seasons Hotels and Resorts,Program,34.0730227,-118.3892337,"300 S Doheny Dr, Los Angeles, CA 90048, USA",google_places,PLACE_DETAILS,ChIJT9e323V644kRR6TiEnwcOlA,establishment;health;lodging;point_of_interest;spa,False,CACHED
Four Seasons Hotel San Francisco at Embarcadero,https://www.americanexpress.com/en-us/travel/discover/property/California-US/San-Francisco/Four-Seasons-Hotel-San-Francisco-At-Embarcadero?intlink=US-travel-discover-property-results-propertyCard-Four-Seasons-Hotel-San-Francisco-At-Embarcadero,"San Francisco, California US",FINE HOTELS + RESORTS,Four Seasons Hotels and Resorts,Program,37.7924766,-122.4008182,"222 Sansome St, San Francisco, CA 94104, USA",google_places,PLACE_DETAILS,ChIJpWIX-mGAhYAR_4UYmLGOVxA,establishment;lodging;point_of_interest,False,CACHED
Four Seasons Resort Rancho Encantado Santa Fe,https://www.americanexpress.com/en-us/travel/discover/property/New-Mexico-US/Santa-Fe/Four-Seasons-Resort-Rancho-Encantado-Santa-Fe?intlink=US-travel-discover-property-results-propertyCard-Four-Seasons-Resort-Rancho-Encantado-Santa-Fe,"Santa Fe, New Mexico US",FINE HOTELS + RESORTS,Four Seasons Hotels and Resorts,Program,35.7999805,-105.9221488,"198 NM-592, Santa Fe, NM 87506, USA",google_places,PLACE_DETAILS,ChIJ71nLodVIGIcRcvvFUudgTNk,establishment;lodging;point_of_interest;spa,False,CACHED
Four Seasons Resort Scottsdale at Troon North,https://www.americanexpress.com/en-us/travel/discover/property/Arizona-US/Scottsdale/Four-Seasons-Resort-Scottsdale-At-Troon-North?intlink=US-travel-discover-property-results-propertyCard-Four-Seasons-Resort-Scottsdale-At-Troon-North,"Scottsdale, Arizona US",FINE HOTELS + RESORTS,Four Seasons Hotels and Resorts,Program,33.7312546,-111.8527616,"10600 E Crescent Moon Dr, Scottsdale, AZ 85262, USA",google_places,PLACE_DETAILS,ChIJd3xCz1CdK4cRChsvzrpY28w,establishment;health;lodging;point_of_interest;spa,False,CACHED
Four Seasons Hotel Seattle,https://www.americanexpress.com/en-us/travel/discover/property/Washington-US/Seattle/Four-Seasons-Hotel-Seattle?intlink=US-travel-discover-property-results-propertyCard-Four-Seasons-Hotel-Seattle,"Seattle, Washington US",FINE HOTELS + RESORTS,Four Seasons Hotels and Resorts,Program,47.6076339,-122.3392617,"99 Union St, Seattle, WA 98101, USA",google_places,PLACE_DETAILS,ChIJsXC2QLJqkFQRVjAqYvY3XE0,establishment;health;lodging;point_of_interest;spa,False,CACHED
Four Seasons Hotel Seoul,https://www.americanexpress.com/en-us/travel/discover/property/South-Korea/Seoul/Four-Seasons-Hotel-Seoul?intlink=US-travel-discover-property-results-propertyCard-Four-Seasons-Hotel-Seoul,"Seoul, South Korea",FINE HOTELS + RESORTS,Four Seasons Hotels and Resorts,Program,37.57071,126.9754143,"97 Saemunan-ro, Dangju-dong, Jongno District, Seoul, South Korea",google_places,PLACE_DETAILS,ChIJ70ZLLpOifDUReqEQ7NGzGLw,establishment;lodging;point_of_interest;spa,False,CACHED
Four Seasons Safari Lodge Serengeti,https://www.americanexpress.com/en-us/travel/discover/property/Tanzania/Serengeti-National-Park/Four-Seasons-Safari-Lodge-Serengeti?intlink=US-travel-discover-property-results-propertyCard-Four-Seasons-Safari-Lodge-Serengeti,"Serengeti National Park, Tanzania",FINE HOTELS + RESORTS,Four Seasons Hotels and Resorts,Program,-2.2345057,34.9190527,"Four Seasons Rd, Serengeti 02002, Tanzania",google_places,PLACE_DETAILS,ChIJLXhzwEWUMhgRVCI2uhMkkp8,establishment;lodging;point_of_interest;spa,False,CACHED
Four Seasons Resort Sharm El Sheikh,https://www.americanexpress.com/en-us/travel/discover/property/Egypt/Sharm-Ash-Sheikh/Four-Seasons-Resort-Sharm-El-Sheikh?intlink=US-travel-discover-property-results-propertyCard-Four-Seasons-Resort-Sharm-El-Sheikh,"Sharm Ash Sheikh, Egypt",FINE HOTELS + RESORTS,Four Seasons Hotels and Resorts,Program,27.9564181,34.391837,"1 Four Seasons Boulevard, El-Salam, ثان شرم الشيخ، محافظة جنوب سيناء 8765201, Egypt",google_places,PLACE_DETAILS,ChIJVzzkG7xJUxQRjw4843s4kKA,establishment;lodging;point_of_interest;spa,False,CACHED
Four Seasons Hotel Shenzhen,https://www.americanexpress.com/en-us/travel/discover/property/China/Shenzhen/Four-Seasons-Hotel-Shenzhen?intlink=US-travel-discover-property-results-propertyCard-Four-Seasons-Hotel-Shenzhen,"Shenzhen, China",FINE HOTELS + RESORTS,Four Seasons Hotels and Resorts,Program,22.532998,114.058139,"138 Fu Hua San Lu, 中心城 Fu Tian Qu, Shen Zhen Shi, Guang Dong Sheng, China, 518017",google_places,PLACE_DETAILS,ChIJFyvFfQP0AzQRTHq1jeAWCMY,establishment;lodging;point_of_interest,False,CACHED
Four Seasons Hotel Singapore,https://www.americanexpress.com/en-us/travel/discover/property/Singapore/Singapore/Four-Seasons-Hotel-Singapore?intlink=US-travel-discover-property-results-propertyCard-Four-Seasons-Hotel-Singapore,"Singapore, Singapore",FINE HOTELS + RESORTS,Four Seasons Hotels and Resorts,Program,1.3050877,103.828718,"190 Orchard Blvd, Singapore 248646",google_places,PLACE_DETAILS,ChIJqbrxYIwZ2jERV9rTVcsl1Lk,establishment;health;lodging;point_of_interest;spa,False,CACHED
Four Seasons Hotel St. Louis,https://www.americanexpress.com/en-us/travel/discover/property/Missouri-US/St.-Louis/Four-Seasons-Hotel-St-Louis?intlink=US-travel-discover-property-results-propertyCard-Four-Seasons-Hotel-St-Louis,"St. Louis, Missouri US",FINE HOTELS + RESORTS,Four Seasons Hotels and Resorts,Program,38.6337127,-90.1848297,"999 N 2nd St, St. Louis, MO 63102, USA",google_places,PLACE_DETAILS,ChIJBW6JN96y2IcRtyWpvo8HQcA,establishment;health;lodging;point_of_interest;spa,False,CACHED
Four Seasons Hotel at The Surf Club,https://www.americanexpress.com/en-us/travel/discover/property/Florida-US/Surfside/Four-Seasons-Hotel-At-The-Surf-Club?intlink=US-travel-discover-property-results-propertyCard-Four-Seasons-Hotel-At-The-Surf-Club,"Surfside, Florida US",FINE HOTELS + RESORTS,Four Seasons Hotels and Resorts,Program,25.8774848,-80.1215331,"9011 Collins Ave, Surfside, FL 33154, USA",google_places,PLACE_DETAILS,ChIJr9ahs5ey2YgRdtqjj6J7NmI,establishment;health;lodging;point_of_interest;spa,False,CACHED
Four Seasons Hotel Suzhou,https://www.americanexpress.com/en-us/travel/discover/property/China/Suzhou/Four-Seasons-Hotel-Suzhou?intlink=US-travel-discover-property-results-propertyCard-Four-Seasons-Hotel-Suzhou,"Suzhou, China",FINE HOTELS + RESORTS,Four Seasons Hotels and Resorts,Program,31.30321499999999,120.70133,"88 Si Ji Lu, Wu Zhong Qu, Su Zhou Shi, Jiang Su Sheng, China, 214442",google_places,PLACE_DETAILS,ChIJG2rmwi-mszURAtA6nknLDwY,establishment;lodging;point_of_interest,False,CACHED
Four Seasons Hotel Sydney,https://www.americanexpress.com/en-us/travel/discover/property/Australia/Sydney/Four-Seasons-Hotel-Sydney?intlink=US-travel-discover-property-results-propertyCard-Four-Seasons-Hotel-Sydney,"Sydney, Australia",FINE HOTELS + RESORTS,Four Seasons Hotels and Resorts,Program,-33.8615815,151.2076503,"199 George St, The Rocks NSW 2000, Australia",google_places,PLACE_DETAILS,ChIJZ934S0KuEmsR_0lxV3PTR4M,establishment;lodging;point_of_interest;spa,False,CACHED
"San Domenico Palace, Taormina, a Four Seasons Hotel",https://www.americanexpress.com/en-us/travel/discover/property/Italy/Taormina/San-Domenico-Palace-Taormina-a-Four-Seasons-Hotel?intlink=US-travel-discover-property-results-propertyCard-San-Domenico-Palace-Taormina-a-Four-Seasons-Hotel,"Taormina, Italy",FINE HOTELS + RESORTS,Four Seasons Hotels and Resorts,Program,37.849962,15.2834255,"Via S. Domenico, 5, 98039 Taormina ME, Italy",google_places,PLACE_DETAILS,ChIJDVC2m6QRFBMRpO4vM4lfaAs,establishment;health;lodging;point_of_interest;spa,False,CACHED
Four Seasons Resort and Residences Jackson Hole,https://www.americanexpress.com/en-us/travel/discover/property/Wyoming-US/Teton-Village/Four-Seasons-Resort-And-Residences-Jackson-Hole?intlink=US-travel-discover-property-results-propertyCard-Four-Seasons-Resort-And-Residences-Jackson-Hole,"Teton Village, Wyoming US",FINE HOTELS + RESORTS,Four Seasons Hotels and Resorts,Program,43.589801,-110.826799,"7680 Granite Loop Rd, Teton Village, WY 83025, USA",google_places,PLACE_DETAILS,ChIJ5b3HFNYFU1MRZs4NFlgaX8A,establishment;health;lodging;point_of_interest;spa,False,CACHED
Four Seasons Hotel Tianjin,https://www.americanexpress.com/en-us/travel/discover/property/China/Tianjin/Four-Seasons-Hotel-Tianjin?intlink=US-travel-discover-property-results-propertyCard-Four-Seasons-Hotel-Tianjin,"Tianjin, China",FINE HOTELS + RESORTS,Four Seasons Hotels and Resorts,Program,39.1199539,117.1987681,"138 Chi Feng Dao, He Ping Qu, Tian Jin Shi, China, 300041",google_places,PLACE_DETAILS,ChIJtTUOI6L97TURMT9hPdvqJKA,establishment;lodging;point_of_interest,False,CACHED
Four Seasons Hotel Tokyo at Marunouchi,https://www.americanexpress.com/en-us/travel/discover/property/Japan/Tokyo/Four-Seasons-Hotel-Tokyo-At-Marunouchi?intlink=US-travel-discover-property-results-propertyCard-Four-Seasons-Hotel-Tokyo-At-Marunouchi,"Tokyo, Japan",FINE HOTELS + RESORTS,Four Seasons Hotels and Resorts,Program,35.6781486,139.7669907,"Pacific Century Place Marunouchi, 1-chōme-11-1 Marunouchi, Chiyoda City, Tokyo 100-6277, Japan",google_places,PLACE_DETAILS,ChIJo8OKQ_uLGGARyqJtyEFXiRA,establishment;health;lodging;point_of_interest;spa,False,CACHED
Four Seasons Hotel Tokyo at Otemachi,https://www.americanexpress.com/en-us/travel/discover/property/Japan/Tokyo/Four-Seasons-Hotel-Tokyo-At-Otemachi?intlink=US-travel-discover-property-results-propertyCard-Four-Seasons-Hotel-Tokyo-At-Otemachi,"Tokyo, Japan",FINE HOTELS + RESORTS,Four Seasons Hotels and Resorts,Program,35.6877339,139.7632912,"1-chōme-2-1 Ōtemachi, Chiyoda City, Tokyo 100-0004, Japan",google_places,PLACE_DETAILS,ChIJ_3Gd30-NGGARnuBcbf29bPA,establishment;health;lodging;point_of_interest;spa,False,CACHED
Four Seasons Hotel Toronto,https://www.americanexpress.com/en-us/travel/discover/property/Ontario-CA/Toronto/Four-Seasons-Hotel-Toronto?intlink=US-travel-discover-property-results-propertyCard-Four-Seasons-Hotel-Toronto,"Toronto, Ontario CA",FINE HOTELS + RESORTS,Four Seasons Hotels and Resorts,Program,43.6716834,-79.389725,"60 Yorkville Ave, Toronto, ON M4W 0A4, Canada",google_places,PLACE_DETAILS,ChIJ9RKx2KQ0K4gRT1k8DuHyJkM,establishment;health;lodging;point_of_interest;spa,False,CACHED
Four Seasons Resort Bali at Sayan,https://www.americanexpress.com/en-us/travel/discover/property/Indonesia/Ubud/Four-Seasons-Resort-Bali-At-Sayan?intlink=US-travel-discover-property-results-propertyCard-Four-Seasons-Resort-Bali-At-Sayan,"Ubud, Indonesia",FINE HOTELS + RESORTS,Four Seasons Hotels and Resorts,Program,-8.5003995,115.2415196,"Jl. Raya Sayan, Sayan, Kecamatan Ubud, Kabupaten Gianyar, Bali 80571, Indonesia",google_places,PLACE_DETAILS,ChIJzdUYSsUi0i0R73icGTwBtn8,establishment;lodging;point_of_interest,False,CACHED
Four Seasons Resort and Residences Vail,https://www.americanexpress.com/en-us/travel/discover/property/Colorado-US/Vail/Four-Seasons-Resort-And-Residences-Vail?intlink=US-travel-discover-property-results-propertyCard-Four-Seasons-Resort-And-Residences-Vail,"Vail, Colorado US",FINE HOTELS + RESORTS,Four Seasons Hotels and Resorts,Program,39.6433195,-106.3794613,"One Vail Rd, Vail, CO 81657, USA",google_places,PLACE_DETAILS,ChIJ-Q664WhwaocR2r-q1oanbNM,establishment;health;lodging;point_of_interest;spa,False,CACHED
Four Seasons Resort Maui at Wailea,https://www.americanexpress.com/en-us/travel/discover/property/Hawaii-US/Wailea/Four-Seasons-Resort-Maui-At-Wailea?intlink=US-travel-discover-property-results-propertyCard-Four-Seasons-Resort-Maui-At-Wailea,"Wailea, Hawaii US",FINE HOTELS + RESORTS,Four Seasons Hotels and Resorts,Program,20.6801531,-156.4423445,"3900 Wailea Alanui Dr, Kihei, HI 96753, USA",google_places,PLACE_DETAILS,ChIJW5YfgNjaVHkRqTZlw7xzdy0,establishment;health;lodging;point_of_interest;spa,False,CACHED
"Four Seasons Washington, D.C.",https://www.americanexpress.com/en-us/travel/discover/property/District-of-Columbia-US/Washington/Four-Seasons-Washington-Dc?intlink=US-travel-discover-property-results-propertyCard-Four-Seasons-Washington-Dc,"Washington, District of Columbia US",FINE HOTELS + RESORTS,Four Seasons Hotels and Resorts,Program,38.9048185,-77.0572948,"2800 Pennsylvania Ave NW, Washington, DC 20007, USA",google_places,PLACE_DETAILS,ChIJNdBhOEu2t4kR6zkWO2XCzFI,establishment;health;lodging;point_of_interest;spa,False,CACHED
"Four Seasons Hotel Westlake Village, California",https://www.americanexpress.com/en-us/travel/discover/property/California-US/Westlake-Village/Four-Seasons-Hotel-Westlake-Village-California?intlink=US-travel-discover-property-results-propertyCard-Four-Seasons-Hotel-Westlake-Village-California,"Westlake Village, California US",FINE HOTELS + RESORTS,Four Seasons Hotels and Resorts,Program,34.1515768,-118.8045888,"2 Dole Dr, Westlake Village, CA 91362, USA",google_places,PLACE_DETAILS,ChIJ2SaOgl0k6IARwrbTAX8_lNM,establishment;health;lodging;point_of_interest;spa,False,CACHED
Four Seasons Resort Whistler,https://www.americanexpress.com/en-us/travel/discover/property/British-Columbia-CA/Whistler/Four-Seasons-Resort-Whistler?intlink=US-travel-discover-property-results-propertyCard-Four-Seasons-Resort-Whistler,"Whistler, British Columbia CA",FINE HOTELS + RESORTS,Four Seasons Hotels and Resorts,Program,50.119006,-122.9446848,"4591 Blackcomb Wy, Whistler, BC V8E 0Y4, Canada",google_places,PLACE_DETAILS,ChIJS97xNlU7h1QRWfk0So-xLeo,establishment;lodging;point_of_interest;spa,False,CACHED
"Hotel Fenix, a Gran Melia Hotel",https://www.americanexpress.com/en-us/travel/discover/property/Spain/Madrid/Hotel-Fenix-a-Gran-Melia-Hotel?intlink=US-travel-discover-property-results-propertyCard-Hotel-Fenix-a-Gran-Melia-Hotel,"Madrid, Spain",FINE HOTELS + RESORTS,Gran Meliá Hotels & Resorts,Program,41.918669,12.5138843,"Viale Gorizia, 5, 00198 Roma RM, Italy",google_geocoding,ROOFTOP,ChIJUXA8yG5hLxMRxME9pDQN2ds,establishment;lodging;point_of_interest,True,CACHED
"Palacio de los Duques, a Gran Melia Hotel",https://www.americanexpress.com/en-us/travel/discover/property/Spain/Madrid/Palacio-De-Los-Duques-a-Gran-Melia-Hotel?intlink=US-travel-discover-property-results-propertyCard-Palacio-De-Los-Duques-a-Gran-Melia-Hotel,"Madrid, Spain",FINE HOTELS + RESORTS,Gran Meliá Hotels & Resorts,Program,40.419756,-3.709671,"Cuesta de Sto. Domingo, 5, Centro, 28013 Madrid, Spain",google_places,PLACE_DETAILS,ChIJYZY0u3soQg0RxvxnGKfm25c,establishment;lodging;point_of_interest,False,CACHED
"Villa Le Blanc, a Gran Melia Hotel",https://www.americanexpress.com/en-us/travel/discover/property/Spain/Menorca/Villa-Le-Blanc-a-Gran-Melia-Hotel?intlink=US-travel-discover-property-results-propertyCard-Villa-Le-Blanc-a-Gran-Melia-Hotel,"Menorca, Spain",FINE HOTELS + RESORTS,Gran Meliá Hotels & Resorts,Program,39.916257,4.036986,"Urbanització Santo Tomàs, 07749 Sant Tomas, Illes Balears, Spain",google_places,PLACE_DETAILS,ChIJ2_mrMtcfvhIRmwdoSDBNoJY,establishment;lodging;point_of_interest,False,CACHED
Gran Melia Iguazu,https://www.americanexpress.com/en-us/travel/discover/property/Argentina/Puerto-Iguazú/Gran-Melia-Iguazu?intlink=US-travel-discover-property-results-propertyCard-Gran-Melia-Iguazu,"Puerto Iguazú, Argentina",FINE HOTELS + RESORTS,Gran Meliá Hotels & Resorts,Program,-25.679925,-54.445351,"Ent. A Parque Nacional Iguazú, N3370 Puerto Iguazú, Misiones, Argentina",google_places,PLACE_DETAILS,ChIJUVAAUGXq9pQR42-IB2-xoX8,establishment;lodging;point_of_interest,False,CACHED
"Villa Agrippina, A Gran Melia Hotel, Rome",https://www.americanexpress.com/en-us/travel/discover/property/Italy/Rome/Villa-Agrippina-A-Gran-Melia-Hotel-Rome?intlink=US-travel-discover-property-results-propertyCard-Villa-Agrippina-A-Gran-Melia-Hotel-Rome,"Rome, Italy",FINE HOTELS + RESORTS,Gran Meliá Hotels & Resorts,Program,41.89906999999999,12.46057,"Via del Gianicolo, 3, 00165 Roma RM, Italy",google_places,PLACE_DETAILS,ChIJsx8tf0JgLxMRjg04QVXIOug,establishment;lodging;point_of_interest,False,CACHED
"Hotel Colon, a Gran Melia Hotel Seville",https://www.americanexpress.com/en-us/travel/discover/property/Spain/Seville/Hotel-Colon-a-Gran-Melia-Hotel-Seville?intlink=US-travel-discover-property-results-propertyCard-Hotel-Colon-a-Gran-Melia-Hotel-Seville,"Seville, Spain",FINE HOTELS + RESORTS,Gran Meliá Hotels & Resorts,Program,37.39089999999999,-5.998500000000001,"C. Canalejas, 1, Casco Antiguo, 41001 Sevilla, Spain",google_geocoding,ROOFTOP,ChIJO2l2_RFsEg0RWOJoTZ2IScU,establishment;lodging;point_of_interest,True,CACHED
Grand Hyatt Hong Kong,https://www.americanexpress.com/en-us/travel/discover/property/China/Hong-Kong/Grand-Hyatt-Hong-Kong?intlink=US-travel-discover-property-results-propertyCard-Grand-Hyatt-Hong-Kong,"Hong Kong, China",FINE HOTELS + RESORTS,Grand Hyatt,Program,22.2814073,114.1721379,"1 Harbour Rd, Wan Chai, Hong Kong",google_places,PLACE_DETAILS,ChIJ7VpqmF4ABDQRi1SbdlsRfys,establishment;lodging;point_of_interest,False,CACHED
Grand Hyatt Indian Wells Resort and Villas,https://www.americanexpress.com/en-us/travel/discover/property/California-US/Indian-Wells/Grand-Hyatt-Indian-Wells-Resort-And-Villas?intlink=US-travel-discover-property-results-propertyCard-Grand-Hyatt-Indian-Wells-Resort-And-Villas,"Indian Wells, California US",FINE HOTELS + RESORTS,Grand Hyatt,Program,33.7238215,-116.3320258,"44600 Indian Wells Ln, Indian Wells, CA 92210, USA",google_places,PLACE_DETAILS,ChIJXULWrrb-2oARQFn-66I1IsA,establishment;lodging;point_of_interest,False,CACHED
Grand Hyatt Kaua`i Resort & Spa,https://www.americanexpress.com/en-us/travel/discover/property/Hawaii-US/Koloa/Grand-Hyatt-Kauai-Resort--Spa?intlink=US-travel-discover-property-results-propertyCard-Grand-Hyatt-Kauai-Resort--Spa,"Koloa, Hawaii US",FINE HOTELS + RESORTS,Grand Hyatt,Program,21.8763069,-159.439324,"1571 Poipu Rd, Koloa, HI 96756, USA",google_places,PLACE_DETAILS,ChIJo1k1vI0aB3wRRhjRjaazi6U,establishment;lodging;point_of_interest,False,CACHED
Grand Hyatt Deer Valley,https://www.americanexpress.com/en-us/travel/discover/property/Utah-US/Park-City/Grand-Hyatt-Deer-Valley?intlink=US-travel-discover-property-results-propertyCard-Grand-Hyatt-Deer-Valley,"Park City, Utah US",FINE HOTELS + RESORTS,Grand Hyatt,Program,40.62092699999999,-111.441213,"1702 Glencoe Mountain Wy, Park City, UT 84060, USA",google_places,PLACE_DETAILS,ChIJWX_kHuUMUocRJ5F-Isnj4R0,establishment;lodging;point_of_interest,False,CACHED
The Residences at Grand Hyatt Deer Valley,https://www.americanexpress.com/en-us/travel/discover/property/Utah-US/Park-City/The-Residences-At-Grand-Hyatt-Deer-Valley?intlink=US-travel-discover-property-results-propertyCard-The-Residences-At-Grand-Hyatt-Deer-Valley,"Park City, Utah US",FINE HOTELS + RESORTS,Grand Hyatt,Program,40.621041,-111.440979,"1702 Glencoe Mountain Wy, Park City, UT 84060, USA",google_places,PLACE_DETAILS,ChIJKfuuGT4NUocRjnNWTgIoSFU,establishment;lodging;point_of_interest,False,CACHED
Grand Hyatt Seoul,https://www.americanexpress.com/en-us/travel/discover/property/South-Korea/Seoul/Grand-Hyatt-Seoul?intlink=US-travel-discover-property-results-propertyCard-Grand-Hyatt-Seoul,"Seoul, South Korea",FINE HOTELS + RESORTS,Grand Hyatt,Program,37.5394318,126.997519,"322 Sowol-ro, Yongsan District, Seoul, South Korea",google_places,PLACE_DETAILS,ChIJm00QzrKjfDURrmF3qXVQJCk,establishment;lodging;point_of_interest,False,CACHED
Grand Hyatt Taipei,https://www.americanexpress.com/en-us/travel/discover/property/Taiwan/Taipei/Grand-Hyatt-Taipei?intlink=US-travel-discover-property-results-propertyCard-Grand-Hyatt-Taipei,"Taipei, Taiwan",FINE HOTELS + RESORTS,Grand Hyatt,Program,25.0351708,121.5628669,"No. 2號, Songshou Rd, Xinyi District, Taipei City, Taiwan 110061",google_places,PLACE_DETAILS,ChIJty1ap7erQjQRWmO-mTv1zkQ,establishment;lodging;point_of_interest,False,CACHED
Grand Hyatt Tokyo,https://www.americanexpress.com/en-us/travel/discover/property/Japan/Tokyo/Grand-Hyatt-Tokyo?intlink=US-travel-discover-property-results-propertyCard-Grand-Hyatt-Tokyo,"Tokyo, Japan",FINE HOTELS + RESORTS,Grand Hyatt,Program,35.6600777,139.7283208,"6-chōme-10-3 Roppongi, Minato City, Tokyo 106-0032, Japan",google_places,PLACE_DETAILS,ChIJSUuI2buJGGARsWTQED5lKJU,establishment;lodging;point_of_interest,False,CACHED
Grand Hyatt Vail,https://www.americanexpress.com/en-us/travel/discover/property/Colorado-US/Vail/Grand-Hyatt-Vail?intlink=US-travel-discover-property-results-propertyCard-Grand-Hyatt-Vail,"Vail, Colorado US",FINE HOTELS + RESORTS,Grand Hyatt,Program,39.6368394,-106.40277,"1300 Westhaven Dr, Vail, CO 81657, USA",google_places,PLACE_DETAILS,ChIJkQUaXWdxaocRxcjF3_cimbE,establishment;lodging;point_of_interest,False,CACHED
Waldorf Astoria Helsinki,https://www.americanexpress.com/en-us/travel/discover/property/Finland/Helsinki/Waldorf-Astoria-Helsinki?intlink=US-travel-discover-property-results-propertyCard-Waldorf-Astoria-Helsinki,"Helsinki, Finland",FINE HOTELS + RESORTS,Hilton Hotels & Resorts,Program,60.31638109999999,24.9642119,"Lentäjänkuja 1, 01530 Vantaa, Finland",google_places,PLACE_DETAILS,ChIJP4l9FW_4jUYRylGcjhfhN1I,establishment;lodging;point_of_interest,False,CACHED
The Duniway Portland,https://www.americanexpress.com/en-us/travel/discover/property/Oregon-US/Portland/The-Duniway-Portland?intlink=US-travel-discover-property-results-propertyCard-The-Duniway-Portland,"Portland, Oregon US",FINE HOTELS + RESORTS,Hilton Hotels & Resorts,Program,45.5177981,-122.6790716,"545 SW Taylor St, Portland, OR 97204, USA",google_places,PLACE_DETAILS,ChIJCQtwFQUKlVQRjX0QXXWz6i8,establishment;lodging;point_of_interest,False,CACHED
The Vista at Hilton Tel Aviv,https://www.americanexpress.com/en-us/travel/discover/property/Israel/Tel-Aviv/The-Vista-At-Hilton-Tel-Aviv?intlink=US-travel-discover-property-results-propertyCard-The-Vista-At-Hilton-Tel-Aviv,"Tel Aviv, Israel",FINE HOTELS + RESORTS,Hilton Hotels & Resorts,Program,32.0892893,34.7706343,"HaYarkon 205A, 11th - 17th, Floors, 6340506, Israel",google_places,PLACE_DETAILS,ChIJTYVJnXZMHRURvpK369lVOuM,establishment;lodging;point_of_interest;spa,False,CACHED
Impression Isla Mujeres by Secrets,https://www.americanexpress.com/en-us/travel/discover/property/Quintana-Roo-MX/Isla-Mujeres/Impression-Isla-Mujeres-By-Secrets?intlink=US-travel-discover-property-results-propertyCard-Impression-Isla-Mujeres-By-Secrets,"Isla Mujeres, Quintana Roo MX",FINE HOTELS + RESORTS,Hyatt,Program,21.2097961,-86.7207294,"Av. Perimetral Ote. Supermanzana 009 Manzana 055 Lote Pon, 77400 Quintana Roo, Q.R., Mexico",google_places,PLACE_DETAILS,ChIJH-a5oWglTI8RgthQW_GBrNM,establishment;lodging;point_of_interest,False,CACHED
"The Chatwal, New York",https://www.americanexpress.com/en-us/travel/discover/property/New-York-US/New-York/The-Chatwal-New-York?intlink=US-travel-discover-property-results-propertyCard-The-Chatwal-New-York,"New York, New York US",FINE HOTELS + RESORTS,Hyatt,Program,40.7565183,-73.9846017,"130 W 44th St, New York, NY 10036, USA",google_geocoding,ROOFTOP,ChIJ613balVYwokR2Sd7fEqauZs,establishment;lodging;point_of_interest,True,CACHED
Mission Pacific Beach Resort,https://www.americanexpress.com/en-us/travel/discover/property/California-US/Oceanside/Mission-Pacific-Beach-Resort?intlink=US-travel-discover-property-results-propertyCard-Mission-Pacific-Beach-Resort,"Oceanside, California US",FINE HOTELS + RESORTS,Hyatt,Program,33.1945008,-117.3832749,"201 N Myers St, Oceanside, CA 92054, USA",google_places,PLACE_DETAILS,ChIJSzqwgTdu3IARj2HE0zhaS3M,establishment;lodging;point_of_interest,False,CACHED
"Hotel La Compania, Panama",https://www.americanexpress.com/en-us/travel/discover/property/Panama/Panama-City/Hotel-La-Compania-Panama?intlink=US-travel-discover-property-results-propertyCard-Hotel-La-Compania-Panama,"Panama City, Panama",FINE HOTELS + RESORTS,Hyatt,Program,8.9516187,-79.5356532,"Av. A Calle 8, Panamá, Provincia de Panamá, Panama",google_geocoding,ROOFTOP,ChIJ8zsbITivrI8RD7BmEJjmSv0,establishment;lodging;point_of_interest,True,CACHED
The Bellevue Hotel,https://www.americanexpress.com/en-us/travel/discover/property/Pennsylvania-US/Philadelphia/The-Bellevue-Hotel?intlink=US-travel-discover-property-results-propertyCard-The-Bellevue-Hotel,"Philadelphia, Pennsylvania US",FINE HOTELS + RESORTS,Hyatt,Program,39.9489872,-75.1645437,"200 S Broad St, Philadelphia, PA 19102, USA",google_places,PLACE_DETAILS,ChIJ_215XiXGxokRlNtYDYPYQfI,establishment;lodging;point_of_interest,False,CACHED
Impression Moxche by Secrets,https://www.americanexpress.com/en-us/travel/discover/property/Quintana-Roo-MX/Playa-del-Carmen/Impression-Moxche-By-Secrets?intlink=US-travel-discover-property-results-propertyCard-Impression-Moxche-By-Secrets,"Playa del Carmen, Quintana Roo MX",FINE HOTELS + RESORTS,Hyatt,Program,20.6586615,-87.0398062,"Carr. Cancún - Tulum km 294 77710, 77714 Playa del Carmen, Q.R., Mexico",google_places,PLACE_DETAILS,ChIJNT8y05FdTo8RX0q_LeRKVp4,establishment;lodging;point_of_interest,False,CACHED
Numu Boutique Hotel San Miguel de Allende,https://www.americanexpress.com/en-us/travel/discover/property/Guanajuato-MX/San-Miguel-de-Allende/Numu-Boutique-Hotel-San-Miguel-De-Allende?intlink=US-travel-discover-property-results-propertyCard-Numu-Boutique-Hotel-San-Miguel-De-Allende,"San Miguel de Allende, Guanajuato MX",FINE HOTELS + RESORTS,Hyatt,Program,20.9098625,-100.7443084,"Guanajuato Guanajuato MX, Nemesio Diez 20, Zona Centro, 37700 San Miguel de Allende, Gto., Mexico",google_places,PLACE_DETAILS,ChIJ__-2EbBRK4QROqwynaCuGGU,establishment;lodging;point_of_interest,False,CACHED
The Georgian,https://www.americanexpress.com/en-us/travel/discover/property/California-US/Santa-Monica/The-Georgian?intlink=US-travel-discover-property-results-propertyCard-The-Georgian,"Santa Monica, California US",FINE HOTELS + RESORTS,Hyatt,Program,34.013851,-118.49725,"1415 Ocean Ave, Santa Monica, CA 90401, USA",google_places,PLACE_DETAILS,ChIJe1_X9oilwoARPCYnwz3xNIY,establishment;lodging;point_of_interest,False,CACHED
Hyatt Vancouver Downtown Alberni,https://www.americanexpress.com/en-us/travel/discover/property/British-Columbia-CA/Vancouver/Hyatt-Vancouver-Downtown-Alberni?intlink=US-travel-discover-property-results-propertyCard-Hyatt-Vancouver-Downtown-Alberni,"Vancouver, British Columbia CA",FINE HOTELS + RESORTS,Hyatt,Program,49.2856957,-123.1237629,"1128 W Georgia St, Vancouver, BC V6E 0A8, Canada",google_places,PLACE_DETAILS,ChIJh5zwBIFxhlQR_QjeJp-g8AU,establishment;lodging;point_of_interest,False,CACHED
"Hyatt Regency Lake Tahoe Resort, Spa and Casino",https://www.americanexpress.com/en-us/travel/discover/property/Nevada-US/Incline-Village/Hyatt-Regency-Lake-Tahoe-Resort-Spa-And-Casino?intlink=US-travel-discover-property-results-propertyCard-Hyatt-Regency-Lake-Tahoe-Resort-Spa-And-Casino,"Incline Village, Nevada US",FINE HOTELS + RESORTS,Hyatt Regency,Program,39.2402366,-119.9431558,"111 Country Club Dr, Incline Village, NV 89451, USA",google_places,PLACE_DETAILS,ChIJra8hnEZwmYARkb17p09lRp4,establishment;lodging;point_of_interest,False,CACHED
Hotel Palais de la Mediterranee,https://www.americanexpress.com/en-us/travel/discover/property/France/Nice/Hotel-Palais-De-La-Mediterranee?intlink=US-travel-discover-property-results-propertyCard-Hotel-Palais-De-La-Mediterranee,"Nice, France",FINE HOTELS + RESORTS,Hyatt Regency,Program,43.6953004,7.263005899999999,"13 Prom. des Anglais, 06000 Nice, France",google_places,PLACE_DETAILS,ChIJIdtTwwrQzRIRAZAXfU2J22g,establishment;lodging;point_of_interest,False,CACHED
"Hyatt Regency Aruba Resort, Spa & Casino",https://www.americanexpress.com/en-us/travel/discover/property/Aruba/Palm-Beach/Hyatt-Regency-Aruba-Resort-Spa--Casino?intlink=US-travel-discover-property-results-propertyCard-Hyatt-Regency-Aruba-Resort-Spa--Casino,"Palm Beach, Aruba",FINE HOTELS + RESORTS,Hyatt Regency,Program,12.5718501,-70.04582909999999,"J.E. Irausquin Blvd 85, Noord, Aruba",google_places,PLACE_DETAILS,ChIJhY8I-QU4hY4R60u2Q6_dUJg,establishment;lodging;point_of_interest,False,CACHED
InterContinental Amstel Amsterdam,https://www.americanexpress.com/en-us/travel/discover/property/Netherlands/Amsterdam/Intercontinental-Amstel-Amsterdam?intlink=US-travel-discover-property-results-propertyCard-Intercontinental-Amstel-Amsterdam,"Amsterdam, Netherlands",FINE HOTELS + RESORTS,IHG Hotels & Resorts,Program,52.3601,4.9049,"Professor Tulpplein 1, 1018 GX Amsterdam, Netherlands",google_places,PLACE_DETAILS,ChIJ2z9uuZAJxkcRTdWVTMl58-o,establishment;lodging;point_of_interest,False,CACHED
InterContinental Buckhead Atlanta,https://www.americanexpress.com/en-us/travel/discover/property/Georgia-US/Atlanta/Intercontinental-Buckhead-Atlanta?intlink=US-travel-discover-property-results-propertyCard-Intercontinental-Buckhead-Atlanta,"Atlanta, Georgia US",FINE HOTELS + RESORTS,IHG Hotels & Resorts,Program,33.8451862,-84.3683337,"3315 Peachtree Rd NE, Atlanta, GA 30326, USA",google_places,PLACE_DETAILS,ChIJDxaDJPYF9YgR9AlaY_69ysM,establishment;lodging;point_of_interest,False,CACHED
InterContinental Auckland,https://www.americanexpress.com/en-us/travel/discover/property/New-Zealand/Auckland/Intercontinental-Auckland?intlink=US-travel-discover-property-results-propertyCard-Intercontinental-Auckland,"Auckland, New Zealand",FINE HOTELS + RESORTS,IHG Hotels & Resorts,Program,-36.8432879,174.7665884,"1 Queen Street, Auckland Central, Auckland 1010, New Zealand",google_places,PLACE_DETAILS,ChIJOQvvQflHDW0RED7KV8A79Cs,establishment;lodging;point_of_interest,False,CACHED
ANA InterContinental Beppu Resort & Spa,https://www.americanexpress.com/en-us/travel/discover/property/Japan/Beppu/Ana-Intercontinental-Beppu-Resort--Spa?intlink=US-travel-discover-property-results-propertyCard-Ana-Intercontinental-Beppu-Resort--Spa,"Beppu, Japan",FINE HOTELS + RESORTS,IHG Hotels & Resorts,Program,33.3181273,131.4608113,"Oaza, 499-18 Kannawa, Beppu, Oita 874-0000, Japan",google_places,PLACE_DETAILS,ChIJwxIaIMenRjURY8wecfTpuWE,establishment;lodging;point_of_interest,False,CACHED
InterContinental Bordeaux - Le Grand Hotel,https://www.americanexpress.com/en-us/travel/discover/property/France/Bordeaux/Intercontinental-Bordeaux---Le-Grand-Hotel?intlink=US-travel-discover-property-results-propertyCard-Intercontinental-Bordeaux---Le-Grand-Hotel,"Bordeaux, France",FINE HOTELS + RESORTS,IHG Hotels & Resorts,Program,44.8424181,-0.5746918999999999,"2 Pl. de la Comédie, 33000 Bordeaux, France",google_places,PLACE_DETAILS,ChIJGUXc1DMnVQ0Rqkr5Wuqi-34,establishment;lodging;point_of_interest,False,CACHED
InterContinental Athenee Palace Bucharest,https://www.americanexpress.com/en-us/travel/discover/property/Romania/Bucharest/Intercontinental-Athenee-Palace-Bucharest?intlink=US-travel-discover-property-results-propertyCard-Intercontinental-Athenee-Palace-Bucharest,"Bucharest, Romania",FINE HOTELS + RESORTS,IHG Hotels & Resorts,Program,44.4411024,26.0958982,"Strada Episcopiei 1-3, 010292 București, Romania",google_places,PLACE_DETAILS,ChIJS43vIcD_sUARiNxREOIuitA,establishment;lodging;point_of_interest,False,CACHED
InterContinental Danang Sun Peninsula Resort,https://www.americanexpress.com/en-us/travel/discover/property/Vietnam/Danang/Intercontinental-Danang-Sun-Peninsula-Resort?intlink=US-travel-discover-property-results-propertyCard-Intercontinental-Danang-Sun-Peninsula-Resort,"Danang, Vietnam",FINE HOTELS + RESORTS,IHG Hotels & Resorts,Program,16.1208274,108.3062154,"Bãi Bắc, Thọ Quang, Sơn Trà, Đà Nẵng 550000, Vietnam",google_places,PLACE_DETAILS,ChIJmZHsE5U9QjERDa3a1CuK3lo,establishment;food;lodging;point_of_interest;restaurant;spa,False,CACHED
InterContinental Cascais-Estoril,https://www.americanexpress.com/en-us/travel/discover/property/Portugal/Estoril/Intercontinental-Cascais-estoril?intlink=US-travel-discover-property-results-propertyCard-Intercontinental-Cascais-estoril,"Estoril, Portugal",FINE HOTELS + RESORTS,IHG Hotels & Resorts,Program,38.7041392,-9.4058204,"Av. Marginal 8023, 2765-249 Estoril, Portugal",google_places,PLACE_DETAILS,ChIJ9dV1bs7FHg0R_8T1arQfoWc,establishment;lodging;point_of_interest,False,CACHED
InterContinental Hayman Great Barrier Reef,https://www.americanexpress.com/en-us/travel/discover/property/Australia/Hayman-Island/Intercontinental-Hayman-Great-Barrier-Reef?intlink=US-travel-discover-property-results-propertyCard-Intercontinental-Hayman-Great-Barrier-Reef,"Hayman Island, Australia",FINE HOTELS + RESORTS,IHG Hotels & Resorts,Program,-20.056671,148.8868168,"Hayman Island Whitsunday Islands, Hayman Island QLD 4802, Australia",google_places,PLACE_DETAILS,ChIJASD2AGND2GsRY6YMYl1q-N4,establishment;lodging;point_of_interest,False,CACHED
InterContinental Kaohsiung,https://www.americanexpress.com/en-us/travel/discover/property/Taiwan/Kaohsiung-City/Intercontinental-Kaohsiung?intlink=US-travel-discover-property-results-propertyCard-Intercontinental-Kaohsiung,"Kaohsiung City, Taiwan",FINE HOTELS + RESORTS,IHG Hotels & Resorts,Program,22.6113474,120.3034932,"No. 33號, Singuang Rd, Cianjhen District, Kaohsiung City, Taiwan 806",google_places,PLACE_DETAILS,ChIJD0spUCkDbjQRSnSnu_SJTdY,bar;establishment;food;gym;health;lodging;point_of_interest;restaurant,False,CACHED
InterContinental Ljubljana,https://www.americanexpress.com/en-us/travel/discover/property/Slovenia/Ljubljana/Intercontinental-Ljubljana?intlink=US-travel-discover-property-results-propertyCard-Intercontinental-Ljubljana,"Ljubljana, Slovenia",FINE HOTELS + RESORTS,IHG Hotels & Resorts,Program,46.05717180000001,14.5055862,"Slovenska cesta 59, 1000 Ljubljana, Slovenia",google_places,PLACE_DETAILS,ChIJ-b-LlJ4yZUcRwtkvC_SvZJQ,establishment;lodging;point_of_interest,False,CACHED
InterContinental Lyon Hotel Dieu,https://www.americanexpress.com/en-us/travel/discover/property/France/Lyon/Intercontinental-Lyon-Hotel-Dieu?intlink=US-travel-discover-property-results-propertyCard-Intercontinental-Lyon-Hotel-Dieu,"Lyon, France",FINE HOTELS + RESORTS,IHG Hotels & Resorts,Program,45.7583641,4.836795899999999,"20 Quai Jules Courmont, 69002 Lyon, France",google_places,PLACE_DETAILS,ChIJ7-4l0lDr9EcRwrHGiGDtlwY,establishment;lodging;point_of_interest,False,CACHED
InterContinental Marseille-Hotel Dieu,https://www.americanexpress.com/en-us/travel/discover/property/France/Marseille/Intercontinental-Marseille-hotel-Dieu?intlink=US-travel-discover-property-results-propertyCard-Intercontinental-Marseille-hotel-Dieu,"Marseille, France",FINE HOTELS + RESORTS,IHG Hotels & Resorts,Program,43.2985892,5.369783099999999,"1 Pl. Daviel, 13002 Marseille, France",google_places,PLACE_DETAILS,ChIJD2enusHAyRIRJx7FaKMqLE4,establishment;lodging;point_of_interest,False,CACHED
InterContinental Khao Yai Resort,https://www.americanexpress.com/en-us/travel/discover/property/Thailand/Nakhon-Ratchasima/Intercontinental-Khao-Yai-Resort?intlink=US-travel-discover-property-results-propertyCard-Intercontinental-Khao-Yai-Resort,"Nakhon Ratchasima, Thailand",FINE HOTELS + RESORTS,IHG Hotels & Resorts,Program,14.5116433,101.5350323,"262, Sub, Tambon Pong Ta Long, Amphoe Pak Chong, Chang Wat Nakhon Ratchasima 30450, Thailand",google_places,PLACE_DETAILS,ChIJ4ZVnt-ArHDERr7dFLl965MY,establishment;lodging;point_of_interest,False,CACHED
InterContinental Osaka,https://www.americanexpress.com/en-us/travel/discover/property/Japan/Osaka/Intercontinental-Osaka?intlink=US-travel-discover-property-results-propertyCard-Intercontinental-Osaka,"Osaka, Japan",FINE HOTELS + RESORTS,IHG Hotels & Resorts,Program,34.7064706,135.4946187,"3-3-60 Ōfukachō, Kita Ward, Osaka, 530-0011, Japan",google_places,PLACE_DETAILS,ChIJ30LI_YvmAGARwsgnmlv_H_4,establishment;lodging;point_of_interest,False,CACHED
InterContinental Paris Le Grand,https://www.americanexpress.com/en-us/travel/discover/property/France/Paris/Intercontinental-Paris-Le-Grand?intlink=US-travel-discover-property-results-propertyCard-Intercontinental-Paris-Le-Grand,"Paris, France",FINE HOTELS + RESORTS,IHG Hotels & Resorts,Program,48.8709797,2.3304777,"2 Rue Scribe, 75009 Paris, France",google_places,PLACE_DETAILS,ChIJt4LY5C1u5kcRZmZx4KyzhVM,establishment;lodging;point_of_interest,False,CACHED
InterContinental Porto - Palacio das Cardosas,https://www.americanexpress.com/en-us/travel/discover/property/Portugal/Porto/Intercontinental-Porto---Palacio-Das-Cardosas?intlink=US-travel-discover-property-results-propertyCard-Intercontinental-Porto---Palacio-Das-Cardosas,"Porto, Portugal",FINE HOTELS + RESORTS,IHG Hotels & Resorts,Program,41.1458687,-8.6115405,"Praça da Liberdade 25, 4000-322 Porto, Portugal",google_places,PLACE_DETAILS,ChIJa93LkONkJA0RZTgFwvSLYeE,establishment;lodging;point_of_interest,False,CACHED
InterContinental Rome Ambasciatori Palace,https://www.americanexpress.com/en-us/travel/discover/property/Italy/Rome/Intercontinental-Rome-Ambasciatori-Palace?intlink=US-travel-discover-property-results-propertyCard-Intercontinental-Rome-Ambasciatori-Palace,"Rome, Italy",FINE HOTELS + RESORTS,IHG Hotels & Resorts,Program,41.9063611,12.4895272,"Via Vittorio Veneto, 62, 00187 Roma RM, Italy",google_places,PLACE_DETAILS,ChIJM-Tv9alhLxMR9fAsvXmzvL0,establishment;lodging;point_of_interest,False,CACHED
InterContinental San Antonio Riverwalk,https://www.americanexpress.com/en-us/travel/discover/property/Texas-US/San-Antonio/Intercontinental-San-Antonio-Riverwalk?intlink=US-travel-discover-property-results-propertyCard-Intercontinental-San-Antonio-Riverwalk,"San Antonio, Texas US",FINE HOTELS + RESORTS,IHG Hotels & Resorts,Program,29.4289671,-98.49277699999999,"111 E Pecan St, San Antonio, TX 78205, USA",google_places,PLACE_DETAILS,ChIJr_6ITlJfXIYRazaeXq0WPJs,establishment;lodging;point_of_interest,False,CACHED
Grand InterContinental Seoul Parnas,https://www.americanexpress.com/en-us/travel/discover/property/South-Korea/Seoul/Grand-Intercontinental-Seoul-Parnas?intlink=US-travel-discover-property-results-propertyCard-Grand-Intercontinental-Seoul-Parnas,"Seoul, South Korea",FINE HOTELS + RESORTS,IHG Hotels & Resorts,Program,37.5088823,127.0608141,"Teheran-ro, 521 Gangnam District, Seoul, South Korea",google_places,PLACE_DETAILS,ChIJUaViwBqkfDURCliWomwg4-E,establishment;lodging;point_of_interest,False,CACHED
InterContinental Sofia,https://www.americanexpress.com/en-us/travel/discover/property/Bulgaria/Sofia/Intercontinental-Sofia?intlink=US-travel-discover-property-results-propertyCard-Intercontinental-Sofia,"Sofia, Bulgaria",FINE HOTELS + RESORTS,IHG Hotels & Resorts,Program,42.693295,23.332245,"Old City Center, pl. ""Narodno sabranie"" 4, 1000 Sofia, Bulgaria",google_places,PLACE_DETAILS,ChIJp8aQGnSFqkAR6Ie7fyXXl0k,establishment;lodging;point_of_interest,False,CACHED
InterContinental Sydney,https://www.americanexpress.com/en-us/travel/discover/property/Australia/Sydney/Intercontinental-Sydney?intlink=US-travel-discover-property-results-propertyCard-Intercontinental-Sydney,"Sydney, Australia",FINE HOTELS + RESORTS,IHG Hotels & Resorts,Program,-33.8629015,151.2122407,"16 Phillip St, Sydney NSW 2000, Australia",google_places,PLACE_DETAILS,ChIJV2sXvWmuEmsRcr4eLuIQ8wc,establishment;lodging;point_of_interest,False,CACHED
InterContinental David Tel Aviv,https://www.americanexpress.com/en-us/travel/discover/property/Israel/Tel-Aviv/Intercontinental-David-Tel-Aviv?intlink=US-travel-discover-property-results-propertyCard-Intercontinental-David-Tel-Aviv,"Tel Aviv, Israel",FINE HOTELS + RESORTS,IHG Hotels & Resorts,Program,32.0654096,34.7638191,"Kaufmann St 12, Tel Aviv-Yafo, 61501, Israel",google_places,PLACE_DETAILS,ChIJDwDW-t9lAhURk0hKgEf94OY,establishment;lodging;point_of_interest,False,CACHED
"Willard InterContinental Washington, D.C.",https://www.americanexpress.com/en-us/travel/discover/property/District-of-Columbia-US/Washington/Willard-Intercontinental-Washington-Dc?intlink=US-travel-discover-property-results-propertyCard-Willard-Intercontinental-Washington-Dc,"Washington, District of Columbia US",FINE HOTELS + RESORTS,IHG Hotels & Resorts,Program,38.8968125,-77.0322812,"1401 Pennsylvania Ave NW, Washington, DC 20004, USA",google_places,PLACE_DETAILS,ChIJadN45Ze3t4kRWCQ-wotG1Ss,establishment;lodging;point_of_interest,False,CACHED
Jumeirah Capri Palace,https://www.americanexpress.com/en-us/travel/discover/property/Italy/Capri/Jumeirah-Capri-Palace?intlink=US-travel-discover-property-results-propertyCard-Jumeirah-Capri-Palace,"Capri, Italy",FINE HOTELS + RESORTS,Jumeirah Hotels & Resorts,Program,40.55572980000001,14.221849,"Via Capodimonte, 14, 80071 Isola di Capri, NA, Italy",google_places,PLACE_DETAILS,ChIJ-S_r1d55OxMRUx3283M6SL0,establishment;lodging;point_of_interest,False,CACHED
Jumeirah Al Naseem,https://www.americanexpress.com/en-us/travel/discover/property/United-Arab-Emirates/Dubai/Jumeirah-Al-Naseem?intlink=US-travel-discover-property-results-propertyCard-Jumeirah-Al-Naseem,"Dubai, United Arab Emirates",FINE HOTELS + RESORTS,Jumeirah Hotels & Resorts,Program,25.1366368,55.1870237,Jumeira St - Umm Suqeim Third - Umm Suqeim 3 - Dubai - United Arab Emirates,google_places,PLACE_DETAILS,ChIJ2zaVq1ZqXz4Ra1DZz3zqDgg,establishment;lodging;point_of_interest,False,CACHED
Jumeirah Al Qasr,https://www.americanexpress.com/en-us/travel/discover/property/United-Arab-Emirates/Dubai/Jumeirah-Al-Qasr?intlink=US-travel-discover-property-results-propertyCard-Jumeirah-Al-Qasr,"Dubai, United Arab Emirates",FINE HOTELS + RESORTS,Jumeirah Hotels & Resorts,Program,25.1317691,55.184494,King Salman Bin Abdulaziz Al Saud St - Madinat Jumeirah - Umm Suqeim - Dubai - United Arab Emirates,google_places,PLACE_DETAILS,ChIJORSp9gBCXz4R5KYaTDll8dU,establishment;lodging;point_of_interest,False,CACHED
Jumeirah Burj Al Arab,https://www.americanexpress.com/en-us/travel/discover/property/United-Arab-Emirates/Dubai/Jumeirah-Burj-Al-Arab?intlink=US-travel-discover-property-results-propertyCard-Jumeirah-Burj-Al-Arab,"Dubai, United Arab Emirates",FINE HOTELS + RESORTS,Jumeirah Hotels & Resorts,Program,25.1411914,55.18524679999999,Dubai - Umm Suqeim Third - Umm Suqeim 3 - Dubai - United Arab Emirates,google_places,PLACE_DETAILS,ChIJLc8UZFdqXz4ROODwebhx2rM,establishment;lodging;point_of_interest,False,CACHED
Jumeirah Dar Al Masyaf,https://www.americanexpress.com/en-us/travel/discover/property/United-Arab-Emirates/Dubai/Jumeirah-Dar-Al-Masyaf?intlink=US-travel-discover-property-results-propertyCard-Jumeirah-Dar-Al-Masyaf,"Dubai, United Arab Emirates",FINE HOTELS + RESORTS,Jumeirah Hotels & Resorts,Program,25.1317346,55.1843138,Madinat Jumeirah - King Salman Bin Abdulaziz Al Saud St - Al Sufouh 1 - Dubai - United Arab Emirates,google_places,PLACE_DETAILS,ChIJh6c4V5cUXz4RaFXA3c-Fx9s,establishment;lodging;point_of_interest,False,CACHED
Jumeirah Zabeel Saray,https://www.americanexpress.com/en-us/travel/discover/property/United-Arab-Emirates/Dubai/Jumeirah-Zabeel-Saray?intlink=US-travel-discover-property-results-propertyCard-Jumeirah-Zabeel-Saray,"Dubai, United Arab Emirates",FINE HOTELS + RESORTS,Jumeirah Hotels & Resorts,Program,25.0985541,55.1235396,Crescent Rd - The Palm Jumeirah - Dubai - United Arab Emirates,google_places,PLACE_DETAILS,ChIJu0L_icYUXz4RQsexAbn9Bes,establishment;lodging;point_of_interest,False,CACHED
Jumeirah Carlton Tower,https://www.americanexpress.com/en-us/travel/discover/property/England/London/Jumeirah-Carlton-Tower?intlink=US-travel-discover-property-results-propertyCard-Jumeirah-Carlton-Tower,"London, England",FINE HOTELS + RESORTS,Jumeirah Hotels & Resorts,Program,51.4986384,-0.1584378,"1 Cadogan Pl, London SW1X 9PY, UK",google_places,PLACE_DETAILS,ChIJbdSVFjwFdkgRLekCSN-uJMs,establishment;lodging;point_of_interest,False,CACHED
Jumeirah Maldives Olhahali Island,https://www.americanexpress.com/en-us/travel/discover/property/Maldives/Malé/Jumeirah-Maldives-Olhahali-Island?intlink=US-travel-discover-property-results-propertyCard-Jumeirah-Maldives-Olhahali-Island,"Malé, Maldives",FINE HOTELS + RESORTS,Jumeirah Hotels & Resorts,Program,4.689454,73.45135239999999,"Olhuhali, North Male Atoll Maldives, 00000, Maldives",google_places,PLACE_DETAILS,ChIJyZVXxQkJQDsR2GOMtwqz-bs,establishment;lodging;point_of_interest,False,CACHED
Jumeirah Bali,https://www.americanexpress.com/en-us/travel/discover/property/Indonesia/Pecatu/Jumeirah-Bali?intlink=US-travel-discover-property-results-propertyCard-Jumeirah-Bali,"Pecatu, Indonesia",FINE HOTELS + RESORTS,Jumeirah Hotels & Resorts,Program,-8.7990614,115.1206051,"Kawasan Pecatu Indah Resort, Jl. New Kuta Beach, Pecatu, Kec. Kuta, Kabupaten Badung, Bali 80361, Indonesia",google_places,PLACE_DETAILS,ChIJu6GSRhVF0i0RKBrXRBiTKsU,establishment;lodging;point_of_interest,False,CACHED
Jumeirah Mallorca,https://www.americanexpress.com/en-us/travel/discover/property/Spain/Port-Soller/Jumeirah-Mallorca?intlink=US-travel-discover-property-results-propertyCard-Jumeirah-Mallorca,"Port Soller, Spain",FINE HOTELS + RESORTS,Jumeirah Hotels & Resorts,Program,39.8023316,2.6958482,"Jumeirah, Hotel & Spa, Carrer de Bèlgica, S/N, 07108 Port de Sóller, Illes Balears, Spain",google_places,PLACE_DETAILS,ChIJzZSyCuHllxIR7lvcapvidNk,establishment;lodging;point_of_interest;spa,False,CACHED
JW Marriott Miami Turnberry Resort & Spa,https://www.americanexpress.com/en-us/travel/discover/property/Florida-US/Aventura/Jw-Marriott-Miami-Turnberry-Resort--Spa?intlink=US-travel-discover-property-results-propertyCard-Jw-Marriott-Miami-Turnberry-Resort--Spa,"Aventura, Florida US",FINE HOTELS + RESORTS,JW Marriott,Program,25.9600522,-80.13797869999999,"19999 W Country Club Dr, Aventura, FL 33180, USA",google_places,PLACE_DETAILS,ChIJ0dTonkWt2YgRO2SavRWF5U4,establishment;lodging;point_of_interest,False,CACHED
JW Marriott Crete Resort & Spa,https://www.americanexpress.com/en-us/travel/discover/property/Greece/Chania/Jw-Marriott-Crete-Resort--Spa?intlink=US-travel-discover-property-results-propertyCard-Jw-Marriott-Crete-Resort--Spa,"Chania, Greece",FINE HOTELS + RESORTS,JW Marriott,Program,35.5046396,24.1790582,"Marathi 73500, Greece",google_places,PLACE_DETAILS,ChIJx5CSc9uBmxQRguItYqS_trg,establishment;lodging;point_of_interest,False,CACHED
JW Marriott Clearwater Beach Resort & Spa,https://www.americanexpress.com/en-us/travel/discover/property/Florida-US/Clearwater-Beach/Jw-Marriott-Clearwater-Beach-Resort--Spa?intlink=US-travel-discover-property-results-propertyCard-Jw-Marriott-Clearwater-Beach-Resort--Spa,"Clearwater Beach, Florida US",FINE HOTELS + RESORTS,JW Marriott,Program,27.9659111,-82.8245716,"691 S Gulfview Blvd, Clearwater Beach, FL 33767, USA",google_places,PLACE_DETAILS,ChIJHzHWcBP3wogRZcoMcM8TTng,establishment;lodging;point_of_interest,False,CACHED
JW Marriott Jeju Resort & Spa,https://www.americanexpress.com/en-us/travel/discover/property/South-Korea/Jeju-do/Jw-Marriott-Jeju-Resort--Spa?intlink=US-travel-discover-property-results-propertyCard-Jw-Marriott-Jeju-Resort--Spa,"Jeju-do, South Korea",FINE HOTELS + RESORTS,JW Marriott,Program,33.243829,126.5386304,"399 Hogeun-dong, Seogwipo, Jeju-do, South Korea",google_places,PLACE_DETAILS,ChIJrSfOfD1TDDURKQeDOdrb9ig,establishment;lodging;point_of_interest,False,CACHED
JW Marriott Marco Island,https://www.americanexpress.com/en-us/travel/discover/property/Florida-US/Marco-Island/Jw-Marriott-Marco-Island?intlink=US-travel-discover-property-results-propertyCard-Jw-Marriott-Marco-Island,"Marco Island, Florida US",FINE HOTELS + RESORTS,JW Marriott,Program,25.9282668,-81.7290915,"400 S Collier Blvd, Marco Island, FL 34145, USA",google_places,PLACE_DETAILS,ChIJy6HDAVzu2ogRvGpXIMvSP5w,establishment;lodging;point_of_interest,False,CACHED
JW Marriott Masai Mara Lodge,https://www.americanexpress.com/en-us/travel/discover/property/Kenya/Masai-Mara/Jw-Marriott-Masai-Mara-Lodge?intlink=US-travel-discover-property-results-propertyCard-Jw-Marriott-Masai-Mara-Lodge,"Masai Mara, Kenya",FINE HOTELS + RESORTS,JW Marriott,Program,-1.4633721,35.2676609,"Maasai Mara National Reserve, River, Talek, Kenya",google_places,PLACE_DETAILS,ChIJAyEepqdVLBgREciNv97-cao,establishment;lodging;point_of_interest,False,CACHED
JW Marriott Mexico City Polanco,https://www.americanexpress.com/en-us/travel/discover/property/Mexico-City-MX/Mexico-City/Jw-Marriott-Mexico-City-Polanco?intlink=US-travel-discover-property-results-propertyCard-Jw-Marriott-Mexico-City-Polanco,"Mexico City, Mexico City MX",FINE HOTELS + RESORTS,JW Marriott,Program,19.4273539,-99.1947727,"Andrés Bello 29, Polanco, Polanco IV Secc, Miguel Hidalgo, 11560 Ciudad de México, CDMX, Mexico",google_places,PLACE_DETAILS,ChIJt-Q0KP8B0oURFE7Usx7P0oI,establishment;lodging;point_of_interest,False,CACHED
JW Marriott Hotel Nara,https://www.americanexpress.com/en-us/travel/discover/property/Japan/Nara/Jw-Marriott-Hotel-Nara?intlink=US-travel-discover-property-results-propertyCard-Jw-Marriott-Hotel-Nara,"Nara, Japan",FINE HOTELS + RESORTS,JW Marriott,Program,34.6840244,135.8052479,"1-chōme-1-1 Sanjōōji, Nara, 630-8013, Japan",google_places,PLACE_DETAILS,ChIJ-_S-kd47AWAR_r_MVXkEurE,establishment;lodging;point_of_interest,False,CACHED
JW Marriott Orlando Bonnet Creek Resort and Spa,https://www.americanexpress.com/en-us/travel/discover/property/Florida-US/Orlando/Jw-Marriott-Orlando-Bonnet-Creek-Resort-And-Spa?intlink=US-travel-discover-property-results-propertyCard-Jw-Marriott-Orlando-Bonnet-Creek-Resort-And-Spa,"Orlando, Florida US",FINE HOTELS + RESORTS,JW Marriott,Program,28.3585692,-81.5270188,"14900 Chelonia Pkwy, Orlando, FL 32821, USA",google_places,PLACE_DETAILS,ChIJHZ7dfAt_3YgRwMXAncq14c4,establishment;lodging;point_of_interest,False,CACHED
JW Marriott PhuQuoc Emerald Bay Resort & Spa,https://www.americanexpress.com/en-us/travel/discover/property/Vietnam/Phu-Quoc/Jw-Marriott-Phuquoc-Emerald-Bay-Resort--Spa?intlink=US-travel-discover-property-results-propertyCard-Jw-Marriott-Phuquoc-Emerald-Bay-Resort--Spa,"Phu Quoc, Vietnam",FINE HOTELS + RESORTS,JW Marriott,Program,10.0321371,104.0281427,"Eco-Tourism at Bai Khem, An Thới, Phú Quốc, An Giang Province 922280, Vietnam",google_places,PLACE_DETAILS,ChIJLZPWxLiWpzERwrkgfIa1P8I,establishment;lodging;point_of_interest,False,CACHED
JW Marriott Gold Coast Resort & Spa,https://www.americanexpress.com/en-us/travel/discover/property/Australia/Surfers-Paradise/Jw-Marriott-Gold-Coast-Resort--Spa?intlink=US-travel-discover-property-results-propertyCard-Jw-Marriott-Gold-Coast-Resort--Spa,"Surfers Paradise, Australia",FINE HOTELS + RESORTS,JW Marriott,Program,-27.990905,153.4273593,"158 Ferny Ave, Surfers Paradise QLD 4217, Australia",google_places,PLACE_DETAILS,ChIJp54UunoFkWsRc6YJAcfy404,establishment;lodging;point_of_interest,False,CACHED
JW Marriott Parq Vancouver,https://www.americanexpress.com/en-us/travel/discover/property/British-Columbia-CA/Vancouver/Jw-Marriott-Parq-Vancouver?intlink=US-travel-discover-property-results-propertyCard-Jw-Marriott-Parq-Vancouver,"Vancouver, British Columbia CA",FINE HOTELS + RESORTS,JW Marriott,Program,49.2755681,-123.1136457,"39 Smithe St, Vancouver, BC V6B 0R3, Canada",google_places,PLACE_DETAILS,ChIJnyJ3lCtxhlQRYUPXpxMBRzw,establishment;lodging;point_of_interest,False,CACHED
JW Marriott Venice Resort & Spa,https://www.americanexpress.com/en-us/travel/discover/property/Italy/Venice/Jw-Marriott-Venice-Resort--Spa?intlink=US-travel-discover-property-results-propertyCard-Jw-Marriott-Venice-Resort--Spa,"Venice, Italy",FINE HOTELS + RESORTS,JW Marriott,Program,45.4052158,12.3196096,"Isola Delle Rose Laguna Di San Marco, 30133 Venezia VE, Italy",google_places,PLACE_DETAILS,ChIJHebNsxmwfkcRpBDqx_bP37k,establishment;lodging;point_of_interest,False,CACHED
The Apurva Kempinski Bali,https://www.americanexpress.com/en-us/travel/discover/property/Indonesia/Bali/The-Apurva-Kempinski-Bali?intlink=US-travel-discover-property-results-propertyCard-The-Apurva-Kempinski-Bali,"Bali, Indonesia",FINE HOTELS + RESORTS,Kempinski Hotels,Program,-8.8286411,115.2158255,"Jl. Raya Nusa Dua Selatan No.4, Benoa, Kec. Kuta Sel., Kabupaten Badung, Bali 80361, Indonesia",google_places,PLACE_DETAILS,ChIJ-y0a4MBc0i0RnO2HW2UbbUg,establishment;lodging;point_of_interest;spa,False,CACHED
Siam Kempinski Hotel Bangkok,https://www.americanexpress.com/en-us/travel/discover/property/Thailand/Bangkok/Siam-Kempinski-Hotel-Bangkok?intlink=US-travel-discover-property-results-propertyCard-Siam-Kempinski-Hotel-Bangkok,"Bangkok, Thailand",FINE HOTELS + RESORTS,Kempinski Hotels,Program,13.7484011,100.5348436,"991, 9 Rama I Rd, Khwaeng Pathum Wan, Pathum Wan, Krung Thep Maha Nakhon 10330, Thailand",google_places,PLACE_DETAILS,ChIJrfU90s2e4jARs0XZP2DZ4jM,establishment;lodging;point_of_interest,False,CACHED
Kempinski Hotel Berchtesgaden,https://www.americanexpress.com/en-us/travel/discover/property/Germany/Berchtesgaden/Kempinski-Hotel-Berchtesgaden?intlink=US-travel-discover-property-results-propertyCard-Kempinski-Hotel-Berchtesgaden,"Berchtesgaden, Germany",FINE HOTELS + RESORTS,Kempinski Hotels,Program,47.6339621,13.046556,"Hintereck 1, 83471 Berchtesgaden, Germany",google_places,PLACE_DETAILS,ChIJ393iCWrrdkcRRpVuQpA6mRQ,establishment;lodging;point_of_interest,False,CACHED
Hotel Adlon Kempinski Berlin,https://www.americanexpress.com/en-us/travel/discover/property/Germany/Berlin/Hotel-Adlon-Kempinski-Berlin?intlink=US-travel-discover-property-results-propertyCard-Hotel-Adlon-Kempinski-Berlin,"Berlin, Germany",FINE HOTELS + RESORTS,Kempinski Hotels,Program,52.5160431,13.3799442,"Unter den Linden 77, 10117 Berlin, Germany",google_places,PLACE_DETAILS,ChIJHQQciMZRqEcR2X4b8-vf5Bk,establishment;lodging;point_of_interest,False,CACHED
Kempinski Hotel Cancun,https://www.americanexpress.com/en-us/travel/discover/property/Quintana-Roo-MX/Cancún/Kempinski-Hotel-Cancun?intlink=US-travel-discover-property-results-propertyCard-Kempinski-Hotel-Cancun,"Cancún, Quintana Roo MX",FINE HOTELS + RESORTS,Kempinski Hotels,Program,21.0931947,-86.7682547,"Rtno. del Rey 36, Zona Hotelera, 77500 Cancún, Q.R., Mexico",google_places,PLACE_DETAILS,ChIJNU9gIUQoTI8RyUT2P2UMFp4,establishment;food;lodging;point_of_interest;restaurant,False,CACHED
Hotel Taschenbergpalais Kempinski Dresden,https://www.americanexpress.com/en-us/travel/discover/property/Germany/Dresden/Hotel-Taschenbergpalais-Kempinski-Dresden?intlink=US-travel-discover-property-results-propertyCard-Hotel-Taschenbergpalais-Kempinski-Dresden,"Dresden, Germany",FINE HOTELS + RESORTS,Kempinski Hotels,Program,51.0520146,13.7358182,"Taschenberg 3, 01067 Dresden, Germany",google_places,PLACE_DETAILS,ChIJe-d6MmbPCUcR3h5dsYWQJec,establishment;lodging;point_of_interest,False,CACHED
Kempinski Palace Engelberg,https://www.americanexpress.com/en-us/travel/discover/property/Switzerland/Engelberg/Kempinski-Palace-Engelberg?intlink=US-travel-discover-property-results-propertyCard-Kempinski-Palace-Engelberg,"Engelberg, Switzerland",FINE HOTELS + RESORTS,Kempinski Hotels,Program,46.8206098,8.402380299999999,"Dorfstrasse 40, 6390 Engelberg, Switzerland",google_places,PLACE_DETAILS,ChIJDeajaf9hhUcR237pvIfFLRg,establishment;lodging;point_of_interest,False,CACHED
"Hacienda del Mar, The Melia Collection",https://www.americanexpress.com/en-us/travel/discover/property/Spain/Estepona/Hacienda-Del-Mar-The-Melia-Collection?intlink=US-travel-discover-property-results-propertyCard-Hacienda-Del-Mar-The-Melia-Collection,"Estepona, Spain",FINE HOTELS + RESORTS,Kempinski Hotels,Program,22.9145225,-109.837207,"Carretera Transpeninsular Km 10.5 CSL-SJC Lote D Cabo del Sol, Tourist Corridor, 23450 Cabo San Lucas, B.C.S., Mexico",google_places,PLACE_DETAILS,ChIJhWYTGWRMr4YR7Z0hIg5V7o4,establishment;lodging;point_of_interest,False,CACHED
Ciragan Palace Kempinski Istanbul,https://www.americanexpress.com/en-us/travel/discover/property/Turkey/Istanbul/Ciragan-Palace-Kempinski-Istanbul?intlink=US-travel-discover-property-results-propertyCard-Ciragan-Palace-Kempinski-Istanbul,"Istanbul, Turkey",FINE HOTELS + RESORTS,Kempinski Hotels,Program,41.0439752,29.0161433,"Yıldız, Çırağan Cd. No:32, 34349 Beşiktaş/İstanbul, Türkiye",google_places,PLACE_DETAILS,ChIJpzC--7u3yhQRXag5_ctIINI,establishment;lodging;point_of_interest;tourist_attraction,False,CACHED
Hotel Vier Jahreszeiten Kempinski Munich,https://www.americanexpress.com/en-us/travel/discover/property/Germany/Munich/Hotel-Vier-Jahreszeiten-Kempinski-Munich?intlink=US-travel-discover-property-results-propertyCard-Hotel-Vier-Jahreszeiten-Kempinski-Munich,"Munich, Germany",FINE HOTELS + RESORTS,Kempinski Hotels,Program,48.1389308,11.5818261,"Maximilianstraße 17, 80539 München, Germany",google_places,PLACE_DETAILS,ChIJ2bu-AIx1nkcRdbxLlmKX8tQ,establishment;lodging;parking;point_of_interest,False,CACHED
The Capitol Kempinski Hotel Singapore,https://www.americanexpress.com/en-us/travel/discover/property/Singapore/Singapore/The-Capitol-Kempinski-Hotel-Singapore?intlink=US-travel-discover-property-results-propertyCard-The-Capitol-Kempinski-Hotel-Singapore,"Singapore, Singapore",FINE HOTELS + RESORTS,Kempinski Hotels,Program,1.294141,103.850874,"15 Stamford Rd, Singapore 178906",google_places,PLACE_DETAILS,ChIJh37xnIQZ2jERL_64VnzUrQI,bar;establishment;food;lodging;point_of_interest;restaurant;spa,False,CACHED
The David Kempinski Tel Aviv,https://www.americanexpress.com/en-us/travel/discover/property/Israel/Tel-Aviv/The-David-Kempinski-Tel-Aviv?intlink=US-travel-discover-property-results-propertyCard-The-David-Kempinski-Tel-Aviv,"Tel Aviv, Israel",FINE HOTELS + RESORTS,Kempinski Hotels,Program,32.0746384,34.7660942,"HaYarkon St 51, Tel Aviv-Yafo, 6343203, Israel",google_places,PLACE_DETAILS,ChIJIQZwBPZNHRUR1dz-ntGOLwQ,establishment;lodging;point_of_interest,False,CACHED
Kimpton Maa-Lai Bangkok,https://www.americanexpress.com/en-us/travel/discover/property/Thailand/Bangkok/Kimpton-Maa-lai-Bangkok?intlink=US-travel-discover-property-results-propertyCard-Kimpton-Maa-lai-Bangkok,"Bangkok, Thailand",FINE HOTELS + RESORTS,Kimpton Hotels & Restaurants,Program,13.73768,100.543443,"78 Soi Ton Son, Khwaeng Lumphini, Pathum Wan, Krung Thep Maha Nakhon 10330, Thailand",google_places,PLACE_DETAILS,ChIJWzTYg2Gf4jARnDjWpjqe8cY,establishment;lodging;point_of_interest,False,CACHED
Kimpton Charlotte Square,https://www.americanexpress.com/en-us/travel/discover/property/Scotland/Edinburgh/Kimpton-Charlotte-Square?intlink=US-travel-discover-property-results-propertyCard-Kimpton-Charlotte-Square,"Edinburgh, Scotland",FINE HOTELS + RESORTS,Kimpton Hotels & Restaurants,Program,55.9516014,-3.2062537,"38 Charlotte Square, Edinburgh EH2 4HQ, UK",google_places,PLACE_DETAILS,ChIJHf881JfHh0gR1uKMKFWoJTA,establishment;lodging;point_of_interest;spa,False,CACHED
Kimpton Seafire Resort + Spa,https://www.americanexpress.com/en-us/travel/discover/property/Cayman-Islands/Grand-Cayman/Kimpton-Seafire-Resort--Spa?intlink=US-travel-discover-property-results-propertyCard-Kimpton-Seafire-Resort--Spa,"Grand Cayman, Cayman Islands",FINE HOTELS + RESORTS,Kimpton Hotels & Restaurants,Program,19.3516617,-81.3831996,"60 Tanager Way, Grand Cayman KY1-1303, Cayman Islands",google_places,PLACE_DETAILS,ChIJafu7Rp2HJY8R0tCKW_lnbbI,establishment;lodging;point_of_interest,False,CACHED
Kimpton Kitalay Samui,https://www.americanexpress.com/en-us/travel/discover/property/Thailand/Koh-Samui/Kimpton-Kitalay-Samui?intlink=US-travel-discover-property-results-propertyCard-Kimpton-Kitalay-Samui,"Koh Samui, Thailand",FINE HOTELS + RESORTS,Kimpton Hotels & Restaurants,Program,9.5735929,100.0792909,"10, 79, Tambon Bo Put, Amphoe Ko Samui, Chang Wat Surat Thani 84320, Thailand",google_places,PLACE_DETAILS,ChIJgz3e9V7vVDARkHAE6gTm4Rg,establishment;lodging;point_of_interest,False,CACHED
Kimpton Los Monteros Marbella,https://www.americanexpress.com/en-us/travel/discover/property/Spain/Marbella/Kimpton-Los-Monteros-Marbella?intlink=US-travel-discover-property-results-propertyCard-Kimpton-Los-Monteros-Marbella,"Marbella, Spain",FINE HOTELS + RESORTS,Kimpton Hotels & Restaurants,Program,36.5056174,-4.8247091,"C/ del Lince, Km 187, Km 187, 29603 Marbella, Málaga, Spain",google_places,PLACE_DETAILS,ChIJd5O2rgnYcg0R1VFrqx8tw0o,establishment;food;lodging;point_of_interest;restaurant;spa,False,CACHED
Kimpton St Honore Paris,https://www.americanexpress.com/en-us/travel/discover/property/France/Paris/Kimpton-St-Honore-Paris?intlink=US-travel-discover-property-results-propertyCard-Kimpton-St-Honore-Paris,"Paris, France",FINE HOTELS + RESORTS,Kimpton Hotels & Restaurants,Program,48.8700966,2.3307047,"27 - 29 Bd des Capucines, 75002 Paris, France",google_places,PLACE_DETAILS,ChIJ1VAH39Fv5kcRIUWxUi25QJo,establishment;lodging;point_of_interest,False,CACHED
Kimpton RiverPlace Hotel,https://www.americanexpress.com/en-us/travel/discover/property/Oregon-US/Portland/Kimpton-Riverplace-Hotel?intlink=US-travel-discover-property-results-propertyCard-Kimpton-Riverplace-Hotel,"Portland, Oregon US",FINE HOTELS + RESORTS,Kimpton Hotels & Restaurants,Program,45.5207857,-122.6785139,"422 SW Broadway, Portland, OR 97205, USA",google_places,PLACE_DETAILS,ChIJRWPybAQKlVQR5n-bbuHT3FM,establishment;lodging;point_of_interest,False,CACHED
Kimpton Grand Roatan Resort and Spa,https://www.americanexpress.com/en-us/travel/discover/property/Honduras/Roatan/Kimpton-Grand-Roatan-Resort-And-Spa?intlink=US-travel-discover-property-results-propertyCard-Kimpton-Grand-Roatan-Resort-And-Spa,"Roatan, Honduras",FINE HOTELS + RESORTS,Kimpton Hotels & Restaurants,Program,16.2706535,-86.6005928,"West Bay Beach, West Bay, Bay Islands, Honduras",google_places,PLACE_DETAILS,ChIJpeW0A2DCaY8RO_SofiOYQFE,establishment;lodging;point_of_interest,False,CACHED
Kimpton La Peer Hotel,https://www.americanexpress.com/en-us/travel/discover/property/California-US/West-Hollywood/Kimpton-La-Peer-Hotel?intlink=US-travel-discover-property-results-propertyCard-Kimpton-La-Peer-Hotel,"West Hollywood, California US",FINE HOTELS + RESORTS,Kimpton Hotels & Restaurants,Program,34.0815209,-118.3869441,"627 N La Peer Dr, West Hollywood, CA 90069, USA",google_places,PLACE_DETAILS,ChIJvUcBM6--woARvd2ldI0E_4g,establishment;lodging;point_of_interest,False,CACHED
"The Langham, Boston",https://www.americanexpress.com/en-us/travel/discover/property/Massachusetts-US/Boston/The-Langham-Boston?intlink=US-travel-discover-property-results-propertyCard-The-Langham-Boston,"Boston, Massachusetts US",FINE HOTELS + RESORTS,Langham Hotels and Resorts,Program,42.356482,-71.0545009,"250 Franklin St, Boston, MA 02110, USA",google_places,PLACE_DETAILS,ChIJe6NyS4Fw44kRd0gP91lbh_E,establishment;lodging;point_of_interest,False,CACHED
"The Langham, Chicago",https://www.americanexpress.com/en-us/travel/discover/property/Illinois-US/Chicago/The-Langham-Chicago?intlink=US-travel-discover-property-results-propertyCard-The-Langham-Chicago,"Chicago, Illinois US",FINE HOTELS + RESORTS,Langham Hotels and Resorts,Program,41.88862270000001,-87.6272867,"330 N Wabash Ave, Chicago, IL 60611, USA",google_places,PLACE_DETAILS,ChIJa8l-R64sDogREysrVzDMWTQ,establishment;lodging;point_of_interest,False,CACHED
"The Langham, Hong Kong",https://www.americanexpress.com/en-us/travel/discover/property/China/Hong-Kong/The-Langham-Hong-Kong?intlink=US-travel-discover-property-results-propertyCard-The-Langham-Hong-Kong,"Hong Kong, China",FINE HOTELS + RESORTS,Langham Hotels and Resorts,Program,22.2963977,114.1697461,"8 Peking Rd, Tsim Sha Tsui, Hong Kong",google_places,PLACE_DETAILS,ChIJCWhLAYYBBDQRfJBPDl_JtJ0,establishment;lodging;point_of_interest,False,CACHED
"The Langham, Jakarta",https://www.americanexpress.com/en-us/travel/discover/property/Indonesia/Jakarta/The-Langham-Jakarta?intlink=US-travel-discover-property-results-propertyCard-The-Langham-Jakarta,"Jakarta, Indonesia",FINE HOTELS + RESORTS,Langham Hotels and Resorts,Program,-6.2273812,106.8067669,"Sudirman Central Business District 8 Lot.28, Senayan, Kec. Kby. Baru, Kota Jakarta Selatan, Daerah Khusus Ibukota Jakarta 12190, Indonesia",google_places,PLACE_DETAILS,ChIJYemjeVDxaS4RqODLwYfHbtM,establishment;lodging;point_of_interest,False,CACHED
"The Langham, London",https://www.americanexpress.com/en-us/travel/discover/property/England/London/The-Langham-London?intlink=US-travel-discover-property-results-propertyCard-The-Langham-London,"London, England",FINE HOTELS + RESORTS,Langham Hotels and Resorts,Program,51.517801,-0.1439928,"1C Portland Pl, London W1B 1JA, UK",google_places,PLACE_DETAILS,ChIJj375B9UadkgRkmFrWaFBXww,establishment;lodging;point_of_interest,False,CACHED
"The Langham, Melbourne",https://www.americanexpress.com/en-us/travel/discover/property/Australia/Melbourne/The-Langham-Melbourne?intlink=US-travel-discover-property-results-propertyCard-The-Langham-Melbourne,"Melbourne, Australia",FINE HOTELS + RESORTS,Langham Hotels and Resorts,Program,-37.8205751,144.9656601,"1 Southgate Ave, Southbank VIC 3006, Australia",google_places,PLACE_DETAILS,ChIJQ8ty17NC1moRVPjumQ0x3zw,establishment;lodging;point_of_interest,False,CACHED
"The Langham, New York, Fifth Avenue",https://www.americanexpress.com/en-us/travel/discover/property/New-York-US/New-York/The-Langham-New-York-Fifth-Avenue?intlink=US-travel-discover-property-results-propertyCard-The-Langham-New-York-Fifth-Avenue,"New York, New York US",FINE HOTELS + RESORTS,Langham Hotels and Resorts,Program,40.7501833,-73.98375899999999,"400 5th Ave, New York, NY 10018, USA",google_places,PLACE_DETAILS,ChIJMYIE-KlZwokRt7ks1WKMXNU,establishment;lodging;point_of_interest,False,CACHED
"The Langham Huntington, Pasadena",https://www.americanexpress.com/en-us/travel/discover/property/California-US/Pasadena/The-Langham-Huntington-Pasadena?intlink=US-travel-discover-property-results-propertyCard-The-Langham-Huntington-Pasadena,"Pasadena, California US",FINE HOTELS + RESORTS,Langham Hotels and Resorts,Program,34.1208521,-118.1333997,"1401 S Oak Knoll Ave, Pasadena, CA 91106, USA",google_places,PLACE_DETAILS,ChIJw-P2b77EwoARMLLi0Xxs97E,establishment;lodging;point_of_interest,False,CACHED
"The Langham, Shanghai, Xintiandi",https://www.americanexpress.com/en-us/travel/discover/property/China/Shanghai/The-Langham-Shanghai-Xintiandi?intlink=US-travel-discover-property-results-propertyCard-The-Langham-Shanghai-Xintiandi,"Shanghai, China",FINE HOTELS + RESORTS,Langham Hotels and Resorts,Program,31.2217958,121.4742971,"99 Ma Dang Lu, Huang Pu Qu, Shang Hai Shi, China, 200021",google_geocoding,ROOFTOP,ChIJnYQyB3JwsjUR1NpqVOVy13g,establishment;lodging;point_of_interest,True,CACHED
The Langham Gold Coast & Jewel Residences managed by Langham,https://www.americanexpress.com/en-us/travel/discover/property/Australia/Surfers-Paradise/The-Langham-Gold-Coast--Jewel-Residences-Managed-By-Langham?intlink=US-travel-discover-property-results-propertyCard-The-Langham-Gold-Coast--Jewel-Residences-Managed-By-Langham,"Surfers Paradise, Australia",FINE HOTELS + RESORTS,Langham Hotels and Resorts,Program,-28.0156593,153.4322141,"38 Old Burleigh Rd, Surfers Paradise QLD 4217, Australia",google_places,PLACE_DETAILS,ChIJWxamrfgFkWsR-MIUEDmuO1c,establishment;lodging;point_of_interest,False,CACHED
Loews Atlanta Hotel,https://www.americanexpress.com/en-us/travel/discover/property/Georgia-US/Atlanta/Loews-Atlanta-Hotel?intlink=US-travel-discover-property-results-propertyCard-Loews-Atlanta-Hotel,"Atlanta, Georgia US",FINE HOTELS + RESORTS,Loews Hotels,Program,33.783499,-84.38334549999999,"1065 Peachtree St NE, Atlanta, GA 30309, USA",google_places,PLACE_DETAILS,ChIJW_dJAkME9YgR8cmczxrCpIo,establishment;food;lodging;point_of_interest;restaurant,False,CACHED
Loews Coral Gables Hotel,https://www.americanexpress.com/en-us/travel/discover/property/Florida-US/Coral-Gables/Loews-Coral-Gables-Hotel?intlink=US-travel-discover-property-results-propertyCard-Loews-Coral-Gables-Hotel,"Coral Gables, Florida US",FINE HOTELS + RESORTS,Loews Hotels,Program,25.7447406,-80.2574254,"2950 Coconut Grove Dr, Coral Gables, FL 33134, USA",google_places,PLACE_DETAILS,ChIJd0uwEau32YgRtrlp8q09QT4,establishment;lodging;point_of_interest,False,CACHED
Loews Regency New York Hotel,https://www.americanexpress.com/en-us/travel/discover/property/New-York-US/New-York/Loews-Regency-New-York-Hotel?intlink=US-travel-discover-property-results-propertyCard-Loews-Regency-New-York-Hotel,"New York, New York US",FINE HOTELS + RESORTS,Loews Hotels,Program,40.7645744,-73.9690071,"540 Park Ave, New York, NY 10065, USA",google_places,PLACE_DETAILS,ChIJC0Xwu-9YwokRDQBat_jlgQ4,establishment;lodging;point_of_interest,False,CACHED
Loews Ventana Canyon Resort,https://www.americanexpress.com/en-us/travel/discover/property/Arizona-US/Tucson/Loews-Ventana-Canyon-Resort?intlink=US-travel-discover-property-results-propertyCard-Loews-Ventana-Canyon-Resort,"Tucson, Arizona US",FINE HOTELS + RESORTS,Loews Hotels,Program,32.3276941,-110.8501406,"7000 N Resort Dr, Tucson, AZ 85750, USA",google_places,PLACE_DETAILS,ChIJ2RErNlRs1oYROqSdGY_L1To,establishment;lodging;point_of_interest;spa,False,CACHED
SIGNIEL BUSAN,https://www.americanexpress.com/en-us/travel/discover/property/South-Korea/Busan/Signiel-Busan?intlink=US-travel-discover-property-results-propertyCard-Signiel-Busan,"Busan, South Korea",FINE HOTELS + RESORTS,Lotte Hotels & Resorts,Program,35.156766,129.05587,"772 Gaya-daero, Busanjin District, Busan, South Korea",google_places,PLACE_DETAILS,ChIJzZl9PXLraDURpgeBSXYqYSQ,establishment;lodging;point_of_interest,False,CACHED
The Towers at Lotte New York Palace,https://www.americanexpress.com/en-us/travel/discover/property/New-York-US/New-York/The-Towers-At-Lotte-New-York-Palace?intlink=US-travel-discover-property-results-propertyCard-The-Towers-At-Lotte-New-York-Palace,"New York, New York US",FINE HOTELS + RESORTS,Lotte Hotels & Resorts,Program,40.758019,-73.9749745,"455 Madison Ave, New York, NY 10022, USA",google_places,PLACE_DETAILS,ChIJu6kY43RawokRnmczCmSH-_s,establishment;lodging;point_of_interest;spa,False,CACHED
Lotte Hotel Seattle,https://www.americanexpress.com/en-us/travel/discover/property/Washington-US/Seattle/Lotte-Hotel-Seattle?intlink=US-travel-discover-property-results-propertyCard-Lotte-Hotel-Seattle,"Seattle, Washington US",FINE HOTELS + RESORTS,Lotte Hotels & Resorts,Program,47.60537129999999,-122.3309605,"809 5th Ave, Seattle, WA 98104, USA",google_places,PLACE_DETAILS,ChIJl3yvuRJrkFQRa1ze_XPfDFo,establishment;lodging;point_of_interest,False,CACHED
"Umana Bali, LXR Hotels & Resorts",https://www.americanexpress.com/en-us/travel/discover/property/Indonesia/Badung/Umana-Bali-Lxr-Hotels--Resorts?intlink=US-travel-discover-property-results-propertyCard-Umana-Bali-Lxr-Hotels--Resorts,"Badung, Indonesia",FINE HOTELS + RESORTS,LXR Hotels & Resorts,Program,-8.843874099999999,115.1588927,"Jl. Melasti, Ungasan, Kec. Kuta Sel., Kabupaten Badung, Bali 80364, Indonesia",google_places,PLACE_DETAILS,ChIJu2Y6Idtb0i0RQwERNLkO41g,establishment;lodging;point_of_interest;spa,False,CACHED
"Susona Bodrum, LXR Hotels & Resorts",https://www.americanexpress.com/en-us/travel/discover/property/Turkey/Bodrum/Susona-Bodrum-Lxr-Hotels--Resorts?intlink=US-travel-discover-property-results-propertyCard-Susona-Bodrum-Lxr-Hotels--Resorts,"Bodrum, Turkey",FINE HOTELS + RESORTS,LXR Hotels & Resorts,Program,37.0876055,27.4766243,"Torba, Kaynar Cd No:15, 48420 Bodrum/Muğla, Türkiye",google_places,PLACE_DETAILS,ChIJr-wURTNpvhQRgfqUtlooL3o,establishment;lodging;point_of_interest;spa,False,CACHED
"Beach Village at The Del, LXR Hotels & Resorts",https://www.americanexpress.com/en-us/travel/discover/property/California-US/Coronado/Beach-Village-At-The-Del-Lxr-Hotels--Resorts?intlink=US-travel-discover-property-results-propertyCard-Beach-Village-At-The-Del-Lxr-Hotels--Resorts,"Coronado, California US",FINE HOTELS + RESORTS,LXR Hotels & Resorts,Program,32.681407,-117.1794827,"1277 Rh Dana Pl, Coronado, CA 92118, USA",google_places,PLACE_DETAILS,ChIJfX-aw82s3oARBc6G9yaPaH4,establishment;lodging;point_of_interest,False,CACHED
"Shore House at The Del, LXR Hotels & Resorts",https://www.americanexpress.com/en-us/travel/discover/property/California-US/Coronado/Shore-House-At-The-Del-Lxr-Hotels--Resorts?intlink=US-travel-discover-property-results-propertyCard-Shore-House-At-The-Del-Lxr-Hotels--Resorts,"Coronado, California US",FINE HOTELS + RESORTS,LXR Hotels & Resorts,Program,32.67988,-117.17712,"1500 Orange Ave, Coronado, CA 92118, USA",google_places,PLACE_DETAILS,ChIJ0Wjinw-t3oARBcMi5nZPMkg,establishment;lodging;point_of_interest,False,CACHED
"Katara Hills Doha, LXR Hotels & Resorts",https://www.americanexpress.com/en-us/travel/discover/property/Qatar/Doha/Katara-Hills-Doha-Lxr-Hotels--Resorts?intlink=US-travel-discover-property-results-propertyCard-Katara-Hills-Doha-Lxr-Hotels--Resorts,"Doha, Qatar",FINE HOTELS + RESORTS,LXR Hotels & Resorts,Program,25.3529531,51.5236111,"Katara Cultural Village, Doha, Qatar",google_places,PLACE_DETAILS,ChIJFSa5u0_DRT4RIzRP0U1Iq-A,establishment;lodging;point_of_interest;spa,False,CACHED
"Maysan Doha, LXR Hotels & Resorts",https://www.americanexpress.com/en-us/travel/discover/property/Qatar/Doha/Maysan-Doha-Lxr-Hotels--Resorts?intlink=US-travel-discover-property-results-propertyCard-Maysan-Doha-Lxr-Hotels--Resorts,"Doha, Qatar",FINE HOTELS + RESORTS,LXR Hotels & Resorts,Program,25.2637616,51.43251350000001,"Baaya District, شارع الفروسية، الدوحة، Qatar",google_places,PLACE_DETAILS,ChIJQa8QbijaRT4RgIUurywTmQ0,establishment;lodging;point_of_interest;spa,False,CACHED
"The Plaza Doha, LXR Hotels & Resorts",https://www.americanexpress.com/en-us/travel/discover/property/Qatar/Doha/The-Plaza-Doha-Lxr-Hotels--Resorts?intlink=US-travel-discover-property-results-propertyCard-The-Plaza-Doha-Lxr-Hotels--Resorts,"Doha, Qatar",FINE HOTELS + RESORTS,LXR Hotels & Resorts,Program,25.2802897,51.55145,"C Ring Rd, Doha, Qatar",google_places,PLACE_DETAILS,ChIJnd_nTmXFRT4RmTgEglv_GPA,establishment;lodging;point_of_interest,False,CACHED
"Ka La I Waikiki Beach, LXR Resorts",https://www.americanexpress.com/en-us/travel/discover/property/Hawaii-US/Honolulu/Ka-La-I-Waikiki-Beach-Lxr-Resorts?intlink=US-travel-discover-property-results-propertyCard-Ka-La-I-Waikiki-Beach-Lxr-Resorts,"Honolulu, Hawaii US",FINE HOTELS + RESORTS,LXR Hotels & Resorts,Program,21.2793433,-157.8322275,"223 Saratoga Rd, Honolulu, HI 96815, USA",google_places,PLACE_DETAILS,ChIJ8QFGRHVyAHwRxoNS5rfCphU,establishment;lodging;point_of_interest,False,CACHED
"ROKU KYOTO, LXR Hotels & Resorts",https://www.americanexpress.com/en-us/travel/discover/property/Japan/Kyoto/Roku-Kyoto-Lxr-Hotels--Resorts?intlink=US-travel-discover-property-results-propertyCard-Roku-Kyoto-Lxr-Hotels--Resorts,"Kyoto, Japan",FINE HOTELS + RESORTS,LXR Hotels & Resorts,Program,35.0476127,135.7346805,"44-1 Kinugasa Kagamiishichō, Kita Ward, Kyoto, 603-8451, Japan",google_places,PLACE_DETAILS,ChIJe5gElQGpAWARvTkIO-v6H8I,establishment;lodging;point_of_interest;spa,False,CACHED
"Crockfords Las Vegas, LXR Hotels & Resorts",https://www.americanexpress.com/en-us/travel/discover/property/Nevada-US/Las-Vegas/Crockfords-Las-Vegas-Lxr-Hotels--Resorts?intlink=US-travel-discover-property-results-propertyCard-Crockfords-Las-Vegas-Lxr-Hotels--Resorts,"Las Vegas, Nevada US",FINE HOTELS + RESORTS,LXR Hotels & Resorts,Program,36.1349192,-115.1658207,"333 Resorts World Ave, Las Vegas, NV 89109, USA",google_places,PLACE_DETAILS,ChIJASeTmxLEyIARLKGfxWNJ2oA,establishment;lodging;point_of_interest,False,CACHED
"Mango House Seychelles, LXR Hotels & Resorts",https://www.americanexpress.com/en-us/travel/discover/property/Seychelles/Mahe-Island/Mango-House-Seychelles-Lxr-Hotels--Resorts?intlink=US-travel-discover-property-results-propertyCard-Mango-House-Seychelles-Lxr-Hotels--Resorts,"Mahe Island, Seychelles",FINE HOTELS + RESORTS,LXR Hotels & Resorts,Program,-4.7435269,55.4738161,"Anse Aux Poules Bleues Baie Lazare Victoria Mahé, Seychelles",google_places,PLACE_DETAILS,ChIJ4_klDGrV4SIRYCF_kxTHQ-I,establishment;lodging;point_of_interest;spa,False,CACHED
"SAX Paris, LXR Hotels & Resorts",https://www.americanexpress.com/en-us/travel/discover/property/France/Paris/Sax-Paris-Lxr-Hotels--Resorts?intlink=US-travel-discover-property-results-propertyCard-Sax-Paris-Lxr-Hotels--Resorts,"Paris, France",FINE HOTELS + RESORTS,LXR Hotels & Resorts,Program,48.846827,2.3127967,"55 Av. de Saxe, 75007 Paris, France",google_places,PLACE_DETAILS,ChIJm5mo9wJx5kcRhP1Eu_GjnzA,establishment;lodging;point_of_interest;spa,False,CACHED
"Arizona Biltmore, LXR Hotels & Resorts",https://www.americanexpress.com/en-us/travel/discover/property/Arizona-US/Phoenix/Arizona-Biltmore-Lxr-Hotels--Resorts?intlink=US-travel-discover-property-results-propertyCard-Arizona-Biltmore-Lxr-Hotels--Resorts,"Phoenix, Arizona US",FINE HOTELS + RESORTS,LXR Hotels & Resorts,Program,33.522979,-112.0232359,"2400 E Missouri Ave, Phoenix, AZ 85016, USA",google_places,PLACE_DETAILS,ChIJ47o1_EENK4cR8ctPcgG9boE,establishment;lodging;point_of_interest,False,CACHED
"Oceana Santa Monica, LXR Hotels & Resorts",https://www.americanexpress.com/en-us/travel/discover/property/California-US/Santa-Monica/Oceana-Santa-Monica-Lxr-Hotels--Resorts?intlink=US-travel-discover-property-results-propertyCard-Oceana-Santa-Monica-Lxr-Hotels--Resorts,"Santa Monica, California US",FINE HOTELS + RESORTS,LXR Hotels & Resorts,Program,34.0213032,-118.5060758,"849 Ocean Ave, Santa Monica, CA 90403, USA",google_places,PLACE_DETAILS,ChIJgRsl7cCkwoAR9NTd-PEnAUs,establishment;lodging;point_of_interest,False,CACHED
Zemi Beach House - Anguilla,https://www.americanexpress.com/en-us/travel/discover/property/Anguilla/The-Valley/Zemi-Beach-House---Anguilla?intlink=US-travel-discover-property-results-propertyCard-Zemi-Beach-House---Anguilla,"The Valley, Anguilla",FINE HOTELS + RESORTS,LXR Hotels & Resorts,Program,18.2514162,-63.0367634,"Shoal Bay East, West Indies 2640, Anguilla",google_places,PLACE_DETAILS,ChIJt-MjSsBiDowRER5_nGYJPCY,establishment;lodging;point_of_interest,False,CACHED
"Emirates Palace Mandarin Oriental, Abu Dhabi",https://www.americanexpress.com/en-us/travel/discover/property/United-Arab-Emirates/Abu-Dhabi/Emirates-Palace-Mandarin-Oriental-Abu-Dhabi?intlink=US-travel-discover-property-results-propertyCard-Emirates-Palace-Mandarin-Oriental-Abu-Dhabi,"Abu Dhabi, United Arab Emirates",FINE HOTELS + RESORTS,Mandarin Oriental Hotel Group,Program,24.4612381,54.3180193,West Corniche Road - Al Ras Al Akhdar - Abu Dhabi - United Arab Emirates,google_places,PLACE_DETAILS,ChIJISyq-JZlXj4RyEG911v2TmM,establishment;lodging;point_of_interest,False,CACHED
"Mandarin Oriental Conservatorium, Amsterdam",https://www.americanexpress.com/en-us/travel/discover/property/Netherlands/Amsterdam/Mandarin-Oriental-Conservatorium-Amsterdam?intlink=US-travel-discover-property-results-propertyCard-Mandarin-Oriental-Conservatorium-Amsterdam,"Amsterdam, Netherlands",FINE HOTELS + RESORTS,Mandarin Oriental Hotel Group,Program,52.3585857,4.8795084,"Paulus Potterstraat 50, 1071 DB Amsterdam, Netherlands",google_places,PLACE_DETAILS,ChIJ734ObuUJxkcRRvdj29-GlwI,establishment;lodging;point_of_interest,False,CACHED
"Mandarin Oriental, Desaru Coast",https://www.americanexpress.com/en-us/travel/discover/property/Malaysia/Bandar-Penawar/Mandarin-Oriental-Desaru-Coast?intlink=US-travel-discover-property-results-propertyCard-Mandarin-Oriental-Desaru-Coast,"Bandar Penawar, Malaysia",FINE HOTELS + RESORTS,Mandarin Oriental Hotel Group,Program,1.5308739,104.2766882,"Darul Ta'zim, Persiaran Damai, Desaru Coast, 81930 Bandar Penawar, Johor Darul Ta'zim, Malaysia",google_places,PLACE_DETAILS,ChIJxd-VIgBL2jERHguISSp3Z1Y,establishment;lodging;point_of_interest,False,CACHED
"Mandarin Oriental, Bangkok",https://www.americanexpress.com/en-us/travel/discover/property/Thailand/Bangkok/Mandarin-Oriental-Bangkok?intlink=US-travel-discover-property-results-propertyCard-Mandarin-Oriental-Bangkok,"Bangkok, Thailand",FINE HOTELS + RESORTS,Mandarin Oriental Hotel Group,Program,13.7236158,100.5143168,"48 Oriental Ave, Khwaeng Bang Rak, Khet Bang Rak, Krung Thep Maha Nakhon 10500, Thailand",google_places,PLACE_DETAILS,ChIJs6CnycSY4jAR5cqJZjPOsgs,establishment;food;lodging;point_of_interest;spa,False,CACHED
"Mandarin Oriental, Barcelona",https://www.americanexpress.com/en-us/travel/discover/property/Spain/Barcelona/Mandarin-Oriental-Barcelona?intlink=US-travel-discover-property-results-propertyCard-Mandarin-Oriental-Barcelona,"Barcelona, Spain",FINE HOTELS + RESORTS,Mandarin Oriental Hotel Group,Program,41.3911676,2.1665773,"Pg. de Gràcia, 38-40, Eixample, 08007 Barcelona, Spain",google_places,PLACE_DETAILS,ChIJ6zCmfe2ipBIRgNs_xHC75Ec,establishment;food;lodging;point_of_interest;restaurant;spa,False,CACHED
"Mandarin Oriental Qianmen, Beijing",https://www.americanexpress.com/en-us/travel/discover/property/China/Beijing/Mandarin-Oriental-Qianmen-Beijing?intlink=US-travel-discover-property-results-propertyCard-Mandarin-Oriental-Qianmen-Beijing,"Beijing, China",FINE HOTELS + RESORTS,Mandarin Oriental Hotel Group,Program,39.8968663,116.4096019,"No.1, 10 Caochang Alley, Dong Cheng Qu, China, 100005",google_places,PLACE_DETAILS,ChIJawJiuD1T8DURgRJH4rWytOo,establishment;lodging;point_of_interest,False,CACHED
"Mandarin Oriental Wangfujing, Beijing",https://www.americanexpress.com/en-us/travel/discover/property/China/Beijing/Mandarin-Oriental-Wangfujing-Beijing?intlink=US-travel-discover-property-results-propertyCard-Mandarin-Oriental-Wangfujing-Beijing,"Beijing, China",FINE HOTELS + RESORTS,Mandarin Oriental Hotel Group,Program,39.912174,116.411285,"No. 269 Wangfujing Street, 东城区 China, 100006",google_places,PLACE_DETAILS,ChIJsfVSw85S8DURz9KCgg_mvDc,establishment;lodging;point_of_interest,False,CACHED
"Mandarin Oriental, Lago di Como",https://www.americanexpress.com/en-us/travel/discover/property/Italy/Blevio/Mandarin-Oriental-Lago-Di-Como?intlink=US-travel-discover-property-results-propertyCard-Mandarin-Oriental-Lago-Di-Como,"Blevio, Italy",FINE HOTELS + RESORTS,Mandarin Oriental Hotel Group,Program,45.8493423,9.109033499999999,"Via E. Caronti, 69, 22020 Blevio CO, Italy",google_places,PLACE_DETAILS,ChIJBdleLVgnhEcRzdGeXAlV5j0,establishment;lodging;point_of_interest;spa,False,CACHED
"Mandarin Oriental, Bodrum",https://www.americanexpress.com/en-us/travel/discover/property/Turkey/Bodrum/Mandarin-Oriental-Bodrum?intlink=US-travel-discover-property-results-propertyCard-Mandarin-Oriental-Bodrum,"Bodrum, Turkey",FINE HOTELS + RESORTS,Mandarin Oriental Hotel Group,Program,37.1278329,27.4105686,"Gölköy, 314 Sokak No.10, 48483 Muğla, Türkiye",google_places,PLACE_DETAILS,ChIJAQAAQO5vvhQR0cqCHEaK7ic,bar;establishment;food;lodging;point_of_interest;spa,False,CACHED
"Mandarin Oriental, Boston",https://www.americanexpress.com/en-us/travel/discover/property/Massachusetts-US/Boston/Mandarin-Oriental-Boston?intlink=US-travel-discover-property-results-propertyCard-Mandarin-Oriental-Boston,"Boston, Massachusetts US",FINE HOTELS + RESORTS,Mandarin Oriental Hotel Group,Program,42.348778,-71.08138699999999,"776 Boylston St, Boston, MA 02199, USA",google_places,PLACE_DETAILS,ChIJTTe4UA5644kRuyLvOw-jP-w,establishment;food;lodging;point_of_interest;spa,False,CACHED
"Mandarin Oriental Punta Negra, Mallorca",https://www.americanexpress.com/en-us/travel/discover/property/Spain/Calvià/Mandarin-Oriental-Punta-Negra-Mallorca?intlink=US-travel-discover-property-results-propertyCard-Mandarin-Oriental-Punta-Negra-Mallorca,"Calvià, Spain",FINE HOTELS + RESORTS,Mandarin Oriental Hotel Group,Program,39.52667599999999,2.5528871,"Carrer Punta Negra, 12, 07181 Punta Negra, Illes Balears, Spain",google_geocoding,ROOFTOP,ChIJoRgfFwCPlxIRA_a9FsT4MWg,establishment;lodging;point_of_interest,True,CACHED
"Mandarin Oriental, Canouan",https://www.americanexpress.com/en-us/travel/discover/property/Saint-Vincent-and-The-Grenadines/Canouan-Island/Mandarin-Oriental-Canouan?intlink=US-travel-discover-property-results-propertyCard-Mandarin-Oriental-Canouan,"Canouan Island, Saint Vincent and The Grenadines",FINE HOTELS + RESORTS,Mandarin Oriental Hotel Group,Program,12.713761,-61.321232,"VC, Carenage Bay, Canouan Island VC0450, St Vincent and the Grenadines",google_places,PLACE_DETAILS,ChIJ0xX0fX99R4wRX-58Sy4UMnQ,establishment;food;lodging;point_of_interest;spa,False,CACHED
"Mandarin Oriental, Doha",https://www.americanexpress.com/en-us/travel/discover/property/Qatar/Doha/Mandarin-Oriental-Doha?intlink=US-travel-discover-property-results-propertyCard-Mandarin-Oriental-Doha,"Doha, Qatar",FINE HOTELS + RESORTS,Mandarin Oriental Hotel Group,Program,25.2859463,51.5258152,"Barahat Msheireb St, Doha, Qatar",google_places,PLACE_DETAILS,ChIJ4emM5jnFRT4RVmlXl06hM18,establishment;lodging;point_of_interest,False,CACHED
"Mandarin Oriental Downtown, Dubai",https://www.americanexpress.com/en-us/travel/discover/property/United-Arab-Emirates/Dubai/Mandarin-Oriental-Downtown-Dubai?intlink=US-travel-discover-property-results-propertyCard-Mandarin-Oriental-Downtown-Dubai,"Dubai, United Arab Emirates",FINE HOTELS + RESORTS,Mandarin Oriental Hotel Group,Program,25.216876,55.251279,Jumeirah Beach Rd - Jumeirah - Jumeirah 1 - Dubai - United Arab Emirates,google_places,PLACE_DETAILS,ChIJdYdk4EZCXz4RtFGDMnXefMM,establishment;lodging;point_of_interest,False,CACHED
"Mandarin Oriental Jumeira, Dubai",https://www.americanexpress.com/en-us/travel/discover/property/United-Arab-Emirates/Dubai/Mandarin-Oriental-Jumeira-Dubai?intlink=US-travel-discover-property-results-propertyCard-Mandarin-Oriental-Jumeira-Dubai,"Dubai, United Arab Emirates",FINE HOTELS + RESORTS,Mandarin Oriental Hotel Group,Program,25.216876,55.251279,Jumeirah Beach Rd - Jumeirah - Jumeirah 1 - Dubai - United Arab Emirates,google_places,PLACE_DETAILS,ChIJdYdk4EZCXz4RtFGDMnXefMM,establishment;lodging;point_of_interest,False,CACHED
"Mandarin Oriental, Geneva",https://www.americanexpress.com/en-us/travel/discover/property/Switzerland/Geneva/Mandarin-Oriental-Geneva?intlink=US-travel-discover-property-results-propertyCard-Mandarin-Oriental-Geneva,"Geneva, Switzerland",FINE HOTELS + RESORTS,Mandarin Oriental Hotel Group,Program,46.2056106,6.1409613,"Quai Turrettini 1, 1201 Genève, Switzerland",google_places,PLACE_DETAILS,ChIJU09c2tdkjEcRMF5HHIhkyNc,establishment;food;lodging;point_of_interest;spa,False,CACHED
"Mandarin Oriental, Guangzhou",https://www.americanexpress.com/en-us/travel/discover/property/China/Guangzhou/Mandarin-Oriental-Guangzhou?intlink=US-travel-discover-property-results-propertyCard-Mandarin-Oriental-Guangzhou,"Guangzhou, China",FINE HOTELS + RESORTS,Mandarin Oriental Hotel Group,Program,23.134807,113.333521,"389 Tian He Dong Lu, 天河中心 Tian He Qu, Guang Zhou Shi, Guang Dong Sheng, China, 510620",google_places,PLACE_DETAILS,ChIJlVSphR__AjQREuzpWPYakJY,establishment;lodging;point_of_interest,False,CACHED
"Mandarin Oriental The Landmark, Hong Kong",https://www.americanexpress.com/en-us/travel/discover/property/China/Hong-Kong/Mandarin-Oriental-The-Landmark-Hong-Kong?intlink=US-travel-discover-property-results-propertyCard-Mandarin-Oriental-The-Landmark-Hong-Kong,"Hong Kong, China",FINE HOTELS + RESORTS,Mandarin Oriental Hotel Group,Program,22.2818794,114.1594433,"5 Connaught Road, Central, Hong Kong",google_places,PLACE_DETAILS,ChIJuY8iZWQABDQR81RwhbR5TXE,establishment;food;lodging;point_of_interest;spa,False,CACHED
"Mandarin Oriental, Hong Kong",https://www.americanexpress.com/en-us/travel/discover/property/China/Hong-Kong/Mandarin-Oriental-Hong-Kong?intlink=US-travel-discover-property-results-propertyCard-Mandarin-Oriental-Hong-Kong,"Hong Kong, China",FINE HOTELS + RESORTS,Mandarin Oriental Hotel Group,Program,22.2818794,114.1594433,"5 Connaught Road, Central, Hong Kong",google_places,PLACE_DETAILS,ChIJuY8iZWQABDQR81RwhbR5TXE,establishment;food;lodging;point_of_interest;spa,False,CACHED
"Mandarin Oriental Bosphorus, Istanbul",https://www.americanexpress.com/en-us/travel/discover/property/Turkey/Istanbul/Mandarin-Oriental-Bosphorus-Istanbul?intlink=US-travel-discover-property-results-propertyCard-Mandarin-Oriental-Bosphorus-Istanbul,"Istanbul, Turkey",FINE HOTELS + RESORTS,Mandarin Oriental Hotel Group,Program,41.0570193,29.0356217,"Kuruçeşme, Muallim Naci Cd. No: 62, 34345 Beşiktaş/İstanbul, Türkiye",google_places,PLACE_DETAILS,ChIJkzUTf523yhQRAT80QAAuGLk,establishment;lodging;point_of_interest,False,CACHED
"Mandarin Oriental, Jakarta",https://www.americanexpress.com/en-us/travel/discover/property/Indonesia/Jakarta/Mandarin-Oriental-Jakarta?intlink=US-travel-discover-property-results-propertyCard-Mandarin-Oriental-Jakarta,"Jakarta, Indonesia",FINE HOTELS + RESORTS,Mandarin Oriental Hotel Group,Program,-6.196157299999999,106.8235537,"Jl. Imam Bonjol, Menteng, Kec. Menteng, Kota Jakarta Pusat, Daerah Khusus Ibukota Jakarta 10310, Indonesia",google_places,PLACE_DETAILS,ChIJL_5K9CH0aS4RF02SDuS482o,establishment;food;lodging;point_of_interest;spa,False,CACHED
"Mandarin Oriental, Kuala Lumpur",https://www.americanexpress.com/en-us/travel/discover/property/Malaysia/Kuala-Lumpur/Mandarin-Oriental-Kuala-Lumpur?intlink=US-travel-discover-property-results-propertyCard-Mandarin-Oriental-Kuala-Lumpur,"Kuala Lumpur, Malaysia",FINE HOTELS + RESORTS,Mandarin Oriental Hotel Group,Program,3.1557927,101.7119498,"Kuala Lumpur City Centre, 50088 Kuala Lumpur, Wilayah Persekutuan Kuala Lumpur, Malaysia",google_places,PLACE_DETAILS,ChIJn0TrD9Q3zDERSpw1Ns9muFs,bar;establishment;food;lodging;point_of_interest;spa,False,CACHED
"Mandarin Oriental Hyde Park, London",https://www.americanexpress.com/en-us/travel/discover/property/England/London/Mandarin-Oriental-Hyde-Park-London?intlink=US-travel-discover-property-results-propertyCard-Mandarin-Oriental-Hyde-Park-London,"London, England",FINE HOTELS + RESORTS,Mandarin Oriental Hotel Group,Program,51.502132,-0.1599938,"66 Knightsbridge, London SW1X 7LA, UK",google_places,PLACE_DETAILS,ChIJG4IcmDkFdkgR3IYfJhJy-SM,establishment;food;lodging;point_of_interest;spa,False,CACHED
"Mandarin Oriental Mayfair, London",https://www.americanexpress.com/en-us/travel/discover/property/England/London/Mandarin-Oriental-Mayfair-London?intlink=US-travel-discover-property-results-propertyCard-Mandarin-Oriental-Mayfair-London,"London, England",FINE HOTELS + RESORTS,Mandarin Oriental Hotel Group,Program,51.5132756,-0.1439879,"22 Hanover Square, London W1S 1JP, UK",google_places,PLACE_DETAILS,ChIJK1dCDlEFdkgRrJ-GAUSwcHs,bar;establishment;food;lodging;point_of_interest;restaurant;spa,False,CACHED
"Mandarin Oriental Palace, Luzern",https://www.americanexpress.com/en-us/travel/discover/property/Switzerland/Lucerne/Mandarin-Oriental-Palace-Luzern?intlink=US-travel-discover-property-results-propertyCard-Mandarin-Oriental-Palace-Luzern,"Lucerne, Switzerland",FINE HOTELS + RESORTS,Mandarin Oriental Hotel Group,Program,47.05523489999999,8.3197558,"Haldenstrasse 10, 6002 Luzern, Switzerland",google_places,PLACE_DETAILS,ChIJo1tayjP7j0cR_U6PIzTNWTE,establishment;lodging;point_of_interest,False,CACHED
"Mandarin Oriental, Macau",https://www.americanexpress.com/en-us/travel/discover/property/China/Macau/Mandarin-Oriental-Macau?intlink=US-travel-discover-property-results-propertyCard-Mandarin-Oriental-Macau,"Macau, China",FINE HOTELS + RESORTS,Mandarin Oriental Hotel Group,Program,22.1845116,113.5469704,"945 Av. Dr. Sun Yat-Sen, Macao",google_places,PLACE_DETAILS,ChIJz4KhV-p6ATQRoqeAi5wNpeM,establishment;food;lodging;point_of_interest;spa,False,CACHED
"Mandarin Oriental Ritz, Madrid",https://www.americanexpress.com/en-us/travel/discover/property/Spain/Madrid/Mandarin-Oriental-Ritz-Madrid?intlink=US-travel-discover-property-results-propertyCard-Mandarin-Oriental-Ritz-Madrid,"Madrid, Spain",FINE HOTELS + RESORTS,Mandarin Oriental Hotel Group,Program,40.4157577,-3.692606699999999,"Pl. de la Lealtad, 5, Retiro, 28014 Madrid, Spain",google_places,PLACE_DETAILS,ChIJYfC-KYMoQg0RhCEOyVqku7k,establishment;food;lodging;point_of_interest;spa,False,CACHED
"Mandarin Oriental, Marrakech",https://www.americanexpress.com/en-us/travel/discover/property/Morocco/Marrakech/Mandarin-Oriental-Marrakech?intlink=US-travel-discover-property-results-propertyCard-Mandarin-Oriental-Marrakech,"Marrakech, Morocco",FINE HOTELS + RESORTS,Mandarin Oriental Hotel Group,Program,31.6039138,-7.9510249,"Rte Golf Royal, Marrakech 40000, Morocco",google_places,PLACE_DETAILS,ChIJo089nizwrw0RcEmYZzbdCj8,establishment;food;lodging;point_of_interest;spa,False,CACHED
"Mandarin Oriental, Milan",https://www.americanexpress.com/en-us/travel/discover/property/Italy/Milan/Mandarin-Oriental-Milan?intlink=US-travel-discover-property-results-propertyCard-Mandarin-Oriental-Milan,"Milan, Italy",FINE HOTELS + RESORTS,Mandarin Oriental Hotel Group,Program,45.4694607,9.1908762,"Via Andegari, 9, 20121 Milano MI, Italy",google_places,PLACE_DETAILS,ChIJ8WYvKrLGhkcRq-vAoxldOBM,establishment;food;lodging;point_of_interest;spa,False,CACHED
"Mandarin Oriental, Munich",https://www.americanexpress.com/en-us/travel/discover/property/Germany/Munich/Mandarin-Oriental-Munich?intlink=US-travel-discover-property-results-propertyCard-Mandarin-Oriental-Munich,"Munich, Germany",FINE HOTELS + RESORTS,Mandarin Oriental Hotel Group,Program,48.1372992,11.5809403,"Neuturmstraße 1, 80331 München, Germany",google_places,PLACE_DETAILS,ChIJszTOz4t1nkcRg2XPbFLt8m8,establishment;food;lodging;point_of_interest;spa,False,CACHED
"Mandarin Oriental, Muscat",https://www.americanexpress.com/en-us/travel/discover/property/Oman/Muscat/Mandarin-Oriental-Muscat?intlink=US-travel-discover-property-results-propertyCard-Mandarin-Oriental-Muscat,"Muscat, Oman",FINE HOTELS + RESORTS,Mandarin Oriental Hotel Group,Program,23.6135498,58.4577062,"JF74+8M5, Muscat, Oman",google_places,PLACE_DETAILS,ChIJ9QPMHNb_kT4R1yNMOE70jRs,establishment;lodging;point_of_interest,False,CACHED
"Mandarin Oriental, New York",https://www.americanexpress.com/en-us/travel/discover/property/New-York-US/New-York/Mandarin-Oriental-New-York?intlink=US-travel-discover-property-results-propertyCard-Mandarin-Oriental-New-York,"New York, New York US",FINE HOTELS + RESORTS,Mandarin Oriental Hotel Group,Program,40.7688844,-73.98304399999999,"80 Columbus Cir, New York, NY 10023, USA",google_places,PLACE_DETAILS,ChIJL83lHfZYwokRnd7wA8PLD1E,establishment;food;lodging;point_of_interest;spa,False,CACHED
"Mandarin Oriental Lutetia, Paris",https://www.americanexpress.com/en-us/travel/discover/property/France/Paris/Mandarin-Oriental-Lutetia-Paris?intlink=US-travel-discover-property-results-propertyCard-Mandarin-Oriental-Lutetia-Paris,"Paris, France",FINE HOTELS + RESORTS,Mandarin Oriental Hotel Group,Program,48.86705509999999,2.3272231,"251 Rue Saint-Honoré, 75001 Paris, France",google_places,PLACE_DETAILS,ChIJZazOcjJu5kcRmwkL7N7ZOHQ,establishment;food;lodging;point_of_interest;spa,False,CACHED
"Mandarin Oriental, Prague",https://www.americanexpress.com/en-us/travel/discover/property/Czech-Republic/Prague/Mandarin-Oriental-Prague?intlink=US-travel-discover-property-results-propertyCard-Mandarin-Oriental-Prague,"Prague, Czech Republic",FINE HOTELS + RESORTS,Mandarin Oriental Hotel Group,Program,50.08449239999999,14.4055693,"Nebovidská 459/1, Malá Strana, 118 00 Praha-Praha 1, Czechia",google_places,PLACE_DETAILS,ChIJveXNbuOUC0cRIkCVxDQLPKE,establishment;food;lodging;point_of_interest;spa,False,CACHED
"Mandarin Oriental, Costa Navarino",https://www.americanexpress.com/en-us/travel/discover/property/Greece/Pylos/Mandarin-Oriental-Costa-Navarino?intlink=US-travel-discover-property-results-propertyCard-Mandarin-Oriental-Costa-Navarino,"Pylos, Greece",FINE HOTELS + RESORTS,Mandarin Oriental Hotel Group,Program,36.9347779,21.7124563,"Navarino Bay, Costa, Costa, Pilos 240 01, Greece",google_places,PLACE_DETAILS,ChIJS8H56wFzYRMRUdn1lf0_kDc,establishment;lodging;point_of_interest,False,CACHED
"Mandarin Oriental Al Faisaliah, Riyadh",https://www.americanexpress.com/en-us/travel/discover/property/Saudi-Arabia/Riyadh/Mandarin-Oriental-Al-Faisaliah-Riyadh?intlink=US-travel-discover-property-results-propertyCard-Mandarin-Oriental-Al-Faisaliah-Riyadh,"Riyadh, Saudi Arabia",FINE HOTELS + RESORTS,Mandarin Oriental Hotel Group,Program,24.6903668,46.6841129,"King Fahd Rd, Al Olaya, Riyadh 12212, Saudi Arabia",google_places,PLACE_DETAILS,ChIJmZNIDYkDLz4R2uGrxo7CUFE,establishment;lodging;point_of_interest,False,CACHED
"Mandarin Oriental, Santiago",https://www.americanexpress.com/en-us/travel/discover/property/Chile/Santiago/Mandarin-Oriental-Santiago?intlink=US-travel-discover-property-results-propertyCard-Mandarin-Oriental-Santiago,"Santiago, Chile",FINE HOTELS + RESORTS,Mandarin Oriental Hotel Group,Program,-33.4038208,-70.58331070000001,"Presidente Kennedy Avenue #4601, 7560994 Santiago, Las Condes, Región Metropolitana, Chile",google_places,PLACE_DETAILS,ChIJYUXpoyXPYpYRLmCENA4KYIY,establishment;lodging;point_of_interest,False,CACHED
"Mandarin Oriental, Sanya",https://www.americanexpress.com/en-us/travel/discover/property/China/Sanya/Mandarin-Oriental-Sanya?intlink=US-travel-discover-property-results-propertyCard-Mandarin-Oriental-Sanya,"Sanya, China",FINE HOTELS + RESORTS,Mandarin Oriental Hotel Group,Program,18.21433,109.53241,"12 Yuhai Road, 吉阳区三亚市海南省 China, 572000",google_places,PLACE_DETAILS,ChIJ_ds3UAVLRTERNkd_eX-aD4k,establishment;lodging;point_of_interest,False,CACHED
"Mandarin Oriental Pudong, Shanghai",https://www.americanexpress.com/en-us/travel/discover/property/China/Shanghai/Mandarin-Oriental-Pudong-Shanghai?intlink=US-travel-discover-property-results-propertyCard-Mandarin-Oriental-Pudong-Shanghai,"Shanghai, China",FINE HOTELS + RESORTS,Mandarin Oriental Hotel Group,Program,31.243574,121.507348,"111 Pu Dong Nan Lu, Lujiazui, Pu Dong Xin Qu, Shang Hai Shi, China, 200120",google_places,PLACE_DETAILS,ChIJfc_j3rxwsjURqSIcLyTnWZM,establishment;lodging;point_of_interest,False,CACHED
"Mandarin Oriental, Shenzhen",https://www.americanexpress.com/en-us/travel/discover/property/China/Shenzhen/Mandarin-Oriental-Shenzhen?intlink=US-travel-discover-property-results-propertyCard-Mandarin-Oriental-Shenzhen,"Shenzhen, China",FINE HOTELS + RESORTS,Mandarin Oriental Hotel Group,Program,22.5575267,114.0712503,"Block A UpperHills No, 5001 Huang Gang Lu, Fu Tian Qu, Shen Zhen Shi, Guang Dong Sheng, China, 518026",google_places,PLACE_DETAILS,ChIJM2YptGn0AzQR-pilfJW8YTg,establishment;lodging;point_of_interest,False,CACHED
"Mandarin Oriental, Singapore",https://www.americanexpress.com/en-us/travel/discover/property/Singapore/Singapore/Mandarin-Oriental-Singapore?intlink=US-travel-discover-property-results-propertyCard-Mandarin-Oriental-Singapore,"Singapore, Singapore",FINE HOTELS + RESORTS,Mandarin Oriental Hotel Group,Program,1.2902058,103.8580476,"5 Raffles Ave., Singapore 039797",google_places,PLACE_DETAILS,ChIJt7a1YKgZ2jER1U6XOjXyMCA,establishment;food;lodging;point_of_interest;restaurant;spa,False,CACHED
"Mandarin Oriental, Taipei",https://www.americanexpress.com/en-us/travel/discover/property/Taiwan/Taipei/Mandarin-Oriental-Taipei?intlink=US-travel-discover-property-results-propertyCard-Mandarin-Oriental-Taipei,"Taipei, Taiwan",FINE HOTELS + RESORTS,Mandarin Oriental Hotel Group,Program,25.0557416,121.5481485,"No. 158, DunHua N Rd, Songshan District, Taipei City, Taiwan 10548",google_places,PLACE_DETAILS,ChIJWXlWGearQjQRNEj80OdQoVw,establishment;food;lodging;point_of_interest;spa,False,CACHED
"Mandarin Oriental, Tokyo",https://www.americanexpress.com/en-us/travel/discover/property/Japan/Tokyo/Mandarin-Oriental-Tokyo?intlink=US-travel-discover-property-results-propertyCard-Mandarin-Oriental-Tokyo,"Tokyo, Japan",FINE HOTELS + RESORTS,Mandarin Oriental Hotel Group,Program,35.6870475,139.7730634,"2-chōme-1-1 Nihonbashimuromachi, Chuo City, Tokyo 103-8328, Japan",google_places,PLACE_DETAILS,ChIJ281VfFWJGGARYaR_hmZuo0I,establishment;food;lodging;point_of_interest;spa,False,CACHED
"Mandarin Oriental, Vienna",https://www.americanexpress.com/en-us/travel/discover/property/Austria/Vienna/Mandarin-Oriental-Vienna?intlink=US-travel-discover-property-results-propertyCard-Mandarin-Oriental-Vienna,"Vienna, Austria",FINE HOTELS + RESORTS,Mandarin Oriental Hotel Group,Program,48.2073288,16.3771519,"Riemergasse 7, 1010 Wien, Austria",google_places,PLACE_DETAILS,ChIJmy8AkaUHbUcRwmtmGARil1s,establishment;lodging;point_of_interest,False,CACHED
"Mandarin Oriental Savoy, Zurich",https://www.americanexpress.com/en-us/travel/discover/property/Switzerland/Zurich/Mandarin-Oriental-Savoy-Zurich?intlink=US-travel-discover-property-results-propertyCard-Mandarin-Oriental-Savoy-Zurich,"Zurich, Switzerland",FINE HOTELS + RESORTS,Mandarin Oriental Hotel Group,Program,47.3698139,8.5397594,"Poststrasse 12, 8001 Zürich, Switzerland",google_places,PLACE_DETAILS,ChIJiZVKwgsLkEcRSHgBmdRPqhs,establishment;lodging;point_of_interest,False,CACHED
"The Ritz-Carlton Dallas, Las Colinas",https://www.americanexpress.com/en-us/travel/discover/property/Texas-US/Irving/The-Ritz-carlton-Dallas-Las-Colinas?intlink=US-travel-discover-property-results-propertyCard-The-Ritz-carlton-Dallas-Las-Colinas,"Irving, Texas US",FINE HOTELS + RESORTS,Marriott,Program,32.8722289,-96.9417801,"223 W Las Colinas Blvd., Irving, TX 75039, USA",google_places,PLACE_DETAILS,ChIJVbgSi72CToYRLOTo4q0L4Qk,establishment;lodging;point_of_interest,False,CACHED
"The Resort at Kapalua Bay, Maui",https://www.americanexpress.com/en-us/travel/discover/property/Hawaii-US/Lahaina/The-Resort-At-Kapalua-Bay-Maui?intlink=US-travel-discover-property-results-propertyCard-The-Resort-At-Kapalua-Bay-Maui,"Lahaina, Hawaii US",FINE HOTELS + RESORTS,Marriott,Program,21.0010684,-156.6541142,"1 Ritz Carlton Dr, Lahaina, HI 96761, USA",google_places,PLACE_DETAILS,ChIJ8Vu0vLfVqn4RQQDK9iKIUXw,establishment;lodging;point_of_interest,False,CACHED
"Casa Brera, a Luxury Collection Hotel, Milan",https://www.americanexpress.com/en-us/travel/discover/property/Italy/Milan/Casa-Brera-a-Luxury-Collection-Hotel-Milan?intlink=US-travel-discover-property-results-propertyCard-Casa-Brera-a-Luxury-Collection-Hotel-Milan,"Milan, Italy",FINE HOTELS + RESORTS,Marriott,Program,45.4679779,9.1874864,"Piazzetta M. Bossi, 2, 20121 Milano MI, Italy",google_places,PLACE_DETAILS,ChIJ3z6HOQDHhkcRGh8CSHKeo7U,establishment;lodging;point_of_interest,False,CACHED
Hotel Effie Sandestin,https://www.americanexpress.com/en-us/travel/discover/property/Florida-US/Miramar-Beach/Hotel-Effie-Sandestin?intlink=US-travel-discover-property-results-propertyCard-Hotel-Effie-Sandestin,"Miramar Beach, Florida US",FINE HOTELS + RESORTS,Marriott,Program,30.3917189,-86.32401139999999,"1 Grand Sandestin Blvd, Miramar Beach, FL 32550, USA",google_places,PLACE_DETAILS,ChIJG4vmeFFZkYgRJW3Noa4kSFw,establishment;lodging;point_of_interest,False,CACHED
The Maybourne Beverly Hills,https://www.americanexpress.com/en-us/travel/discover/property/California-US/Beverly-Hills/The-Maybourne-Beverly-Hills?intlink=US-travel-discover-property-results-propertyCard-The-Maybourne-Beverly-Hills,"Beverly Hills, California US",FINE HOTELS + RESORTS,Maybourne,Program,34.0681204,-118.3986017,"225 N Canon Dr, Beverly Hills, CA 90210, USA",google_places,PLACE_DETAILS,ChIJuZadDlu7woAR1Wzrce7wjow,establishment;lodging;point_of_interest,False,CACHED
Claridge's,https://www.americanexpress.com/en-us/travel/discover/property/England/London/Claridges?intlink=US-travel-discover-property-results-propertyCard-Claridges,"London, England",FINE HOTELS + RESORTS,Maybourne,Program,51.5124212,-0.1478613,"Brook St, London W1K 4HR, UK",google_places,PLACE_DETAILS,ChIJcZY1XAAFdkgRieYQg6UqpzQ,establishment;lodging;point_of_interest,False,CACHED
The Berkeley,https://www.americanexpress.com/en-us/travel/discover/property/England/London/The-Berkeley?intlink=US-travel-discover-property-results-propertyCard-The-Berkeley,"London, England",FINE HOTELS + RESORTS,Maybourne,Program,51.5018465,-0.1560608,"The Berkeley, Wilton Pl, London SW1X 7RL, UK",google_places,PLACE_DETAILS,ChIJ5YHhqjsFdkgR3-qEY9FMp_M,establishment;lodging;point_of_interest;spa,False,CACHED
The Connaught,https://www.americanexpress.com/en-us/travel/discover/property/England/London/The-Connaught?intlink=US-travel-discover-property-results-propertyCard-The-Connaught,"London, England",FINE HOTELS + RESORTS,Maybourne,Program,51.5102521,-0.1498169,"The Connaught, Carlos Pl, London W1K 2AL, UK",google_places,PLACE_DETAILS,ChIJiTyvxdcEdkgRIE3fJmxwzVM,establishment;lodging;point_of_interest;spa,False,CACHED
The Emory,https://www.americanexpress.com/en-us/travel/discover/property/England/London/The-Emory?intlink=US-travel-discover-property-results-propertyCard-The-Emory,"London, England",FINE HOTELS + RESORTS,Maybourne,Program,51.5022983,-0.1555222,"Old Barrack Yard, London SW1X 7NP, UK",google_places,PLACE_DETAILS,ChIJnTmXt6QFdkgRV1_2XnA4xCA,establishment;lodging;point_of_interest,False,CACHED
The Maybourne Riviera,https://www.americanexpress.com/en-us/travel/discover/property/France/Roquebrune-Cap-Martin/The-Maybourne-Riviera?intlink=US-travel-discover-property-results-propertyCard-The-Maybourne-Riviera,"Roquebrune-Cap-Martin, France",FINE HOTELS + RESORTS,Maybourne,Program,43.7567903,7.4443528,"1551 Rte de la Turbie, 06190 Roquebrune-Cap-Martin, France",google_places,PLACE_DETAILS,ChIJv521BnPCzRIRRR1__gpUMVM,bar;establishment;food;lodging;point_of_interest;restaurant;spa,False,CACHED
ME Barcelona,https://www.americanexpress.com/en-us/travel/discover/property/Spain/Barcelona/Me-Barcelona?intlink=US-travel-discover-property-results-propertyCard-Me-Barcelona,"Barcelona, Spain",FINE HOTELS + RESORTS,ME by Meliá,Program,41.38903000000001,2.1701057,"Carrer de Casp, 1 - 13, Eixample, 08010 Barcelona, Spain",google_places,PLACE_DETAILS,ChIJTWIf_JyjpBIR61hPn_0PVhw,establishment;lodging;point_of_interest,False,CACHED
ME Malta,https://www.americanexpress.com/en-us/travel/discover/property/Malta/St-Julians/Me-Malta?intlink=US-travel-discover-property-results-propertyCard-Me-Malta,"St Julians, Malta",FINE HOTELS + RESORTS,ME by Meliá,Program,35.922444,14.489111,"Saint George's Road, Triq Gort, St Julian's, Malta",google_places,PLACE_DETAILS,ChIJ2ZfHIZpFDhMRZ8lSljEjmNU,establishment;lodging;point_of_interest,False,CACHED
Ngorongoro Lodge,https://www.americanexpress.com/en-us/travel/discover/property/Tanzania/Arusha/Ngorongoro-Lodge?intlink=US-travel-discover-property-results-propertyCard-Ngorongoro-Lodge,"Arusha, Tanzania",FINE HOTELS + RESORTS,Meliá Hotels & Resorts,Program,-3.243866,35.512299,"B144, 1184, Tanzania",google_places,PLACE_DETAILS,ChIJPakqlesVNBgRq6TDRWfptSI,establishment;lodging;point_of_interest,False,CACHED
"Palazzo Cordusio, a Gran Melia Hotel Milan",https://www.americanexpress.com/en-us/travel/discover/property/Italy/Milan/Palazzo-Cordusio-a-Gran-Melia-Hotel-Milan?intlink=US-travel-discover-property-results-propertyCard-Palazzo-Cordusio-a-Gran-Melia-Hotel-Milan,"Milan, Italy",FINE HOTELS + RESORTS,Meliá Hotels & Resorts,Program,45.4651919,9.186742700000002,"P.za Cordusio, 2, 20123 Milano MI, Italy",google_places,PLACE_DETAILS,ChIJd8tKsOfHhkcRiT8GQiWLhfE,establishment;lodging;point_of_interest,False,CACHED
Melia Serengeti Lodge,https://www.americanexpress.com/en-us/travel/discover/property/Tanzania/Serengeti-National-Park/Melia-Serengeti-Lodge?intlink=US-travel-discover-property-results-propertyCard-Melia-Serengeti-Lodge,"Serengeti National Park, Tanzania",FINE HOTELS + RESORTS,Meliá Hotels & Resorts,Program,-2.47182,34.546432,"Nyamuma Hills, 01184, Tanzania",google_places,PLACE_DETAILS,ChIJia7SfXPTMhgRJzTpzvawHV0,establishment;lodging;point_of_interest,False,CACHED
V Villas Phuket Mgallery Collection,https://www.americanexpress.com/en-us/travel/discover/property/Thailand/Phuket/V-Villas-Phuket-Mgallery-Collection?intlink=US-travel-discover-property-results-propertyCard-V-Villas-Phuket-Mgallery-Collection,"Phuket, Thailand",FINE HOTELS + RESORTS,MGallery Collection,Program,7.814362399999999,98.3925778,"Moo 8 Ao, Vichit, ซอย ร่วมใจอ่าวยนต์ ตำบล วิชิต อำเภอเมืองภูเก็ต ภูเก็ต 83000, Thailand",google_places,PLACE_DETAILS,ChIJL3hhkZ4uUDARAlyoO1N82YM,establishment;lodging;point_of_interest,False,CACHED
Bellagio,https://www.americanexpress.com/en-us/travel/discover/property/Nevada-US/Las-Vegas/Bellagio?intlink=US-travel-discover-property-results-propertyCard-Bellagio,"Las Vegas, Nevada US",FINE HOTELS + RESORTS,MGM Resorts International,Program,36.1129455,-115.1765067,"3600 S Las Vegas Blvd, Las Vegas, NV 89109, USA",google_places,PLACE_DETAILS,ChIJvUdRyzDEyIARhA3R2cXH8oI,casino;establishment;lodging;point_of_interest,False,CACHED
The Cosmopolitan of Las Vegas,https://www.americanexpress.com/en-us/travel/discover/property/Nevada-US/Las-Vegas/The-Cosmopolitan-Of-Las-Vegas?intlink=US-travel-discover-property-results-propertyCard-The-Cosmopolitan-Of-Las-Vegas,"Las Vegas, Nevada US",FINE HOTELS + RESORTS,MGM Resorts International,Program,36.10996,-115.1754159,"3708 Las Vegas Blvd S, Las Vegas, NV 89109, USA",google_places,PLACE_DETAILS,ChIJT__BBTHEyIARSHye841eD20,casino;establishment;lodging;point_of_interest,False,CACHED
Miraval Austin,https://www.americanexpress.com/en-us/travel/discover/property/Texas-US/Austin/Miraval-Austin?intlink=US-travel-discover-property-results-propertyCard-Miraval-Austin,"Austin, Texas US",FINE HOTELS + RESORTS,Miraval,Program,30.4437329,-97.86508669999999,"13500 Farm to Market Rd 2769, Austin, TX 78726, USA",google_places,PLACE_DETAILS,ChIJ6WY13uczW4YR_Oublypnq6M,establishment;lodging;point_of_interest,False,CACHED
Miraval Berkshires,https://www.americanexpress.com/en-us/travel/discover/property/Massachusetts-US/Lenox/Miraval-Berkshires?intlink=US-travel-discover-property-results-propertyCard-Miraval-Berkshires,"Lenox, Massachusetts US",FINE HOTELS + RESORTS,Miraval,Program,42.3419471,-73.2671404,"55 Lee Rd, Lenox, MA 01240, USA",google_places,PLACE_DETAILS,ChIJzYaC5hBF54kRunUEapGisGc,establishment;lodging;point_of_interest,False,CACHED
Miraval Arizona,https://www.americanexpress.com/en-us/travel/discover/property/Arizona-US/Tucson/Miraval-Arizona?intlink=US-travel-discover-property-results-propertyCard-Miraval-Arizona,"Tucson, Arizona US",FINE HOTELS + RESORTS,Miraval,Program,32.5078168,-110.8846195,"5000 E Vía Estancia Miraval, Tucson, AZ 85739, USA",google_places,PLACE_DETAILS,ChIJJfqxDDoQ1oYRvERSzijhpJE,establishment;lodging;point_of_interest,False,CACHED
Mondrian Bordeaux Les Carmes,https://www.americanexpress.com/en-us/travel/discover/property/France/Bordeaux/Mondrian-Bordeaux-Les-Carmes?intlink=US-travel-discover-property-results-propertyCard-Mondrian-Bordeaux-Les-Carmes,"Bordeaux, France",FINE HOTELS + RESORTS,Mondrian,Program,44.8599293,-0.5683332,"81 Cr du Médoc, 33300 Bordeaux, France",google_places,PLACE_DETAILS,ChIJgYb9mhgpVQ0RKDY5R2pYO-g,establishment;lodging;point_of_interest,False,CACHED
Chatham Inn Relais & Chateaux,https://www.americanexpress.com/en-us/travel/discover/property/Massachusetts-US/Chatham/Chatham-Inn-Relais--Chateaux?intlink=US-travel-discover-property-results-propertyCard-Chatham-Inn-Relais--Chateaux,"Chatham, Massachusetts US",FINE HOTELS + RESORTS,Noble House Hotels & Resorts,Program,41.6849731,-69.9523155,"297 Shore Rd, Chatham, MA 02633, USA",google_places,PLACE_DETAILS,ChIJWXdAKVkT-4kRGIV0FzYFWJw,establishment;lodging;point_of_interest;spa,False,CACHED
L'Auberge Del Mar,https://www.americanexpress.com/en-us/travel/discover/property/California-US/Del-Mar/Lauberge-Del-Mar?intlink=US-travel-discover-property-results-propertyCard-Lauberge-Del-Mar,"Del Mar, California US",FINE HOTELS + RESORTS,Noble House Hotels & Resorts,Program,32.9602778,-117.2658333,"1540 Camino Del Mar, Del Mar, CA 92014, USA",google_places,PLACE_DETAILS,ChIJ2zUhFbUI3IARFCO0GXEpOkg,establishment;lodging;point_of_interest,False,CACHED
Gateway Canyons Resort & Spa,https://www.americanexpress.com/en-us/travel/discover/property/Colorado-US/Gateway/Gateway-Canyons-Resort--Spa?intlink=US-travel-discover-property-results-propertyCard-Gateway-Canyons-Resort--Spa,"Gateway, Colorado US",FINE HOTELS + RESORTS,Noble House Hotels & Resorts,Program,38.6788449,-108.9829571,"43200 CO-141, Gateway, CO 81522, USA",google_places,PLACE_DETAILS,ChIJC3cV7LqZR4cRUljGqra7rzw,establishment;lodging;point_of_interest,False,CACHED
Estancia La Jolla Hotel and Spa,https://www.americanexpress.com/en-us/travel/discover/property/California-US/La-Jolla/Estancia-La-Jolla-Hotel-And-Spa?intlink=US-travel-discover-property-results-propertyCard-Estancia-La-Jolla-Hotel-And-Spa,"La Jolla, California US",FINE HOTELS + RESORTS,Noble House Hotels & Resorts,Program,32.8848626,-117.2448341,"9700 N Torrey Pines Rd, La Jolla, CA 92037, USA",google_places,PLACE_DETAILS,ChIJqzuoRpUG3IAR_T9s_P1Y5cg,establishment;lodging;point_of_interest,False,CACHED
Little Palm Island Resort,https://www.americanexpress.com/en-us/travel/discover/property/Florida-US/Little-Torch-Key/Little-Palm-Island-Resort?intlink=US-travel-discover-property-results-propertyCard-Little-Palm-Island-Resort,"Little Torch Key, Florida US",FINE HOTELS + RESORTS,Noble House Hotels & Resorts,Program,24.6657197,-81.3868516,"28500 Overseas Hwy, Little Torch Key, FL 33042, USA",google_places,PLACE_DETAILS,ChIJu3d2VoL90IgRuZAr56lGuN0,establishment;lodging;point_of_interest,False,CACHED
Headlands Coastal Lodge and Spa,https://www.americanexpress.com/en-us/travel/discover/property/Oregon-US/Pacific-City/Headlands-Coastal-Lodge-And-Spa?intlink=US-travel-discover-property-results-propertyCard-Headlands-Coastal-Lodge-And-Spa,"Pacific City, Oregon US",FINE HOTELS + RESORTS,Noble House Hotels & Resorts,Program,45.215908,-123.9710998,"33000 Cape Kiwanda Dr, Pacific City, OR 97135, USA",google_places,PLACE_DETAILS,ChIJLaJYdxDd6lQRdWbSZfQam1o,establishment;lodging;point_of_interest,False,CACHED
NoMad London,https://www.americanexpress.com/en-us/travel/discover/property/England/London/Nomad-London?intlink=US-travel-discover-property-results-propertyCard-Nomad-London,"London, England",FINE HOTELS + RESORTS,NoMad,Program,51.5135071,-0.1220797,"28 Bow St, London WC2E 7AW, UK",google_places,PLACE_DETAILS,ChIJP2dA6OsFdkgRLhWn8pqJMcA,establishment;lodging;point_of_interest,False,CACHED
"The Oberoi Amarvilas, Agra",https://www.americanexpress.com/en-us/travel/discover/property/India/Agra/The-Oberoi-Amarvilas-Agra?intlink=US-travel-discover-property-results-propertyCard-The-Oberoi-Amarvilas-Agra,"Agra, India",FINE HOTELS + RESORTS,Oberoi Hotels & Resorts,Program,27.1680032,78.0490121,"Taj East Gate Rd, Paktola, Tajganj, Agra, Uttar Pradesh 282001, India",google_places,PLACE_DETAILS,ChIJwanh0htxdDkRpaBl2MhumtY,bar;establishment;food;lodging;night_club;point_of_interest;restaurant;spa,False,CACHED
"The Oberoi, Gurgaon",https://www.americanexpress.com/en-us/travel/discover/property/India/Gurgaon/The-Oberoi-Gurgaon?intlink=US-travel-discover-property-results-propertyCard-The-Oberoi-Gurgaon,"Gurgaon, India",FINE HOTELS + RESORTS,Oberoi Hotels & Resorts,Program,28.5022034,77.08819009999999,"443, Shankar Chowk Rd, opposite Metro Station, Phase V, Udyog Vihar, Sector 19, Gurugram, Haryana 122016, India",google_places,PLACE_DETAILS,ChIJVVVVFUIZDTkRZHBDeKJ5H_8,bar;establishment;food;lodging;point_of_interest;restaurant;spa,False,CACHED
The Oberoi Rajvilas,https://www.americanexpress.com/en-us/travel/discover/property/India/Jaipur/The-Oberoi-Rajvilas?intlink=US-travel-discover-property-results-propertyCard-The-Oberoi-Rajvilas,"Jaipur, India",FINE HOTELS + RESORTS,Oberoi Hotels & Resorts,Program,26.8761643,75.882671,"Babaji Ka Modh, Goner Rd, Jagdish Colony, Prem Nagar, Jaipur, Rajasthan 302031, India",google_places,PLACE_DETAILS,ChIJvx8uaJy3bTkRjeNuvRMqPp4,establishment;lodging;point_of_interest,False,CACHED
"The Oberoi, Marrakech",https://www.americanexpress.com/en-us/travel/discover/property/Morocco/Marrakech/The-Oberoi-Marrakech?intlink=US-travel-discover-property-results-propertyCard-The-Oberoi-Marrakech,"Marrakech, Morocco",FINE HOTELS + RESORTS,Oberoi Hotels & Resorts,Program,31.61163,-7.896299,"Marrakech Route de, Rte d'Ouarzazate, Marrakech 40000, Morocco",google_places,PLACE_DETAILS,ChIJnz1BS7Xxrw0Ru1EGdtj58bs,establishment;lodging;point_of_interest,False,CACHED
The Oberoi Sukhvilas Resort & Spa,https://www.americanexpress.com/en-us/travel/discover/property/India/Mohali/The-Oberoi-Sukhvilas-Resort--Spa?intlink=US-travel-discover-property-results-propertyCard-The-Oberoi-Sukhvilas-Resort--Spa,"Mohali, India",FINE HOTELS + RESORTS,Oberoi Hotels & Resorts,Program,30.8645963,76.7140751,"Pallanpur P.O, Sialba Majri Rd, New Chandigarh, Punjab 140110, India",google_places,PLACE_DETAILS,ChIJY__kNrn2DzkRpgd22AYBMzY,establishment;lodging;point_of_interest,False,CACHED
"The Oberoi, Mumbai",https://www.americanexpress.com/en-us/travel/discover/property/India/Mumbai/The-Oberoi-Mumbai?intlink=US-travel-discover-property-results-propertyCard-The-Oberoi-Mumbai,"Mumbai, India",FINE HOTELS + RESORTS,Oberoi Hotels & Resorts,Program,18.9268126,72.8201297,"Nariman Point, Mumbai, Maharashtra 400021, India",google_places,PLACE_DETAILS,ChIJ____b-nR5zsRwb4q2GWqXjg,establishment;lodging;point_of_interest,False,CACHED
"The Oberoi, New Delhi",https://www.americanexpress.com/en-us/travel/discover/property/India/New-Delhi/The-Oberoi-New-Delhi?intlink=US-travel-discover-property-results-propertyCard-The-Oberoi-New-Delhi,"New Delhi, India",FINE HOTELS + RESORTS,Oberoi Hotels & Resorts,Program,28.5963001,77.2396602,"Dr Zakir Hussain Marg, Delhi Golf Club, Golf Links, New Delhi, Delhi 110003, India",google_places,PLACE_DETAILS,ChIJDbwn9uHiDDkRBBQtqfRdwkA,bar;establishment;food;lodging;point_of_interest;restaurant;spa,False,CACHED
Wildflower Hall,https://www.americanexpress.com/en-us/travel/discover/property/India/Shimla/Wildflower-Hall?intlink=US-travel-discover-property-results-propertyCard-Wildflower-Hall,"Shimla, India",FINE HOTELS + RESORTS,Oberoi Hotels & Resorts,Program,31.1137272,77.2478087,"Charabra, Shimla, Himachal Pradesh 171012, India",google_places,PLACE_DETAILS,ChIJJ3uTdLGDBTkRst1h8yQ6ukM,bar;establishment;food;lodging;point_of_interest;restaurant;spa,False,CACHED
"The Oberoi Udaivilas, Udaipur",https://www.americanexpress.com/en-us/travel/discover/property/India/Udaipur/The-Oberoi-Udaivilas-Udaipur?intlink=US-travel-discover-property-results-propertyCard-The-Oberoi-Udaivilas-Udaipur,"Udaipur, India",FINE HOTELS + RESORTS,Oberoi Hotels & Resorts,Program,24.5773827,73.67244120000001,"HMGC+VVV, Badi-Gorela-Mulla Talai Rd, Haridas Ji Ki Magri, Pichola, Udaipur, Rajasthan 313004, India",google_places,PLACE_DETAILS,ChIJ8-KpToDPbDkRmn78-WuA6yE,bar;establishment;food;lodging;point_of_interest;restaurant;spa,False,CACHED
Octant Furnas,https://www.americanexpress.com/en-us/travel/discover/property/Portugal/Furnas/Octant-Furnas?intlink=US-travel-discover-property-results-propertyCard-Octant-Furnas,"Furnas, Portugal",FINE HOTELS + RESORTS,Octant Hotels,Program,37.7709809,-25.304448,"Avenida Dr. Manuel de Arriaga, Furnas, 9675-022 São Miguel, Portugal",google_places,PLACE_DETAILS,ChIJJSEgijYgXQsRY7W6dQYKmeg,establishment;lodging;point_of_interest,False,CACHED
Octant Vila Monte,https://www.americanexpress.com/en-us/travel/discover/property/Portugal/Moncarapacho/Octant-Vila-Monte?intlink=US-travel-discover-property-results-propertyCard-Octant-Vila-Monte,"Moncarapacho, Portugal",FINE HOTELS + RESORTS,Octant Hotels,Program,37.0985529,-7.793181300000001,"Sitio dos, 8700-069 Moncarapacho, Portugal",google_places,PLACE_DETAILS,ChIJ45gKWwYbEA0RxabsHiguXOs,establishment;lodging;point_of_interest,False,CACHED
Octant Ponta Delgada,https://www.americanexpress.com/en-us/travel/discover/property/Portugal/Ponta-Delgada/Octant-Ponta-Delgada?intlink=US-travel-discover-property-results-propertyCard-Octant-Ponta-Delgada,"Ponta Delgada, Portugal",FINE HOTELS + RESORTS,Octant Hotels,Program,37.7417836,-25.6578336,"Av. Dr. João Bosco Mota Amaral, 4, 9500-771 Ponta Delgada, Portugal",google_places,PLACE_DETAILS,ChIJJV0jPUrVXAsRNJtNyI51Tws,establishment;lodging;point_of_interest,False,CACHED
Octant Douro,https://www.americanexpress.com/en-us/travel/discover/property/Portugal/Raiva-Castelo-de-Paiva/Octant-Douro?intlink=US-travel-discover-property-results-propertyCard-Octant-Douro,"Raiva Castelo de Paiva, Portugal",FINE HOTELS + RESORTS,Octant Hotels,Program,41.038198,-8.351272,"EN 222, R. Vista Alegre Km 41, 4550-631 Raiva, Portugal",google_places,PLACE_DETAILS,ChIJ7UZ-ygqDJA0RceIRNviwUlg,establishment;lodging;point_of_interest,False,CACHED
"Hotel du Cap-Eden-Roc, Oetker Hotels",https://www.americanexpress.com/en-us/travel/discover/property/France/Antibes/Hotel-Du-Cap-eden-roc-Oetker-Hotels?intlink=US-travel-discover-property-results-propertyCard-Hotel-Du-Cap-eden-roc-Oetker-Hotels,"Antibes, France",FINE HOTELS + RESORTS,Oetker Hotels,Program,43.5483462,7.1216027,"167-165 Bd J. F. Kennedy, 06160 Antibes, France",google_places,PLACE_DETAILS,ChIJgUQSbb1_zhIRaXQjX38vUD8,establishment;food;lodging;point_of_interest;restaurant;spa,False,CACHED
"Brenners Park-Hotel & Spa, Oetker Hotels",https://www.americanexpress.com/en-us/travel/discover/property/Germany/Baden-Baden/Brenners-Park-hotel--Spa-Oetker-Hotels?intlink=US-travel-discover-property-results-propertyCard-Brenners-Park-hotel--Spa-Oetker-Hotels,"Baden-Baden, Germany",FINE HOTELS + RESORTS,Oetker Hotels,Program,48.7560282,8.240033799999999,"Schillerstraße 4/6, 76530 Baden-Baden, Germany",google_places,PLACE_DETAILS,ChIJ73R3pVwfl0cRLyn0iFiuUx8,establishment;lodging;point_of_interest,False,CACHED
"Hotel La Palma, Oetker Hotels",https://www.americanexpress.com/en-us/travel/discover/property/Italy/Capri/Hotel-La-Palma-Oetker-Hotels?intlink=US-travel-discover-property-results-propertyCard-Hotel-La-Palma-Oetker-Hotels,"Capri, Italy",FINE HOTELS + RESORTS,Oetker Hotels,Program,40.5503664,14.2436652,"Via Vittorio Emanuele, 39, 80073 Capri NA, Italy",google_places,PLACE_DETAILS,ChIJWzLbDCx4OxMRPMwTakI32b0,establishment;lodging;point_of_interest,False,CACHED
"L'Apogee Courchevel, Oetker Hotels",https://www.americanexpress.com/en-us/travel/discover/property/France/Courchevel/Lapogee-Courchevel-Oetker-Hotels?intlink=US-travel-discover-property-results-propertyCard-Lapogee-Courchevel-Oetker-Hotels,"Courchevel, France",FINE HOTELS + RESORTS,Oetker Hotels,Program,45.41194240000001,6.6331123,"5 Rue Emile Allais, 73120 Courchevel, France",google_places,PLACE_DETAILS,ChIJ2dqBDKt4iUcRnlaYTHZ3Vj4,establishment;lodging;point_of_interest,False,CACHED
"Jumby Bay Island, Oetker Hotels",https://www.americanexpress.com/en-us/travel/discover/property/Antigua/Jumby-Bay-Island/Jumby-Bay-Island-Oetker-Hotels?intlink=US-travel-discover-property-results-propertyCard-Jumby-Bay-Island-Oetker-Hotels,"Jumby Bay Island, Antigua",FINE HOTELS + RESORTS,Oetker Hotels,Program,17.1543319,-61.7600419,"Jumby Bay Island, Antigua and Barbuda",google_places,PLACE_DETAILS,ChIJhbUSUrWTEowR7lYjqJ-ljqM,establishment;lodging;point_of_interest,False,CACHED
"The Lanesborough, Oetker Hotels",https://www.americanexpress.com/en-us/travel/discover/property/England/London/The-Lanesborough-Oetker-Hotels?intlink=US-travel-discover-property-results-propertyCard-The-Lanesborough-Oetker-Hotels,"London, England",FINE HOTELS + RESORTS,Oetker Hotels,Program,51.5026616,-0.1527196,"Hyde, Park Corner, London SW1X 7TA, UK",google_places,PLACE_DETAILS,ChIJ2_19mdYEdkgRoZ6Ys0Mcj7I,establishment;food;gym;health;lodging;point_of_interest;restaurant;spa,False,CACHED
"Le Bristol Paris, Oetker Hotels",https://www.americanexpress.com/en-us/travel/discover/property/France/Paris/Le-Bristol-Paris-Oetker-Hotels?intlink=US-travel-discover-property-results-propertyCard-Le-Bristol-Paris-Oetker-Hotels,"Paris, France",FINE HOTELS + RESORTS,Oetker Hotels,Program,48.87168639999999,2.3147996,"112 Rue du Faubourg Saint-Honoré, 75008 Paris, France",google_places,PLACE_DETAILS,ChIJVeUHqupv5kcR4taEicvH7ww,establishment;lodging;point_of_interest,False,CACHED
"Eden Rock - St Barths, Oetker Hotels",https://www.americanexpress.com/en-us/travel/discover/property/Saint-Barthelemy/St.-Jean-Bay/Eden-Rock---St-Barths-Oetker-Hotels?intlink=US-travel-discover-property-results-propertyCard-Eden-Rock---St-Barths-Oetker-Hotels,"St. Jean Bay, Saint Barthelemy",FINE HOTELS + RESORTS,Oetker Hotels,Program,17.9034357,-62.836107,"Baie de Saint Jean, 97133, St Barthélemy",google_places,PLACE_DETAILS,ChIJaSlfs091DowRpAapQXu2czo,bar;establishment;food;lodging;point_of_interest;restaurant,False,CACHED
"Palacio Tangara, Oetker Hotels",https://www.americanexpress.com/en-us/travel/discover/property/Brazil/São-Paulo/Palacio-Tangara-Oetker-Hotels?intlink=US-travel-discover-property-results-propertyCard-Palacio-Tangara-Oetker-Hotels,"São Paulo, Brazil",FINE HOTELS + RESORTS,Oetker Hotels,Program,-23.632001,-46.7226769,"R. Dep. Laércio Corte, 1501 - Panamby, São Paulo - SP, 05706-290, Brazil",google_geocoding,ROOFTOP,ChIJORxCyjVRzpQRrr1drgvazmg,bar;establishment;food;lodging;point_of_interest;restaurant;spa,True,CACHED
"Chateau Saint-Martin & Spa, Oetker Hotels",https://www.americanexpress.com/en-us/travel/discover/property/France/Vence/Chateau-Saint-martin--Spa-Oetker-Hotels?intlink=US-travel-discover-property-results-propertyCard-Chateau-Saint-martin--Spa-Oetker-Hotels,"Vence, France",FINE HOTELS + RESORTS,Oetker Hotels,Program,43.7309908,7.1062216,"2490 Av. des Templiers, 06140 Vence, France",google_geocoding,ROOFTOP,ChIJvbAgLEXNzRIRIhrJfPGqQQo,establishment;food;lodging;point_of_interest;restaurant;spa,True,CACHED
Mokara Hotel & Spa,https://www.americanexpress.com/en-us/travel/discover/property/Texas-US/San-Antonio/Mokara-Hotel--Spa?intlink=US-travel-discover-property-results-propertyCard-Mokara-Hotel--Spa,"San Antonio, Texas US",FINE HOTELS + RESORTS,Omni Hotels & Resorts,Program,29.4246739,-98.4905536,"212 W Crockett St, San Antonio, TX 78205, USA",google_places,PLACE_DETAILS,ChIJIadIsKxYXIYRPpVKRcDX1h0,establishment;lodging;point_of_interest,False,CACHED
One&Only Aesthesis,https://www.americanexpress.com/en-us/travel/discover/property/Greece/Athens/Oneonly-Aesthesis?intlink=US-travel-discover-property-results-propertyCard-Oneonly-Aesthesis,"Athens, Greece",FINE HOTELS + RESORTS,One&Only,Program,37.8554478,23.7512181,"Leof. Poseidonos 110, Glifada 166 74, Greece",google_places,PLACE_DETAILS,ChIJO77BYra_oRQRFSf9HMe74nA,establishment;lodging;point_of_interest,False,CACHED
One&Only Cape Town,https://www.americanexpress.com/en-us/travel/discover/property/South-Africa/Cape-Town/Oneonly-Cape-Town?intlink=US-travel-discover-property-results-propertyCard-Oneonly-Cape-Town,"Cape Town, South Africa",FINE HOTELS + RESORTS,One&Only,Program,-33.9086313,18.4162905,"One&Only Cape Town, 0C Dock Rd, Victoria & Alfred Waterfront, Cape Town, 8001, South Africa",google_places,PLACE_DETAILS,ChIJb27tOVtnzB0RMh88jaCL3uU,establishment;lodging;point_of_interest,False,CACHED
One&Only One Za'abeel,https://www.americanexpress.com/en-us/travel/discover/property/United-Arab-Emirates/Dubai/Oneonly-One-Zaabeel?intlink=US-travel-discover-property-results-propertyCard-Oneonly-One-Zaabeel,"Dubai, United Arab Emirates",FINE HOTELS + RESORTS,One&Only,Program,25.2282224,55.2906545,Street - Zaa'beel First - Za'abeel - Dubai - United Arab Emirates,google_places,PLACE_DETAILS,ChIJo0YkEMZDXz4R95uvTYa8i04,establishment;lodging;point_of_interest,False,CACHED
One&Only The Palm,https://www.americanexpress.com/en-us/travel/discover/property/United-Arab-Emirates/Dubai/Oneonly-The-Palm?intlink=US-travel-discover-property-results-propertyCard-Oneonly-The-Palm,"Dubai, United Arab Emirates",FINE HOTELS + RESORTS,One&Only,Program,25.0994852,55.1334634,"West Crescent, Palm - نخلة جميرا - Jumeirah - دبي - United Arab Emirates",google_places,PLACE_DETAILS,ChIJ9c0WNcoUXz4RmIIVjEG9uqo,bar;establishment;lodging;point_of_interest;spa,False,CACHED
One&Only Le Saint Geran,https://www.americanexpress.com/en-us/travel/discover/property/Mauritius/Flacq/Oneonly-Le-Saint-Geran?intlink=US-travel-discover-property-results-propertyCard-Oneonly-Le-Saint-Geran,"Flacq, Mauritius",FINE HOTELS + RESORTS,One&Only,Program,-20.1605098,57.7562809,"Pointe de Flacq, Poste de Flacq 41518, Mauritius",google_places,PLACE_DETAILS,ChIJvWg2rBL8fCERLclUxOarcBg,establishment;lodging;point_of_interest,False,CACHED
One&Only Nyungwe House,https://www.americanexpress.com/en-us/travel/discover/property/Rwanda/Gisakura/Oneonly-Nyungwe-House?intlink=US-travel-discover-property-results-propertyCard-Oneonly-Nyungwe-House,"Gisakura, Rwanda",FINE HOTELS + RESORTS,One&Only,Program,-2.446958,29.103924,"Gisakura, Nyamasheke Nyungwe Forest Reserve, Rwanda",google_places,PLACE_DETAILS,ChIJG2FuLF3qwhkR7e9hSSL_STo,establishment;lodging;point_of_interest,False,CACHED
One&Only Portonovi,https://www.americanexpress.com/en-us/travel/discover/property/Montenegro/Herceg-Novi/Oneonly-Portonovi?intlink=US-travel-discover-property-results-propertyCard-Oneonly-Portonovi,"Herceg Novi, Montenegro",FINE HOTELS + RESORTS,One&Only,Program,42.4353789,18.5968481,"Portonovi Resort, Herceg Novi 85340, Montenegro",google_places,PLACE_DETAILS,ChIJX46E4K07TBMRn4uGjkDzJgI,establishment;lodging;point_of_interest,False,CACHED
One&Only Kea Island,https://www.americanexpress.com/en-us/travel/discover/property/Greece/Keá-Island/Oneonly-Kea-Island?intlink=US-travel-discover-property-results-propertyCard-Oneonly-Kea-Island,"Keá Island, Greece",FINE HOTELS + RESORTS,One&Only,Program,37.6128665,24.273674,"One&Only Keá Island, Keá Island 840 02, Greece",google_places,PLACE_DETAILS,ChIJoUQSIEEbohQRSuh5OCqNBpU,establishment;lodging;point_of_interest,False,CACHED
One&Only Gorilla's Nest,https://www.americanexpress.com/en-us/travel/discover/property/Rwanda/Kinigi/Oneonly-Gorillas-Nest?intlink=US-travel-discover-property-results-propertyCard-Oneonly-Gorillas-Nest,"Kinigi, Rwanda",FINE HOTELS + RESORTS,One&Only,Program,-1.4415199,29.5791051,"Nyonirima, Kinigi, Ruhengeri, Rwanda",google_places,PLACE_DETAILS,ChIJhbqhQ8BP3BkRX2KeRGbNZDs,establishment;lodging;point_of_interest,False,CACHED
One&Only Mandarina,https://www.americanexpress.com/en-us/travel/discover/property/Nayarit-MX/Municipio-de-Compostela/Oneonly-Mandarina?intlink=US-travel-discover-property-results-propertyCard-Oneonly-Mandarina,"Municipio de Compostela, Nayarit MX",FINE HOTELS + RESORTS,One&Only,Program,20.9778543,-105.3309758,"Carretera Federal Libre 200 Tepic-Puerto Vallarta Municipio de Compostela El Monteón, 63724 Nayari, Nay., Mexico",google_places,PLACE_DETAILS,ChIJxV2Ai0UjIYQR8UGO_35AXXE,establishment;lodging;point_of_interest,False,CACHED
One&Only Reethi Rah,https://www.americanexpress.com/en-us/travel/discover/property/Maldives/North-Malé-Atoll/Oneonly-Reethi-Rah?intlink=US-travel-discover-property-results-propertyCard-Oneonly-Reethi-Rah,"North Malé Atoll, Maldives",FINE HOTELS + RESORTS,One&Only,Program,4.520509,73.366933,"Reethi Rah, North Malé Atoll, Malé 08440, Maldives",google_places,PLACE_DETAILS,ChIJDTFNE1dzQDsRNc19vO1Sgfo,establishment;lodging;point_of_interest,False,CACHED
One&Only Palmilla,https://www.americanexpress.com/en-us/travel/discover/property/Baja-California-Sur-MX/San-Jose-del-Cabo/Oneonly-Palmilla?intlink=US-travel-discover-property-results-propertyCard-Oneonly-Palmilla,"San Jose del Cabo, Baja California Sur MX",FINE HOTELS + RESORTS,One&Only,Program,23.0068212,-109.7142818,"Carr. Transpeninsular, Tourist Corridor, 23400 San José del Cabo, B.C.S., Mexico",google_places,PLACE_DETAILS,ChIJ8cn0LlRQr4YRdMAjeGTMdIw,establishment;lodging;point_of_interest,False,CACHED
Pan Pacific London,https://www.americanexpress.com/en-us/travel/discover/property/England/London/Pan-Pacific-London?intlink=US-travel-discover-property-results-propertyCard-Pan-Pacific-London,"London, England",FINE HOTELS + RESORTS,Pan Pacific Hotels Group,Program,51.516429,-0.0803845,"80 Houndsditch, London EC3A 7AB, UK",google_places,PLACE_DETAILS,ChIJe1Pi67IcdkgRqW2YR2e3hgI,establishment;lodging;point_of_interest,False,CACHED
"BELLUSTAR TOKYO, A Pan Pacific Hotel",https://www.americanexpress.com/en-us/travel/discover/property/Japan/Tokyo/Bellustar-Tokyo-A-Pan-Pacific-Hotel?intlink=US-travel-discover-property-results-propertyCard-Bellustar-Tokyo-A-Pan-Pacific-Hotel,"Tokyo, Japan",FINE HOTELS + RESORTS,Pan Pacific Hotels Group,Program,35.6959603,139.7004104,"TOKYU KABUKICHO TOWER, 45F, 1-chōme-29-1 Kabukichō, Shinjuku City, Tokyo 160-0021, Japan",google_places,PLACE_DETAILS,ChIJRZ9jt02NGGARmNzaOt47Ppk,establishment;lodging;point_of_interest,False,CACHED
Paradisus Grand Cana All Suites,https://www.americanexpress.com/en-us/travel/discover/property/Dominican-Republic/Bavaro/Paradisus-Grand-Cana-All-Suites?intlink=US-travel-discover-property-results-propertyCard-Paradisus-Grand-Cana-All-Suites,"Bavaro, Dominican Republic",FINE HOTELS + RESORTS,Paradisus by Meliá,Program,18.675382,-68.42058399999999,"Av. Alemania, Punta Cana 23001, Dominican Republic",google_places,PLACE_DETAILS,ChIJpYSWo1vtqI4RzEbA4Iwplgk,establishment;lodging;point_of_interest;spa,False,CACHED
Paradisus by Melia Gran Canaria,https://www.americanexpress.com/en-us/travel/discover/property/Spain/Las-Palmas-de-Gran-Canaria/Paradisus-By-Melia-Gran-Canaria?intlink=US-travel-discover-property-results-propertyCard-Paradisus-By-Melia-Gran-Canaria,"Las Palmas de Gran Canaria, Spain",FINE HOTELS + RESORTS,Paradisus by Meliá,Program,27.770587,-15.54271,"C. las Retamas, 3, 35100 San Bartolomé de Tirajana, Las Palmas, Spain",google_places,PLACE_DETAILS,ChIJ1wAda2NiPwwRN7ntfIeDNfg,establishment;lodging;point_of_interest,False,CACHED
Paradisus by Melia Salinas Lanzarote,https://www.americanexpress.com/en-us/travel/discover/property/Spain/Teguise/Paradisus-By-Melia-Salinas-Lanzarote?intlink=US-travel-discover-property-results-propertyCard-Paradisus-By-Melia-Salinas-Lanzarote,"Teguise, Spain",FINE HOTELS + RESORTS,Paradisus by Meliá,Program,29.001044,-13.484494,"Av. de las Islas Canarias, s/n, 35508 Costa Teguise, Las Palmas, Spain",google_places,PLACE_DETAILS,ChIJmyHeNpKdSAwRTNeQwNTJyw4,establishment;lodging;point_of_interest,False,CACHED
Park Hyatt Auckland,https://www.americanexpress.com/en-us/travel/discover/property/New-Zealand/Auckland/Park-Hyatt-Auckland?intlink=US-travel-discover-property-results-propertyCard-Park-Hyatt-Auckland,"Auckland, New Zealand",FINE HOTELS + RESORTS,Park Hyatt,Program,-36.8423943,174.7580423,"99 Halsey Street, Auckland Central, Auckland 1010, New Zealand",google_places,PLACE_DETAILS,ChIJldD8mvZHDW0R9dtbh8IYK4c,establishment;lodging;point_of_interest,False,CACHED
Park Hyatt Bangkok,https://www.americanexpress.com/en-us/travel/discover/property/Thailand/Bangkok/Park-Hyatt-Bangkok?intlink=US-travel-discover-property-results-propertyCard-Park-Hyatt-Bangkok,"Bangkok, Thailand",FINE HOTELS + RESORTS,Park Hyatt,Program,13.743764,100.54729,"Central Embassy, 88 Thanon Witthayu, Khwaeng Lumphini, Pathum Wan, Krung Thep Maha Nakhon 10330, Thailand",google_places,PLACE_DETAILS,ChIJA-PGodye4jAR9QFikyxQo0s,establishment;lodging;point_of_interest,False,CACHED
Park Hyatt St. Kitts Christophe Harbour,https://www.americanexpress.com/en-us/travel/discover/property/Saint-Kitts-and-Nevis/Basseterre/Park-Hyatt-St-Kitts-Christophe-Harbour?intlink=US-travel-discover-property-results-propertyCard-Park-Hyatt-St-Kitts-Christophe-Harbour,"Basseterre, Saint Kitts and Nevis",FINE HOTELS + RESORTS,Park Hyatt,Program,17.2287306,-62.6382334,"Banana Bay South East Peninsula, St. Kitts, St Kitts & Nevis",google_places,PLACE_DETAILS,ChIJuVtV7tcZEowR6G8k_G6n7xU,establishment;lodging;point_of_interest,False,CACHED
Park Hyatt Beaver Creek Resort and Spa,https://www.americanexpress.com/en-us/travel/discover/property/Colorado-US/Beaver-Creek/Park-Hyatt-Beaver-Creek-Resort-And-Spa?intlink=US-travel-discover-property-results-propertyCard-Park-Hyatt-Beaver-Creek-Resort-And-Spa,"Beaver Creek, Colorado US",FINE HOTELS + RESORTS,Park Hyatt,Program,39.6045996,-106.5156504,"136 E Thomas Pl, Beaver Creek, CO 81620, USA",google_places,PLACE_DETAILS,ChIJS0D7Xh54aocRAoBNivaByBQ,establishment;lodging;point_of_interest,False,CACHED
Park Hyatt Beijing,https://www.americanexpress.com/en-us/travel/discover/property/China/Beijing/Park-Hyatt-Beijing?intlink=US-travel-discover-property-results-propertyCard-Park-Hyatt-Beijing,"Beijing, China",FINE HOTELS + RESORTS,Park Hyatt,Program,39.907544,116.45916,"2 Jian Guo Men Wai Da Jie, Chao Yang Qu, Bei Jing Shi, China, 100020",google_places,PLACE_DETAILS,ChIJdwSZcxCt8TUR9gCtGpwFLW0,establishment;lodging;point_of_interest,False,CACHED
Palacio Duhau - Park Hyatt Buenos Aires,https://www.americanexpress.com/en-us/travel/discover/property/Argentina/Buenos-Aires/Palacio-Duhau---Park-Hyatt-Buenos-Aires?intlink=US-travel-discover-property-results-propertyCard-Palacio-Duhau---Park-Hyatt-Buenos-Aires,"Buenos Aires, Argentina",FINE HOTELS + RESORTS,Park Hyatt,Program,-34.5893841,-58.3862335,"Av. Alvear 1661, C1014AAD Cdad. Autónoma de Buenos Aires, Argentina",google_places,PLACE_DETAILS,ChIJ-Xo_LrvKvJURcj-osegOgis,establishment;lodging;point_of_interest,False,CACHED
"Park Hyatt Aviara Resort, Golf Club & Spa",https://www.americanexpress.com/en-us/travel/discover/property/California-US/Carlsbad/Park-Hyatt-Aviara-Resort-Golf-Club--Spa?intlink=US-travel-discover-property-results-propertyCard-Park-Hyatt-Aviara-Resort-Golf-Club--Spa,"Carlsbad, California US",FINE HOTELS + RESORTS,Park Hyatt,Program,33.0994829,-117.2857501,"7100 Aviara Resort Drive, Carlsbad, CA 92011, USA",google_places,PLACE_DETAILS,ChIJpdURqbQM3IARSukykvGZVCs,establishment;lodging;point_of_interest,False,CACHED
Park Hyatt Chicago,https://www.americanexpress.com/en-us/travel/discover/property/Illinois-US/Chicago/Park-Hyatt-Chicago?intlink=US-travel-discover-property-results-propertyCard-Park-Hyatt-Chicago,"Chicago, Illinois US",FINE HOTELS + RESORTS,Park Hyatt,Program,41.8969587,-87.6251621,"800 N Michigan Ave, Chicago, IL 60611, USA",google_places,PLACE_DETAILS,ChIJeQOqg1PTD4gRc2VKeAYbq1M,establishment;lodging;point_of_interest,False,CACHED
Park Hyatt Dubai,https://www.americanexpress.com/en-us/travel/discover/property/United-Arab-Emirates/Dubai/Park-Hyatt-Dubai?intlink=US-travel-discover-property-results-propertyCard-Park-Hyatt-Dubai,"Dubai, United Arab Emirates",FINE HOTELS + RESORTS,Park Hyatt,Program,25.2442986,55.3336945,Dubai Creek Club St - Port Saeed - Deira - Dubai - United Arab Emirates,google_places,PLACE_DETAILS,ChIJAauOmZhdXz4RKs_nETzgBDc,establishment;lodging;point_of_interest,False,CACHED
Park Hyatt Saigon,https://www.americanexpress.com/en-us/travel/discover/property/Vietnam/Ho-Chi-Minh-City/Park-Hyatt-Saigon?intlink=US-travel-discover-property-results-propertyCard-Park-Hyatt-Saigon,"Ho Chi Minh City, Vietnam",FINE HOTELS + RESORTS,Park Hyatt,Program,10.7777514,106.7033802,"2 Công trường Lam Sơn, Bến Nghé, Quận 1, Thành phố Hồ Chí Minh 700000, Vietnam",google_places,PLACE_DETAILS,ChIJN6yML0YvdTERu3qIwePETD0,establishment;lodging;point_of_interest,False,CACHED
Park Hyatt Istanbul - Macka Palas,https://www.americanexpress.com/en-us/travel/discover/property/Turkey/Istanbul/Park-Hyatt-Istanbul---Macka-Palas?intlink=US-travel-discover-property-results-propertyCard-Park-Hyatt-Istanbul---Macka-Palas,"Istanbul, Turkey",FINE HOTELS + RESORTS,Park Hyatt,Program,41.0474459,28.9938652,"Teşvikiye, Bronz Sk. No:4, 34367 Şişli/İstanbul, Türkiye",google_places,PLACE_DETAILS,ChIJqz92Ywu3yhQRVHY1fInOirA,establishment;lodging;point_of_interest,False,CACHED
Park Hyatt Kyoto,https://www.americanexpress.com/en-us/travel/discover/property/Japan/Kyoto/Park-Hyatt-Kyoto?intlink=US-travel-discover-property-results-propertyCard-Park-Hyatt-Kyoto,"Kyoto, Japan",FINE HOTELS + RESORTS,Park Hyatt,Program,34.9991121,135.7811268,"京都市東山区高台寺, 360 桝屋町 東山区 京都市 京都府 605-0826, Japan",google_places,PLACE_DETAILS,ChIJY1o_4kcJAWARy0VPcxQbz94,establishment;lodging;point_of_interest,False,CACHED
Park Hyatt London River Thames,https://www.americanexpress.com/en-us/travel/discover/property/England/London/Park-Hyatt-London-River-Thames?intlink=US-travel-discover-property-results-propertyCard-Park-Hyatt-London-River-Thames,"London, England",FINE HOTELS + RESORTS,Park Hyatt,Program,51.4843001,-0.1279498,"7 Nine Elms Ln, Nine Elms, London SW8 5PH, UK",google_places,PLACE_DETAILS,ChIJQa1_X5AFdkgRPZcSo-6FYXs,establishment;lodging;point_of_interest,False,CACHED
Park Hyatt Marrakech,https://www.americanexpress.com/en-us/travel/discover/property/Morocco/Marrakech/Park-Hyatt-Marrakech?intlink=US-travel-discover-property-results-propertyCard-Park-Hyatt-Marrakech,"Marrakech, Morocco",FINE HOTELS + RESORTS,Park Hyatt,Program,31.5925205,-7.936481799999998,"Al Maaden, Marrakech 40000, Morocco",google_places,PLACE_DETAILS,ChIJR7KLEQvxrw0RYaqj2ef_6Q8,establishment;lodging;point_of_interest,False,CACHED
Park Hyatt Melbourne,https://www.americanexpress.com/en-us/travel/discover/property/Australia/Melbourne/Park-Hyatt-Melbourne?intlink=US-travel-discover-property-results-propertyCard-Park-Hyatt-Melbourne,"Melbourne, Australia",FINE HOTELS + RESORTS,Park Hyatt,Program,-37.8113526,144.9755666,"1 Parliament Square, off, Parliament Pl, Melbourne VIC 3002, Australia",google_places,PLACE_DETAILS,ChIJN92GPsRC1moRORPubhGOXn8,establishment;lodging;point_of_interest,False,CACHED
Park Hyatt Milano,https://www.americanexpress.com/en-us/travel/discover/property/Italy/Milan/Park-Hyatt-Milano?intlink=US-travel-discover-property-results-propertyCard-Park-Hyatt-Milano,"Milan, Italy",FINE HOTELS + RESORTS,Park Hyatt,Program,45.4652874,9.188870099999999,"V. Tommaso Grossi, 1, 20121 Milano MI, Italy",google_places,PLACE_DETAILS,ChIJ9UXYzq3GhkcRdOypx8zxtS0,establishment;lodging;point_of_interest,False,CACHED
Park Hyatt New York,https://www.americanexpress.com/en-us/travel/discover/property/New-York-US/New-York/Park-Hyatt-New-York?intlink=US-travel-discover-property-results-propertyCard-Park-Hyatt-New-York,"New York, New York US",FINE HOTELS + RESORTS,Park Hyatt,Program,40.7653375,-73.97904059999999,"153 W 57th St, New York, NY 10019, USA",google_places,PLACE_DETAILS,ChIJpQr2a_dYwokRoYDzhaXxroc,establishment;lodging;point_of_interest,False,CACHED
Park Hyatt Niseko Hanazono,https://www.americanexpress.com/en-us/travel/discover/property/Japan/Niseko/Park-Hyatt-Niseko-Hanazono?intlink=US-travel-discover-property-results-propertyCard-Park-Hyatt-Niseko-Hanazono,"Niseko, Japan",FINE HOTELS + RESORTS,Park Hyatt,Program,42.8940091,140.698515,"328-47 Iwaobetsu, Kutchan, Abuta District, Hokkaido 044-0082, Japan",google_places,PLACE_DETAILS,ChIJv5iZI1-6Cl8R9XWIzeL28QE,establishment;lodging;point_of_interest,False,CACHED
Park Hyatt Paris-Vendome,https://www.americanexpress.com/en-us/travel/discover/property/France/Paris/Park-Hyatt-Paris-vendome?intlink=US-travel-discover-property-results-propertyCard-Park-Hyatt-Paris-vendome,"Paris, France",FINE HOTELS + RESORTS,Park Hyatt,Program,48.8688209,2.3305496,"5 Rue de la Paix, 75002 Paris, France",google_places,PLACE_DETAILS,ChIJ5-zMpTFu5kcRlbu1UHIhv74,establishment;lodging;point_of_interest,False,CACHED
Park Hyatt Seoul,https://www.americanexpress.com/en-us/travel/discover/property/South-Korea/Seoul/Park-Hyatt-Seoul?intlink=US-travel-discover-property-results-propertyCard-Park-Hyatt-Seoul,"Seoul, South Korea",FINE HOTELS + RESORTS,Park Hyatt,Program,37.5085791,127.0641676,"606 Teheran-ro, Gangnam District, Seoul, South Korea",google_places,PLACE_DETAILS,ChIJJ2ET5GykfDURA1WF7RcGtIo,establishment;lodging;point_of_interest,False,CACHED
Park Hyatt Shanghai,https://www.americanexpress.com/en-us/travel/discover/property/China/Shanghai/Park-Hyatt-Shanghai?intlink=US-travel-discover-property-results-propertyCard-Park-Hyatt-Shanghai,"Shanghai, China",FINE HOTELS + RESORTS,Park Hyatt,Program,31.234732,121.50764,"100 Shi Ji Da Dao, Lujiazui, Pu Dong Xin Qu, Shang Hai Shi, China, 200120",google_places,PLACE_DETAILS,ChIJVVUJoNtwsjUR3swwwSXhZHg,establishment;lodging;point_of_interest,False,CACHED
Park Hyatt Shenzhen,https://www.americanexpress.com/en-us/travel/discover/property/China/Shenzhen/Park-Hyatt-Shenzhen?intlink=US-travel-discover-property-results-propertyCard-Park-Hyatt-Shenzhen,"Shenzhen, China",FINE HOTELS + RESORTS,Park Hyatt,Program,22.5354823,114.0562927,"5023 Yi Tian Lu, 中心城 Fu Tian Qu, Shen Zhen Shi, China, 518033",google_places,PLACE_DETAILS,ChIJa-GVtrz1AzQRIgGZAgTKgd4,establishment;lodging;point_of_interest,False,CACHED
Park Hyatt Siem Reap,https://www.americanexpress.com/en-us/travel/discover/property/Cambodia/Siem-Reap/Park-Hyatt-Siem-Reap?intlink=US-travel-discover-property-results-propertyCard-Park-Hyatt-Siem-Reap,"Siem Reap, Cambodia",FINE HOTELS + RESORTS,Park Hyatt,Program,13.3584817,103.853959,"Sivutha Blvd, Krong Siem Reap 17252, Cambodia",google_places,PLACE_DETAILS,ChIJu1ZhU24XEDERUkWxTiu4opw,establishment;lodging;point_of_interest,False,CACHED
Park Hyatt Sydney,https://www.americanexpress.com/en-us/travel/discover/property/Australia/Sydney/Park-Hyatt-Sydney?intlink=US-travel-discover-property-results-propertyCard-Park-Hyatt-Sydney,"Sydney, Australia",FINE HOTELS + RESORTS,Park Hyatt,Program,-33.8557543,151.2093354,"7 Hickson Rd, The Rocks NSW 2000, Australia",google_places,PLACE_DETAILS,ChIJIYDNhV2uEmsRu1Y4aDYD0Ys,establishment;lodging;point_of_interest,False,CACHED
Park Hyatt Tokyo,https://www.americanexpress.com/en-us/travel/discover/property/Japan/Tokyo/Park-Hyatt-Tokyo?intlink=US-travel-discover-property-results-propertyCard-Park-Hyatt-Tokyo,"Tokyo, Japan",FINE HOTELS + RESORTS,Park Hyatt,Program,35.6862131,139.6904828,"2, 3-chōme-7-1 Nishishinjuku, Shinjuku City, Tokyo 163-1055, Japan",google_places,PLACE_DETAILS,ChIJJ7La1yzzGGARln2OypSj2Cw,establishment;lodging;point_of_interest,False,CACHED
Park Hyatt Toronto,https://www.americanexpress.com/en-us/travel/discover/property/Ontario-CA/Toronto/Park-Hyatt-Toronto?intlink=US-travel-discover-property-results-propertyCard-Park-Hyatt-Toronto,"Toronto, Ontario CA",FINE HOTELS + RESORTS,Park Hyatt,Program,43.6692168,-79.39487729999999,"4 Avenue Rd, Toronto, ON M5R 2E8, Canada",google_places,PLACE_DETAILS,ChIJ195p17o0K4gRLaM6S9fMmB4,establishment;lodging;point_of_interest,False,CACHED
Park Hyatt Vienna,https://www.americanexpress.com/en-us/travel/discover/property/Austria/Vienna/Park-Hyatt-Vienna?intlink=US-travel-discover-property-results-propertyCard-Park-Hyatt-Vienna,"Vienna, Austria",FINE HOTELS + RESORTS,Park Hyatt,Program,48.2105243,16.3683592,"Am Hof 2, 1010 Wien, Austria",google_places,PLACE_DETAILS,ChIJ__-zxL0HbUcR4trDQRI8pus,establishment;lodging;point_of_interest,False,CACHED
Park Hyatt Washington D.C.,https://www.americanexpress.com/en-us/travel/discover/property/District-of-Columbia-US/Washington/Park-Hyatt-Washington-Dc?intlink=US-travel-discover-property-results-propertyCard-Park-Hyatt-Washington-Dc,"Washington, District of Columbia US",FINE HOTELS + RESORTS,Park Hyatt,Program,38.90608659999999,-77.0510944,"1201 24th St NW, Washington, DC 20037, USA",google_places,PLACE_DETAILS,ChIJddF-MrS3t4kR5o6GOE_SoTs,establishment;lodging;point_of_interest,False,CACHED
Park Hyatt Zanzibar,https://www.americanexpress.com/en-us/travel/discover/property/Tanzania/Zanzibar/Park-Hyatt-Zanzibar?intlink=US-travel-discover-property-results-propertyCard-Park-Hyatt-Zanzibar,"Zanzibar, Tanzania",FINE HOTELS + RESORTS,Park Hyatt,Program,-6.162499299999999,39.1862128,"Shangani St, Zanzibar 4255, Tanzania",google_places,PLACE_DETAILS,ChIJOVSESlvQXBgRCyKS6oCoryw,establishment;lodging;point_of_interest,False,CACHED
Park Hyatt Zurich,https://www.americanexpress.com/en-us/travel/discover/property/Switzerland/Zurich/Park-Hyatt-Zurich?intlink=US-travel-discover-property-results-propertyCard-Park-Hyatt-Zurich,"Zurich, Switzerland",FINE HOTELS + RESORTS,Park Hyatt,Program,47.36638600000001,8.5361218,"Beethovenstrasse 21, 8002 Zürich, Switzerland",google_places,PLACE_DETAILS,ChIJqadzZf8JkEcRa_oCbXqTFKA,establishment;lodging;point_of_interest,False,CACHED
Kasbah Tamadot,https://www.americanexpress.com/en-us/travel/discover/property/Morocco/Asni/Kasbah-Tamadot?intlink=US-travel-discover-property-results-propertyCard-Kasbah-Tamadot,"Asni, Morocco",FINE HOTELS + RESORTS,Preferred Hotels & Resorts,Program,31.2219009,-7.970929699999999,"P2005 Marrakech, BP 67, Asni 42152, Morocco",google_places,PLACE_DETAILS,ChIJMyPq9uEasA0RTmjtrsCPpL4,establishment;lodging;point_of_interest,False,CACHED
MOLLIE Aspen,https://www.americanexpress.com/en-us/travel/discover/property/Colorado-US/Aspen/Mollie-Aspen?intlink=US-travel-discover-property-results-propertyCard-Mollie-Aspen,"Aspen, Colorado US",FINE HOTELS + RESORTS,Preferred Hotels & Resorts,Program,39.1909627,-106.8233958,"111 S Garmisch St, Aspen, CO 81611, USA",google_places,PLACE_DETAILS,ChIJmXUfsCU5QIcRfwzXQtTlmTA,bar;cafe;establishment;food;lodging;point_of_interest;restaurant;store,False,CACHED
FORTH Atlanta,https://www.americanexpress.com/en-us/travel/discover/property/Georgia-US/Atlanta/Forth-Atlanta?intlink=US-travel-discover-property-results-propertyCard-Forth-Atlanta,"Atlanta, Georgia US",FINE HOTELS + RESORTS,Preferred Hotels & Resorts,Program,33.7686692,-84.36376539999999,"800 Rankin St NE, Atlanta, GA 30308, USA",google_places,PLACE_DETAILS,ChIJ0U0f0WsF9YgR2OkWheJIuvs,establishment;lodging;point_of_interest,False,CACHED
Pendry Baltimore,https://www.americanexpress.com/en-us/travel/discover/property/Maryland-US/Baltimore/Pendry-Baltimore?intlink=US-travel-discover-property-results-propertyCard-Pendry-Baltimore,"Baltimore, Maryland US",FINE HOTELS + RESORTS,Preferred Hotels & Resorts,Program,39.2811497,-76.5920639,"1715 Thames St, Baltimore, MD 21231, USA",google_places,PLACE_DETAILS,ChIJXTD2CoEDyIkR8Nxs8o-wpOM,establishment;lodging;point_of_interest,False,CACHED
Son Bunyola,https://www.americanexpress.com/en-us/travel/discover/property/Spain/Banyalbufar/Son-Bunyola?intlink=US-travel-discover-property-results-propertyCard-Son-Bunyola,"Banyalbufar, Spain",FINE HOTELS + RESORTS,Preferred Hotels & Resorts,Program,39.6945197,2.5411541,"Ctra. C, 710, 07191 Banyalbufar, Illes Balears, Spain",google_places,PLACE_DETAILS,ChIJcSxusPfzlxIRLVwcpesqGnY,establishment;lodging;point_of_interest,False,CACHED
Monument Hotel,https://www.americanexpress.com/en-us/travel/discover/property/Spain/Barcelona/Monument-Hotel?intlink=US-travel-discover-property-results-propertyCard-Monument-Hotel,"Barcelona, Spain",FINE HOTELS + RESORTS,Preferred Hotels & Resorts,Program,41.3937852,2.1622199,"Pg. de Gràcia, 75, Eixample, 08008 Barcelona, Spain",google_places,PLACE_DETAILS,ChIJw-1RB5OipBIR0T-aKnKSAIA,establishment;food;lodging;point_of_interest;restaurant,False,CACHED
The One Barcelona,https://www.americanexpress.com/en-us/travel/discover/property/Spain/Barcelona/The-One-Barcelona?intlink=US-travel-discover-property-results-propertyCard-The-One-Barcelona,"Barcelona, Spain",FINE HOTELS + RESORTS,Preferred Hotels & Resorts,Program,41.396113,2.163037,"Carrer de Provença, 277, Eixample, 08037 Barcelona, Spain",google_places,PLACE_DETAILS,ChIJAweFnpSipBIRKPc2haxNuq8,bar;establishment;food;lodging;point_of_interest;restaurant;spa,False,CACHED
The Leela Palace Bengaluru,https://www.americanexpress.com/en-us/travel/discover/property/India/Bengaluru/The-Leela-Palace-Bengaluru?intlink=US-travel-discover-property-results-propertyCard-The-Leela-Palace-Bengaluru,"Bengaluru, India",FINE HOTELS + RESORTS,Preferred Hotels & Resorts,Program,12.9603365,77.6484361,"23, HAL Old Airport Rd, HAL 2nd Stage, Kodihalli, Bengaluru, Karnataka 560008, India",google_places,PLACE_DETAILS,ChIJ3ZvKfAYUrjsRGuckzDe-GxE,bar;establishment;food;lodging;point_of_interest;restaurant;spa,False,CACHED
L'Ermitage Beverly Hills,https://www.americanexpress.com/en-us/travel/discover/property/California-US/Beverly-Hills/Lermitage-Beverly-Hills?intlink=US-travel-discover-property-results-propertyCard-Lermitage-Beverly-Hills,"Beverly Hills, California US",FINE HOTELS + RESORTS,Preferred Hotels & Resorts,Program,34.0726057,-118.3953843,"9291 Burton Wy, Beverly Hills, CA 90210, USA",google_places,PLACE_DETAILS,ChIJXd5IXAC8woAR5IO-2qe6gVA,establishment;lodging;point_of_interest,False,CACHED
Montage Big Sky,https://www.americanexpress.com/en-us/travel/discover/property/Montana-US/Big-Sky/Montage-Big-Sky?intlink=US-travel-discover-property-results-propertyCard-Montage-Big-Sky,"Big Sky, Montana US",FINE HOTELS + RESORTS,Preferred Hotels & Resorts,Program,45.2589401,-111.3686277,"995 Settlement Trail, Big Sky, MT 59716, USA",google_places,PLACE_DETAILS,ChIJ5-KPRQcOUFMR06nXbLDgAEc,establishment;lodging;point_of_interest,False,CACHED
Post Ranch Inn,https://www.americanexpress.com/en-us/travel/discover/property/California-US/Big-Sur/Post-Ranch-Inn?intlink=US-travel-discover-property-results-propertyCard-Post-Ranch-Inn,"Big Sur, California US",FINE HOTELS + RESORTS,Preferred Hotels & Resorts,Program,36.2302565,-121.7718118,"47900 CA-1, Big Sur, CA 93920, USA",google_places,PLACE_DETAILS,ChIJyRIOxGO8koARh25pZ7mikWE,establishment;food;lodging;point_of_interest;restaurant;spa,False,CACHED
The Sanchaya,https://www.americanexpress.com/en-us/travel/discover/property/Indonesia/Bintan/The-Sanchaya?intlink=US-travel-discover-property-results-propertyCard-The-Sanchaya,"Bintan, Indonesia",FINE HOTELS + RESORTS,Preferred Hotels & Resorts,Program,1.1774665,104.3682292,"Lagoi Bay, Jl. Gurindam Duabelas No.Plot 5, Sebong Lagoi, Kec. Tlk. Sebong, Kabupaten Bintan, Kepulauan Riau 29155, Indonesia",google_places,PLACE_DETAILS,ChIJKXlN8grW2zERrN4heoRCOp4,establishment;lodging;point_of_interest,False,CACHED
Montage Palmetto Bluff,https://www.americanexpress.com/en-us/travel/discover/property/South-Carolina-US/Bluffton/Montage-Palmetto-Bluff?intlink=US-travel-discover-property-results-propertyCard-Montage-Palmetto-Bluff,"Bluffton, South Carolina US",FINE HOTELS + RESORTS,Preferred Hotels & Resorts,Program,32.2038434,-80.8840725,"477 Mt Pelia Rd, Bluffton, SC 29910, USA",google_places,PLACE_DETAILS,ChIJAWCeWxuG-4gRkOnUpdLTNr0,establishment;lodging;point_of_interest;spa,False,CACHED
Boston Harbor Hotel,https://www.americanexpress.com/en-us/travel/discover/property/Massachusetts-US/Boston/Boston-Harbor-Hotel?intlink=US-travel-discover-property-results-propertyCard-Boston-Harbor-Hotel,"Boston, Massachusetts US",FINE HOTELS + RESORTS,Preferred Hotels & Resorts,Program,42.3562236,-71.0502554,"70 Rowes Wharf, Boston, MA 02110, USA",google_places,PLACE_DETAILS,ChIJI8PeW4dw44kRy6NLMNM6RuY,establishment;lodging;point_of_interest,False,CACHED
XV Beacon Hotel,https://www.americanexpress.com/en-us/travel/discover/property/Massachusetts-US/Boston/Xv-Beacon-Hotel?intlink=US-travel-discover-property-results-propertyCard-Xv-Beacon-Hotel,"Boston, Massachusetts US",FINE HOTELS + RESORTS,Preferred Hotels & Resorts,Program,42.3583423,-71.0619593,"15 Beacon St, Boston, MA 02108, USA",google_places,PLACE_DETAILS,ChIJAZdvUptw44kRbdOAI8tbyTs,establishment;lodging;point_of_interest,False,CACHED
Al Habtoor Palace Budapest,https://www.americanexpress.com/en-us/travel/discover/property/Hungary/Budapest/Al-Habtoor-Palace-Budapest?intlink=US-travel-discover-property-results-propertyCard-Al-Habtoor-Palace-Budapest,"Budapest, Hungary",FINE HOTELS + RESORTS,Preferred Hotels & Resorts,Program,47.4975228,19.0532149,"Budapest, Erzsébet tér 9-10, 1051 Hungary",google_places,PLACE_DETAILS,ChIJXW0iCtrwQEcRqSXDOCKt4N8,establishment;lodging;point_of_interest,False,CACHED
Grand Velas Los Cabos,https://www.americanexpress.com/en-us/travel/discover/property/Baja-California-Sur-MX/Cabo-San-Lucas/Grand-Velas-Los-Cabos?intlink=US-travel-discover-property-results-propertyCard-Grand-Velas-Los-Cabos,"Cabo San Lucas, Baja California Sur MX",FINE HOTELS + RESORTS,Preferred Hotels & Resorts,Program,22.9683891,-109.7921846,"México 1 Km 17, Corredor Turistico, Corredor Turístico, 23405 Cabo San Lucas, B.C.S., Mexico",google_places,PLACE_DETAILS,ChIJOa799XBOr4YRrLmKZhP-Md0,establishment;lodging;point_of_interest;spa,False,CACHED
Montage Los Cabos,https://www.americanexpress.com/en-us/travel/discover/property/Baja-California-Sur-MX/Cabo-San-Lucas/Montage-Los-Cabos?intlink=US-travel-discover-property-results-propertyCard-Montage-Los-Cabos,"Cabo San Lucas, Baja California Sur MX",FINE HOTELS + RESORTS,Preferred Hotels & Resorts,Program,22.9301647,-109.8163781,"Carretera Transpeninsular KM. 12.5, Int. Bahía Santa María, Twin Dolphin, Tourist Corridor, 23450 Cabo San Lucas, B.C.S., Mexico",google_places,PLACE_DETAILS,ChIJBZTif0hMr4YRJPckXqL9nZg,establishment;lodging;point_of_interest;spa,False,CACHED
The Charles Hotel,https://www.americanexpress.com/en-us/travel/discover/property/Massachusetts-US/Cambridge/The-Charles-Hotel?intlink=US-travel-discover-property-results-propertyCard-The-Charles-Hotel,"Cambridge, Massachusetts US",FINE HOTELS + RESORTS,Preferred Hotels & Resorts,Program,42.3722922,-71.1229792,"1 Bennett St, Cambridge, MA 02138, USA",google_places,PLACE_DETAILS,ChIJWU3vqER344kReoEUSShGRLM,establishment;lodging;point_of_interest,False,CACHED
ATELIER Playa Mujeres,https://www.americanexpress.com/en-us/travel/discover/property/Quintana-Roo-MX/Cancún/Atelier-Playa-Mujeres?intlink=US-travel-discover-property-results-propertyCard-Atelier-Playa-Mujeres,"Cancún, Quintana Roo MX",FINE HOTELS + RESORTS,Preferred Hotels & Resorts,Program,21.2527891,-86.812232,"Complejo, Prolongacion, Bonampak S/N, 77400 Playa Azul, Q.R., Mexico",google_places,PLACE_DETAILS,ChIJa_FvlQIuTI8RPu24vQGjakM,establishment;lodging;point_of_interest,False,CACHED
NIZUC Resort & Spa,https://www.americanexpress.com/en-us/travel/discover/property/Quintana-Roo-MX/Cancún/Nizuc-Resort--Spa?intlink=US-travel-discover-property-results-propertyCard-Nizuc-Resort--Spa,"Cancún, Quintana Roo MX",FINE HOTELS + RESORTS,Preferred Hotels & Resorts,Program,21.0320525,-86.78794909999999,"Blvd. Kukulcan, 03 Km 21.26, Nizuc, Zona Hotelera, 77500 Cancún, Q.R., Mexico",google_places,PLACE_DETAILS,ChIJLcS09FuCTo8RfYR0n6OQe-A,establishment;lodging;point_of_interest;spa,False,CACHED
Hotel Las Islas,https://www.americanexpress.com/en-us/travel/discover/property/Colombia/Cartagena/Hotel-Las-Islas?intlink=US-travel-discover-property-results-propertyCard-Hotel-Las-Islas,"Cartagena, Colombia",FINE HOTELS + RESORTS,Preferred Hotels & Resorts,Program,10.1556837,-75.6854863,"Ciénaga de Cholón, Barú, Bolívar, Colombia",google_places,PLACE_DETAILS,ChIJIQ77jPmGWI4R5sAbJMeiSa4,establishment;lodging;point_of_interest,False,CACHED
Finca Cortesín Hotel Golf & Spa,https://www.americanexpress.com/en-us/travel/discover/property/Spain/Casares/Finca-Cortesin-Hotel-Golf--Spa?intlink=US-travel-discover-property-results-propertyCard-Finca-Cortesin-Hotel-Golf--Spa,"Casares, Spain",FINE HOTELS + RESORTS,Preferred Hotels & Resorts,Program,36.397025,-5.2235179,"Carretera Casares, km2, 29690 Casares, Málaga, Spain",google_places,PLACE_DETAILS,ChIJ71JF0afQDA0RUiTkTh4mdIA,establishment;food;lodging;point_of_interest;restaurant;spa,False,CACHED
Casa di Langa,https://www.americanexpress.com/en-us/travel/discover/property/Italy/Cerretto-Langhe/Casa-Di-Langa?intlink=US-travel-discover-property-results-propertyCard-Casa-Di-Langa,"Cerretto Langhe, Italy",FINE HOTELS + RESORTS,Preferred Hotels & Resorts,Program,44.5899093,8.0463092,"Località Talloria 1, 12050 Cerretto Langhe CN, Italy",google_places,PLACE_DETAILS,ChIJk0orUUOx0hIR7p5nIno4C5k,establishment;lodging;point_of_interest,False,CACHED
Hotel Bennett,https://www.americanexpress.com/en-us/travel/discover/property/South-Carolina-US/Charleston/Hotel-Bennett?intlink=US-travel-discover-property-results-propertyCard-Hotel-Bennett,"Charleston, South Carolina US",FINE HOTELS + RESORTS,Preferred Hotels & Resorts,Program,32.7873547,-79.93684619999999,"404 King St, Charleston, SC 29403, USA",google_places,PLACE_DETAILS,ChIJ90mQaGt6_ogR-dJOc_kb9H8,establishment;lodging;point_of_interest,False,CACHED
The Charleston Place,https://www.americanexpress.com/en-us/travel/discover/property/South-Carolina-US/Charleston/The-Charleston-Place?intlink=US-travel-discover-property-results-propertyCard-The-Charleston-Place,"Charleston, South Carolina US",FINE HOTELS + RESORTS,Preferred Hotels & Resorts,Program,32.7778205,-79.9315443,"115 Meeting St, Charleston, SC 29401, USA",google_places,PLACE_DETAILS,ChIJw6nAxBF6_ogRpNBGzKwGGz4,establishment;lodging;point_of_interest,False,CACHED
Chatham Bars Inn Resort & Spa,https://www.americanexpress.com/en-us/travel/discover/property/Massachusetts-US/Chatham/Chatham-Bars-Inn-Resort--Spa?intlink=US-travel-discover-property-results-propertyCard-Chatham-Bars-Inn-Resort--Spa,"Chatham, Massachusetts US",FINE HOTELS + RESORTS,Preferred Hotels & Resorts,Program,41.6849731,-69.9523155,"297 Shore Rd, Chatham, MA 02633, USA",google_places,PLACE_DETAILS,ChIJWXdAKVkT-4kRGIV0FzYFWJw,establishment;lodging;point_of_interest;spa,False,CACHED
The Leela Palace Chennai,https://www.americanexpress.com/en-us/travel/discover/property/India/Chennai/The-Leela-Palace-Chennai?intlink=US-travel-discover-property-results-propertyCard-The-Leela-Palace-Chennai,"Chennai, India",FINE HOTELS + RESORTS,Preferred Hotels & Resorts,Program,13.017048,80.2736566,"Adyar Sea Face, Leela Palace Rd, MRC Nagar, Raja Annamalaipuram, Chennai, Tamil Nadu 600028, India",google_places,PLACE_DETAILS,ChIJj-bP-95nUjoRj2WldDKRWGY,establishment;lodging;point_of_interest;spa,False,CACHED
Pendry Chicago,https://www.americanexpress.com/en-us/travel/discover/property/Illinois-US/Chicago/Pendry-Chicago?intlink=US-travel-discover-property-results-propertyCard-Pendry-Chicago,"Chicago, Illinois US",FINE HOTELS + RESORTS,Preferred Hotels & Resorts,Program,41.8866932,-87.6247889,"230 N Michigan Ave, Chicago, IL 60601, USA",google_places,PLACE_DETAILS,ChIJpTaFr0stDogRW_5gRHvVqoQ,establishment;lodging;point_of_interest,False,CACHED
Villa Copenhagen,https://www.americanexpress.com/en-us/travel/discover/property/Denmark/Copenhagen/Villa-Copenhagen?intlink=US-travel-discover-property-results-propertyCard-Villa-Copenhagen,"Copenhagen, Denmark",FINE HOTELS + RESORTS,Preferred Hotels & Resorts,Program,55.67138,12.5675418,"Tietgensgade 35, 39, 1704 København, Denmark",google_places,PLACE_DETAILS,ChIJdVjufMNTUkYRJxXcOzkjyJM,establishment;lodging;point_of_interest,False,CACHED
The Biltmore Hotel Miami - Coral Gables,https://www.americanexpress.com/en-us/travel/discover/property/Florida-US/Coral-Gables/The-Biltmore-Hotel-Miami---Coral-Gables?intlink=US-travel-discover-property-results-propertyCard-The-Biltmore-Hotel-Miami---Coral-Gables,"Coral Gables, Florida US",FINE HOTELS + RESORTS,Preferred Hotels & Resorts,Program,25.7407941,-80.27867959999999,"1200 Anastasia Ave, Coral Gables, FL 33134, USA",google_places,PLACE_DETAILS,ChIJn-er0I-32YgR4K99ZMfBxiQ,establishment;lodging;point_of_interest,False,CACHED
Hayfield Manor,https://www.americanexpress.com/en-us/travel/discover/property/Ireland/Cork-City/Hayfield-Manor?intlink=US-travel-discover-property-results-propertyCard-Hayfield-Manor,"Cork City, Ireland",FINE HOTELS + RESORTS,Preferred Hotels & Resorts,Program,51.8910132,-8.489652099999999,"Hayfield Manor Hotel, Perrott Ave, College Rd, Centre, Cork, T12 HT97, Ireland",google_places,PLACE_DETAILS,ChIJAzIH9COQREgRKxc0EW7cnGU,bar;beauty_salon;establishment;food;lodging;point_of_interest;restaurant;spa,False,CACHED
The Henderson Beach Resort,https://www.americanexpress.com/en-us/travel/discover/property/Florida-US/Destin/The-Henderson-Beach-Resort?intlink=US-travel-discover-property-results-propertyCard-The-Henderson-Beach-Resort,"Destin, Florida US",FINE HOTELS + RESORTS,Preferred Hotels & Resorts,Program,30.3844642,-86.43149559999999,"200 Henderson Resort Way, Destin, FL 32541, USA",google_places,PLACE_DETAILS,ChIJvfxYKqdEkYgRRW1DN3Hy8qQ,establishment;food;lodging;point_of_interest;restaurant;spa,False,CACHED
Al Habtoor Palace,https://www.americanexpress.com/en-us/travel/discover/property/United-Arab-Emirates/Dubai/Al-Habtoor-Palace?intlink=US-travel-discover-property-results-propertyCard-Al-Habtoor-Palace,"Dubai, United Arab Emirates",FINE HOTELS + RESORTS,Preferred Hotels & Resorts,Program,25.1832212,55.2540214,Al Habtoor City - Sheikh Zayed Rd - Business Bay - Dubai - United Arab Emirates,google_places,PLACE_DETAILS,ChIJm8KuZNtpXz4RoA06ag1r5Tw,establishment;lodging;point_of_interest;spa,False,CACHED
Pink Sands Resort,https://www.americanexpress.com/en-us/travel/discover/property/The-Bahamas/Dunmore-Town/Pink-Sands-Resort?intlink=US-travel-discover-property-results-propertyCard-Pink-Sands-Resort,"Dunmore Town, The Bahamas",FINE HOTELS + RESORTS,Preferred Hotels & Resorts,Program,25.5038249,-76.63443939999999,"Chapel St, Dunmore Town, The Bahamas",google_places,PLACE_DETAILS,ChIJCfMgxFs3JYkRrDIvjJljDBo,establishment;lodging;point_of_interest,False,CACHED
Nemacolin,https://www.americanexpress.com/en-us/travel/discover/property/Pennsylvania-US/Farmington/Nemacolin?intlink=US-travel-discover-property-results-propertyCard-Nemacolin,"Farmington, Pennsylvania US",FINE HOTELS + RESORTS,Preferred Hotels & Resorts,Program,39.8054924,-79.551239,"1001 Lafayette Dr, Farmington, PA 15437, USA",google_places,PLACE_DETAILS,ChIJv82ZpGlINYgRgMU7P2hST58,establishment;lodging;point_of_interest,False,CACHED
Il Salviatino,https://www.americanexpress.com/en-us/travel/discover/property/Italy/Florence/Il-Salviatino?intlink=US-travel-discover-property-results-propertyCard-Il-Salviatino,"Florence, Italy",FINE HOTELS + RESORTS,Preferred Hotels & Resorts,Program,43.7879973,11.2972214,"Via del Salviatino, 21, 50137 Firenze FI, Italy",google_places,PLACE_DETAILS,ChIJFeIiH19UKhMRiE_n-HtW9XQ,establishment;lodging;point_of_interest;spa,False,CACHED
Farmhouse Inn,https://www.americanexpress.com/en-us/travel/discover/property/California-US/Forestville/Farmhouse-Inn?intlink=US-travel-discover-property-results-propertyCard-Farmhouse-Inn,"Forestville, California US",FINE HOTELS + RESORTS,Preferred Hotels & Resorts,Program,38.4901754,-122.8838087,"7871 River Rd, Forestville, CA 95436, USA",google_places,PLACE_DETAILS,ChIJmbPvEds8hIAR6J8zqvz4unE,establishment;lodging;point_of_interest,False,CACHED
Lefay Resort & SPA Lago di Garda,https://www.americanexpress.com/en-us/travel/discover/property/Italy/Gargnano/Lefay-Resort--Spa-Lago-Di-Garda?intlink=US-travel-discover-property-results-propertyCard-Lefay-Resort--Spa-Lago-Di-Garda,"Gargnano, Italy",FINE HOTELS + RESORTS,Preferred Hotels & Resorts,Program,45.68689879999999,10.6455586,"Via Angelo Feltrinelli, 136, 25084 Gargnano BS, Italy",google_places,PLACE_DETAILS,ChIJTRELSu6KgUcRua2FgMIrHwA,establishment;lodging;point_of_interest,False,CACHED
The Alpina Gstaad,https://www.americanexpress.com/en-us/travel/discover/property/Switzerland/Gstaad/The-Alpina-Gstaad?intlink=US-travel-discover-property-results-propertyCard-The-Alpina-Gstaad,"Gstaad, Switzerland",FINE HOTELS + RESORTS,Preferred Hotels & Resorts,Program,46.4759587,7.288416799999999,"Alpinastrasse 23, 3780 Gstaad, Switzerland",google_places,PLACE_DETAILS,ChIJGTA3fqnxjkcROrRsX7FCekA,establishment;lodging;point_of_interest;spa,False,CACHED
Wequassett Resort and Golf Club,https://www.americanexpress.com/en-us/travel/discover/property/Massachusetts-US/Harwich/Wequassett-Resort-And-Golf-Club?intlink=US-travel-discover-property-results-propertyCard-Wequassett-Resort-And-Golf-Club,"Harwich, Massachusetts US",FINE HOTELS + RESORTS,Preferred Hotels & Resorts,Program,41.72280019999999,-69.9953299,"2173 MA-28, Harwich, MA 02645, USA",google_places,PLACE_DETAILS,ChIJb0EP4aEU-4kRRirpdxa3OcU,establishment;lodging;point_of_interest,False,CACHED
Montage Healdsburg,https://www.americanexpress.com/en-us/travel/discover/property/California-US/Healdsburg/Montage-Healdsburg?intlink=US-travel-discover-property-results-propertyCard-Montage-Healdsburg,"Healdsburg, California US",FINE HOTELS + RESORTS,Preferred Hotels & Resorts,Program,38.6484609,-122.8567684,"100 Montage Way, Healdsburg, CA 95448, USA",google_places,PLACE_DETAILS,ChIJkdxxuaARhIARuCm1c5VaSaQ,establishment;lodging;point_of_interest;spa,False,CACHED
The Inn & Club at Harbour Town,https://www.americanexpress.com/en-us/travel/discover/property/South-Carolina-US/Hilton-Head-Island/The-Inn--Club-At-Harbour-Town?intlink=US-travel-discover-property-results-propertyCard-The-Inn--Club-At-Harbour-Town,"Hilton Head Island, South Carolina US",FINE HOTELS + RESORTS,Preferred Hotels & Resorts,Program,32.136225,-80.8085627,"7 Lighthouse Ln, Hilton Head Island, SC 29928, USA",google_places,PLACE_DETAILS,ChIJaxy5zZ94_IgRltPfwzuKAz4,establishment;lodging;point_of_interest,False,CACHED
The Post Oak Hotel at Uptown Houston,https://www.americanexpress.com/en-us/travel/discover/property/Texas-US/Houston/The-Post-Oak-Hotel-At-Uptown-Houston?intlink=US-travel-discover-property-results-propertyCard-The-Post-Oak-Hotel-At-Uptown-Houston,"Houston, Texas US",FINE HOTELS + RESORTS,Preferred Hotels & Resorts,Program,29.7522332,-95.4565052,"1600 W Loop S, Houston, TX 77027, USA",google_places,PLACE_DETAILS,ChIJizj5VEfBQIYRjpuVYYo5Gf8,establishment;food;lodging;point_of_interest;restaurant;spa,False,CACHED
AJWA Sultanahmet,https://www.americanexpress.com/en-us/travel/discover/property/Turkey/Istanbul/Ajwa-Sultanahmet?intlink=US-travel-discover-property-results-propertyCard-Ajwa-Sultanahmet,"Istanbul, Turkey",FINE HOTELS + RESORTS,Preferred Hotels & Resorts,Program,41.00638379999999,28.9691267,"Emin Sinan, Piyer Loti Cd. No:30, 34126 Fatih/İstanbul, Türkiye",google_places,PLACE_DETAILS,ChIJVcbDoJC5yhQRtPDNFoCst64,establishment;lodging;point_of_interest,False,CACHED
Cala de Mar Resort & Spa Ixtapa,https://www.americanexpress.com/en-us/travel/discover/property/Guerrero-MX/Ixtapa/Cala-De-Mar-Resort--Spa-Ixtapa?intlink=US-travel-discover-property-results-propertyCard-Cala-De-Mar-Resort--Spa-Ixtapa,"Ixtapa, Guerrero MX",FINE HOTELS + RESORTS,Preferred Hotels & Resorts,Program,17.6674159,-101.6327055,"Paseo Punta Ixtapa S/N, Zona Hotelera II, 40884 Ixtapa Zihuatanejo, Gro., Mexico",google_places,PLACE_DETAILS,ChIJXddoixN3NIQRPpRx6ijgWJ4,establishment;lodging;point_of_interest,False,CACHED
Keswick Hall,https://www.americanexpress.com/en-us/travel/discover/property/Virginia-US/Keswick/Keswick-Hall?intlink=US-travel-discover-property-results-propertyCard-Keswick-Hall,"Keswick, Virginia US",FINE HOTELS + RESORTS,Preferred Hotels & Resorts,Program,38.01678030000001,-78.3666045,"701 Club Dr, Keswick, VA 22947, USA",google_places,PLACE_DETAILS,ChIJlbwJssaLs4kRDsbMa5PASzU,establishment;lodging;point_of_interest,False,CACHED
The Sanctuary at Kiawah Island Golf Resort,https://www.americanexpress.com/en-us/travel/discover/property/South-Carolina-US/Kiawah-Island/The-Sanctuary-At-Kiawah-Island-Golf-Resort?intlink=US-travel-discover-property-results-propertyCard-The-Sanctuary-At-Kiawah-Island-Golf-Resort,"Kiawah Island, South Carolina US",FINE HOTELS + RESORTS,Preferred Hotels & Resorts,Program,32.60121210000001,-80.0921209,"1 Sanctuary Beach Dr, Kiawah Island, SC 29455, USA",google_places,PLACE_DETAILS,ChIJNQST7KvU_YgRUvVDXyW-jRU,establishment;lodging;point_of_interest,False,CACHED
The Europe Hotel & Resort,https://www.americanexpress.com/en-us/travel/discover/property/Ireland/Killarney/The-Europe-Hotel--Resort?intlink=US-travel-discover-property-results-propertyCard-The-Europe-Hotel--Resort,"Killarney, Ireland",FINE HOTELS + RESORTS,Preferred Hotels & Resorts,Program,52.0673987,-9.572766,"Fossa, Killarney, Co. Kerry, V93 KHN6, Ireland",google_places,PLACE_DETAILS,ChIJmZsMDyc5RUgRgbo93k1wXvE,establishment;lodging;point_of_interest;spa,False,CACHED
Montage Laguna Beach,https://www.americanexpress.com/en-us/travel/discover/property/California-US/Laguna-Beach/Montage-Laguna-Beach?intlink=US-travel-discover-property-results-propertyCard-Montage-Laguna-Beach,"Laguna Beach, California US",FINE HOTELS + RESORTS,Preferred Hotels & Resorts,Program,33.5149781,-117.7573172,"30801 Coast Hwy, Laguna Beach, CA 92651, USA",google_places,PLACE_DETAILS,ChIJSTrkU2zl3IAR4OePk2Vx5I8,establishment;lodging;point_of_interest;spa,False,CACHED
Surf & Sand Resort Laguna Beach,https://www.americanexpress.com/en-us/travel/discover/property/California-US/Laguna-Beach/Surf--Sand-Resort-Laguna-Beach?intlink=US-travel-discover-property-results-propertyCard-Surf--Sand-Resort-Laguna-Beach,"Laguna Beach, California US",FINE HOTELS + RESORTS,Preferred Hotels & Resorts,Program,33.530153,-117.7739518,"1555 S Coast Hwy, Laguna Beach, CA 92651, USA",google_places,PLACE_DETAILS,ChIJCVWwUq_l3IARUro8zb9aS8A,establishment;lodging;point_of_interest,False,CACHED
Burg Vital Resort,https://www.americanexpress.com/en-us/travel/discover/property/Austria/Lech/Burg-Vital-Resort?intlink=US-travel-discover-property-results-propertyCard-Burg-Vital-Resort,"Lech, Austria",FINE HOTELS + RESORTS,Preferred Hotels & Resorts,Program,47.2174139,10.1387139,"Oberlech 568, 6764 Lech, Austria",google_places,PLACE_DETAILS,ChIJR4YhucGmnEcR0BQd1tCMI-k,establishment;food;lodging;point_of_interest;restaurant;spa,False,CACHED
The One Palacio da Anunciada,https://www.americanexpress.com/en-us/travel/discover/property/Portugal/Lisbon/The-One-Palacio-Da-Anunciada?intlink=US-travel-discover-property-results-propertyCard-The-One-Palacio-Da-Anunciada,"Lisbon, Portugal",FINE HOTELS + RESORTS,Preferred Hotels & Resorts,Program,38.7173074,-9.1411617,"R. das Portas de Santo Antão 112 134, 1150-268 Lisboa, Portugal",google_places,PLACE_DETAILS,ChIJJfYxTW4zGQ0Ryd8m_V8eIOM,establishment;lodging;point_of_interest,False,CACHED
Grosvenor House Suites,https://www.americanexpress.com/en-us/travel/discover/property/England/London/Grosvenor-House-Suites?intlink=US-travel-discover-property-results-propertyCard-Grosvenor-House-Suites,"London, England",FINE HOTELS + RESORTS,Preferred Hotels & Resorts,Program,51.5091939,-0.1546366,"Park Ln, Mount St, London W1K 7TN, UK",google_places,PLACE_DETAILS,ChIJxfSfpuwFdkgROiB1lcfx-pY,establishment;lodging;point_of_interest,False,CACHED
The Beaumont Mayfair,https://www.americanexpress.com/en-us/travel/discover/property/England/London/The-Beaumont-Mayfair?intlink=US-travel-discover-property-results-propertyCard-The-Beaumont-Mayfair,"London, England",FINE HOTELS + RESORTS,Preferred Hotels & Resorts,Program,51.51284649999999,-0.1523666,"8 Balderton St, Brown Hart Gardens, London W1K 6TF, UK",google_places,PLACE_DETAILS,ChIJjxDGljIFdkgRtvX999m-Jkk,establishment;lodging;point_of_interest,False,CACHED
The Londoner,https://www.americanexpress.com/en-us/travel/discover/property/England/London/The-Londoner?intlink=US-travel-discover-property-results-propertyCard-The-Londoner,"London, England",FINE HOTELS + RESORTS,Preferred Hotels & Resorts,Program,51.5098624,-0.1302131,"38 Leicester Square, London WC2H 7DX, UK",google_places,PLACE_DETAILS,ChIJ4-BXAUkFdkgRc3sS8jtRf9k,establishment;lodging;point_of_interest,False,CACHED
Eau Resort & Spa Palm Beach,https://www.americanexpress.com/en-us/travel/discover/property/Florida-US/Manalapan/Eau-Resort--Spa-Palm-Beach?intlink=US-travel-discover-property-results-propertyCard-Eau-Resort--Spa-Palm-Beach,"Manalapan, Florida US",FINE HOTELS + RESORTS,Preferred Hotels & Resorts,Program,26.583024,-80.03840799999999,"100 S Ocean Blvd, Manalapan, FL 33462, USA",google_places,PLACE_DETAILS,ChIJOZuSagnZ2IgRGaEehRrkcIw,establishment;lodging;point_of_interest;spa,False,CACHED
El Fuerte Marbella,https://www.americanexpress.com/en-us/travel/discover/property/Spain/Marbella/El-Fuerte-Marbella?intlink=US-travel-discover-property-results-propertyCard-El-Fuerte-Marbella,"Marbella, Spain",FINE HOTELS + RESORTS,Preferred Hotels & Resorts,Program,36.5072772,-4.884373699999999,"C. el Fuerte, s/n, 29602 Marbella, Málaga, Spain",google_places,PLACE_DETAILS,ChIJGZa5T_gncw0R7AybSBEjzpU,establishment;lodging;point_of_interest,False,CACHED
Salamander Middleburg,https://www.americanexpress.com/en-us/travel/discover/property/Virginia-US/Middleburg/Salamander-Middleburg?intlink=US-travel-discover-property-results-propertyCard-Salamander-Middleburg,"Middleburg, Virginia US",FINE HOTELS + RESORTS,Preferred Hotels & Resorts,Program,38.9744053,-77.7434311,"500 N Pendleton St, Middleburg, VA 20117, USA",google_places,PLACE_DETAILS,ChIJWRx7y3tttokR5ZCe0v744Do,establishment;food;lodging;point_of_interest;restaurant;spa,False,CACHED
Armani Hotel Milano,https://www.americanexpress.com/en-us/travel/discover/property/Italy/Milan/Armani-Hotel-Milano?intlink=US-travel-discover-property-results-propertyCard-Armani-Hotel-Milano,"Milan, Italy",FINE HOTELS + RESORTS,Preferred Hotels & Resorts,Program,45.4706384,9.192887899999999,"Via Alessandro Manzoni, 31, 20121 Milano MI, Italy",google_places,PLACE_DETAILS,ChIJfQCnZSnHhkcRvnCT89y8UVg,establishment;lodging;point_of_interest,False,CACHED
Castelfalfi,https://www.americanexpress.com/en-us/travel/discover/property/Italy/Montaione/Castelfalfi?intlink=US-travel-discover-property-results-propertyCard-Castelfalfi,"Montaione, Italy",FINE HOTELS + RESORTS,Preferred Hotels & Resorts,Program,43.5491561,10.8559614,"Località Castelfalfi, 50050 Montaione, FI, Italy",google_places,PLACE_DETAILS,ChIJb0Twcg8TKhMRe2UclPKUPWA,amusement_park;establishment;food;lodging;point_of_interest;restaurant;spa,False,CACHED
Half Moon,https://www.americanexpress.com/en-us/travel/discover/property/Jamaica/Montego-Bay/Half-Moon?intlink=US-travel-discover-property-results-propertyCard-Half-Moon,"Montego Bay, Jamaica",FINE HOTELS + RESORTS,Preferred Hotels & Resorts,Program,18.5238473,-77.84672549999999,"Rose Hall St James Jamaica WI, Montego Bay, Jamaica",google_places,PLACE_DETAILS,ChIJH3JiM3wq2o4RQYYKvGZhVhQ,establishment;lodging;point_of_interest;spa,False,CACHED
The Hermitage Hotel,https://www.americanexpress.com/en-us/travel/discover/property/Tennessee-US/Nashville/The-Hermitage-Hotel?intlink=US-travel-discover-property-results-propertyCard-The-Hermitage-Hotel,"Nashville, Tennessee US",FINE HOTELS + RESORTS,Preferred Hotels & Resorts,Program,36.16376109999999,-86.7823611,"231 6th Ave N, Nashville, TN 37219, USA",google_places,PLACE_DETAILS,ChIJhdOH0PdmZIgRVSci-4ShivQ,establishment;lodging;point_of_interest,False,CACHED
AJWA Cappadocia,https://www.americanexpress.com/en-us/travel/discover/property/Turkey/Nevsehir/Ajwa-Cappadocia?intlink=US-travel-discover-property-results-propertyCard-Ajwa-Cappadocia,"Nevsehir, Turkey",FINE HOTELS + RESORTS,Preferred Hotels & Resorts,Program,38.5935959,34.9044435,"Yeni, Ürgüp Cd. No:13, 50420 Mustafapaşa/Ürgüp/Nevşehir, Türkiye",google_places,PLACE_DETAILS,ChIJveWH9kdDKhURlJtxKWNY3Bs,establishment;lodging;point_of_interest,False,CACHED
The Leela Palace New Delhi,https://www.americanexpress.com/en-us/travel/discover/property/India/New-Delhi/The-Leela-Palace-New-Delhi?intlink=US-travel-discover-property-results-propertyCard-The-Leela-Palace-New-Delhi,"New Delhi, India",FINE HOTELS + RESORTS,Preferred Hotels & Resorts,Program,28.5798662,77.18933059999999,"Africa Ave, Diplomatic Enclave, Chanakyapuri, New Delhi, Delhi 110023, India",google_places,PLACE_DETAILS,ChIJl0eXb2AdDTkR99fS9QTynaM,establishment;lodging;point_of_interest;spa,False,CACHED
"The Windsor Court, New Orleans",https://www.americanexpress.com/en-us/travel/discover/property/Louisiana-US/New-Orleans/The-Windsor-Court-New-Orleans?intlink=US-travel-discover-property-results-propertyCard-The-Windsor-Court-New-Orleans,"New Orleans, Louisiana US",FINE HOTELS + RESORTS,Preferred Hotels & Resorts,Program,29.9496445,-90.06635589999999,"300 Gravier St, New Orleans, LA 70130, USA",google_places,PLACE_DETAILS,ChIJPwv3u3KmIIYRLmJLwBqo4o8,bar;establishment;food;lodging;point_of_interest;restaurant,False,CACHED
Pendry Manhattan West,https://www.americanexpress.com/en-us/travel/discover/property/New-York-US/New-York/Pendry-Manhattan-West?intlink=US-travel-discover-property-results-propertyCard-Pendry-Manhattan-West,"New York, New York US",FINE HOTELS + RESORTS,Preferred Hotels & Resorts,Program,40.7532122,-73.9984291,"438 W 33rd St, New York, NY 10001, USA",google_places,PLACE_DETAILS,ChIJx2VWm9hZwokRw1uQ1viF7Dw,establishment;lodging;point_of_interest,False,CACHED
The Dominick,https://www.americanexpress.com/en-us/travel/discover/property/New-York-US/New-York/The-Dominick?intlink=US-travel-discover-property-results-propertyCard-The-Dominick,"New York, New York US",FINE HOTELS + RESORTS,Preferred Hotels & Resorts,Program,40.7254695,-74.0053343,"246 Spring St, New York, NY 10013, USA",google_places,PLACE_DETAILS,ChIJazM5w4xZwokRr28B0Zb4tCE,establishment;lodging;point_of_interest;spa,False,CACHED
The Mark,https://www.americanexpress.com/en-us/travel/discover/property/New-York-US/New-York/The-Mark?intlink=US-travel-discover-property-results-propertyCard-The-Mark,"New York, New York US",FINE HOTELS + RESORTS,Preferred Hotels & Resorts,Program,40.7752711,-73.9633994,"25 E 77th St, New York, NY 10075, USA",google_places,PLACE_DETAILS,ChIJXYOiRJRYwokRm1i3c9R6WDA,establishment;food;lodging;point_of_interest;restaurant,False,CACHED
The Wall Street Hotel,https://www.americanexpress.com/en-us/travel/discover/property/New-York-US/New-York/The-Wall-Street-Hotel?intlink=US-travel-discover-property-results-propertyCard-The-Wall-Street-Hotel,"New York, New York US",FINE HOTELS + RESORTS,Preferred Hotels & Resorts,Program,40.7055706,-74.007662,"88 Wall St, New York, NY 10005, USA",google_places,PLACE_DETAILS,ChIJgdS9yu1bwokRQqyymeQoiyU,bar;establishment;food;lodging;point_of_interest;restaurant,False,CACHED
Dromoland Castle,https://www.americanexpress.com/en-us/travel/discover/property/Ireland/Newmarket-on-Fergus/Dromoland-Castle?intlink=US-travel-discover-property-results-propertyCard-Dromoland-Castle,"Newmarket-on-Fergus, Ireland",FINE HOTELS + RESORTS,Preferred Hotels & Resorts,Program,52.7830484,-8.905636399999999,"Dromoland, Newmarket on Fergus, Co. Clare, V95 ATD3, Ireland",google_places,PLACE_DETAILS,ChIJ748FdHFrW0gRuGSaV5OTUFM,establishment;food;lodging;point_of_interest;restaurant;spa,False,CACHED
Pendry Newport Beach,https://www.americanexpress.com/en-us/travel/discover/property/California-US/Newport-Beach/Pendry-Newport-Beach?intlink=US-travel-discover-property-results-propertyCard-Pendry-Newport-Beach,"Newport Beach, California US",FINE HOTELS + RESORTS,Preferred Hotels & Resorts,Program,33.619878,-117.8755554,"690 Newport Center Dr, Newport Beach, CA 92660, USA",google_places,PLACE_DETAILS,ChIJT4v9GR7h3IAR_jlzLOfVFJM,establishment;lodging;point_of_interest,False,CACHED
Brenton Hotel,https://www.americanexpress.com/en-us/travel/discover/property/Rhode-Island-US/Newport/Brenton-Hotel?intlink=US-travel-discover-property-results-propertyCard-Brenton-Hotel,"Newport, Rhode Island US",FINE HOTELS + RESORTS,Preferred Hotels & Resorts,Program,41.4899508,-71.31722119999999,"31 America's Cup Ave, Newport, RI 02840, USA",google_places,PLACE_DETAILS,ChIJcXM2Ie2v5YkRD5UCdefAuU8,establishment;lodging;point_of_interest,False,CACHED
Andronis Arcadia,https://www.americanexpress.com/en-us/travel/discover/property/Greece/Oia/Andronis-Arcadia?intlink=US-travel-discover-property-results-propertyCard-Andronis-Arcadia,"Oia, Greece",FINE HOTELS + RESORTS,Preferred Hotels & Resorts,Program,36.4638217,25.3754549,"Oia 847 02, Greece",google_places,PLACE_DETAILS,ChIJnQoxoZLLmRQRtV6396WW4qM,establishment;food;lodging;point_of_interest;restaurant;spa,False,CACHED
Andronis Luxury Suites,https://www.americanexpress.com/en-us/travel/discover/property/Greece/Oia/Andronis-Luxury-Suites?intlink=US-travel-discover-property-results-propertyCard-Andronis-Luxury-Suites,"Oia, Greece",FINE HOTELS + RESORTS,Preferred Hotels & Resorts,Program,36.461807,25.3801809,"Oia 847 02, Greece",google_places,PLACE_DETAILS,ChIJIzM1CIHLmRQRa5AcUPWTHDs,establishment;food;lodging;point_of_interest;restaurant;spa,False,CACHED
Ojai Valley Inn,https://www.americanexpress.com/en-us/travel/discover/property/California-US/Ojai/Ojai-Valley-Inn?intlink=US-travel-discover-property-results-propertyCard-Ojai-Valley-Inn,"Ojai, California US",FINE HOTELS + RESORTS,Preferred Hotels & Resorts,Program,34.4374952,-119.2548234,"905 Country Club Rd, Ojai, CA 93023, USA",google_places,PLACE_DETAILS,ChIJHxKSKkCl6YART39IacRTAM4,establishment;lodging;point_of_interest;spa,False,CACHED
Sommerro,https://www.americanexpress.com/en-us/travel/discover/property/Norway/Oslo/Sommerro?intlink=US-travel-discover-property-results-propertyCard-Sommerro,"Oslo, Norway",FINE HOTELS + RESORTS,Preferred Hotels & Resorts,Program,59.91528280000001,10.7196448,"Sommerrogata 1, 0255 Oslo, Norway",google_places,PLACE_DETAILS,ChIJq6pa2NRtQUYR55iwFxJ16NQ,bar;establishment;food;gym;health;lodging;point_of_interest;restaurant;spa,False,CACHED
The Thief,https://www.americanexpress.com/en-us/travel/discover/property/Norway/Oslo/The-Thief?intlink=US-travel-discover-property-results-propertyCard-The-Thief,"Oslo, Norway",FINE HOTELS + RESORTS,Preferred Hotels & Resorts,Program,59.90763899999999,10.7210813,"Landgangen 1, 0252 Oslo, Norway",google_places,PLACE_DETAILS,ChIJGTp_5ylsQUYRqiIovfIyRT8,bar;establishment;food;lodging;point_of_interest;restaurant,False,CACHED
PGA National Resort,https://www.americanexpress.com/en-us/travel/discover/property/Florida-US/Palm-Beach-Gardens/Pga-National-Resort?intlink=US-travel-discover-property-results-propertyCard-Pga-National-Resort,"Palm Beach Gardens, Florida US",FINE HOTELS + RESORTS,Preferred Hotels & Resorts,Program,26.8297549,-80.14119749999999,"400 Ave of the Champions, Palm Beach Gardens, FL 33418, USA",google_places,PLACE_DETAILS,ChIJN6Qqqy7V3ogRo-jOCjmVIWk,establishment;lodging;point_of_interest;spa,False,CACHED
Montage Deer Valley,https://www.americanexpress.com/en-us/travel/discover/property/Utah-US/Park-City/Montage-Deer-Valley?intlink=US-travel-discover-property-results-propertyCard-Montage-Deer-Valley,"Park City, Utah US",FINE HOTELS + RESORTS,Preferred Hotels & Resorts,Program,40.6160648,-111.5120823,"9100 Marsac Ave, Park City, UT 84060, USA",google_places,PLACE_DETAILS,ChIJX4wqEkJzUocROz0EtRH_Q4o,establishment;lodging;point_of_interest,False,CACHED
Pendry Park City,https://www.americanexpress.com/en-us/travel/discover/property/Utah-US/Park-City/Pendry-Park-City?intlink=US-travel-discover-property-results-propertyCard-Pendry-Park-City,"Park City, Utah US",FINE HOTELS + RESORTS,Preferred Hotels & Resorts,Program,40.6836357,-111.5563669,"2417 W High Mountain Rd, Park City, UT 84098, USA",google_places,PLACE_DETAILS,ChIJCTCakN1tUocRupr5OtlR6FA,establishment;lodging;point_of_interest;spa,False,CACHED
Pendry Natirar,https://www.americanexpress.com/en-us/travel/discover/property/New-Jersey-US/Peapack/Pendry-Natirar?intlink=US-travel-discover-property-results-propertyCard-Pendry-Natirar,"Peapack, New Jersey US",FINE HOTELS + RESORTS,Preferred Hotels & Resorts,Program,40.7041189,-74.6412005,"400 Natirar Dr, Peapack, NJ 07977, USA",google_places,PLACE_DETAILS,ChIJ_1pD1hqXw4kRjD36_aTMNT0,establishment;lodging;point_of_interest,False,CACHED
Peter Island Resort,https://www.americanexpress.com/en-us/travel/discover/property/British-Virgin-Islands/Peter-Island/Peter-Island-Resort?intlink=US-travel-discover-property-results-propertyCard-Peter-Island-Resort,"Peter Island, British Virgin Islands",FINE HOTELS + RESORTS,Preferred Hotels & Resorts,Program,18.358377,-64.575516,"Sprat Bay, British Virgin Islands",google_places,PLACE_DETAILS,ChIJPVLVl7JxBYwR4G5lXkSlZHk,establishment;lodging;point_of_interest,False,CACHED
The Global Ambassador,https://www.americanexpress.com/en-us/travel/discover/property/Arizona-US/Phoenix/The-Global-Ambassador?intlink=US-travel-discover-property-results-propertyCard-The-Global-Ambassador,"Phoenix, Arizona US",FINE HOTELS + RESORTS,Preferred Hotels & Resorts,Program,33.5108671,-111.9876139,"4360 E Camelback Rd, Phoenix, AZ 85018, USA",google_places,PLACE_DETAILS,ChIJeZzOu4ANK4cRmr5uIsL7_rw,establishment;food;lodging;point_of_interest;restaurant;spa,False,CACHED
Lefay Resort & SPA Dolomiti,https://www.americanexpress.com/en-us/travel/discover/property/Italy/Pinzolo/Lefay-Resort--Spa-Dolomiti?intlink=US-travel-discover-property-results-propertyCard-Lefay-Resort--Spa-Dolomiti,"Pinzolo, Italy",FINE HOTELS + RESORTS,Preferred Hotels & Resorts,Program,46.1670858,10.7663579,"Via Alpe di Grual, 16, 38086 Pinzolo TN, Italy",google_places,PLACE_DETAILS,ChIJcZHJg_dbgkcRhmrQVwk6YcQ,establishment;lodging;point_of_interest,False,CACHED
Grand Hotel Son Net,https://www.americanexpress.com/en-us/travel/discover/property/Spain/Puigpunyent/Grand-Hotel-Son-Net?intlink=US-travel-discover-property-results-propertyCard-Grand-Hotel-Son-Net,"Puigpunyent, Spain",FINE HOTELS + RESORTS,Preferred Hotels & Resorts,Program,39.6242271,2.5243838,"Castillo Son Net s/n, 07194 Puigpunyent, Illes Balears, Spain",google_places,PLACE_DETAILS,ChIJhxwYUUuLlxIRV4ZUZUEiteg,establishment;lodging;point_of_interest,False,CACHED
Aurora Anguilla Resort & Golf Club,https://www.americanexpress.com/en-us/travel/discover/property/Anguilla/Rendezvous-Bay/Aurora-Anguilla-Resort--Golf-Club?intlink=US-travel-discover-property-results-propertyCard-Aurora-Anguilla-Resort--Golf-Club,"Rendezvous Bay, Anguilla",FINE HOTELS + RESORTS,Preferred Hotels & Resorts,Program,18.177912,-63.11670019999999,"Rendezvous Bay Rendezvous Bay, Anguilla, 2640, Anguilla",google_places,PLACE_DETAILS,ChIJmbx55FlnDowRMlW-mc0fQX0,establishment;food;lodging;point_of_interest;restaurant;spa,False,CACHED
The Jefferson Hotel,https://www.americanexpress.com/en-us/travel/discover/property/Virginia-US/Richmond/The-Jefferson-Hotel?intlink=US-travel-discover-property-results-propertyCard-The-Jefferson-Hotel,"Richmond, Virginia US",FINE HOTELS + RESORTS,Preferred Hotels & Resorts,Program,37.544362,-77.445056,"101 W Franklin St, Richmond, VA 23220, USA",google_places,PLACE_DETAILS,ChIJG6UYMz8RsYkRoAh_aw9rTxY,establishment;lodging;point_of_interest,False,CACHED
The First Roma Arte,https://www.americanexpress.com/en-us/travel/discover/property/Italy/Rome/The-First-Roma-Arte?intlink=US-travel-discover-property-results-propertyCard-The-First-Roma-Arte,"Rome, Italy",FINE HOTELS + RESORTS,Preferred Hotels & Resorts,Program,41.9087353,12.4755789,"Via del Vantaggio, 14, 00186 Roma RM, Italy",google_places,PLACE_DETAILS,ChIJkYnSJ1ZgLxMRinaZxWR9ahk,establishment;lodging;point_of_interest,False,CACHED
Umilta 36,https://www.americanexpress.com/en-us/travel/discover/property/Italy/Rome/Umilta-36?intlink=US-travel-discover-property-results-propertyCard-Umilta-36,"Rome, Italy",FINE HOTELS + RESORTS,Preferred Hotels & Resorts,Program,41.899408,12.482411,"Via dell'Umiltà, 36, 00187 Roma RM, Italy",google_places,PLACE_DETAILS,ChIJYWRqlVJgLxMRt2GC1O04A9Q,establishment;lodging;point_of_interest,False,CACHED
The Capra Saas-Fee,https://www.americanexpress.com/en-us/travel/discover/property/Switzerland/Saas-Fee/The-Capra-Saas-fee?intlink=US-travel-discover-property-results-propertyCard-The-Capra-Saas-fee,"Saas-Fee, Switzerland",FINE HOTELS + RESORTS,Preferred Hotels & Resorts,Program,46.1108471,7.9291942,"Lomattenstrasse 6, 3906 Saas-Fee, Switzerland",google_places,PLACE_DETAILS,ChIJ3b3uaaNFj0cRkdXlxNPYSco,bar;establishment;food;lodging;night_club;point_of_interest;restaurant;spa,False,CACHED
Hotel de Paris Saint-Tropez,https://www.americanexpress.com/en-us/travel/discover/property/France/Saint-Tropez/Hotel-De-Paris-Saint-tropez?intlink=US-travel-discover-property-results-propertyCard-Hotel-De-Paris-Saint-tropez,"Saint-Tropez, France",FINE HOTELS + RESORTS,Preferred Hotels & Resorts,Program,43.2696195,6.636021500000001,"1 Trav. de la Gendarmerie, 83990 Saint-Tropez, France",google_places,PLACE_DETAILS,ChIJPfRJoBPHzhIRngZETtRzgsw,bar;establishment;food;lodging;point_of_interest;restaurant;spa,False,CACHED
"Hotel Emma at Pearl, San Antonio",https://www.americanexpress.com/en-us/travel/discover/property/Texas-US/San-Antonio/Hotel-Emma-At-Pearl-San-Antonio?intlink=US-travel-discover-property-results-propertyCard-Hotel-Emma-At-Pearl-San-Antonio,"San Antonio, Texas US",FINE HOTELS + RESORTS,Preferred Hotels & Resorts,Program,29.4430099,-98.48089879999999,"136 E Grayson St, San Antonio, TX 78215, USA",google_places,PLACE_DETAILS,ChIJoyKRhPb1XIYR1-Fl-fWKc8k,establishment;lodging;point_of_interest,False,CACHED
Pendry San Diego,https://www.americanexpress.com/en-us/travel/discover/property/California-US/San-Diego/Pendry-San-Diego?intlink=US-travel-discover-property-results-propertyCard-Pendry-San-Diego,"San Diego, California US",FINE HOTELS + RESORTS,Preferred Hotels & Resorts,Program,32.709493,-117.1596528,"550 J St, San Diego, CA 92101, USA",google_places,PLACE_DETAILS,ChIJKdQKqGRT2YARf0LFMjRAOuA,establishment;lodging;point_of_interest;spa,False,CACHED
Condado Vanderbilt Hotel,https://www.americanexpress.com/en-us/travel/discover/property/Puerto-Rico/San-Juan/Condado-Vanderbilt-Hotel?intlink=US-travel-discover-property-results-propertyCard-Condado-Vanderbilt-Hotel,"San Juan, Puerto Rico",FINE HOTELS + RESORTS,Preferred Hotels & Resorts,Program,18.458747,-66.0760833,"1055 Ashford Ave, San Juan, 00907, Puerto Rico",google_places,PLACE_DETAILS,ChIJLWNx1jtvA4wRm0wn8Al6g7Y,establishment;lodging;point_of_interest,False,CACHED
Hotel Californian,https://www.americanexpress.com/en-us/travel/discover/property/California-US/Santa-Barbara/Hotel-Californian?intlink=US-travel-discover-property-results-propertyCard-Hotel-Californian,"Santa Barbara, California US",FINE HOTELS + RESORTS,Preferred Hotels & Resorts,Program,34.413266,-119.68997,"36 State St, Santa Barbara, CA 93101, USA",google_places,PLACE_DETAILS,ChIJL33RqY4T6YARpZWlN590OyM,establishment;lodging;point_of_interest;spa,False,CACHED
Hotel Casa del Mar,https://www.americanexpress.com/en-us/travel/discover/property/California-US/Santa-Monica/Hotel-Casa-Del-Mar?intlink=US-travel-discover-property-results-propertyCard-Hotel-Casa-Del-Mar,"Santa Monica, California US",FINE HOTELS + RESORTS,Preferred Hotels & Resorts,Program,34.0064027,-118.4913299,"1910 Ocean Way, Santa Monica, CA 90405, USA",google_places,PLACE_DETAILS,ChIJ8XoN8dWkwoAR7B6j3YDYcKU,establishment;lodging;point_of_interest;spa,False,CACHED
Shutters on the Beach,https://www.americanexpress.com/en-us/travel/discover/property/California-US/Santa-Monica/Shutters-On-The-Beach?intlink=US-travel-discover-property-results-propertyCard-Shutters-On-The-Beach,"Santa Monica, California US",FINE HOTELS + RESORTS,Preferred Hotels & Resorts,Program,34.0068266,-118.4918464,"1 Pico Blvd, Santa Monica, CA 90405, USA",google_places,PLACE_DETAILS,ChIJv7e_5NWkwoARawpLSMDa7mI,establishment;lodging;point_of_interest,False,CACHED
Kivotos Santorini,https://www.americanexpress.com/en-us/travel/discover/property/Greece/Santorini/Kivotos-Santorini?intlink=US-travel-discover-property-results-propertyCard-Kivotos-Santorini,"Santorini, Greece",FINE HOTELS + RESORTS,Preferred Hotels & Resorts,Program,36.4330083,25.4219136,"Imerovigli 847 00, Greece",google_places,PLACE_DETAILS,ChIJW8aq0N3NmRQRGJ-K8oXSM10,establishment;lodging;point_of_interest,False,CACHED
Brush Creek Ranch Collection,https://www.americanexpress.com/en-us/travel/discover/property/Wyoming-US/Saratoga/Brush-Creek-Ranch-Collection?intlink=US-travel-discover-property-results-propertyCard-Brush-Creek-Ranch-Collection,"Saratoga, Wyoming US",FINE HOTELS + RESORTS,Preferred Hotels & Resorts,Program,41.3321297,-106.6066217,"66 Brush Creek Ranch Road, Saratoga, WY 82331, USA",google_places,PLACE_DETAILS,ChIJ_WN-DFBPXYcRKQ_z5udWeTk,establishment;lodging;point_of_interest,False,CACHED
Cavallo Point Lodge,https://www.americanexpress.com/en-us/travel/discover/property/California-US/Sausalito/Cavallo-Point-Lodge?intlink=US-travel-discover-property-results-propertyCard-Cavallo-Point-Lodge,"Sausalito, California US",FINE HOTELS + RESORTS,Preferred Hotels & Resorts,Program,37.8376611,-122.4793772,"601 Murray Cir, Sausalito, CA 94965, USA",google_places,PLACE_DETAILS,ChIJi3J-pCWEhYARxYRB_BqquOA,establishment;lodging;point_of_interest;spa,False,CACHED
Artyzen Singapore,https://www.americanexpress.com/en-us/travel/discover/property/Singapore/Singapore/Artyzen-Singapore?intlink=US-travel-discover-property-results-propertyCard-Artyzen-Singapore,"Singapore, Singapore",FINE HOTELS + RESORTS,Preferred Hotels & Resorts,Program,1.305764,103.827012,"9 Cuscaden Rd, Singapore 249719",google_places,PLACE_DETAILS,ChIJ3e7dBwgZ2jERdBkrWfLO3Pw,establishment;lodging;point_of_interest,False,CACHED
The Fullerton Bay Hotel Singapore,https://www.americanexpress.com/en-us/travel/discover/property/Singapore/Singapore/The-Fullerton-Bay-Hotel-Singapore?intlink=US-travel-discover-property-results-propertyCard-The-Fullerton-Bay-Hotel-Singapore,"Singapore, Singapore",FINE HOTELS + RESORTS,Preferred Hotels & Resorts,Program,1.2863532,103.8530671,"1 Fullerton Sq, Singapore 049178",google_places,PLACE_DETAILS,ChIJbxecDwkZ2jER0HC_ulAswUE,establishment;lodging;point_of_interest;spa,False,CACHED
Erinvale Estate Hotel & Spa,https://www.americanexpress.com/en-us/travel/discover/property/South-Africa/Somerset-West/Erinvale-Estate-Hotel--Spa?intlink=US-travel-discover-property-results-propertyCard-Erinvale-Estate-Hotel--Spa,"Somerset West, South Africa",FINE HOTELS + RESORTS,Preferred Hotels & Resorts,Program,-34.0730019,18.8882628,"1 Erinvale Ave, Somerset West, Cape Town, 7130, South Africa",google_places,PLACE_DETAILS,ChIJy1uZUey1zR0RCExNGAbhCu0,establishment;lodging;point_of_interest,False,CACHED
MacArthur Place,https://www.americanexpress.com/en-us/travel/discover/property/California-US/Sonoma/Macarthur-Place?intlink=US-travel-discover-property-results-propertyCard-Macarthur-Place,"Sonoma, California US",FINE HOTELS + RESORTS,Preferred Hotels & Resorts,Program,38.2843876,-122.4569566,"29 E MacArthur St, Sonoma, CA 95476, USA",google_places,PLACE_DETAILS,ChIJw6K7k6-uhYARyvThrUgfVeo,establishment;lodging;point_of_interest,False,CACHED
Ara Maris,https://www.americanexpress.com/en-us/travel/discover/property/Italy/Sorrento/Ara-Maris?intlink=US-travel-discover-property-results-propertyCard-Ara-Maris,"Sorrento, Italy",FINE HOTELS + RESORTS,Preferred Hotels & Resorts,Program,40.6272148,14.3769343,"Via Correale, 15, 80067 Sorrento NA, Italy",google_places,PLACE_DETAILS,ChIJtzgCgzefOxMRzM69gg_deSI,establishment;food;lodging;point_of_interest;restaurant;spa,False,CACHED
Hotel Ambasador,https://www.americanexpress.com/en-us/travel/discover/property/Croatia/Split/Hotel-Ambasador?intlink=US-travel-discover-property-results-propertyCard-Hotel-Ambasador,"Split, Croatia",FINE HOTELS + RESORTS,Preferred Hotels & Resorts,Program,43.5065928,16.4326601,"Trumbićeva obala 18, 21000, Split, Croatia",google_places,PLACE_DETAILS,ChIJXyS8yDFdNRMRd0Cx6ZSVZfU,establishment;lodging;point_of_interest,False,CACHED
"Old Course Hotel, Golf Resort & Spa",https://www.americanexpress.com/en-us/travel/discover/property/Scotland/St-Andrews/Old-Course-Hotel-Golf-Resort--Spa?intlink=US-travel-discover-property-results-propertyCard-Old-Course-Hotel-Golf-Resort--Spa,"St Andrews, Scotland",FINE HOTELS + RESORTS,Preferred Hotels & Resorts,Program,56.3444855,-2.8114455,"Old Course Hotel, Old Station Rd, St Andrews KY16 9SP, UK",google_places,PLACE_DETAILS,ChIJt1RtYKr-hkgROX-VSTwMQoE,bar;establishment;food;gym;health;lodging;point_of_interest;restaurant;spa,False,CACHED
Inn at Perry Cabin,https://www.americanexpress.com/en-us/travel/discover/property/Maryland-US/St.-Michaels/Inn-At-Perry-Cabin?intlink=US-travel-discover-property-results-propertyCard-Inn-At-Perry-Cabin,"St. Michaels, Maryland US",FINE HOTELS + RESORTS,Preferred Hotels & Resorts,Program,38.7902984,-76.2218322,"308 Watkins Ln, St Michaels, MD 21663, USA",google_places,PLACE_DETAILS,ChIJy7nh21Q8uIkRex7fV_4xGbo,establishment;lodging;point_of_interest,False,CACHED
Edgewood Tahoe,https://www.americanexpress.com/en-us/travel/discover/property/Nevada-US/Stateline/Edgewood-Tahoe?intlink=US-travel-discover-property-results-propertyCard-Edgewood-Tahoe,"Stateline, Nevada US",FINE HOTELS + RESORTS,Preferred Hotels & Resorts,Program,38.9651286,-119.947696,"180 Lake Pkwy, Stateline, NV 89449, USA",google_places,PLACE_DETAILS,ChIJ4z5kdJqamYARIWWPGSKzgok,bar;establishment;food;lodging;point_of_interest;restaurant;spa,False,CACHED
At Six,https://www.americanexpress.com/en-us/travel/discover/property/Sweden/Stockholm/At-Six?intlink=US-travel-discover-property-results-propertyCard-At-Six,"Stockholm, Sweden",FINE HOTELS + RESORTS,Preferred Hotels & Resorts,Program,59.3309874,18.0668297,"Brunkebergstorg 6, 111 51 Stockholm, Sweden",google_places,PLACE_DETAILS,ChIJXRu-616dX0YRr7mqcP3fatg,establishment;lodging;point_of_interest,False,CACHED
Villa Dagmar,https://www.americanexpress.com/en-us/travel/discover/property/Sweden/Stockholm/Villa-Dagmar?intlink=US-travel-discover-property-results-propertyCard-Villa-Dagmar,"Stockholm, Sweden",FINE HOTELS + RESORTS,Preferred Hotels & Resorts,Program,59.33554059999999,18.077833,"Nybrogatan 25-27, 114 39 Stockholm, Sweden",google_places,PLACE_DETAILS,ChIJ4VCgGFudX0YR7vej8wwHQEU,establishment;lodging;point_of_interest,False,CACHED
The K Club,https://www.americanexpress.com/en-us/travel/discover/property/Ireland/Straffan/The-K-Club?intlink=US-travel-discover-property-results-propertyCard-The-K-Club,"Straffan, Ireland",FINE HOTELS + RESORTS,Preferred Hotels & Resorts,Program,53.3073673,-6.6250807,"Straffan, Co. Kildare, W23 YX53, Ireland",google_places,PLACE_DETAILS,ChIJ4Zaa1gt6Z0gRroYsVNuFOBU,establishment;lodging;point_of_interest,False,CACHED
Hotel Unique,https://www.americanexpress.com/en-us/travel/discover/property/Brazil/São-Paulo/Hotel-Unique?intlink=US-travel-discover-property-results-propertyCard-Hotel-Unique,"São Paulo, Brazil",FINE HOTELS + RESORTS,Preferred Hotels & Resorts,Program,-23.5817543,-46.6668008,"Av. Brigadeiro Luís Antônio, 4700 - Jardim Paulista, São Paulo - SP, 01402-002, Brazil",google_places,PLACE_DETAILS,ChIJ00PCPeFZzpQRAHotKz3z81Q,bar;establishment;food;lodging;point_of_interest;restaurant;spa,False,CACHED
Pulso Hotel,https://www.americanexpress.com/en-us/travel/discover/property/Brazil/São-Paulo/Pulso-Hotel?intlink=US-travel-discover-property-results-propertyCard-Pulso-Hotel,"São Paulo, Brazil",FINE HOTELS + RESORTS,Preferred Hotels & Resorts,Program,-23.5694008,-46.6901333,"R. Henrique Monteiro, 154 - Pinheiros, São Paulo - SP, 05423-020, Brazil",google_places,PLACE_DETAILS,ChIJOZHn0wpXzpQRASp0nsVp5Sw,establishment;lodging;point_of_interest,False,CACHED
The Jaffa - Fattal Limited Edition,https://www.americanexpress.com/en-us/travel/discover/property/Israel/Tel-Aviv/The-Jaffa---Fattal-Limited-Edition?intlink=US-travel-discover-property-results-propertyCard-The-Jaffa---Fattal-Limited-Edition,"Tel Aviv, Israel",FINE HOTELS + RESORTS,Preferred Hotels & Resorts,Program,32.05251,34.7529899,"Louis Pasteur St 2, Tel Aviv-Yafo, 6803602, Israel",google_geocoding,ROOFTOP,ChIJC9ZAY7hMHRURfNjUkFBfIs8,establishment;lodging;point_of_interest,True,CACHED
Hotel New Otani Tokyo Executive House Zen,https://www.americanexpress.com/en-us/travel/discover/property/Japan/Tokyo/Hotel-New-Otani-Tokyo-Executive-House-Zen?intlink=US-travel-discover-property-results-propertyCard-Hotel-New-Otani-Tokyo-Executive-House-Zen,"Tokyo, Japan",FINE HOTELS + RESORTS,Preferred Hotels & Resorts,Program,35.6814232,139.7340325,"Japan, 〒102-8578 Tokyo, Chiyoda City, Kioichō, 4−１ ホテルニューオータニ ザ・メイン 11＆12階",google_places,PLACE_DETAILS,ChIJ665ieIGNGGARaxAfunBQI1c,establishment;lodging;point_of_interest,False,CACHED
Rancho Santana,https://www.americanexpress.com/en-us/travel/discover/property/Nicaragua/Tola/Rancho-Santana?intlink=US-travel-discover-property-results-propertyCard-Rancho-Santana,"Tola, Nicaragua",FINE HOTELS + RESORTS,Preferred Hotels & Resorts,Program,11.4418741,-86.0854749,"Comarca Limon #1, Carretera Las Salinas, Tola-Rivas, Popoyo Nicaragua, Tola 48500, Nicaragua",google_places,PLACE_DETAILS,ChIJ57Z3hdoxdI8RBRZd_BzV9ks,establishment;general_contractor;lodging;point_of_interest,False,CACHED
"Grand Hotel Tremezzo, Lake Como",https://www.americanexpress.com/en-us/travel/discover/property/Italy/Tremezzina/Grand-Hotel-Tremezzo-Lake-Como?intlink=US-travel-discover-property-results-propertyCard-Grand-Hotel-Tremezzo-Lake-Como,"Tremezzina, Italy",FINE HOTELS + RESORTS,Preferred Hotels & Resorts,Program,45.98475670000001,9.2285261,"Via Statale, 5401, 22016 Tremezzina CO, Italy",google_places,PLACE_DETAILS,ChIJ7_uuAswihEcRVIzteVsHb98,establishment;food;lodging;point_of_interest;restaurant;spa,False,CACHED
The Leela Palace Udaipur,https://www.americanexpress.com/en-us/travel/discover/property/India/Udaipur/The-Leela-Palace-Udaipur?intlink=US-travel-discover-property-results-propertyCard-The-Leela-Palace-Udaipur,"Udaipur, India",FINE HOTELS + RESORTS,Preferred Hotels & Resorts,Program,24.5793227,73.6787621,"88, NAGA NAGARI, LAKE, Outside Chandpole, Pichola, Udaipur, Rajasthan 313001, India",google_places,PLACE_DETAILS,ChIJvfgUh13lZzkRqYmcsCTJAb4,establishment;lodging;point_of_interest,False,CACHED
Iniala Harbour House & Residences,https://www.americanexpress.com/en-us/travel/discover/property/Malta/Valletta/Iniala-Harbour-House--Residences?intlink=US-travel-discover-property-results-propertyCard-Iniala-Harbour-House--Residences,"Valletta, Malta",FINE HOTELS + RESORTS,Preferred Hotels & Resorts,Program,35.8962596,14.5142703,"10 St.Barbara Bastion, Il-Belt Valletta VLT 1961, Malta",google_places,PLACE_DETAILS,ChIJwQof8ixFDhMR7mjzR2DhbVE,establishment;lodging;point_of_interest,False,CACHED
7132 Hotel,https://www.americanexpress.com/en-us/travel/discover/property/Switzerland/Vals/7132-Hotel?intlink=US-travel-discover-property-results-propertyCard-7132-Hotel,"Vals, Switzerland",FINE HOTELS + RESORTS,Preferred Hotels & Resorts,Program,46.6225221,9.1812227,"Poststrasse 560, 7132 Vals, Switzerland",google_places,PLACE_DETAILS,ChIJux1gOKjkhEcR85YGT1Tr8BI,establishment;lodging;point_of_interest;spa,False,CACHED
"Pendry Washington DC, The Wharf",https://www.americanexpress.com/en-us/travel/discover/property/District-of-Columbia-US/Washington/Pendry-Washington-Dc-The-Wharf?intlink=US-travel-discover-property-results-propertyCard-Pendry-Washington-Dc-The-Wharf,"Washington, District of Columbia US",FINE HOTELS + RESORTS,Preferred Hotels & Resorts,Program,38.8773113,-77.0220859,"655 Water St SW, Washington, DC 20024, USA",google_places,PLACE_DETAILS,ChIJbxsPmXC3t4kRswReGkd7M2c,establishment;lodging;point_of_interest,False,CACHED
Salamander Washington DC,https://www.americanexpress.com/en-us/travel/discover/property/District-of-Columbia-US/Washington/Salamander-Washington-Dc?intlink=US-travel-discover-property-results-propertyCard-Salamander-Washington-Dc,"Washington, District of Columbia US",FINE HOTELS + RESORTS,Preferred Hotels & Resorts,Program,38.8837381,-77.03009879999999,"1330 Maryland Ave SW, Washington, DC 20024, USA",google_places,PLACE_DETAILS,ChIJP6jnCXW3t4kRTKMVLFOpK6o,establishment;food;lodging;point_of_interest;restaurant;spa,False,CACHED
The Sun Rose,https://www.americanexpress.com/en-us/travel/discover/property/California-US/West-Hollywood/The-Sun-Rose?intlink=US-travel-discover-property-results-propertyCard-The-Sun-Rose,"West Hollywood, California US",FINE HOTELS + RESORTS,Preferred Hotels & Resorts,Program,34.094859,-118.3734168,"8430 Sunset Blvd, West Hollywood, CA 90069, USA",google_places,PLACE_DETAILS,ChIJ4aYkLLS_woARzhWOyU2Jiiw,establishment;lodging;point_of_interest;spa,False,CACHED
Woodstock Inn & Resort,https://www.americanexpress.com/en-us/travel/discover/property/Vermont-US/Woodstock/Woodstock-Inn--Resort?intlink=US-travel-discover-property-results-propertyCard-Woodstock-Inn--Resort,"Woodstock, Vermont US",FINE HOTELS + RESORTS,Preferred Hotels & Resorts,Program,43.623158,-72.518875,"14 The Grn, Woodstock, VT 05091, USA",google_places,PLACE_DETAILS,ChIJu5FzyCDY4YkRqR7LjF5lHtE,establishment;lodging;point_of_interest,False,CACHED
Storchen Zurich,https://www.americanexpress.com/en-us/travel/discover/property/Switzerland/Zurich/Storchen-Zurich?intlink=US-travel-discover-property-results-propertyCard-Storchen-Zurich,"Zurich, Switzerland",FINE HOTELS + RESORTS,Preferred Hotels & Resorts,Program,47.371281,8.541774,"Weinpl. 2, 8001 Zürich, Switzerland",google_places,PLACE_DETAILS,ChIJFx0eqgAKkEcR9YDVzWpXjyc,bar;establishment;food;lodging;night_club;point_of_interest;restaurant,False,CACHED
Austin Proper Hotel,https://www.americanexpress.com/en-us/travel/discover/property/Texas-US/Austin/Austin-Proper-Hotel?intlink=US-travel-discover-property-results-propertyCard-Austin-Proper-Hotel,"Austin, Texas US",FINE HOTELS + RESORTS,Proper Hospitality,Program,30.2662104,-97.7500515,"600 W 2nd St, Austin, TX 78701, USA",google_places,PLACE_DETAILS,ChIJS4eibOS1RIYRyF-A_nhBIMM,establishment;lodging;point_of_interest,False,CACHED
Downtown L.A. Proper Hotel,https://www.americanexpress.com/en-us/travel/discover/property/California-US/Los-Angeles/Downtown-La-Proper-Hotel?intlink=US-travel-discover-property-results-propertyCard-Downtown-La-Proper-Hotel,"Los Angeles, California US",FINE HOTELS + RESORTS,Proper Hospitality,Program,34.0393757,-118.2589819,"1100 S Broadway, Los Angeles, CA 90015, USA",google_places,PLACE_DETAILS,ChIJPVoyBWbHwoAREu--ZMmvEpA,establishment;lodging;point_of_interest,False,CACHED
Santa Monica Proper Hotel,https://www.americanexpress.com/en-us/travel/discover/property/California-US/Santa-Monica/Santa-Monica-Proper-Hotel?intlink=US-travel-discover-property-results-propertyCard-Santa-Monica-Proper-Hotel,"Santa Monica, California US",FINE HOTELS + RESORTS,Proper Hospitality,Program,34.0208652,-118.4945242,"700 Wilshire Blvd, Santa Monica, CA 90401, USA",google_places,PLACE_DETAILS,ChIJGayEIMmkwoARvutBp7SwpfI,establishment;food;gym;health;lodging;point_of_interest;restaurant;spa,False,CACHED
Raffles Bali,https://www.americanexpress.com/en-us/travel/discover/property/Indonesia/Badung/Raffles-Bali?intlink=US-travel-discover-property-results-propertyCard-Raffles-Bali,"Badung, Indonesia",FINE HOTELS + RESORTS,Raffles,Program,-8.7864398,115.1581541,"Jl. Karang Mas Sejahtera No.1A, Jimbaran, Kec. Kuta Sel., Kabupaten Badung, Bali 80361, Indonesia",google_places,PLACE_DETAILS,ChIJZVY6dR1F0i0Rrr0mM0kyMDI,establishment;lodging;point_of_interest,False,CACHED
Raffles Boston,https://www.americanexpress.com/en-us/travel/discover/property/Massachusetts-US/Boston/Raffles-Boston?intlink=US-travel-discover-property-results-propertyCard-Raffles-Boston,"Boston, Massachusetts US",FINE HOTELS + RESORTS,Raffles,Program,42.3485405,-71.07487110000001,"40 Trinity Pl, Boston, MA 02116, USA",google_places,PLACE_DETAILS,ChIJH8DR4Ax644kR3ISxdYdHAwY,establishment;lodging;point_of_interest,False,CACHED
Raffles Doha,https://www.americanexpress.com/en-us/travel/discover/property/Qatar/Doha/Raffles-Doha?intlink=US-travel-discover-property-results-propertyCard-Raffles-Doha,"Doha, Qatar",FINE HOTELS + RESORTS,Raffles,Program,25.3899207,51.5314542,"Marina District Lusail City, Doha, Qatar",google_places,PLACE_DETAILS,ChIJNRuTbOHDRT4RreWfB3As5dY,establishment;lodging;point_of_interest,False,CACHED
Raffles Dubai,https://www.americanexpress.com/en-us/travel/discover/property/United-Arab-Emirates/Dubai/Raffles-Dubai?intlink=US-travel-discover-property-results-propertyCard-Raffles-Dubai,"Dubai, United Arab Emirates",FINE HOTELS + RESORTS,Raffles,Program,25.227917,55.32035029999999,Wafi - شارع الشيخ راشد - أم هرير الثانية - دبي - United Arab Emirates,google_places,PLACE_DETAILS,ChIJ4-05IUpdXz4Rq0GiAUfUg20,establishment;food;lodging;point_of_interest;restaurant,False,CACHED
Raffles The Palm Dubai,https://www.americanexpress.com/en-us/travel/discover/property/United-Arab-Emirates/Dubai/Raffles-The-Palm-Dubai?intlink=US-travel-discover-property-results-propertyCard-Raffles-The-Palm-Dubai,"Dubai, United Arab Emirates",FINE HOTELS + RESORTS,Raffles,Program,25.1103869,55.1098091,West Crescent - Palm Jumeirah - Dubai - United Arab Emirates,google_places,PLACE_DETAILS,ChIJrVIMBuIUXz4RcUbeci79Y7o,establishment;lodging;point_of_interest,False,CACHED
Raffles Istanbul,https://www.americanexpress.com/en-us/travel/discover/property/Turkey/Istanbul/Raffles-Istanbul?intlink=US-travel-discover-property-results-propertyCard-Raffles-Istanbul,"Istanbul, Turkey",FINE HOTELS + RESORTS,Raffles,Program,41.066551,29.018055,"Zorlu Center, Levazım, Vadi Caddesi, 34340 Beşiktaş/İstanbul, Türkiye",google_places,PLACE_DETAILS,ChIJ-b4di0W2yhQRKJh_UY_Yg0s,establishment;food;lodging;point_of_interest;restaurant,False,CACHED
Raffles Jaipur,https://www.americanexpress.com/en-us/travel/discover/property/India/Jaipur/Raffles-Jaipur?intlink=US-travel-discover-property-results-propertyCard-Raffles-Jaipur,"Jaipur, India",FINE HOTELS + RESORTS,Raffles,Program,27.0298045,75.8891258,"Khasara No 2060, 2061/2267, Amer, Kukas, Jaipur, Rajasthan 302028, India",google_places,PLACE_DETAILS,ChIJly3RxPqvbTkRw1fmttD0-bo,establishment;lodging;point_of_interest,False,CACHED
Raffles London at the OWO,https://www.americanexpress.com/en-us/travel/discover/property/England/London/Raffles-London-At-The-Owo?intlink=US-travel-discover-property-results-propertyCard-Raffles-London-At-The-Owo,"London, England",FINE HOTELS + RESORTS,Raffles,Program,51.5051366,-0.1256685,"57 Whitehall, London SW1A 2BX, UK",google_places,PLACE_DETAILS,ChIJZfEMTNkFdkgRXHTECATydW8,establishment;lodging;point_of_interest,False,CACHED
Raffles Makati,https://www.americanexpress.com/en-us/travel/discover/property/Philippines/Makati-City/Raffles-Makati?intlink=US-travel-discover-property-results-propertyCard-Raffles-Makati,"Makati City, Philippines",FINE HOTELS + RESORTS,Raffles,Program,14.5508307,121.02308,"1, Raffles Drive, Makati Ave, Makati City, 1224 Metro Manila, Philippines",google_places,PLACE_DETAILS,ChIJZ2s7jBrJlzMRLMSOKYDdIQA,establishment;food;lodging;point_of_interest;restaurant,False,CACHED
Le Royal Monceau Raffles Paris,https://www.americanexpress.com/en-us/travel/discover/property/France/Paris/Le-Royal-Monceau-Raffles-Paris?intlink=US-travel-discover-property-results-propertyCard-Le-Royal-Monceau-Raffles-Paris,"Paris, France",FINE HOTELS + RESORTS,Raffles,Program,48.8757605,2.300295,"37 Av. Hoche, 75008 Paris, France",google_places,PLACE_DETAILS,ChIJaQacl-pv5kcRC2DmtH2M0jk,establishment;food;lodging;point_of_interest;restaurant,False,CACHED
Raffles Hotel Le Royal,https://www.americanexpress.com/en-us/travel/discover/property/Cambodia/Phnom-Penh/Raffles-Hotel-Le-Royal?intlink=US-travel-discover-property-results-propertyCard-Raffles-Hotel-Le-Royal,"Phnom Penh, Cambodia",FINE HOTELS + RESORTS,Raffles,Program,11.5760788,104.918412,"92 Rukhak Vithei, Phnom Penh 12302, Cambodia",google_places,PLACE_DETAILS,ChIJK8tA1kJRCTERun6GlwPe1jY,establishment;food;lodging;point_of_interest;restaurant,False,CACHED
Raffles Seychelles,https://www.americanexpress.com/en-us/travel/discover/property/Seychelles/Praslin-Island/Raffles-Seychelles?intlink=US-travel-discover-property-results-propertyCard-Raffles-Seychelles,"Praslin Island, Seychelles",FINE HOTELS + RESORTS,Raffles,Program,-4.3076555,55.7182486,"Anse Takamaka, Praslin Island, Seychelles",google_places,PLACE_DETAILS,ChIJnduIosvxHyMRTb4qKmjdd4U,establishment;food;lodging;point_of_interest;restaurant,False,CACHED
Raffles Shenzhen,https://www.americanexpress.com/en-us/travel/discover/property/China/Shenzhen/Raffles-Shenzhen?intlink=US-travel-discover-property-results-propertyCard-Raffles-Shenzhen,"Shenzhen, China",FINE HOTELS + RESORTS,Raffles,Program,22.505953,113.94243,"T7, One Shenzhen Bay, 3008 Zhong Xin Lu, Nan Shan Qu, Shen Zhen Shi, Guang Dong Sheng, China, 518054",google_places,PLACE_DETAILS,ChIJUZgJ8C3uAzQRBWtvUca_KqI,establishment;lodging;point_of_interest,False,CACHED
Raffles Grand Hotel d'Angkor,https://www.americanexpress.com/en-us/travel/discover/property/Cambodia/Siem-Reap/Raffles-Grand-Hotel-Dangkor?intlink=US-travel-discover-property-results-propertyCard-Raffles-Grand-Hotel-Dangkor,"Siem Reap, Cambodia",FINE HOTELS + RESORTS,Raffles,Program,13.3643729,103.859859,"Khum, Preah Sihanouk Ave, Krong Siem Reap 17251, Cambodia",google_places,PLACE_DETAILS,ChIJM5gPIHMXEDERI-qw1t4m-24,establishment;food;lodging;point_of_interest;restaurant,False,CACHED
"Raffles Hotel, Singapore",https://www.americanexpress.com/en-us/travel/discover/property/Singapore/Singapore/Raffles-Hotel-Singapore?intlink=US-travel-discover-property-results-propertyCard-Raffles-Hotel-Singapore,"Singapore, Singapore",FINE HOTELS + RESORTS,Raffles,Program,1.294889,103.854483,"1 Beach Rd, Singapore 189673",google_places,PLACE_DETAILS,ChIJwUTKu6UZ2jERwt5ctkU4f2Q,establishment;lodging;point_of_interest,False,CACHED
Raffles Udaipur,https://www.americanexpress.com/en-us/travel/discover/property/India/Udaipur/Raffles-Udaipur?intlink=US-travel-discover-property-results-propertyCard-Raffles-Udaipur,"Udaipur, India",FINE HOTELS + RESORTS,Raffles,Program,24.5816303,73.819378,"Raffles Udaipur Lakeshore, Arrival Limited, Plot No 1, Udaipur, Kamlod, Rajasthan 313024, India",google_places,PLACE_DETAILS,ChIJCbgukonpZzkRy_nBk2dxbxE,establishment;lodging;point_of_interest,False,CACHED
Raffles Europejski Warsaw,https://www.americanexpress.com/en-us/travel/discover/property/Poland/Warsaw/Raffles-Europejski-Warsaw?intlink=US-travel-discover-property-results-propertyCard-Raffles-Europejski-Warsaw,"Warsaw, Poland",FINE HOTELS + RESORTS,Raffles,Program,52.2417005,21.0146539,"Krakowskie Przedmieście 13, 00-071 Warszawa, Poland",google_places,PLACE_DETAILS,ChIJpTfobI_NHkcRsrTrFAVRhF8,establishment;food;lodging;point_of_interest;restaurant,False,CACHED
Regent Bali Canggu,https://www.americanexpress.com/en-us/travel/discover/property/Indonesia/Canggu/Regent-Bali-Canggu?intlink=US-travel-discover-property-results-propertyCard-Regent-Bali-Canggu,"Canggu, Indonesia",FINE HOTELS + RESORTS,Regent,Program,-8.655963,115.129369,"84VH+79C, Jl. Pantai Batu Bolong No.93xx, Canggu, Kec. Kuta Utara, Kabupaten Badung, Bali 80361, Indonesia",google_places,PLACE_DETAILS,ChIJH65PHIhH0i0RyYYTzGXsVIE,establishment;lodging;point_of_interest,False,CACHED
"Carlton Cannes, a Regent Hotel",https://www.americanexpress.com/en-us/travel/discover/property/France/Cannes/Carlton-Cannes-a-Regent-Hotel?intlink=US-travel-discover-property-results-propertyCard-Carlton-Cannes-a-Regent-Hotel,"Cannes, France",FINE HOTELS + RESORTS,Regent,Program,43.5495959,7.027226,"58 Bd de la Croisette Cs 40052, 06400 Cannes, France",google_places,PLACE_DETAILS,ChIJZykAMpaBzhIRJkI13XQDqHw,establishment;lodging;point_of_interest,False,CACHED
Regent Hong Kong,https://www.americanexpress.com/en-us/travel/discover/property/China/Hong-Kong/Regent-Hong-Kong?intlink=US-travel-discover-property-results-propertyCard-Regent-Hong-Kong,"Hong Kong, China",FINE HOTELS + RESORTS,Regent,Program,22.2934362,114.1739346,"18 Salisbury Rd, Tsim Sha Tsui, Hong Kong",google_places,PLACE_DETAILS,ChIJAAAAAOwABDQRP_PjmMCBYQo,bakery;cafe;establishment;food;lodging;point_of_interest;restaurant;store,False,CACHED
Regent Phu Quoc,https://www.americanexpress.com/en-us/travel/discover/property/Vietnam/Phu-Quoc/Regent-Phu-Quoc?intlink=US-travel-discover-property-results-propertyCard-Regent-Phu-Quoc,"Phu Quoc, Vietnam",FINE HOTELS + RESORTS,Regent,Program,10.1106652,103.9856963,"Marina Integrated Resort Complex, Dương Tơ, Phú Quốc, An Giang Province 92509, Vietnam",google_places,PLACE_DETAILS,ChIJ0R95YniTpzER8HfwfZ2aMZI,establishment;lodging;point_of_interest,False,CACHED
Regent Santa Monica Beach,https://www.americanexpress.com/en-us/travel/discover/property/California-US/Santa-Monica/Regent-Santa-Monica-Beach?intlink=US-travel-discover-property-results-propertyCard-Regent-Santa-Monica-Beach,"Santa Monica, California US",FINE HOTELS + RESORTS,Regent,Program,34.0092602,-118.4931265,"1700 Ocean Ave, Santa Monica, CA 90401, USA",google_places,PLACE_DETAILS,ChIJpWsmhcelwoARbuhT0M70HQY,establishment;lodging;point_of_interest,False,CACHED
Regent Shanghai Pudong,https://www.americanexpress.com/en-us/travel/discover/property/China/Shanghai/Regent-Shanghai-Pudong?intlink=US-travel-discover-property-results-propertyCard-Regent-Shanghai-Pudong,"Shanghai, China",FINE HOTELS + RESORTS,Regent,Program,31.234074,121.510544,"210 Shi Ji Da Dao, Lujiazui, Pu Dong Xin Qu, Shang Hai Shi, China, 200120",google_places,PLACE_DETAILS,ChIJp8bkReZwsjUR4L9IKwfWdow,establishment;lodging;point_of_interest,False,CACHED
Regent Taipei,https://www.americanexpress.com/en-us/travel/discover/property/Taiwan/Taipei/Regent-Taipei?intlink=US-travel-discover-property-results-propertyCard-Regent-Taipei,"Taipei, Taiwan",FINE HOTELS + RESORTS,Regent,Program,25.054158,121.524288,"No. 3號, Lane 39, Section 2, Zhongshan N Rd, Zhongshan District, Taipei City, Taiwan 104",google_places,PLACE_DETAILS,ChIJ5ymH9mipQjQRqo6WdCNtP24,establishment;lodging;point_of_interest,False,CACHED
Regent Porto Montenegro,https://www.americanexpress.com/en-us/travel/discover/property/Montenegro/Tivat/Regent-Porto-Montenegro?intlink=US-travel-discover-property-results-propertyCard-Regent-Porto-Montenegro,"Tivat, Montenegro",FINE HOTELS + RESORTS,Regent,Program,42.4334,18.6935,"Porto Montenegro, Obala Bb, Tivat 85320, Montenegro",google_places,PLACE_DETAILS,ChIJM2f96XUxTBMRcWxZjTQ4pSo,establishment;lodging;point_of_interest,False,CACHED
Il Borro Toscana,https://www.americanexpress.com/en-us/travel/discover/property/Italy/Arezzo/Il-Borro-Toscana?intlink=US-travel-discover-property-results-propertyCard-Il-Borro-Toscana,"Arezzo, Italy",FINE HOTELS + RESORTS,Relais & Châteaux,Program,43.540836,11.7143294,"Via dell'Oreno, 1, 52024 San Giustino Valdarno AR, Italy",google_places,PLACE_DETAILS,ChIJNTCQBxS8KxMRskL4-uJOOCs,airport;establishment;food;lodging;point_of_interest;restaurant;spa;travel_agency,False,CACHED
The Little Nell,https://www.americanexpress.com/en-us/travel/discover/property/Colorado-US/Aspen/The-Little-Nell?intlink=US-travel-discover-property-results-propertyCard-The-Little-Nell,"Aspen, Colorado US",FINE HOTELS + RESORTS,Relais & Châteaux,Program,39.1863817,-106.8174229,"675 E Durant Ave, Aspen, CO 81611, USA",google_places,PLACE_DETAILS,ChIJRXICg9g7QIcRG0qn6wMCd40,establishment;lodging;point_of_interest,False,CACHED
Chateau d'Audrieu,https://www.americanexpress.com/en-us/travel/discover/property/France/Audrieu/Chateau-Daudrieu?intlink=US-travel-discover-property-results-propertyCard-Chateau-Daudrieu,"Audrieu, France",FINE HOTELS + RESORTS,Relais & Châteaux,Program,49.20388029999999,-0.5948356,"Château d'Audrieu, 14250 Audrieu, France",google_places,PLACE_DETAILS,ChIJgd6LxuZRCkgRxwLviYj_Wyg,establishment;food;lodging;point_of_interest;restaurant,False,CACHED
El Silencio Lodge and Spa Costa Rica,https://www.americanexpress.com/en-us/travel/discover/property/Costa-Rica/Bajos-del-Toro/El-Silencio-Lodge-And-Spa-Costa-Rica?intlink=US-travel-discover-property-results-propertyCard-El-Silencio-Lodge-And-Spa-Costa-Rica,"Bajos del Toro, Costa Rica",FINE HOTELS + RESORTS,Relais & Châteaux,Program,10.2043716,-84.30546609999999,"northwest from Juan Santamaría International Airport (SJO, 65 kilometers, Provincia de Alajuela, Bajos del Toro, 20101, Costa Rica",google_places,PLACE_DETAILS,ChIJP6wfD3FgoI8RQt7xu8drm2Y,establishment;lodging;point_of_interest,False,CACHED
Ballyfin Demesne,https://www.americanexpress.com/en-us/travel/discover/property/Ireland/Ballyfin/Ballyfin-Demesne?intlink=US-travel-discover-property-results-propertyCard-Ballyfin-Demesne,"Ballyfin, Ireland",FINE HOTELS + RESORTS,Relais & Châteaux,Program,53.0602983,-7.416633699999999,"Ballyfin Demesne, Co. Laois, R32 X5X8, Ireland",google_places,PLACE_DETAILS,ChIJ6WU0-CsMXUgRab9bbRMw2fo,establishment;food;lodging;point_of_interest;restaurant;spa,False,CACHED
The Ivy Hotel Baltimore,https://www.americanexpress.com/en-us/travel/discover/property/Maryland-US/Baltimore/The-Ivy-Hotel-Baltimore?intlink=US-travel-discover-property-results-propertyCard-The-Ivy-Hotel-Baltimore,"Baltimore, Maryland US",FINE HOTELS + RESORTS,Relais & Châteaux,Program,39.3033726,-76.6128836,"205 E Biddle St, Baltimore, MD 21202, USA",google_places,PLACE_DETAILS,ChIJR_hQBJQEyIkRg-4EcxfmLBM,establishment;food;lodging;point_of_interest;restaurant;spa,False,CACHED
Hotel Neri Relais & Chateaux,https://www.americanexpress.com/en-us/travel/discover/property/Spain/Barcelona/Hotel-Neri-Relais--Chateaux?intlink=US-travel-discover-property-results-propertyCard-Hotel-Neri-Relais--Chateaux,"Barcelona, Spain",FINE HOTELS + RESORTS,Relais & Châteaux,Program,41.3831717,2.1753815,"Carrer de Sant Sever, 5, Ciutat Vella, 08002 Barcelona, Spain",google_places,PLACE_DETAILS,ChIJWU9gM_iipBIRBo0JgzCmYjI,establishment;lodging;point_of_interest,False,CACHED
Grand Hotel Villa Serbelloni,https://www.americanexpress.com/en-us/travel/discover/property/Italy/Bellagio/Grand-Hotel-Villa-Serbelloni?intlink=US-travel-discover-property-results-propertyCard-Grand-Hotel-Villa-Serbelloni,"Bellagio, Italy",FINE HOTELS + RESORTS,Relais & Châteaux,Program,45.9887466,9.2608309,"Via Teresio Olivelli, 1, 22021 Bellagio CO, Italy",google_places,PLACE_DETAILS,ChIJ50Lxz_8XhEcRL-6Yp2HreK0,establishment;lodging;point_of_interest,False,CACHED
Cliveden House,https://www.americanexpress.com/en-us/travel/discover/property/England/Berkshire/Cliveden-House?intlink=US-travel-discover-property-results-propertyCard-Cliveden-House,"Berkshire, England",FINE HOTELS + RESORTS,Relais & Châteaux,Program,51.5581265,-0.688283,"Taplow, Maidenhead SL6 0JF, UK",google_places,PLACE_DETAILS,ChIJO3l6uqFjdkgRrn0G6Gy_jMY,establishment;lodging;point_of_interest;spa;tourist_attraction,False,CACHED
Borgo San Felice Resort,https://www.americanexpress.com/en-us/travel/discover/property/Italy/Castelnuovo-Berardenga/Borgo-San-Felice-Resort?intlink=US-travel-discover-property-results-propertyCard-Borgo-San-Felice-Resort,"Castelnuovo Berardenga, Italy",FINE HOTELS + RESORTS,Relais & Châteaux,Program,43.388364,11.4585692,"Località San Felice, 53019 Castelnuovo Berardenga SI, Italy",google_places,PLACE_DETAILS,ChIJFbKvehbOKxMRm8e928rOxJY,clothing_store;establishment;food;liquor_store;lodging;point_of_interest;restaurant;spa;store,False,CACHED
Relais & Chateaux Monaci delle Terre Nere,https://www.americanexpress.com/en-us/travel/discover/property/Italy/Catania/Relais--Chateaux-Monaci-Delle-Terre-Nere?intlink=US-travel-discover-property-results-propertyCard-Relais--Chateaux-Monaci-Delle-Terre-Nere,"Catania, Italy",FINE HOTELS + RESORTS,Relais & Châteaux,Program,37.6738494,15.1081519,"Via Monaci, Via Pietralunga, sn, 95019 Zafferana Etnea CT, Italy",google_places,PLACE_DETAILS,ChIJE3IwbFn_ExMRhn8eoDWsPAM,bar;establishment;food;lodging;point_of_interest;restaurant,False,CACHED
Auberge du Jeu de Paume,https://www.americanexpress.com/en-us/travel/discover/property/France/Chantilly/Auberge-Du-Jeu-De-Paume?intlink=US-travel-discover-property-results-propertyCard-Auberge-Du-Jeu-De-Paume,"Chantilly, France",FINE HOTELS + RESORTS,Relais & Châteaux,Program,49.1945235,2.4798635,"4 Rue du Connétable, 60500 Chantilly, France",google_places,PLACE_DETAILS,ChIJ0d0E2RhI5kcR3JRPXOwr838,establishment;food;lodging;point_of_interest;restaurant;spa,False,CACHED
Dunton Hot Springs,https://www.americanexpress.com/en-us/travel/discover/property/Colorado-US/Dolores/Dunton-Hot-Springs?intlink=US-travel-discover-property-results-propertyCard-Dunton-Hot-Springs,"Dolores, Colorado US",FINE HOTELS + RESORTS,Relais & Châteaux,Program,37.7728765,-108.0939677,"8532 Road 38, Dolores, CO 81323, USA",google_places,PLACE_DETAILS,ChIJCdWNsQctOYcRp-6HsRPsPWU,establishment;lodging;point_of_interest;spa,False,CACHED
L'Albereta Relais & Chateaux,https://www.americanexpress.com/en-us/travel/discover/property/Italy/Erbusco/Lalbereta-Relais--Chateaux?intlink=US-travel-discover-property-results-propertyCard-Lalbereta-Relais--Chateaux,"Erbusco, Italy",FINE HOTELS + RESORTS,Relais & Châteaux,Program,45.6080688,9.9797964,"Via Vittorio Emanuele, 23, 25030 Erbusco BS, Italy",google_places,PLACE_DETAILS,ChIJHYL4SrJogUcRDmv8R5W1G5w,establishment;health;lodging;point_of_interest;spa,False,CACHED
Wharekauhau Country Estate,https://www.americanexpress.com/en-us/travel/discover/property/New-Zealand/Featherston/Wharekauhau-Country-Estate?intlink=US-travel-discover-property-results-propertyCard-Wharekauhau-Country-Estate,"Featherston, New Zealand",FINE HOTELS + RESORTS,Relais & Châteaux,Program,-41.3761239,175.077342,"4132 Wharekauhau Road, Palliser Bay, Ocean Beach 5773, New Zealand",google_places,PLACE_DETAILS,ChIJSdRo8Tm1QG0RGhqPPBsCvOw,establishment;food;lodging;point_of_interest;restaurant,False,CACHED
Blanket Bay,https://www.americanexpress.com/en-us/travel/discover/property/New-Zealand/Glenorchy/Blanket-Bay?intlink=US-travel-discover-property-results-propertyCard-Blanket-Bay,"Glenorchy, New Zealand",FINE HOTELS + RESORTS,Relais & Châteaux,Program,-44.86766000000001,168.3920516,"4191 Glenorchy-Queenstown Road, Glenorchy 9372, New Zealand",google_places,PLACE_DETAILS,ChIJrwSvL-9eP20RBLGktvGDKKc,establishment;lodging;point_of_interest,False,CACHED
Awasi Santa Catarina,https://www.americanexpress.com/en-us/travel/discover/property/Brazil/Governador-Celso-Ramos/Awasi-Santa-Catarina?intlink=US-travel-discover-property-results-propertyCard-Awasi-Santa-Catarina,"Governador Celso Ramos, Brazil",FINE HOTELS + RESORTS,Relais & Châteaux,Program,-27.305735,-48.551531,"R. Elpidio Alves do Nascimento, 104 - Ganchos de Fora, Gov. Celso Ramos - SC, 88190-000, Brazil",google_places,PLACE_DETAILS,ChIJ4xLBndFZJ5UREYJcU4JYR_4,establishment;lodging;point_of_interest;spa,False,CACHED
The Cove Eleuthera,https://www.americanexpress.com/en-us/travel/discover/property/The-Bahamas/Gregory-Town/The-Cove-Eleuthera?intlink=US-travel-discover-property-results-propertyCard-The-Cove-Eleuthera,"Gregory Town, The Bahamas",FINE HOTELS + RESORTS,Relais & Châteaux,Program,25.4006633,-76.5732596,"Queens Hwy, Gregory Town, The Bahamas",google_places,PLACE_DETAILS,ChIJW_Wlu8FJJYkRLUrJswVoKEE,establishment;lodging;point_of_interest,False,CACHED
Cap Maison Resort & Spa,https://www.americanexpress.com/en-us/travel/discover/property/Saint-Lucia/Gros-Islet/Cap-Maison-Resort--Spa?intlink=US-travel-discover-property-results-propertyCard-Cap-Maison-Resort--Spa,"Gros Islet, Saint Lucia",FINE HOTELS + RESORTS,Relais & Châteaux,Program,14.0993565,-60.9506848,"Building 1, Smuggler's Cove, St Lucia",google_places,PLACE_DETAILS,ChIJ3VGFwIZDQIwRGOLtN-KHjyk,establishment;lodging;point_of_interest,False,CACHED
Domaine de Primard,https://www.americanexpress.com/en-us/travel/discover/property/France/Guainville/Domaine-De-Primard?intlink=US-travel-discover-property-results-propertyCard-Domaine-De-Primard,"Guainville, France",FINE HOTELS + RESORTS,Relais & Châteaux,Program,48.91234650000001,1.4615169,"D16, 28260 Guainville, France",google_places,PLACE_DETAILS,ChIJvVN0M_Wz5kcRNAXn7pckbzk,establishment;food;lodging;point_of_interest;restaurant;spa,False,CACHED
Jabulani Safari,https://www.americanexpress.com/en-us/travel/discover/property/South-Africa/Hoedspruit/Jabulani-Safari?intlink=US-travel-discover-property-results-propertyCard-Jabulani-Safari,"Hoedspruit, South Africa",FINE HOTELS + RESORTS,Relais & Châteaux,Program,-24.4168635,31.0951635,"Kapama Private Game Reserve, Hoedspruit, 1380, South Africa",google_places,PLACE_DETAILS,ChIJYxiHVUX9wh4RElw8japb01Y,establishment;lodging;point_of_interest,False,CACHED
Fogo Island Inn,https://www.americanexpress.com/en-us/travel/discover/property/Newfoundland-and-Labrador-CA/Joe-Batt's-Arm/Fogo-Island-Inn?intlink=US-travel-discover-property-results-propertyCard-Fogo-Island-Inn,"Joe Batt's Arm, Newfoundland and Labrador CA",FINE HOTELS + RESORTS,Relais & Châteaux,Program,49.73044489999999,-54.1782406,"210 Main Road, Joe Batt's Arm, NL A0G 2X0, Canada",google_places,PLACE_DETAILS,ChIJaYKzO7V_nUsRt9OUvZGuFQQ,establishment;lodging;point_of_interest,False,CACHED
Eliamos Villas Hotel & Spa,https://www.americanexpress.com/en-us/travel/discover/property/Greece/Kefalonia/Eliamos-Villas-Hotel--Spa?intlink=US-travel-discover-property-results-propertyCard-Eliamos-Villas-Hotel--Spa,"Kefalonia, Greece",FINE HOTELS + RESORTS,Relais & Châteaux,Program,38.1012078,20.5648482,"Spartià 281 00, Greece",google_places,PLACE_DETAILS,ChIJ_ycy5_NiZxMROs2xuHMORRU,establishment;lodging;point_of_interest,False,CACHED
Sheen Falls Lodge,https://www.americanexpress.com/en-us/travel/discover/property/Ireland/Kenmare/Sheen-Falls-Lodge?intlink=US-travel-discover-property-results-propertyCard-Sheen-Falls-Lodge,"Kenmare, Ireland",FINE HOTELS + RESORTS,Relais & Châteaux,Program,51.8745152,-9.5638266,"Sheen Falls Lodge, Kenmare Old, Kenmare, Co. Kerry, V93 HR27, Ireland",google_places,PLACE_DETAILS,ChIJT7npDqxsRUgRqKph3nfj6K8,establishment;lodging;point_of_interest,False,CACHED
Tennerhof Gourmet & Spa de Charme Hotel,https://www.americanexpress.com/en-us/travel/discover/property/Austria/Kitzbuehel/Tennerhof-Gourmet--Spa-De-Charme-Hotel?intlink=US-travel-discover-property-results-propertyCard-Tennerhof-Gourmet--Spa-De-Charme-Hotel,"Kitzbuehel, Austria",FINE HOTELS + RESORTS,Relais & Châteaux,Program,47.4541203,12.3967612,"Griesenauweg 26, 6370 Kitzbühel, Austria",google_geocoding,ROOFTOP,ChIJHWabuZtNdkcR_4z8adg4czI,establishment;food;lodging;point_of_interest;restaurant;spa,True,CACHED
Nayara Springs,https://www.americanexpress.com/en-us/travel/discover/property/Costa-Rica/La-Fortuna/Nayara-Springs?intlink=US-travel-discover-property-results-propertyCard-Nayara-Springs,"La Fortuna, Costa Rica",FINE HOTELS + RESORTS,Relais & Châteaux,Program,10.5028017,-84.687524,"Arenal Volcano National Park, de, 702 Road, Provincia de Alajuela, La Fortuna, 21007, Costa Rica",google_places,PLACE_DETAILS,ChIJhz017uELoI8ReBhBgO1bJek,establishment;food;lodging;point_of_interest;restaurant;spa,False,CACHED
Esiweni Safari Lodge,https://www.americanexpress.com/en-us/travel/discover/property/South-Africa/Ladysmith/Esiweni-Safari-Lodge?intlink=US-travel-discover-property-results-propertyCard-Esiweni-Safari-Lodge,"Ladysmith, South Africa",FINE HOTELS + RESORTS,Relais & Châteaux,Program,-28.4402076,30.01878499999999,"Memorial Gate, Nambiti Game reserve, Esiweni accès, Ladysmith, 3370, South Africa",google_places,PLACE_DETAILS,ChIJfYI59Pci8h4RGor2l4iO12E,establishment;lodging;point_of_interest,False,CACHED
Hostellerie de Levernois,https://www.americanexpress.com/en-us/travel/discover/property/France/Levernois/Hostellerie-De-Levernois?intlink=US-travel-discover-property-results-propertyCard-Hostellerie-De-Levernois,"Levernois, France",FINE HOTELS + RESORTS,Relais & Châteaux,Program,46.9932804,4.880332399999999,"15 Rue du Golf, 21200 Levernois, France",google_places,PLACE_DETAILS,ChIJ6ziPYljy8kcRTSMFjIbcdKI,establishment;food;lodging;point_of_interest;restaurant,False,CACHED
Myconian Ambassador Relais & Chateaux Hotel,https://www.americanexpress.com/en-us/travel/discover/property/Greece/Mykonos/Myconian-Ambassador-Relais--Chateaux-Hotel?intlink=US-travel-discover-property-results-propertyCard-Myconian-Ambassador-Relais--Chateaux-Hotel,"Mykonos, Greece",FINE HOTELS + RESORTS,Relais & Châteaux,Program,37.415465,25.343352,"Platis Gialos 846 00, Greece",google_places,PLACE_DETAILS,ChIJkf4gnpK-ohQRGfKQp14S788,establishment;lodging;point_of_interest,False,CACHED
Myconian Korali Hotel,https://www.americanexpress.com/en-us/travel/discover/property/Greece/Mykonos/Myconian-Korali-Hotel?intlink=US-travel-discover-property-results-propertyCard-Myconian-Korali-Hotel,"Mykonos, Greece",FINE HOTELS + RESORTS,Relais & Châteaux,Program,37.437186,25.329173,"Mykonos Town, Mikonos 846 00, Greece",google_places,PLACE_DETAILS,ChIJqygNvVW-ohQRlF8MELDtq-U,establishment;lodging;point_of_interest,False,CACHED
The Wauwinet,https://www.americanexpress.com/en-us/travel/discover/property/Massachusetts-US/Nantucket/The-Wauwinet?intlink=US-travel-discover-property-results-propertyCard-The-Wauwinet,"Nantucket, Massachusetts US",FINE HOTELS + RESORTS,Relais & Châteaux,Program,41.3293387,-69.9969299,"120 Wauwinet Rd, Nantucket, MA 02584, USA",google_places,PLACE_DETAILS,ChIJXWoHSCnh-okRsqnUuvbCi30,establishment;lodging;point_of_interest,False,CACHED
Museum Hotel,https://www.americanexpress.com/en-us/travel/discover/property/Turkey/Nevsehir/Museum-Hotel?intlink=US-travel-discover-property-results-propertyCard-Museum-Hotel,"Nevsehir, Turkey",FINE HOTELS + RESORTS,Relais & Châteaux,Program,46.8120085,-71.20521839999999,"1 Rue des Carrières, Québec, QC G1R 5J5, Canada",google_places,PLACE_DETAILS,ChIJ7Vz9a9yVuEwRjUKqbbOLHw4,establishment;lodging;point_of_interest;tourist_attraction,False,CACHED
Chewton Glen Hotel & Spa,https://www.americanexpress.com/en-us/travel/discover/property/England/New-Milton/Chewton-Glen-Hotel--Spa?intlink=US-travel-discover-property-results-propertyCard-Chewton-Glen-Hotel--Spa,"New Milton, England",FINE HOTELS + RESORTS,Relais & Châteaux,Program,50.7456644,-1.6814979,"Chewton Glen Hotel & Spa, Christchurch Rd, New Milton BH25 6QS, UK",google_places,PLACE_DETAILS,ChIJK-pWnlSDc0gR2LbCLpHCRK8,establishment;lodging;point_of_interest;spa,False,CACHED
Manoir Hovey,https://www.americanexpress.com/en-us/travel/discover/property/Québec-CA/North-Hatley/Manoir-Hovey?intlink=US-travel-discover-property-results-propertyCard-Manoir-Hovey,"North Hatley, Québec CA",FINE HOTELS + RESORTS,Relais & Châteaux,Program,45.2640342,-71.99533079999999,"575 Rue Hovey, North Hatley, QC J0B 0A5, Canada",google_places,PLACE_DETAILS,ChIJtUwBUiJPtkwRGg-UOUu1bZE,establishment;food;lodging;point_of_interest;restaurant;spa,False,CACHED
Gardena Grodnerhof Hotel & Spa,https://www.americanexpress.com/en-us/travel/discover/property/Italy/Oltretorrente/Gardena-Grodnerhof-Hotel--Spa?intlink=US-travel-discover-property-results-propertyCard-Gardena-Grodnerhof-Hotel--Spa,"Oltretorrente, Italy",FINE HOTELS + RESORTS,Relais & Châteaux,Program,46.5722533,11.6736611,"Via Vidalong, 3, 39040 Oltretorrente BZ, Italy",google_places,PLACE_DETAILS,ChIJXSzwMfwSeEcRSGUJSqQEN8g,establishment;lodging;point_of_interest,False,CACHED
La Sommita Relais,https://www.americanexpress.com/en-us/travel/discover/property/Italy/Ostuni/La-Sommita-Relais?intlink=US-travel-discover-property-results-propertyCard-La-Sommita-Relais,"Ostuni, Italy",FINE HOTELS + RESORTS,Relais & Châteaux,Program,40.7343523,17.5792306,"Via Scipione Petrarolo, 7, 72017 Ostuni BR, Italy",google_places,PLACE_DETAILS,ChIJsfzTz15DRhMRJg6I0SGcGl8,establishment;lodging;point_of_interest,False,CACHED
Saint James Paris,https://www.americanexpress.com/en-us/travel/discover/property/France/Paris/Saint-James-Paris?intlink=US-travel-discover-property-results-propertyCard-Saint-James-Paris,"Paris, France",FINE HOTELS + RESORTS,Relais & Châteaux,Program,48.8706168,2.2796401,"5 Pl. du Chancelier Adenauer, 75116 Paris, France",google_places,PLACE_DETAILS,ChIJ6dh8OfZv5kcRRLsOW4C6VYY,establishment;food;lodging;point_of_interest;restaurant;spa,False,CACHED
Borgo dei Conti Resort,https://www.americanexpress.com/en-us/travel/discover/property/Italy/Perugia/Borgo-Dei-Conti-Resort?intlink=US-travel-discover-property-results-propertyCard-Borgo-Dei-Conti-Resort,"Perugia, Italy",FINE HOTELS + RESORTS,Relais & Châteaux,Program,43.0104686,12.2250626,"Strada Tavernelle Castiglione della Valle 36, 06132 Boschetto Vecchio PG, Italy",google_places,PLACE_DETAILS,ChIJx17dpLuvLhMRGWKxn1S7E5E,establishment;lodging;point_of_interest,False,CACHED
The Ranch at Rock Creek,https://www.americanexpress.com/en-us/travel/discover/property/Montana-US/Philipsburg/The-Ranch-At-Rock-Creek?intlink=US-travel-discover-property-results-propertyCard-The-Ranch-At-Rock-Creek,"Philipsburg, Montana US",FINE HOTELS + RESORTS,Relais & Châteaux,Program,46.256424,-113.522131,"79 Carriage House Ln, Philipsburg, MT 59858, USA",google_places,PLACE_DETAILS,ChIJOz3a-R11XFMRDrc9hNViboE,establishment;food;lodging;point_of_interest;restaurant;spa,False,CACHED
Pine Cay,https://www.americanexpress.com/en-us/travel/discover/property/Turks-and-Caicos-Islands/Pine-Cay/Pine-Cay?intlink=US-travel-discover-property-results-propertyCard-Pine-Cay,"Pine Cay, Turks and Caicos Islands",FINE HOTELS + RESORTS,Relais & Châteaux,Program,21.874313,-72.097811,"Pine Cay TKCA 1ZZ, Turks and Caicos Islands",google_places,PLACE_DETAILS,ChIJgY-606ZbS4kR-f-xwzr6B8s,establishment;lodging;point_of_interest,False,CACHED
The Fearrington House,https://www.americanexpress.com/en-us/travel/discover/property/North-Carolina-US/Pittsboro/The-Fearrington-House?intlink=US-travel-discover-property-results-propertyCard-The-Fearrington-House,"Pittsboro, North Carolina US",FINE HOTELS + RESORTS,Relais & Châteaux,Program,35.8007024,-79.09204059999999,"240 Market St, Pittsboro, NC 27312, USA",google_places,PLACE_DETAILS,ChIJkZ-iYdzArIkRvzWX0DUzq9w,establishment;food;lodging;point_of_interest;restaurant;spa,False,CACHED
Bela Vista Hotel & Spa - Adults Only,https://www.americanexpress.com/en-us/travel/discover/property/Portugal/Portimão/Bela-Vista-Hotel--Spa---Adults-Only?intlink=US-travel-discover-property-results-propertyCard-Bela-Vista-Hotel--Spa---Adults-Only,"Portimão, Portugal",FINE HOTELS + RESORTS,Relais & Châteaux,Program,37.1185334,-8.5374673,"Av. Tomás Cabreira, 8500-802 Portimão, Portugal",google_places,PLACE_DETAILS,ChIJlaNBwOIoGw0RHGQJj6u8qlA,establishment;food;lodging;point_of_interest;restaurant;spa,False,CACHED
Secret Bay,https://www.americanexpress.com/en-us/travel/discover/property/Dominica/Portsmouth/Secret-Bay?intlink=US-travel-discover-property-results-propertyCard-Secret-Bay,"Portsmouth, Dominica",FINE HOTELS + RESORTS,Relais & Châteaux,Program,15.5455625,-61.4725625,"Portsmouth, Dominica",google_places,PLACE_DETAILS,ChIJlc6n-SvPFIwRveZ2CFPy-nM,establishment;lodging;point_of_interest,False,CACHED
Eden Roc at Cap Cana,https://www.americanexpress.com/en-us/travel/discover/property/Dominican-Republic/Punta-Cana/Eden-Roc-At-Cap-Cana?intlink=US-travel-discover-property-results-propertyCard-Eden-Roc-At-Cap-Cana,"Punta Cana, Dominican Republic",FINE HOTELS + RESORTS,Relais & Châteaux,Program,18.4576053,-68.4255599,"Cap Cana, Punta Cana, Provincia La Altagracia, Punta Cana 23000, Dominican Republic",google_places,PLACE_DETAILS,ChIJNRWCqx6aqI4R_IK4Mv2xpNM,establishment;food;health;lodging;point_of_interest;restaurant;spa,False,CACHED
Casa Gangotena,https://www.americanexpress.com/en-us/travel/discover/property/Ecuador/Quito/Casa-Gangotena?intlink=US-travel-discover-property-results-propertyCard-Casa-Gangotena,"Quito, Ecuador",FINE HOTELS + RESORTS,Relais & Châteaux,Program,-0.2211899,-78.51540059999999,"Bolívar, Cuenca, Quito 170401, Ecuador",google_places,PLACE_DETAILS,ChIJQbEdyoCZ1ZERFQWQltNsXVY,establishment;lodging;point_of_interest,False,CACHED
Auberge Saint-Antoine,https://www.americanexpress.com/en-us/travel/discover/property/Québec-CA/Québec-City/Auberge-Saint-antoine?intlink=US-travel-discover-property-results-propertyCard-Auberge-Saint-antoine,"Québec City, Québec CA",FINE HOTELS + RESORTS,Relais & Châteaux,Program,46.8144095,-71.2021927,"8 Rue Saint-Antoine, Québec, QC G1K 3Z9, Canada",google_places,PLACE_DETAILS,ChIJRcZxZd2VuEwRlXIvXREwZjI,bar;clothing_store;establishment;food;lodging;point_of_interest;restaurant;store,False,CACHED
Pieve Aldina,https://www.americanexpress.com/en-us/travel/discover/property/Italy/Radda-in-Chianti/Pieve-Aldina?intlink=US-travel-discover-property-results-propertyCard-Pieve-Aldina,"Radda in Chianti, Italy",FINE HOTELS + RESORTS,Relais & Châteaux,Program,43.5072121,11.3678261,"Traversa del Chianti, 53017 Radda in Chianti SI, Italy",google_places,PLACE_DETAILS,ChIJbZN_N13LKxMRKhTUfATDACg,establishment;lodging;point_of_interest,False,CACHED
Rancho Valencia Resort & Spa,https://www.americanexpress.com/en-us/travel/discover/property/California-US/Rancho-Santa-Fe/Rancho-Valencia-Resort--Spa?intlink=US-travel-discover-property-results-propertyCard-Rancho-Valencia-Resort--Spa,"Rancho Santa Fe, California US",FINE HOTELS + RESORTS,Relais & Châteaux,Program,32.990956,-117.1863331,"5921 Valencia Cir, Rancho Santa Fe, CA 92067, USA",google_places,PLACE_DETAILS,ChIJ0U3xCDAI3IARC9PYKbxmfs0,establishment;lodging;point_of_interest;spa,False,CACHED
Chateau Louise de La Valliere,https://www.americanexpress.com/en-us/travel/discover/property/France/Reugny/Chateau-Louise-De-La-Valliere?intlink=US-travel-discover-property-results-propertyCard-Chateau-Louise-De-La-Valliere,"Reugny, France",FINE HOTELS + RESORTS,Relais & Châteaux,Program,47.4835929,0.8960648000000001,"Château de La Vallière, 37380 Reugny, France",google_places,PLACE_DETAILS,ChIJ7WZckH0z40cRi_8aPodW4DQ,establishment;lodging;point_of_interest,False,CACHED
Palazzo Ripetta,https://www.americanexpress.com/en-us/travel/discover/property/Italy/Rome/Palazzo-Ripetta?intlink=US-travel-discover-property-results-propertyCard-Palazzo-Ripetta,"Rome, Italy",FINE HOTELS + RESORTS,Relais & Châteaux,Program,41.9083711,12.4759775,"Via di Ripetta, 231, 00186 Roma RM, Italy",google_places,PLACE_DETAILS,ChIJw2oMKbthLxMRBFcRrLqsVYE,establishment;lodging;point_of_interest,False,CACHED
Monte-Carlo Beach,https://www.americanexpress.com/en-us/travel/discover/property/France/Roquebrune-Cap-Martin/Monte-carlo-Beach?intlink=US-travel-discover-property-results-propertyCard-Monte-carlo-Beach,"Roquebrune-Cap-Martin, France",FINE HOTELS + RESORTS,Relais & Châteaux,Program,43.7508933,7.444296299999999,"Av. Princesse Grâce, 06190 Roquebrune-Cap-Martin, France",google_places,PLACE_DETAILS,ChIJjQYd5ovCzRIRRT7fW3Ao1Ik,establishment;lodging;point_of_interest,False,CACHED
Auberge du Soleil,https://www.americanexpress.com/en-us/travel/discover/property/California-US/Rutherford/Auberge-Du-Soleil?intlink=US-travel-discover-property-results-propertyCard-Auberge-Du-Soleil,"Rutherford, California US",FINE HOTELS + RESORTS,Relais & Châteaux,Program,38.4934426,-122.4060174,"180 Rutherford Hill Rd, Rutherford, CA 94573, USA",google_places,PLACE_DETAILS,ChIJH5O5lv5WhIARCuyN4aS9lYg,establishment;lodging;point_of_interest,False,CACHED
Domaine du Mas de Pierre,https://www.americanexpress.com/en-us/travel/discover/property/France/Saint-Paul-de-Vence/Domaine-Du-Mas-De-Pierre?intlink=US-travel-discover-property-results-propertyCard-Domaine-Du-Mas-De-Pierre,"Saint Paul de Vence, France",FINE HOTELS + RESORTS,Relais & Châteaux,Program,43.6823904,7.1237208,"2320 Rte des Serres, 06570 Saint-Paul-de-Vence, France",google_places,PLACE_DETAILS,ChIJ63h8SB3TzRIR8zzyegjM9WY,establishment;food;gym;health;lodging;point_of_interest;restaurant;spa,False,CACHED
"Akelarre Relais & Chateaux, San Sebastian",https://www.americanexpress.com/en-us/travel/discover/property/Spain/San-Sebastian/Akelarre-Relais--Chateaux-San-Sebastian?intlink=US-travel-discover-property-results-propertyCard-Akelarre-Relais--Chateaux-San-Sebastian,"San Sebastian, Spain",FINE HOTELS + RESORTS,Relais & Châteaux,Program,43.3074707,-2.0440199,"Padre Orkolaga Ibilbidea, 56, 20008 Donostia / San Sebastián, Gipuzkoa, Spain",google_places,PLACE_DETAILS,ChIJ4bIaMj-xUQ0RdbwuKAnAh48,establishment;lodging;point_of_interest,False,CACHED
The Inn of The Five Graces,https://www.americanexpress.com/en-us/travel/discover/property/New-Mexico-US/Santa-Fe/The-Inn-Of-The-Five-Graces?intlink=US-travel-discover-property-results-propertyCard-The-Inn-Of-The-Five-Graces,"Santa Fe, New Mexico US",FINE HOTELS + RESORTS,Relais & Châteaux,Program,35.6836358,-105.9385253,"150 E De Vargas St, Santa Fe, NM 87501, USA",google_places,PLACE_DETAILS,ChIJETm4OkRQGIcR-_Rd6pvH9co,establishment;lodging;point_of_interest;spa,False,CACHED
Mii amo,https://www.americanexpress.com/en-us/travel/discover/property/Arizona-US/Sedona/Mii-Amo?intlink=US-travel-discover-property-results-propertyCard-Mii-Amo,"Sedona, Arizona US",FINE HOTELS + RESORTS,Relais & Châteaux,Program,34.9136118,-111.8511295,"525 Boynton Canyon Rd, Sedona, AZ 86336, USA",google_places,PLACE_DETAILS,ChIJR5FFzA6gLYcRW4oeV5E6xLA,establishment;health;lodging;point_of_interest;spa,False,CACHED
Calabash Hotel,https://www.americanexpress.com/en-us/travel/discover/property/Grenada/St.-George's/Calabash-Hotel?intlink=US-travel-discover-property-results-propertyCard-Calabash-Hotel,"St. George's, Grenada",FINE HOTELS + RESORTS,Relais & Châteaux,Program,12.0035281,-61.7602902,"L'anse Aux Epines Main Rd, St George's, Grenada",google_places,PLACE_DETAILS,ChIJme2lZe0gOIwRjuzqJki4YTE,establishment;food;lodging;point_of_interest;restaurant;spa,False,CACHED
Meadowood Napa Valley,https://www.americanexpress.com/en-us/travel/discover/property/California-US/St.-Helena/Meadowood-Napa-Valley?intlink=US-travel-discover-property-results-propertyCard-Meadowood-Napa-Valley,"St. Helena, California US",FINE HOTELS + RESORTS,Relais & Châteaux,Program,38.5208852,-122.4636024,"900 Meadowood Ln, St Helena, CA 94574, USA",google_places,PLACE_DETAILS,ChIJNcxd_wxahIARa5OuTiYaI3E,establishment;lodging;point_of_interest;spa,False,CACHED
Maslina Resort,https://www.americanexpress.com/en-us/travel/discover/property/Croatia/Stari-Grad/Maslina-Resort?intlink=US-travel-discover-property-results-propertyCard-Maslina-Resort,"Stari Grad, Croatia",FINE HOTELS + RESORTS,Relais & Châteaux,Program,43.1803118,16.5719371,"Uvala Maslinica 11, 21460, Stari Grad, Croatia",google_places,PLACE_DETAILS,ChIJm210Ozp_ShMRU6Q67A-ZoXo,establishment;lodging;point_of_interest,False,CACHED
Stockholm Stadshotell,https://www.americanexpress.com/en-us/travel/discover/property/Sweden/Stockholm/Stockholm-Stadshotell?intlink=US-travel-discover-property-results-propertyCard-Stockholm-Stadshotell,"Stockholm, Sweden",FINE HOTELS + RESORTS,Relais & Châteaux,Program,59.31518140000001,18.0667222,"Björngårdsgatan 23, 118 52 Stockholm, Sweden",google_places,PLACE_DETAILS,ChIJebY9ZAB3X0YRQaKSwN7fCIo,bar;establishment;food;lodging;point_of_interest;restaurant,False,CACHED
Otahuna Lodge,https://www.americanexpress.com/en-us/travel/discover/property/New-Zealand/Tai-Tapu/Otahuna-Lodge?intlink=US-travel-discover-property-results-propertyCard-Otahuna-Lodge,"Tai Tapu, New Zealand",FINE HOTELS + RESORTS,Relais & Châteaux,Program,-43.6573747,172.5813885,"224 Rhodes Road Tai Tapu, Christchurch 7672, New Zealand",google_places,PLACE_DETAILS,ChIJQaUk-l0iMm0Ru3RsukmOMJM,establishment;lodging;point_of_interest,False,CACHED
Hotel Le Toiny,https://www.americanexpress.com/en-us/travel/discover/property/Saint-Barthelemy/Toiny/Hotel-Le-Toiny?intlink=US-travel-discover-property-results-propertyCard-Hotel-Le-Toiny,"Toiny, Saint Barthelemy",FINE HOTELS + RESORTS,Relais & Châteaux,Program,17.9001639,-62.79757910000001,"Anse de Toiny, Toiny 97133, St Barthélemy",google_places,PLACE_DETAILS,ChIJVyUph9vfDYwRFFTlb_5elnw,establishment;food;gym;health;lodging;point_of_interest;restaurant;spa,False,CACHED
Mas de Torrent Hotel & Spa,https://www.americanexpress.com/en-us/travel/discover/property/Spain/Torrent/Mas-De-Torrent-Hotel--Spa?intlink=US-travel-discover-property-results-propertyCard-Mas-De-Torrent-Hotel--Spa,"Torrent, Spain",FINE HOTELS + RESORTS,Relais & Châteaux,Program,41.954088,3.1248033,"Afueras de Torrent, S/N, 17123 Torrent, Girona, Spain",google_places,PLACE_DETAILS,ChIJtRLVTthVuhIRdssQQ4S1fkA,airport;bar;establishment;food;lodging;point_of_interest;restaurant;spa,False,CACHED
Londra Palace Venezia,https://www.americanexpress.com/en-us/travel/discover/property/Italy/Venice/Londra-Palace-Venezia?intlink=US-travel-discover-property-results-propertyCard-Londra-Palace-Venezia,"Venice, Italy",FINE HOTELS + RESORTS,Relais & Châteaux,Program,45.43407819999999,12.3434448,"Riva degli Schiavoni, 4171, 30122 Venezia VE, Italy",google_places,PLACE_DETAILS,ChIJZ65jCyiufkcRBiVjy44xBUs,establishment;lodging;point_of_interest,False,CACHED
The Amauris Vienna,https://www.americanexpress.com/en-us/travel/discover/property/Austria/Vienna/The-Amauris-Vienna?intlink=US-travel-discover-property-results-propertyCard-The-Amauris-Vienna,"Vienna, Austria",FINE HOTELS + RESORTS,Relais & Châteaux,Program,48.201709,16.3710315,"Kärntner Ring 8, 1010 Wien, Austria",google_places,PLACE_DETAILS,ChIJlU4DHG4HbUcRocvGLzHlLzU,bar;establishment;food;lodging;point_of_interest;restaurant;spa,False,CACHED
The Yeatman,https://www.americanexpress.com/en-us/travel/discover/property/Portugal/Vila-Nova-de-Gaia/The-Yeatman?intlink=US-travel-discover-property-results-propertyCard-The-Yeatman,"Vila Nova de Gaia, Portugal",FINE HOTELS + RESORTS,Relais & Châteaux,Program,41.133346,-8.613011,"Rua do Choupelo, 4400-088 Vila Nova de Gaia, Portugal",google_places,PLACE_DETAILS,ChIJM8ql2NhkJA0RpK5JhEV2Saw,bar;establishment;food;lodging;point_of_interest;restaurant;spa,False,CACHED
Borgo Pignano Volterra Tuscany,https://www.americanexpress.com/en-us/travel/discover/property/Italy/Volterra/Borgo-Pignano-Volterra-Tuscany?intlink=US-travel-discover-property-results-propertyCard-Borgo-Pignano-Volterra-Tuscany,"Volterra, Italy",FINE HOTELS + RESORTS,Relais & Châteaux,Program,43.4156328,10.963839,"Localita' Pignano, 6, 56048 Volterra PI, Italy",google_places,PLACE_DETAILS,ChIJh1Z65h0YKhMRC0TaGk3eqBs,art_gallery;establishment;lodging;point_of_interest;spa,False,CACHED
"Hotel Wailea, Relais & Chateaux",https://www.americanexpress.com/en-us/travel/discover/property/Hawaii-US/Wailea/Hotel-Wailea-Relais--Chateaux?intlink=US-travel-discover-property-results-propertyCard-Hotel-Wailea-Relais--Chateaux,"Wailea, Hawaii US",FINE HOTELS + RESORTS,Relais & Châteaux,Program,20.6760676,-156.4317525,"555 Kaukahi St, Wailea, HI 96753, USA",google_places,PLACE_DETAILS,ChIJB22uNSrbVHkRM0RUeubJvPM,establishment;lodging;point_of_interest,False,CACHED
Weissenhaus Private Nature Luxury Resort,https://www.americanexpress.com/en-us/travel/discover/property/Germany/Weissenhaus/Weissenhaus-Private-Nature-Luxury-Resort?intlink=US-travel-discover-property-results-propertyCard-Weissenhaus-Private-Nature-Luxury-Resort,"Weissenhaus, Germany",FINE HOTELS + RESORTS,Relais & Châteaux,Program,54.3024664,10.766081,"Parkallee 1, 23758 Wangels, Germany",google_places,PLACE_DETAILS,ChIJg1DvKAZ9skcR-0jAokOv_24,establishment;lodging;point_of_interest;spa,False,CACHED
Chateau de La Chevre d'Or,https://www.americanexpress.com/en-us/travel/discover/property/France/Èze/Chateau-De-La-Chevre-Dor?intlink=US-travel-discover-property-results-propertyCard-Chateau-De-La-Chevre-Dor,"Èze, France",FINE HOTELS + RESORTS,Relais & Châteaux,Program,43.727315,7.361860999999998,"Rue du Barri, 06360 Èze, France",google_places,PLACE_DETAILS,ChIJkzb602fDzRIRnT5iz2d2u4w,establishment;lodging;point_of_interest,False,CACHED
"Dorado Beach, a Ritz-Carlton Reserve",https://www.americanexpress.com/en-us/travel/discover/property/Puerto-Rico/Dorado/Dorado-Beach-a-Ritz-carlton-Reserve?intlink=US-travel-discover-property-results-propertyCard-Dorado-Beach-a-Ritz-carlton-Reserve,"Dorado, Puerto Rico",FINE HOTELS + RESORTS,Ritz-Carlton Reserve,Program,18.4753725,-66.3004613,"100, 2000 Dorado Bch Dr, Dorado, 00646, Puerto Rico",google_places,PLACE_DETAILS,ChIJN20LDJoUA4wRkAKMm_EUmh4,establishment;lodging;point_of_interest,False,CACHED
"Residences at Dorado Beach, a Ritz-Carlton Reserve",https://www.americanexpress.com/en-us/travel/discover/property/Puerto-Rico/Dorado/Residences-At-Dorado-Beach-a-Ritz-carlton-Reserve?intlink=US-travel-discover-property-results-propertyCard-Residences-At-Dorado-Beach-a-Ritz-carlton-Reserve,"Dorado, Puerto Rico",FINE HOTELS + RESORTS,Ritz-Carlton Reserve,Program,18.4753725,-66.3004613,"100, 2000 Dorado Bch Dr, Dorado, 00646, Puerto Rico",google_places,PLACE_DETAILS,ChIJ8y1yv4kTA4wRe-yMCvsP43U,establishment;lodging;point_of_interest,False,CACHED
"Phulay Bay, a Ritz-Carlton Reserve",https://www.americanexpress.com/en-us/travel/discover/property/Thailand/Krabi/Phulay-Bay-a-Ritz-carlton-Reserve?intlink=US-travel-discover-property-results-propertyCard-Phulay-Bay-a-Ritz-carlton-Reserve,"Krabi, Thailand",FINE HOTELS + RESORTS,Ritz-Carlton Reserve,Program,8.0848737,98.7457033,"111 Moo 3 Nongthalay, Muang Tambon Nong Thale, Amphoe Mueang Krabi, Chang Wat Krabi 81180, Thailand",google_places,PLACE_DETAILS,ChIJCepuLpmUUTAReUMJ9nn0gDA,establishment;lodging;point_of_interest,False,CACHED
"Siari, a Ritz-Carlton Reserve",https://www.americanexpress.com/en-us/travel/discover/property/Nayarit-MX/La-Peñita-de-Jaltemba/Siari-a-Ritz-carlton-Reserve?intlink=US-travel-discover-property-results-propertyCard-Siari-a-Ritz-carlton-Reserve,"La Peñita de Jaltemba, Nayarit MX",FINE HOTELS + RESORTS,Ritz-Carlton Reserve,Program,21.0940325,-105.2218514,"Carretera Federal 200, Tepic - Puerto Vallarta Km.88 300, Col., Las Cabras, 63720 La Peñita de Jaltemba, Nay., Mexico",google_places,PLACE_DETAILS,ChIJuQ6oAQcpJ4QRaMr9fwg27P4,establishment;lodging;point_of_interest,False,CACHED
"Nekajui, a Ritz-Carlton Reserve",https://www.americanexpress.com/en-us/travel/discover/property/Costa-Rica/Liberia/Nekajui-a-Ritz-carlton-Reserve?intlink=US-travel-discover-property-results-propertyCard-Nekajui-a-Ritz-carlton-Reserve,"Liberia, Costa Rica",FINE HOTELS + RESORTS,Ritz-Carlton Reserve,Program,10.6300931,-85.6833293,"End of the 253 National Route, Peninsula Papagayo, Provincia de Guanacaste, Liberia, 50104, Costa Rica",google_places,PLACE_DETAILS,ChIJjeAjxX6BdY8RqQfkMepr4Go,establishment;lodging;point_of_interest,False,CACHED
"The Higashiyama Niseko Village, a Ritz Carlton Reserve",https://www.americanexpress.com/en-us/travel/discover/property/Japan/Niseko/The-Higashiyama-Niseko-Village-a-Ritz-Carlton-Reserve?intlink=US-travel-discover-property-results-propertyCard-The-Higashiyama-Niseko-Village-a-Ritz-Carlton-Reserve,"Niseko, Japan",FINE HOTELS + RESORTS,Ritz-Carlton Reserve,Program,42.8433487,140.6822882,"919-28 Soga, Niseko, Abuta District, Hokkaido 048-1522, Japan",google_places,PLACE_DETAILS,ChIJyXmVQU6vCl8R4FJlsSy_6jY,establishment;lodging;point_of_interest,False,CACHED
"Zadun, a Ritz-Carlton Reserve Residences, Los Cabos",https://www.americanexpress.com/en-us/travel/discover/property/Baja-California-Sur-MX/San-Jose-del-Cabo/Zadun-a-Ritz-carlton-Reserve-Residences-Los-Cabos?intlink=US-travel-discover-property-results-propertyCard-Zadun-a-Ritz-carlton-Reserve-Residences-Los-Cabos,"San Jose del Cabo, Baja California Sur MX",FINE HOTELS + RESORTS,Ritz-Carlton Reserve,Program,23.0693949,-109.64768,"Blvd. Mar de Cortez, 23403 San José del Cabo, B.C.S., Mexico",google_places,PLACE_DETAILS,ChIJn_UrXThXr4YRyozWfYkmbuo,establishment;lodging;point_of_interest,False,CACHED
"Zadun, a Ritz-Carlton Reserve, Los Cabos",https://www.americanexpress.com/en-us/travel/discover/property/Baja-California-Sur-MX/San-Jose-del-Cabo/Zadun-a-Ritz-carlton-Reserve-Los-Cabos?intlink=US-travel-discover-property-results-propertyCard-Zadun-a-Ritz-carlton-Reserve-Los-Cabos,"San Jose del Cabo, Baja California Sur MX",FINE HOTELS + RESORTS,Ritz-Carlton Reserve,Program,23.0693949,-109.64768,"Blvd. Mar de Cortez, 23403 San José del Cabo, B.C.S., Mexico",google_places,PLACE_DETAILS,ChIJn_UrXThXr4YRyozWfYkmbuo,establishment;lodging;point_of_interest,False,CACHED
"Mandapa, a Ritz-Carlton Reserve",https://www.americanexpress.com/en-us/travel/discover/property/Indonesia/Ubud/Mandapa-a-Ritz-carlton-Reserve?intlink=US-travel-discover-property-results-propertyCard-Mandapa-a-Ritz-carlton-Reserve,"Ubud, Indonesia",FINE HOTELS + RESORTS,Ritz-Carlton Reserve,Program,-8.4856961,115.2440913,"Jl. Raya Kedewatan, Kedewatan, Kecamatan Ubud, Kabupaten Gianyar, Bali 80571, Indonesia",google_places,PLACE_DETAILS,ChIJI_3sXcMi0i0RLXYUYYo7eT4,establishment;lodging;point_of_interest,False,CACHED
"Hotel Amigo, a Rocco Forte hotel",https://www.americanexpress.com/en-us/travel/discover/property/Belgium/Brussels/Hotel-Amigo-a-Rocco-Forte-Hotel?intlink=US-travel-discover-property-results-propertyCard-Hotel-Amigo-a-Rocco-Forte-Hotel,"Brussels, Belgium",FINE HOTELS + RESORTS,Rocco Forte Hotels,Program,50.84614140000001,4.351395399999999,"Rue de l'Amigo 1, 1000 Bruxelles, Belgium",google_places,PLACE_DETAILS,ChIJMRLWzXjEw0cRMdSqrABkTwY,establishment;lodging;point_of_interest,False,CACHED
"The Balmoral, a Rocco Forte hotel",https://www.americanexpress.com/en-us/travel/discover/property/Scotland/Edinburgh/The-Balmoral-a-Rocco-Forte-Hotel?intlink=US-travel-discover-property-results-propertyCard-The-Balmoral-a-Rocco-Forte-Hotel,"Edinburgh, Scotland",FINE HOTELS + RESORTS,Rocco Forte Hotels,Program,55.9530355,-3.1895371,"1 Princes St., Edinburgh EH2 2EQ, UK",google_places,PLACE_DETAILS,ChIJmb1xW1bHh0gRly0dQOWmKBI,establishment;lodging;point_of_interest,False,CACHED
"Hotel Savoy, a Rocco Forte hotel",https://www.americanexpress.com/en-us/travel/discover/property/Italy/Florence/Hotel-Savoy-a-Rocco-Forte-Hotel?intlink=US-travel-discover-property-results-propertyCard-Hotel-Savoy-a-Rocco-Forte-Hotel,"Florence, Italy",FINE HOTELS + RESORTS,Rocco Forte Hotels,Program,43.7718785,11.2545574,"Piazza della Repubblica, 7, 50123 Firenze FI, Italy",google_places,PLACE_DETAILS,ChIJ6zkxlgFUKhMRMRvVAockH0A,establishment;lodging;point_of_interest,False,CACHED
"Brown's Hotel, a Rocco Forte hotel",https://www.americanexpress.com/en-us/travel/discover/property/England/London/Browns-Hotel-a-Rocco-Forte-Hotel?intlink=US-travel-discover-property-results-propertyCard-Browns-Hotel-a-Rocco-Forte-Hotel,"London, England",FINE HOTELS + RESORTS,Rocco Forte Hotels,Program,51.509131,-0.1421129,"33 Albemarle St, London W1S 4BP, UK",google_places,PLACE_DETAILS,ChIJP4LZ8ikFdkgRUmF0m4CmccM,establishment;lodging;point_of_interest,False,CACHED
"The Charles Hotel, a Rocco Forte hotel",https://www.americanexpress.com/en-us/travel/discover/property/Germany/Munich/The-Charles-Hotel-a-Rocco-Forte-Hotel?intlink=US-travel-discover-property-results-propertyCard-The-Charles-Hotel-a-Rocco-Forte-Hotel,"Munich, Germany",FINE HOTELS + RESORTS,Rocco Forte Hotels,Program,48.1427505,11.5624963,"Sophienstraße 28, 80333 München, Germany",google_places,PLACE_DETAILS,ChIJEfzlQ_p1nkcRGfkuLu6HdxI,establishment;lodging;point_of_interest,False,CACHED
"Villa Igiea, a Rocco Forte Hotel",https://www.americanexpress.com/en-us/travel/discover/property/Italy/Palermo/Villa-Igiea-a-Rocco-Forte-Hotel?intlink=US-travel-discover-property-results-propertyCard-Villa-Igiea-a-Rocco-Forte-Hotel,"Palermo, Italy",FINE HOTELS + RESORTS,Rocco Forte Hotels,Program,38.1447009,13.3694914,"Salita Belmonte, 43, 90142 Palermo PA, Italy",google_places,PLACE_DETAILS,ChIJP8oZngXmGRMRbm5p2U-8e3g,establishment;food;lodging;point_of_interest;restaurant,False,CACHED
"Hotel de la Ville, a Rocco Forte hotel",https://www.americanexpress.com/en-us/travel/discover/property/Italy/Rome/Hotel-De-La-Ville-a-Rocco-Forte-Hotel?intlink=US-travel-discover-property-results-propertyCard-Hotel-De-La-Ville-a-Rocco-Forte-Hotel,"Rome, Italy",FINE HOTELS + RESORTS,Rocco Forte Hotels,Program,41.9057524,12.484302,"Via Sistina, 69, 00187 Roma RM, Italy",google_places,PLACE_DETAILS,ChIJMy0ExeJhLxMRwrLh77cih8c,establishment;food;lodging;point_of_interest;restaurant;spa,False,CACHED
"Hotel de Russie, a Rocco Forte hotel",https://www.americanexpress.com/en-us/travel/discover/property/Italy/Rome/Hotel-De-Russie-a-Rocco-Forte-Hotel?intlink=US-travel-discover-property-results-propertyCard-Hotel-De-Russie-a-Rocco-Forte-Hotel,"Rome, Italy",FINE HOTELS + RESORTS,Rocco Forte Hotels,Program,41.9099435,12.4774581,"Via del Babuino, 9, 00187 Roma RM, Italy",google_places,PLACE_DETAILS,ChIJ2Ti8x_hgLxMRXimOeq7uheo,establishment;food;lodging;point_of_interest;restaurant;spa,False,CACHED
"Masseria Torre Maizza, a Rocco Forte hotel",https://www.americanexpress.com/en-us/travel/discover/property/Italy/Savelletri/Masseria-Torre-Maizza-a-Rocco-Forte-Hotel?intlink=US-travel-discover-property-results-propertyCard-Masseria-Torre-Maizza-a-Rocco-Forte-Hotel,"Savelletri, Italy",FINE HOTELS + RESORTS,Rocco Forte Hotels,Program,40.8589668,17.3872604,"s.n Savelletri di fasano, Contrada Coccaro, 72015 Fasano BR, Italy",google_places,PLACE_DETAILS,ChIJvSD4__-vRxMRXKV0D0xMQYM,establishment;food;lodging;point_of_interest;restaurant,False,CACHED
Rocco Forte Private Villas,https://www.americanexpress.com/en-us/travel/discover/property/Italy/Sciacca/Rocco-Forte-Private-Villas?intlink=US-travel-discover-property-results-propertyCard-Rocco-Forte-Private-Villas,"Sciacca, Italy",FINE HOTELS + RESORTS,Rocco Forte Hotels,Program,37.4822341,13.1919045,"S.S. 115 Km 131, 92019 Sciacca AG, Italy",google_places,PLACE_DETAILS,ChIJ-YKuy0FpGhMR8ILYos4nf5c,establishment;lodging;point_of_interest,False,CACHED
"Verdura Resort, a Rocco Forte hotel",https://www.americanexpress.com/en-us/travel/discover/property/Italy/Sciacca/Verdura-Resort-a-Rocco-Forte-Hotel?intlink=US-travel-discover-property-results-propertyCard-Verdura-Resort-a-Rocco-Forte-Hotel,"Sciacca, Italy",FINE HOTELS + RESORTS,Rocco Forte Hotels,Program,37.4693116,13.1971863,"S.S. 115, Km 131, 92019 Sciacca AG, Italy",google_places,PLACE_DETAILS,ChIJf45dtExBGhMRMxmqYHPXD0g,establishment;food;lodging;point_of_interest;restaurant;spa;store,False,CACHED
Rosewood Abu Dhabi,https://www.americanexpress.com/en-us/travel/discover/property/United-Arab-Emirates/Abu-Dhabi/Rosewood-Abu-Dhabi?intlink=US-travel-discover-property-results-propertyCard-Rosewood-Abu-Dhabi,"Abu Dhabi, United Arab Emirates",FINE HOTELS + RESORTS,Rosewood Hotels & Resorts,Program,24.4997739,54.3878651,Zayed the First Street - Al Maryah Island - MI1 - Abu Dhabi - United Arab Emirates,google_places,PLACE_DETAILS,ChIJ21OyfVRmXj4RVMDJkavATHQ,bar;establishment;food;gym;health;lodging;point_of_interest;restaurant;spa,False,CACHED
Rosewood Amsterdam,https://www.americanexpress.com/en-us/travel/discover/property/Netherlands/Amsterdam/Rosewood-Amsterdam?intlink=US-travel-discover-property-results-propertyCard-Rosewood-Amsterdam,"Amsterdam, Netherlands",FINE HOTELS + RESORTS,Rosewood Hotels & Resorts,Program,52.3654349,4.8833664,"Prinsengracht 432 – 436, 1017 KE Amsterdam, Netherlands",google_places,PLACE_DETAILS,ChIJhU3x7TwJxkcRf_kZrSSNEtI,establishment;lodging;point_of_interest,False,CACHED
Rosewood Bangkok,https://www.americanexpress.com/en-us/travel/discover/property/Thailand/Bangkok/Rosewood-Bangkok?intlink=US-travel-discover-property-results-propertyCard-Rosewood-Bangkok,"Bangkok, Thailand",FINE HOTELS + RESORTS,Rosewood Hotels & Resorts,Program,13.7433455,100.5489627,"1041/38 Thanon Phloen Chit, Khwaeng Lumphini, Pathum Wan, Krung Thep Maha Nakhon 10330, Thailand",google_places,PLACE_DETAILS,ChIJJUys49ye4jAR-TlV_Qsxx3Y,establishment;food;lodging;point_of_interest;restaurant,False,CACHED
Rosewood Beijing,https://www.americanexpress.com/en-us/travel/discover/property/China/Beijing/Rosewood-Beijing?intlink=US-travel-discover-property-results-propertyCard-Rosewood-Beijing,"Beijing, China",FINE HOTELS + RESORTS,Rosewood Hotels & Resorts,Program,39.9203352,116.4607054,"China, Bei Jing Shi, Chao Yang Qu, Chao Yang Men Wai Da Jie, 1号京广中心 邮政编码: 100020",google_places,PLACE_DETAILS,ChIJVz31ffms8TURDSuZCxDT8KY,establishment;lodging;point_of_interest,False,CACHED
Rosewood Courchevel Le Jardin Alpin,https://www.americanexpress.com/en-us/travel/discover/property/France/Courchevel/Rosewood-Courchevel-Le-Jardin-Alpin?intlink=US-travel-discover-property-results-propertyCard-Rosewood-Courchevel-Le-Jardin-Alpin,"Courchevel, France",FINE HOTELS + RESORTS,Rosewood Hotels & Resorts,Program,45.4105728,6.6346515,"Rue du Jardin Alpin, 73120 Courchevel, France",google_places,PLACE_DETAILS,ChIJHaXQ0qt4iUcRcH63hsrnjIA,establishment;lodging;point_of_interest,False,CACHED
"Rosewood Mansion on Turtle Creek, Dallas",https://www.americanexpress.com/en-us/travel/discover/property/Texas-US/Dallas/Rosewood-Mansion-On-Turtle-Creek-Dallas?intlink=US-travel-discover-property-results-propertyCard-Rosewood-Mansion-On-Turtle-Creek-Dallas,"Dallas, Texas US",FINE HOTELS + RESORTS,Rosewood Hotels & Resorts,Program,32.8042036,-96.80744759999999,"2821 Turtle Creek Blvd, Dallas, TX 75219, USA",google_places,PLACE_DETAILS,ChIJE4ottMyeToYRXNX8EpUbhtY,bar;establishment;food;lodging;point_of_interest;restaurant,False,CACHED
Rosewood Doha,https://www.americanexpress.com/en-us/travel/discover/property/Qatar/Doha/Rosewood-Doha?intlink=US-travel-discover-property-results-propertyCard-Rosewood-Doha,"Doha, Qatar",FINE HOTELS + RESORTS,Rosewood Hotels & Resorts,Program,25.3830792,51.5323733,"First Street 69, Lusail, Qatar",google_places,PLACE_DETAILS,ChIJrZpXOBjDRT4RYCjeTtBe2Z4,establishment;lodging;point_of_interest,False,CACHED
Rosewood Mandarina,https://www.americanexpress.com/en-us/travel/discover/property/Nayarit-MX/El-Monteón/Rosewood-Mandarina?intlink=US-travel-discover-property-results-propertyCard-Rosewood-Mandarina,"El Monteón, Nayarit MX",FINE HOTELS + RESORTS,Rosewood Hotels & Resorts,Program,20.9940311,-105.3260386,"Tepic - Puerto Vallarta, 63724 Monteón, Nay., Mexico",google_places,PLACE_DETAILS,ChIJIVc-DSMjIYQRTvOVrwFjb40,establishment;lodging;point_of_interest,False,CACHED
Rosewood Le Guanahani St. Barth,https://www.americanexpress.com/en-us/travel/discover/property/Saint-Barthelemy/Grand-Cul-de-Sac/Rosewood-Le-Guanahani-St-Barth?intlink=US-travel-discover-property-results-propertyCard-Rosewood-Le-Guanahani-St-Barth,"Grand Cul-de-Sac, Saint Barthelemy",FINE HOTELS + RESORTS,Rosewood Hotels & Resorts,Program,17.9123155,-62.8037432,"D209, 97133, St Barthélemy",google_places,PLACE_DETAILS,ChIJh2i0kurfDYwRzK4HSdds2lU,clothing_store;establishment;food;lodging;point_of_interest;restaurant;spa;store,False,CACHED
Rosewood Guangzhou,https://www.americanexpress.com/en-us/travel/discover/property/China/Guangzhou/Rosewood-Guangzhou?intlink=US-travel-discover-property-results-propertyCard-Rosewood-Guangzhou,"Guangzhou, China",FINE HOTELS + RESORTS,Rosewood Hotels & Resorts,Program,23.1173761,113.3260492,"6 Zhu Jiang Dong Lu, Tian He Qu, Guang Zhou Shi, Guang Dong Sheng, China, 510655",google_places,PLACE_DETAILS,ChIJfUmvLJD_AjQR1nBc9PV8qOM,establishment;lodging;point_of_interest,False,CACHED
Rosewood Cape Kidnappers,https://www.americanexpress.com/en-us/travel/discover/property/New-Zealand/Hawke's-Bay/Rosewood-Cape-Kidnappers?intlink=US-travel-discover-property-results-propertyCard-Rosewood-Cape-Kidnappers,"Hawke's Bay, New Zealand",FINE HOTELS + RESORTS,Rosewood Hotels & Resorts,Program,-39.667504,177.0326385,"446 Clifton Road, Te Awanga 4180, New Zealand",google_places,PLACE_DETAILS,ChIJn8fJM242aG0R46y3hO3dqk0,establishment;lodging;point_of_interest,False,CACHED
Rosewood Schloss Fuschl,https://www.americanexpress.com/en-us/travel/discover/property/Austria/Hof-bei-Salzburg/Rosewood-Schloss-Fuschl?intlink=US-travel-discover-property-results-propertyCard-Rosewood-Schloss-Fuschl,"Hof bei Salzburg, Austria",FINE HOTELS + RESORTS,Rosewood Hotels & Resorts,Program,47.808966,13.2557388,"Schloss-Straße 19, 5322 Hof bei Salzburg, Austria",google_places,PLACE_DETAILS,ChIJYxvrdmujdkcRHpc6UFfb-kA,bar;establishment;food;lodging;point_of_interest;restaurant;spa,False,CACHED
Rosewood Hong Kong,https://www.americanexpress.com/en-us/travel/discover/property/China/Hong-Kong/Rosewood-Hong-Kong?intlink=US-travel-discover-property-results-propertyCard-Rosewood-Hong-Kong,"Hong Kong, China",FINE HOTELS + RESORTS,Rosewood Hotels & Resorts,Program,22.2949764,114.175832,"18 Salisbury Rd, Tsim Sha Tsui, Hong Kong",google_places,PLACE_DETAILS,ChIJ4cj9uvEABDQRn5SxnnZaBi0,establishment;lodging;point_of_interest;store,False,CACHED
Rosewood Jeddah,https://www.americanexpress.com/en-us/travel/discover/property/Saudi-Arabia/Jeddah/Rosewood-Jeddah?intlink=US-travel-discover-property-results-propertyCard-Rosewood-Jeddah,"Jeddah, Saudi Arabia",FINE HOTELS + RESORTS,Rosewood Hotels & Resorts,Program,21.5765523,39.1101416,"Corniche Street, Al Shatie District، H4G6+J3C, Al Kurnaysh Br Rd, Ash Shati, Jeddah 23415, Saudi Arabia",google_places,PLACE_DETAILS,ChIJBZHDYGTQwxURxUdQeWrRPzo,establishment;gym;health;lodging;point_of_interest,False,CACHED
"Kona Village, A Rosewood Resort",https://www.americanexpress.com/en-us/travel/discover/property/Hawaii-US/Kailua-Kona/Kona-Village-A-Rosewood-Resort?intlink=US-travel-discover-property-results-propertyCard-Kona-Village-A-Rosewood-Resort,"Kailua-Kona, Hawaii US",FINE HOTELS + RESORTS,Rosewood Hotels & Resorts,Program,19.8322273,-155.9853489,"72-300 Maheawalu Drive, Kailua-Kona, HI 96740, USA",google_places,PLACE_DETAILS,ChIJkX_RbbhzVHkREQfXfDM9tnA,establishment;lodging;point_of_interest,False,CACHED
Rosewood London,https://www.americanexpress.com/en-us/travel/discover/property/England/London/Rosewood-London?intlink=US-travel-discover-property-results-propertyCard-Rosewood-London,"London, England",FINE HOTELS + RESORTS,Rosewood Hotels & Resorts,Program,51.5175719,-0.1178382,"252 High Holborn, London WC1V 7EN, UK",google_places,PLACE_DETAILS,ChIJi-8-gTUbdkgRvgRcAHEwuyc,bar;establishment;food;gym;health;lodging;point_of_interest;restaurant;spa,False,CACHED
The Chancery Rosewood,https://www.americanexpress.com/en-us/travel/discover/property/England/London/The-Chancery-Rosewood?intlink=US-travel-discover-property-results-propertyCard-The-Chancery-Rosewood,"London, England",FINE HOTELS + RESORTS,Rosewood Hotels & Resorts,Program,51.5111989,-0.1531802,"30 Grosvenor Sq, London W1K 9AN, UK",google_places,PLACE_DETAILS,ChIJ6ZAqCgAFdkgR_5y73iY-5QA,establishment;food;lodging;point_of_interest;restaurant;spa,False,CACHED
Rosewood Luang Prabang,https://www.americanexpress.com/en-us/travel/discover/property/Laos/Luang-Prabang/Rosewood-Luang-Prabang?intlink=US-travel-discover-property-results-propertyCard-Rosewood-Luang-Prabang,"Luang Prabang, Laos",FINE HOTELS + RESORTS,Rosewood Hotels & Resorts,Program,19.8565576,102.1137354,"Nauea Village, Luang Prabang 06000, Laos",google_places,PLACE_DETAILS,ChIJ88VHaQYrLzERp7NM330J2pg,establishment;lodging;point_of_interest,False,CACHED
Rosewood Villa Magna,https://www.americanexpress.com/en-us/travel/discover/property/Spain/Madrid/Rosewood-Villa-Magna?intlink=US-travel-discover-property-results-propertyCard-Rosewood-Villa-Magna,"Madrid, Spain",FINE HOTELS + RESORTS,Rosewood Hotels & Resorts,Program,40.4299515,-3.688152499999999,"P.º de la Castellana, 22, Salamanca, 28046 Madrid, Spain",google_places,PLACE_DETAILS,ChIJv2lEjJMoQg0RK7Lwq40XKPs,establishment;food;gym;health;lodging;point_of_interest;restaurant;spa,False,CACHED
Rosewood Kauri Cliffs,https://www.americanexpress.com/en-us/travel/discover/property/New-Zealand/Matauri-Bay/Rosewood-Kauri-Cliffs?intlink=US-travel-discover-property-results-propertyCard-Rosewood-Kauri-Cliffs,"Matauri Bay, New Zealand",FINE HOTELS + RESORTS,Rosewood Hotels & Resorts,Program,-35.07662510000001,173.9224521,"139 Tepene Tablelands Road, Matauri Bay 0478, New Zealand",google_places,PLACE_DETAILS,ChIJ9xq6kuy3C20Rbebk9_9jCHk,establishment;lodging;point_of_interest,False,CACHED
Rosewood Sand Hill,https://www.americanexpress.com/en-us/travel/discover/property/California-US/Menlo-Park/Rosewood-Sand-Hill?intlink=US-travel-discover-property-results-propertyCard-Rosewood-Sand-Hill,"Menlo Park, California US",FINE HOTELS + RESORTS,Rosewood Hotels & Resorts,Program,37.4195178,-122.2122862,"2825 Sand Hill Rd, Menlo Park, CA 94025, USA",google_places,PLACE_DETAILS,ChIJiUNAfPukj4ARkQSP3H1etD4,establishment;food;lodging;point_of_interest;restaurant;spa,False,CACHED
Rosewood Miyakojima,https://www.americanexpress.com/en-us/travel/discover/property/Japan/Miyakojima/Rosewood-Miyakojima?intlink=US-travel-discover-property-results-propertyCard-Rosewood-Miyakojima,"Miyakojima, Japan",FINE HOTELS + RESORTS,Rosewood Hotels & Resorts,Program,24.8416465,125.2875678,"Nikadori-1068-1 Hirara, Miyakojima, Okinawa 906-0008, Japan",google_places,PLACE_DETAILS,ChIJ4abj8IZT9DQRf4AHZwLbEFo,bar;establishment;food;gym;health;lodging;point_of_interest;restaurant;spa,False,CACHED
"Castiglion del Bosco, A Rosewood Hotel",https://www.americanexpress.com/en-us/travel/discover/property/Italy/Montalcino/Castiglion-Del-Bosco-A-Rosewood-Hotel?intlink=US-travel-discover-property-results-propertyCard-Castiglion-Del-Bosco-A-Rosewood-Hotel,"Montalcino, Italy",FINE HOTELS + RESORTS,Rosewood Hotels & Resorts,Program,43.0839873,11.4222631,"SP103, 53024 Castiglion del Bosco SI, Italy",google_places,PLACE_DETAILS,ChIJi-QTUe15KRMRL-ZzRTvxbkA,establishment;lodging;point_of_interest,False,CACHED
Rosewood Miramar Beach,https://www.americanexpress.com/en-us/travel/discover/property/California-US/Montecito/Rosewood-Miramar-Beach?intlink=US-travel-discover-property-results-propertyCard-Rosewood-Miramar-Beach,"Montecito, California US",FINE HOTELS + RESORTS,Rosewood Hotels & Resorts,Program,34.4206362,-119.6285829,"1759 S Jameson Ln, Montecito, CA 93108, USA",google_places,PLACE_DETAILS,ChIJcxJMdD4S6YARa4FeZG2BUsk,establishment;lodging;point_of_interest,False,CACHED
Rosewood Munich,https://www.americanexpress.com/en-us/travel/discover/property/Germany/Munich/Rosewood-Munich?intlink=US-travel-discover-property-results-propertyCard-Rosewood-Munich,"Munich, Germany",FINE HOTELS + RESORTS,Rosewood Hotels & Resorts,Program,48.1410905,11.5747051,"Kardinal-Faulhaber-Straße 1, 80333 München, Germany",google_places,PLACE_DETAILS,ChIJgQx29H11nkcRgS02tiLbLhA,bar;establishment;food;health;lodging;point_of_interest;restaurant,False,CACHED
Rosewood Baha Mar,https://www.americanexpress.com/en-us/travel/discover/property/The-Bahamas/Nassau/Rosewood-Baha-Mar?intlink=US-travel-discover-property-results-propertyCard-Rosewood-Baha-Mar,"Nassau, The Bahamas",FINE HOTELS + RESORTS,Rosewood Hotels & Resorts,Program,25.0701864,-77.39558319999999,"One, One Baha Mar Blvd, Nassau, The Bahamas",google_places,PLACE_DETAILS,ChIJO8cPOCJjL4kRHAWou9ZAoTI,establishment;lodging;point_of_interest,False,CACHED
"The Carlyle, A Rosewood Hotel",https://www.americanexpress.com/en-us/travel/discover/property/New-York-US/New-York/The-Carlyle-A-Rosewood-Hotel?intlink=US-travel-discover-property-results-propertyCard-The-Carlyle-A-Rosewood-Hotel,"New York, New York US",FINE HOTELS + RESORTS,Rosewood Hotels & Resorts,Program,40.774416,-73.96315589999999,"35 E 76th St, New York, NY 10021, USA",google_places,PLACE_DETAILS,ChIJEQ6D9pRYwokR5TXzH7ACo7I,establishment;lodging;point_of_interest,False,CACHED
"Hotel de Crillon, A Rosewood Hotel",https://www.americanexpress.com/en-us/travel/discover/property/France/Paris/Hotel-De-Crillon-A-Rosewood-Hotel?intlink=US-travel-discover-property-results-propertyCard-Hotel-De-Crillon-A-Rosewood-Hotel,"Paris, France",FINE HOTELS + RESORTS,Rosewood Hotels & Resorts,Program,48.8672703,2.3210916,"10 Pl. de la Concorde, 75008 Paris, France",google_places,PLACE_DETAILS,ChIJC_jkvdJv5kcRqjbmf7Zql3s,bar;establishment;food;lodging;meal_takeaway;point_of_interest;restaurant;spa,False,CACHED
Rosewood Phnom Penh,https://www.americanexpress.com/en-us/travel/discover/property/Cambodia/Phnom-Penh/Rosewood-Phnom-Penh?intlink=US-travel-discover-property-results-propertyCard-Rosewood-Phnom-Penh,"Phnom Penh, Cambodia",FINE HOTELS + RESORTS,Rosewood Hotels & Resorts,Program,11.5735371,104.9193122,"Monivong Boulevard, Vattanac Capital Tower, 66, Phnom Penh 12021, Cambodia",google_places,PLACE_DETAILS,ChIJ5TIJZ0NRCTERuEOUkzBlfsE,establishment;lodging;point_of_interest,False,CACHED
Rosewood Phuket,https://www.americanexpress.com/en-us/travel/discover/property/Thailand/Phuket/Rosewood-Phuket?intlink=US-travel-discover-property-results-propertyCard-Rosewood-Phuket,"Phuket, Thailand",FINE HOTELS + RESORTS,Rosewood Hotels & Resorts,Program,7.884639,98.275194,"30-33, 88/28, 88 ถ. หมื่นเงิน ตำบลป่าตอง อำเภอกะทู้ ภูเก็ต 83150, Thailand",google_places,PLACE_DETAILS,ChIJQXXDxNA6UDARp8uL02EzW10,bar;establishment;health;lodging;point_of_interest;spa,False,CACHED
Rosewood Mayakoba,https://www.americanexpress.com/en-us/travel/discover/property/Quintana-Roo-MX/Playa-del-Carmen/Rosewood-Mayakoba?intlink=US-travel-discover-property-results-propertyCard-Rosewood-Mayakoba,"Playa del Carmen, Quintana Roo MX",FINE HOTELS + RESORTS,Rosewood Hotels & Resorts,Program,20.6879277,-87.0201301,"Ctra. Federal Cancún-Playa del Carmen Km 298, 77710 Playa del Carmen, Q.R., Mexico",google_places,PLACE_DETAILS,ChIJq6qq2oFnTo8R9K9YLrZaX_8,establishment;lodging;point_of_interest,False,CACHED
Rosewood Matakauri,https://www.americanexpress.com/en-us/travel/discover/property/New-Zealand/Queenstown/Rosewood-Matakauri?intlink=US-travel-discover-property-results-propertyCard-Rosewood-Matakauri,"Queenstown, New Zealand",FINE HOTELS + RESORTS,Rosewood Hotels & Resorts,Program,-45.059389,168.5873144,"569 Glenorchy-Queenstown Road, Closeburn 9371, New Zealand",google_places,PLACE_DETAILS,ChIJAXBbBi_91KkRe6uWZ-JOC0U,establishment;lodging;point_of_interest,False,CACHED
"Las Ventanas al Paraiso, A Rosewood Resort",https://www.americanexpress.com/en-us/travel/discover/property/Baja-California-Sur-MX/San-Jose-del-Cabo/Las-Ventanas-Al-Paraiso-A-Rosewood-Resort?intlink=US-travel-discover-property-results-propertyCard-Las-Ventanas-Al-Paraiso-A-Rosewood-Resort,"San Jose del Cabo, Baja California Sur MX",FINE HOTELS + RESORTS,Rosewood Hotels & Resorts,Program,22.9788095,-109.7698828,"Carretera Transpeninsular Highway Km. 19.5 Cabo Real, Tourist Corridor, 23400 San José del Cabo, B.C.S., Mexico",google_places,PLACE_DETAILS,ChIJB2OaS2Jar4YRBfY2bc9HeNI,establishment;lodging;point_of_interest;spa,False,CACHED
Rosewood San Miguel de Allende,https://www.americanexpress.com/en-us/travel/discover/property/Guanajuato-MX/San-Miguel-de-Allende/Rosewood-San-Miguel-De-Allende?intlink=US-travel-discover-property-results-propertyCard-Rosewood-San-Miguel-De-Allende,"San Miguel de Allende, Guanajuato MX",FINE HOTELS + RESORTS,Rosewood Hotels & Resorts,Program,20.9090291,-100.7451501,"Nemesio Diez 11, Zona Centro, 37700 San Miguel de Allende, Gto., Mexico",google_places,PLACE_DETAILS,ChIJAZDDMLBRK4QRS5jdni97BA0,bar;establishment;food;lodging;point_of_interest;restaurant;spa,False,CACHED
"Rosewood Inn of the Anasazi, Santa Fe",https://www.americanexpress.com/en-us/travel/discover/property/New-Mexico-US/Santa-Fe/Rosewood-Inn-Of-The-Anasazi-Santa-Fe?intlink=US-travel-discover-property-results-propertyCard-Rosewood-Inn-Of-The-Anasazi-Santa-Fe,"Santa Fe, New Mexico US",FINE HOTELS + RESORTS,Rosewood Hotels & Resorts,Program,35.6879734,-105.9368954,"113 Washington Ave, Santa Fe, NM 87501, USA",google_places,PLACE_DETAILS,ChIJrcslpEdQGIcRrVN-lHnQrS8,establishment;lodging;point_of_interest,False,CACHED
Rosewood Sanya,https://www.americanexpress.com/en-us/travel/discover/property/China/Sanya/Rosewood-Sanya?intlink=US-travel-discover-property-results-propertyCard-Rosewood-Sanya,"Sanya, China",FINE HOTELS + RESORTS,Rosewood Hotels & Resorts,Program,18.3238936,109.7309652,"China, San Ya Shi, Hai Tang Qu, 海棠区海棠北路6号 邮政编码: 572000",google_places,PLACE_DETAILS,ChIJR1OUmN6vWjERqLtFt-kLQS4,establishment;point_of_interest,False,CACHED
Rosewood Sao Paulo,https://www.americanexpress.com/en-us/travel/discover/property/Brazil/São-Paulo/Rosewood-Sao-Paulo?intlink=US-travel-discover-property-results-propertyCard-Rosewood-Sao-Paulo,"São Paulo, Brazil",FINE HOTELS + RESORTS,Rosewood Hotels & Resorts,Program,-23.5601711,-46.65270169999999,"R. Itapeva, 435 - Bela Vista, São Paulo - SP, 01332-000, Brazil",google_places,PLACE_DETAILS,ChIJsbAShclZzpQRiiYQjjaTjIA,establishment;lodging;point_of_interest,False,CACHED
Rosewood Bermuda,https://www.americanexpress.com/en-us/travel/discover/property/Bermuda/Tucker's-Town/Rosewood-Bermuda?intlink=US-travel-discover-property-results-propertyCard-Rosewood-Bermuda,"Tucker's Town, Bermuda",FINE HOTELS + RESORTS,Rosewood Hotels & Resorts,Program,32.3398902,-64.7008124,"Tucker's Point Drive 60, Tuckers Point Drive, HS 02, Bermuda",google_places,PLACE_DETAILS,ChIJxU7l4RoTLYoREDEcbFfLV88,establishment;lodging;point_of_interest,False,CACHED
Rosewood Hotel Georgia,https://www.americanexpress.com/en-us/travel/discover/property/British-Columbia-CA/Vancouver/Rosewood-Hotel-Georgia?intlink=US-travel-discover-property-results-propertyCard-Rosewood-Hotel-Georgia,"Vancouver, British Columbia CA",FINE HOTELS + RESORTS,Rosewood Hotels & Resorts,Program,49.283465,-123.119031,"801 W Georgia St, Vancouver, BC V6C 1P7, Canada",google_places,PLACE_DETAILS,ChIJgQmKXX9xhlQRXmNfRsbZ4w4,establishment;lodging;point_of_interest,False,CACHED
Rosewood Vienna,https://www.americanexpress.com/en-us/travel/discover/property/Austria/Vienna/Rosewood-Vienna?intlink=US-travel-discover-property-results-propertyCard-Rosewood-Vienna,"Vienna, Austria",FINE HOTELS + RESORTS,Rosewood Hotels & Resorts,Program,48.2096733,16.3696017,"Peterspl. 7, 1010 Wien, Austria",google_places,PLACE_DETAILS,ChIJSdXijJgHbUcR2j3eg4_9q1Y,establishment;lodging;point_of_interest,False,CACHED
Rosewood Little Dix Bay,https://www.americanexpress.com/en-us/travel/discover/property/British-Virgin-Islands/Virgin-Gorda/Rosewood-Little-Dix-Bay?intlink=US-travel-discover-property-results-propertyCard-Rosewood-Little-Dix-Bay,"Virgin Gorda, British Virgin Islands",FINE HOTELS + RESORTS,Rosewood Hotels & Resorts,Program,18.4591854,-64.4338764,"Valley, Lee Rd, Spanish Town VG1150, British Virgin Islands",google_places,PLACE_DETAILS,ChIJmTsaQgR0BYwRxXWyt1Hibu0,establishment;lodging;point_of_interest,False,CACHED
"Rosewood Washington, D.C",https://www.americanexpress.com/en-us/travel/discover/property/District-of-Columbia-US/Washington/Rosewood-Washington-Dc?intlink=US-travel-discover-property-results-propertyCard-Rosewood-Washington-Dc,"Washington, District of Columbia US",FINE HOTELS + RESORTS,Rosewood Hotels & Resorts,Program,38.9039939,-77.06145599999999,"1050 31st St NW, Washington, DC 20007, USA",google_places,PLACE_DETAILS,ChIJr30nCEy2t4kRRPTKWXQf3Dg,bar;establishment;food;lodging;point_of_interest;restaurant,False,CACHED
Asbury Ocean Club,https://www.americanexpress.com/en-us/travel/discover/property/New-Jersey-US/Asbury-Park/Asbury-Ocean-Club?intlink=US-travel-discover-property-results-propertyCard-Asbury-Ocean-Club,"Asbury Park, New Jersey US",FINE HOTELS + RESORTS,Sage Hospitality,Program,40.2236111,-74.0016667,"210 Fifth Ave, Asbury Park, NJ 07712, USA",google_places,PLACE_DETAILS,ChIJr8YzRmomwokRdaBbTNbnz-U,establishment;lodging;point_of_interest,False,CACHED
The Crawford Hotel,https://www.americanexpress.com/en-us/travel/discover/property/Colorado-US/Denver/The-Crawford-Hotel?intlink=US-travel-discover-property-results-propertyCard-The-Crawford-Hotel,"Denver, Colorado US",FINE HOTELS + RESORTS,Sage Hospitality,Program,39.7529878,-104.9999544,"1701 Wynkoop St, Denver, CO 80202, USA",google_places,PLACE_DETAILS,ChIJLzjzCcN4bIcR6Rns-LU8ylI,establishment;lodging;point_of_interest,False,CACHED
Shinola Hotel,https://www.americanexpress.com/en-us/travel/discover/property/Michigan-US/Detroit/Shinola-Hotel?intlink=US-travel-discover-property-results-propertyCard-Shinola-Hotel,"Detroit, Michigan US",FINE HOTELS + RESORTS,Sage Hospitality,Program,42.3343999,-83.0485872,"1400 Woodward Ave, Detroit, MI 48226, USA",google_places,PLACE_DETAILS,ChIJq6r6lTEtO4gRAIhR5OEix-8,establishment;lodging;point_of_interest,False,CACHED
"China World Summit Wing, Beijing",https://www.americanexpress.com/en-us/travel/discover/property/China/Beijing/China-World-Summit-Wing-Beijing?intlink=US-travel-discover-property-results-propertyCard-China-World-Summit-Wing-Beijing,"Beijing, China",FINE HOTELS + RESORTS,Shangri-La Hotels and Resorts,Program,39.912766,116.45847,"China, Bei Jing Shi, Chao Yang Qu, 建国门外大街1号 邮政编码: 100004",google_places,PLACE_DETAILS,ChIJHZtxEpdHsjURZxPoc9f82XA,establishment;lodging;point_of_interest,False,CACHED
Shangri-La Colombo,https://www.americanexpress.com/en-us/travel/discover/property/Sri-Lanka/Colombo/Shangri-la-Colombo?intlink=US-travel-discover-property-results-propertyCard-Shangri-la-Colombo,"Colombo, Sri Lanka",FINE HOTELS + RESORTS,Shangri-La Hotels and Resorts,Program,6.928535399999999,79.84443619999999,"WRHV+CQ7, One Galle Face Dr, Colombo 2, Sri Lanka",google_places,PLACE_DETAILS,ChIJT0w2CTtZ4joRFlxN8qE_wX0,establishment;food;lodging;point_of_interest;restaurant,False,CACHED
"Midtown Shangri-La, Hangzhou",https://www.americanexpress.com/en-us/travel/discover/property/China/Hangzhou/Midtown-Shangri-la-Hangzhou?intlink=US-travel-discover-property-results-propertyCard-Midtown-Shangri-la-Hangzhou,"Hangzhou, China",FINE HOTELS + RESORTS,Shangri-La Hotels and Resorts,Program,30.259784,120.1617104,"Kerry Centre 6 Changshou Road, Yan An Lu, 湖滨 Xia Cheng Qu, Hang Zhou Shi, Zhe Jiang Sheng, China, 310006",google_places,PLACE_DETAILS,ChIJ19M3SIJiSzQRi19dmsV9AG8,establishment;lodging;point_of_interest,False,CACHED
"Island Shangri-La, Hong Kong",https://www.americanexpress.com/en-us/travel/discover/property/China/Hong-Kong/Island-Shangri-la-Hong-Kong?intlink=US-travel-discover-property-results-propertyCard-Island-Shangri-la-Hong-Kong,"Hong Kong, China",FINE HOTELS + RESORTS,Shangri-La Hotels and Resorts,Program,22.2771904,114.1644241,"Supreme Ct Rd, Admiralty, Hong Kong",google_places,PLACE_DETAILS,ChIJSUycMWYABDQRgyxi89tuRwA,establishment;lodging;point_of_interest,False,CACHED
"Shangri-La Bosphorus, Istanbul",https://www.americanexpress.com/en-us/travel/discover/property/Turkey/Istanbul/Shangri-la-Bosphorus-Istanbul?intlink=US-travel-discover-property-results-propertyCard-Shangri-la-Bosphorus-Istanbul,"Istanbul, Turkey",FINE HOTELS + RESORTS,Shangri-La Hotels and Resorts,Program,41.04039,29.00529,"Sinanpaşa, Hayrettin İskelesi Sk. No:1, 34353 Beşiktaş/İstanbul, Türkiye",google_places,PLACE_DETAILS,ChIJr7Lk1Z63yhQRoZIFQU3Ao5U,establishment;lodging;point_of_interest,False,CACHED
"Shangri-La The Shard, London",https://www.americanexpress.com/en-us/travel/discover/property/England/London/Shangri-la-The-Shard-London?intlink=US-travel-discover-property-results-propertyCard-Shangri-la-The-Shard-London,"London, England",FINE HOTELS + RESORTS,Shangri-La Hotels and Resorts,Program,51.50431,-0.0867845,"31 St Thomas St, London SE1 9QU, UK",google_places,PLACE_DETAILS,ChIJl5tV7FoDdkgRcHC9YrS_2Dk,establishment;lodging;point_of_interest,False,CACHED
Shangri-La Boracay,https://www.americanexpress.com/en-us/travel/discover/property/Philippines/Malay/Shangri-la-Boracay?intlink=US-travel-discover-property-results-propertyCard-Shangri-la-Boracay,"Malay, Philippines",FINE HOTELS + RESORTS,Shangri-La Hotels and Resorts,Program,11.9874249,121.9062288,"Boracay Island, Malay, 5608 Aklan, Philippines",google_places,PLACE_DETAILS,ChIJwRGQ-3k8pTMR5VMA9TK17Nw,establishment;lodging;point_of_interest;spa,False,CACHED
Shangri-La Paris,https://www.americanexpress.com/en-us/travel/discover/property/France/Paris/Shangri-la-Paris?intlink=US-travel-discover-property-results-propertyCard-Shangri-la-Paris,"Paris, France",FINE HOTELS + RESORTS,Shangri-La Hotels and Resorts,Program,48.86392799999999,2.2934027,"10 Av. d'Iéna, 75116 Paris, France",google_places,PLACE_DETAILS,ChIJB7rdOORv5kcRoBirgNG42xE,establishment;lodging;point_of_interest,False,CACHED
"Jing An Shangri-La, Shanghai",https://www.americanexpress.com/en-us/travel/discover/property/China/Shanghai/Jing-An-Shangri-la-Shanghai?intlink=US-travel-discover-property-results-propertyCard-Jing-An-Shangri-la-Shanghai,"Shanghai, China",FINE HOTELS + RESORTS,Shangri-La Hotels and Resorts,Program,31.222926,121.4504621,"1218 Yan An Zhong Lu, 久光 Jing An Qu, Shang Hai Shi, China, 200040",google_places,PLACE_DETAILS,ChIJ6alxl_BNIjcRNURkuu1klmM,establishment;lodging;point_of_interest,False,CACHED
"Pudong Shangri-La, Shanghai",https://www.americanexpress.com/en-us/travel/discover/property/China/Shanghai/Pudong-Shangri-la-Shanghai?intlink=US-travel-discover-property-results-propertyCard-Pudong-Shangri-la-Shanghai,"Shanghai, China",FINE HOTELS + RESORTS,Shangri-La Hotels and Resorts,Program,31.2354278,121.4990821,"33 Fu Cheng Lu, Lujiazui, Pu Dong Xin Qu, Shang Hai Shi, China, 200120",google_places,PLACE_DETAILS,ChIJ91e-LfhwsjURrNaWnPE2gYI,establishment;lodging;point_of_interest,False,CACHED
Shangri-La Singapore,https://www.americanexpress.com/en-us/travel/discover/property/Singapore/Singapore/Shangri-la-Singapore?intlink=US-travel-discover-property-results-propertyCard-Shangri-la-Singapore,"Singapore, Singapore",FINE HOTELS + RESORTS,Shangri-La Hotels and Resorts,Program,1.310965,103.8264894,"22 Orange Grove Rd, Singapore 258350",google_places,PLACE_DETAILS,ChIJXU9FcvQZ2jERiz8HeaqV70E,establishment;lodging;point_of_interest,False,CACHED
Shangri-La Sydney,https://www.americanexpress.com/en-us/travel/discover/property/Australia/Sydney/Shangri-la-Sydney?intlink=US-travel-discover-property-results-propertyCard-Shangri-la-Sydney,"Sydney, Australia",FINE HOTELS + RESORTS,Shangri-La Hotels and Resorts,Program,-33.861172,151.2062978,"176 Cumberland St, The Rocks NSW 2000, Australia",google_places,PLACE_DETAILS,ChIJsyWauUOuEmsRlyQeoNBkOXA,establishment;lodging;point_of_interest,False,CACHED
"Shangri-La The Fort, Manila",https://www.americanexpress.com/en-us/travel/discover/property/Philippines/Taguig/Shangri-la-The-Fort-Manila?intlink=US-travel-discover-property-results-propertyCard-Shangri-la-The-Fort-Manila,"Taguig, Philippines",FINE HOTELS + RESORTS,Shangri-La Hotels and Resorts,Program,14.5524816,121.0468063,"30th Street, corner 5th Ave, Taguig, 1634 Metro Manila, Philippines",google_places,PLACE_DETAILS,ChIJaRjc7_DIlzMRB7lcNfVF11U,establishment;lodging;point_of_interest,False,CACHED
Shangri-La Far Eastern Plaza,https://www.americanexpress.com/en-us/travel/discover/property/Taiwan/Taipei/Shangri-la-Far-Eastern-Plaza?intlink=US-travel-discover-property-results-propertyCard-Shangri-la-Far-Eastern-Plaza,"Taipei, Taiwan",FINE HOTELS + RESORTS,Shangri-La Hotels and Resorts,Program,25.0262249,121.5496904,"No. 201號, Section 2, Dunhua S Rd, Da’an District, Taipei City, Taiwan 10675",google_places,PLACE_DETAILS,ChIJeUp8ZTKqQjQRG274UZw34LQ,establishment;lodging;point_of_interest,False,CACHED
Shangri-La Tokyo,https://www.americanexpress.com/en-us/travel/discover/property/Japan/Tokyo/Shangri-la-Tokyo?intlink=US-travel-discover-property-results-propertyCard-Shangri-la-Tokyo,"Tokyo, Japan",FINE HOTELS + RESORTS,Shangri-La Hotels and Resorts,Program,35.6824303,139.7693827,"MARUNOUCHI TRUST TOWER MAIN, 1-chōme-8-3 Marunouchi, Chiyoda City, Tokyo 100-8283, Japan",google_places,PLACE_DETAILS,ChIJL6nVJvyLGGAR8jHaHUYIL48,bar;beauty_salon;establishment;food;lodging;point_of_interest;restaurant;spa,False,CACHED
Shangri-La Toronto,https://www.americanexpress.com/en-us/travel/discover/property/Ontario-CA/Toronto/Shangri-la-Toronto?intlink=US-travel-discover-property-results-propertyCard-Shangri-la-Toronto,"Toronto, Ontario CA",FINE HOTELS + RESORTS,Shangri-La Hotels and Resorts,Program,43.6491695,-79.3861143,"188 University Ave, Toronto, ON M5H 0A3, Canada",google_places,PLACE_DETAILS,ChIJJTGWAdI0K4gRDUDEGIaqOTc,bar;establishment;lodging;point_of_interest,False,CACHED
"Shangri-La Le Touessrok, Mauritius",https://www.americanexpress.com/en-us/travel/discover/property/Mauritius/Trou-d'Eau-Douce/Shangri-la-Le-Touessrok-Mauritius?intlink=US-travel-discover-property-results-propertyCard-Shangri-la-Le-Touessrok-Mauritius,"Trou d'Eau Douce, Mauritius",FINE HOTELS + RESORTS,Shangri-La Hotels and Resorts,Program,-20.2515407,57.79723139999999,"Coastal Road, Trou d'Eau Douce, Mauritius",google_places,PLACE_DETAILS,ChIJ2Qx41JD6fCERoYaT3QLpeYY,establishment;lodging;point_of_interest,False,CACHED
Shangri-La Ulaanbaatar,https://www.americanexpress.com/en-us/travel/discover/property/Mongolia/Ulaanbaatar/Shangri-la-Ulaanbaatar?intlink=US-travel-discover-property-results-propertyCard-Shangri-la-Ulaanbaatar,"Ulaanbaatar, Mongolia",FINE HOTELS + RESORTS,Shangri-La Hotels and Resorts,Program,47.9129533,106.920208,"Olympic Street 19, District-1, Ulaanbaatar 14241, Mongolia",google_places,PLACE_DETAILS,ChIJEzFqOEiSll0RrA5BiDB628g,establishment;lodging;point_of_interest,False,CACHED
Six Senses Crans-Montana,https://www.americanexpress.com/en-us/travel/discover/property/Switzerland/Crans-Montana/Six-Senses-Crans-montana?intlink=US-travel-discover-property-results-propertyCard-Six-Senses-Crans-montana,"Crans-Montana, Switzerland",FINE HOTELS + RESORTS,Six Senses,Program,46.3089668,7.464275000000001,"Rte des Téléphériques 60, 3963 Crans-Montana, Switzerland",google_places,PLACE_DETAILS,ChIJC9O74DPgjkcRcLtQ49ZNwUI,establishment;food;lodging;point_of_interest;restaurant;spa;store,False,CACHED
Six Senses Vana - A Wellness Retreat,https://www.americanexpress.com/en-us/travel/discover/property/India/Dehradun/Six-Senses-Vana---A-Wellness-Retreat?intlink=US-travel-discover-property-results-propertyCard-Six-Senses-Vana---A-Wellness-Retreat,"Dehradun, India",FINE HOTELS + RESORTS,Six Senses,Program,30.3736217,78.0766201,"Mussoorie Rd, Malsi, Dehradun, Uttarakhand 248009, India",google_places,PLACE_DETAILS,ChIJZ0bob7bXCDkRkTsf0uhfob8,establishment;food;health;lodging;point_of_interest;restaurant;spa,False,CACHED
Six Senses Zighy Bay,https://www.americanexpress.com/en-us/travel/discover/property/Oman/Dibba/Six-Senses-Zighy-Bay?intlink=US-travel-discover-property-results-propertyCard-Six-Senses-Zighy-Bay,"Dibba, Oman",FINE HOTELS + RESORTS,Six Senses,Program,25.7091674,56.2728385,"23°33'04. 58°39'35.، 8""N 5، Dibba 800, Oman",google_places,PLACE_DETAILS,ChIJzWx5aPUr9D4RCUtY4UglHAE,establishment;lodging;point_of_interest,False,CACHED
Six Senses Samui,https://www.americanexpress.com/en-us/travel/discover/property/Thailand/Koh-Samui/Six-Senses-Samui?intlink=US-travel-discover-property-results-propertyCard-Six-Senses-Samui,"Koh Samui, Thailand",FINE HOTELS + RESORTS,Six Senses,Program,9.5912426,100.0677802,"9, บ้านปลายแหลม, 10, Tambon Bo Put, Amphoe Ko Samui, Chang Wat Surat Thani 84320, Thailand",google_places,PLACE_DETAILS,ChIJf-_fN7r6VDARk3I6y_EfqAo,establishment;food;lodging;point_of_interest;restaurant;spa,False,CACHED
Six Senses Kyoto,https://www.americanexpress.com/en-us/travel/discover/property/Japan/Kyoto/Six-Senses-Kyoto?intlink=US-travel-discover-property-results-propertyCard-Six-Senses-Kyoto,"Kyoto, Japan",FINE HOTELS + RESORTS,Six Senses,Program,34.9909956,135.7743567,"431 Myōhōin Maekawachō, Higashiyama Ward, Kyoto, 605-0932, Japan",google_places,PLACE_DETAILS,ChIJxw86kOEJAWARjz2nCSevbI8,bar;cafe;establishment;food;lodging;point_of_interest;restaurant;spa;store,False,CACHED
Six Senses Laamu,https://www.americanexpress.com/en-us/travel/discover/property/Maldives/Laamu-Atoll/Six-Senses-Laamu?intlink=US-travel-discover-property-results-propertyCard-Six-Senses-Laamu,"Laamu Atoll, Maldives",FINE HOTELS + RESORTS,Six Senses,Program,1.8171277,73.4050224,"RC93+66F, Laamu Atoll 15090, Maldives",google_places,PLACE_DETAILS,ChIJsZRy68UrSDsRWZVm3G4-ao0,establishment;food;lodging;point_of_interest;restaurant;spa,False,CACHED
Six Senses Douro Valley,https://www.americanexpress.com/en-us/travel/discover/property/Portugal/Lamego/Six-Senses-Douro-Valley?intlink=US-travel-discover-property-results-propertyCard-Six-Senses-Douro-Valley,"Lamego, Portugal",FINE HOTELS + RESORTS,Six Senses,Program,41.14411740000001,-7.812800999999999,"Quinta Vale de Abraão, 5100-758 Samodães, Portugal",google_places,PLACE_DETAILS,ChIJUZmnMbytJA0RwaQ8WYQJLKM,establishment;food;lodging;point_of_interest;restaurant;spa,False,CACHED
Six Senses Fiji,https://www.americanexpress.com/en-us/travel/discover/property/Fiji/Malolo-Island/Six-Senses-Fiji?intlink=US-travel-discover-property-results-propertyCard-Six-Senses-Fiji,"Malolo Island, Fiji",FINE HOTELS + RESORTS,Six Senses,Program,-17.7584111,177.1588095,"Malolo Island, Fiji",google_places,PLACE_DETAILS,ChIJoTcGtUY5F24RJ1Ha6uf9OHQ,establishment;food;lodging;point_of_interest;restaurant;spa,False,CACHED
Six Senses Ninh Van Bay,https://www.americanexpress.com/en-us/travel/discover/property/Vietnam/Ninh-Hoa/Six-Senses-Ninh-Van-Bay?intlink=US-travel-discover-property-results-propertyCard-Six-Senses-Ninh-Van-Bay,"Ninh Hoa, Vietnam",FINE HOTELS + RESORTS,Six Senses,Program,12.3589397,109.2776855,"Ninh Phước, Ninh Hoa, Khánh Hòa, Vietnam",google_places,PLACE_DETAILS,ChIJI7Zn2k1pcDEReF217j2aDlQ,establishment;lodging;point_of_interest;spa,False,CACHED
Six Senses Yao Noi,https://www.americanexpress.com/en-us/travel/discover/property/Thailand/Phang-Nga/Six-Senses-Yao-Noi?intlink=US-travel-discover-property-results-propertyCard-Six-Senses-Yao-Noi,"Phang Nga, Thailand",FINE HOTELS + RESORTS,Six Senses,Program,8.1197144,98.6250725,"56, Tambon Ko Yao Noi, Amphoe Ko Yao, Chang Wat Phang-nga 82160, Thailand",google_places,PLACE_DETAILS,ChIJ70vUkC-3UTARbsjc4ZlR3O0,establishment;lodging;point_of_interest,False,CACHED
Six Senses Rome,https://www.americanexpress.com/en-us/travel/discover/property/Italy/Rome/Six-Senses-Rome?intlink=US-travel-discover-property-results-propertyCard-Six-Senses-Rome,"Rome, Italy",FINE HOTELS + RESORTS,Six Senses,Program,41.8988088,12.4816142,"P.za S. Marcello, 4, 00187 Roma RM, Italy",google_places,PLACE_DETAILS,ChIJncpa_HVhLxMRf449Spz5kcE,establishment;food;lodging;point_of_interest;restaurant;spa,False,CACHED
Six Senses Ibiza,https://www.americanexpress.com/en-us/travel/discover/property/Spain/Sant-Joan-de-Labritja/Six-Senses-Ibiza?intlink=US-travel-discover-property-results-propertyCard-Six-Senses-Ibiza,"Sant Joan de Labritja, Spain",FINE HOTELS + RESORTS,Six Senses,Program,39.1104479,1.5087857,"Carrer Camí de sa Torre, 71, 07810 Portinatx, Illes Balears, Spain",google_places,PLACE_DETAILS,ChIJXzeLTjI9mRIRLMvwqb0R4Bw,establishment;food;lodging;point_of_interest;restaurant;spa,False,CACHED
Six Senses Fort Barwara,https://www.americanexpress.com/en-us/travel/discover/property/India/Sawai-Madhopur/Six-Senses-Fort-Barwara?intlink=US-travel-discover-property-results-propertyCard-Six-Senses-Fort-Barwara,"Sawai Madhopur, India",FINE HOTELS + RESORTS,Six Senses,Program,26.0505702,76.1579884,"Six Senses Fort Barwara, 3525+65H, Chauth Ka Barwara, Rajasthan 322702, India",google_places,PLACE_DETAILS,ChIJc8S5Ib8-bjkRrmBudzOUCq4,establishment;food;lodging;point_of_interest;restaurant;spa,False,CACHED
Six Senses Shaharut,https://www.americanexpress.com/en-us/travel/discover/property/Israel/Shaharut/Six-Senses-Shaharut?intlink=US-travel-discover-property-results-propertyCard-Six-Senses-Shaharut,"Shaharut, Israel",FINE HOTELS + RESORTS,Six Senses,Program,29.91601559999999,35.0059852,"Hevel-Eilot, Negev Desert, Israel 8886500, Shaharut, 8886500, Israel",google_places,PLACE_DETAILS,ChIJJyREoahPABURJyob_wC_NNU,establishment;food;lodging;point_of_interest;restaurant;spa,False,CACHED
Six Senses Krabey Island,https://www.americanexpress.com/en-us/travel/discover/property/Cambodia/Sihanoukville/Six-Senses-Krabey-Island?intlink=US-travel-discover-property-results-propertyCard-Six-Senses-Krabey-Island,"Sihanoukville, Cambodia",FINE HOTELS + RESORTS,Six Senses,Program,10.5097222,103.565,"Koh Krabey Island, Ream Commune, 18000, Cambodia",google_places,PLACE_DETAILS,ChIJXVHIBQsICDERZMXnvKUlFsk,establishment;food;lodging;point_of_interest;restaurant;spa,False,CACHED
Six Senses La Sagesse Grenada,https://www.americanexpress.com/en-us/travel/discover/property/Grenada/St.-David/Six-Senses-La-Sagesse-Grenada?intlink=US-travel-discover-property-results-propertyCard-Six-Senses-La-Sagesse-Grenada,"St. David, Grenada",FINE HOTELS + RESORTS,Six Senses,Program,12.0217931,-61.6745568,"West Indies, La Sagesse ( The Project), Grenada",google_places,PLACE_DETAILS,ChIJze6Xp3kfOIwR9dpRsy3GCvQ,establishment;food;lodging;point_of_interest;restaurant;spa,False,CACHED
Six Senses Bhutan,https://www.americanexpress.com/en-us/travel/discover/property/Bhutan/Thimphu/Six-Senses-Bhutan?intlink=US-travel-discover-property-results-propertyCard-Six-Senses-Bhutan,"Thimphu, Bhutan",FINE HOTELS + RESORTS,Six Senses,Program,27.4181808,89.6628298,"Chunimeding, Babesa, Chang Gewog, Thimphu, Bhutan",google_places,PLACE_DETAILS,ChIJTyAkIKiT4TkRwhk0h_GJ0eU,establishment;food;lodging;point_of_interest;restaurant;spa,False,CACHED
"Six Senses Southern Dunes, The Red Sea",https://www.americanexpress.com/en-us/travel/discover/property/Saudi-Arabia/Umluj/Six-Senses-Southern-Dunes-The-Red-Sea?intlink=US-travel-discover-property-results-propertyCard-Six-Senses-Southern-Dunes-The-Red-Sea,"Umluj, Saudi Arabia",FINE HOTELS + RESORTS,Six Senses,Program,25.3797653,37.3334544,"The Red Sea Development, Umluj 48321, Saudi Arabia",google_places,PLACE_DETAILS,ChIJxeHLl0unsBURaQSKONw_9QE,establishment;lodging;point_of_interest,False,CACHED
SLS Cancun,https://www.americanexpress.com/en-us/travel/discover/property/Quintana-Roo-MX/Cancún/Sls-Cancun?intlink=US-travel-discover-property-results-propertyCard-Sls-Cancun,"Cancún, Quintana Roo MX",FINE HOTELS + RESORTS,SLS,Program,21.1668525,-86.8039974,"Boulevard Kukulcan Km 1 Zona Turistica Puerto Cancun, Puerto Juarez, Zona Hotelera, 77500 Cancún, Q.R., Mexico",google_places,PLACE_DETAILS,ChIJIc4mW7YuTI8Rm8fKctGXDPY,establishment;lodging;point_of_interest,False,CACHED
Hotel Miramalfi,https://www.americanexpress.com/en-us/travel/discover/property/Italy/Amalfi/Hotel-Miramalfi?intlink=US-travel-discover-property-results-propertyCard-Hotel-Miramalfi,"Amalfi, Italy",FINE HOTELS + RESORTS,Small Luxury Hotels of the World,Program,40.630571,14.594686,"Via Salvatore Quasimodo, 3, 84011 Amalfi SA, Italy",google_places,PLACE_DETAILS,ChIJbZdxV7OVOxMRaWB9CbcEpc4,establishment;lodging;point_of_interest,False,CACHED
Pillows Grand Boutique Hotel Maurits at the Park,https://www.americanexpress.com/en-us/travel/discover/property/Netherlands/Amsterdam/Pillows-Grand-Boutique-Hotel-Maurits-At-The-Park?intlink=US-travel-discover-property-results-propertyCard-Pillows-Grand-Boutique-Hotel-Maurits-At-The-Park,"Amsterdam, Netherlands",FINE HOTELS + RESORTS,Small Luxury Hotels of the World,Program,52.3621916,4.919683700000001,"Mauritskade 61, 1092 AD Amsterdam, Netherlands",google_places,PLACE_DETAILS,ChIJPwgIJZ4JxkcRBKd_5ZCcVGc,establishment;lodging;point_of_interest,False,CACHED
The Gainsborough Bath Spa,https://www.americanexpress.com/en-us/travel/discover/property/England/Bath/The-Gainsborough-Bath-Spa?intlink=US-travel-discover-property-results-propertyCard-The-Gainsborough-Bath-Spa,"Bath, England",FINE HOTELS + RESORTS,Small Luxury Hotels of the World,Program,51.3803105,-2.3609603,"Beau St, Bath BA1 1QY, UK",google_places,PLACE_DETAILS,ChIJhUJaXRGBcUgRG2mqT2T3OkU,establishment;lodging;point_of_interest,False,CACHED
Forestis,https://www.americanexpress.com/en-us/travel/discover/property/Italy/Bressanone/Forestis?intlink=US-travel-discover-property-results-propertyCard-Forestis,"Bressanone, Italy",FINE HOTELS + RESORTS,Small Luxury Hotels of the World,Program,46.6757557,11.7100308,"Palmschoß 22, 39042 Bressanone BZ, Italy",google_places,PLACE_DETAILS,ChIJUzkj65AQeEcRKXSK0ZN3uS8,establishment;lodging;point_of_interest,False,CACHED
Dormy House Hotel & Spa,https://www.americanexpress.com/en-us/travel/discover/property/England/Broadway/Dormy-House-Hotel--Spa?intlink=US-travel-discover-property-results-propertyCard-Dormy-House-Hotel--Spa,"Broadway, England",FINE HOTELS + RESORTS,Small Luxury Hotels of the World,Program,52.0410788,-1.8272009,"Willersey Hill, Broadway WR12 7LF, UK",google_places,PLACE_DETAILS,ChIJhfHtMN3YcEgRKDs1ckC9Cf4,establishment;lodging;point_of_interest;spa,False,CACHED
Foxhill Manor,https://www.americanexpress.com/en-us/travel/discover/property/England/Broadway/Foxhill-Manor?intlink=US-travel-discover-property-results-propertyCard-Foxhill-Manor,"Broadway, England",FINE HOTELS + RESORTS,Small Luxury Hotels of the World,Program,52.04559399999999,-1.83985,"Farncombe House, Farncombe, Broadway WR12 7LJ, UK",google_places,PLACE_DETAILS,ChIJaXELJNvYcEgRfWJ7C28y5g8,establishment;lodging;point_of_interest,False,CACHED
The Cellars-Hohenort Hotel & Spa,https://www.americanexpress.com/en-us/travel/discover/property/South-Africa/Cape-Town/The-Cellars-hohenort-Hotel--Spa?intlink=US-travel-discover-property-results-propertyCard-The-Cellars-hohenort-Hotel--Spa,"Cape Town, South Africa",FINE HOTELS + RESORTS,Small Luxury Hotels of the World,Program,-34.001272,18.4346818,"93 Brommersvlei Rd, Constantia Heights, Cape Town, 7806, South Africa",google_places,PLACE_DETAILS,ChIJ11FH3JhCzB0RXSAwFsx_9nE,establishment;lodging;point_of_interest,False,CACHED
Punta Tragara,https://www.americanexpress.com/en-us/travel/discover/property/Italy/Capri/Punta-Tragara?intlink=US-travel-discover-property-results-propertyCard-Punta-Tragara,"Capri, Italy",FINE HOTELS + RESORTS,Small Luxury Hotels of the World,Program,40.5453257,14.2502935,"Via Tragara, 57, 80073 Capri NA, Italy",google_geocoding,ROOFTOP,ChIJK6LZ5C94OxMRA6V8XoTILwQ,establishment;lodging;point_of_interest,True,CACHED
Dylan Hotel Dublin,https://www.americanexpress.com/en-us/travel/discover/property/Ireland/Dublin/Dylan-Hotel-Dublin?intlink=US-travel-discover-property-results-propertyCard-Dylan-Hotel-Dublin,"Dublin, Ireland",FINE HOTELS + RESORTS,Small Luxury Hotels of the World,Program,53.3338076,-6.2420053,"Eastmoreland Pl, Dublin, Ireland",google_places,PLACE_DETAILS,ChIJk8UEW74OZ0gRLhYvFRJbu88,bar;establishment;food;lodging;point_of_interest;restaurant,False,CACHED
Breidenbacher Hof,https://www.americanexpress.com/en-us/travel/discover/property/Germany/Düsseldorf/Breidenbacher-Hof?intlink=US-travel-discover-property-results-propertyCard-Breidenbacher-Hof,"Düsseldorf, Germany",FINE HOTELS + RESORTS,Small Luxury Hotels of the World,Program,51.2254421,6.777816100000001,"Königsallee 11, 40212 Düsseldorf, Germany",google_places,PLACE_DETAILS,ChIJL198miLKuEcR8-vP1kts4bM,establishment;food;lodging;point_of_interest;restaurant,False,CACHED
"Phaea Blue, Elounda, Crete",https://www.americanexpress.com/en-us/travel/discover/property/Greece/Elounda/Phaea-Blue-Elounda-Crete?intlink=US-travel-discover-property-results-propertyCard-Phaea-Blue-Elounda-Crete,"Elounda, Greece",FINE HOTELS + RESORTS,Small Luxury Hotels of the World,Program,35.2925567,25.7262549,"Plaka 720 53, Greece",google_places,PLACE_DETAILS,ChIJDblxVMGckBQR2o6hYtEj_xo,establishment;lodging;point_of_interest,False,CACHED
Amilla Maldives,https://www.americanexpress.com/en-us/travel/discover/property/Maldives/Finolhas/Amilla-Maldives?intlink=US-travel-discover-property-results-propertyCard-Amilla-Maldives,"Finolhas, Maldives",FINE HOTELS + RESORTS,Small Luxury Hotels of the World,Program,5.234405,73.1114425,"Finolhas, 20275, Maldives",google_places,PLACE_DETAILS,ChIJQZLcOfPBajsRP2jdV4EW4Bk,establishment;lodging;point_of_interest;spa,False,CACHED
Hotel Lungarno,https://www.americanexpress.com/en-us/travel/discover/property/Italy/Florence/Hotel-Lungarno?intlink=US-travel-discover-property-results-propertyCard-Hotel-Lungarno,"Florence, Italy",FINE HOTELS + RESORTS,Small Luxury Hotels of the World,Program,43.7679672,11.2515563,"Borgo San Iacopo, 14, 50125 Firenze FI, Italy",google_places,PLACE_DETAILS,ChIJez8bNVVRKhMR6QTW0w89UGo,bar;establishment;food;lodging;point_of_interest;restaurant,False,CACHED
Le Quartier Francais,https://www.americanexpress.com/en-us/travel/discover/property/South-Africa/Franschhoek/Le-Quartier-Francais?intlink=US-travel-discover-property-results-propertyCard-Le-Quartier-Francais,"Franschhoek, South Africa",FINE HOTELS + RESORTS,Small Luxury Hotels of the World,Program,-33.9359375,19.1105524,"16 Minor Rd, Franschhoek, 7690, South Africa",google_places,PLACE_DETAILS,ChIJp52kqGy8zR0RjvafgvZaXPQ,establishment;lodging;point_of_interest;spa,False,CACHED
Furore Grand Hotel,https://www.americanexpress.com/en-us/travel/discover/property/Italy/Furore/Furore-Grand-Hotel?intlink=US-travel-discover-property-results-propertyCard-Furore-Grand-Hotel,"Furore, Italy",FINE HOTELS + RESORTS,Small Luxury Hotels of the World,Program,40.6162264,14.5478299,"Via Dell'Amore, 2, 84010 Furore SA, Italy",google_places,PLACE_DETAILS,ChIJjRircEWXOxMR3Yl7XvWKj9I,establishment;lodging;point_of_interest,False,CACHED
Seda Club Hotel,https://www.americanexpress.com/en-us/travel/discover/property/Spain/Granada/Seda-Club-Hotel?intlink=US-travel-discover-property-results-propertyCard-Seda-Club-Hotel,"Granada, Spain",FINE HOTELS + RESORTS,Small Luxury Hotels of the World,Program,37.17581819999999,-3.6019643,"Plaza de la Trinidad, C. Buensuceso, 2, Centro, 18001 Granada, Spain",google_places,PLACE_DETAILS,ChIJke4jepX8cQ0RdofiIom0xzo,bar;establishment;food;lodging;point_of_interest;restaurant,False,CACHED
Nobu Hotel Ibiza Bay,https://www.americanexpress.com/en-us/travel/discover/property/Spain/Ibiza/Nobu-Hotel-Ibiza-Bay?intlink=US-travel-discover-property-results-propertyCard-Nobu-Hotel-Ibiza-Bay,"Ibiza, Spain",FINE HOTELS + RESORTS,Small Luxury Hotels of the World,Program,38.9182161,1.456219,"Carrer de Ses Feixes, 52, 07800 Eivissa, Illes Balears, Spain",google_places,PLACE_DETAILS,ChIJt--r2DhBmRIR204CRXBT9ow,establishment;food;lodging;point_of_interest;restaurant;spa,False,CACHED
FAUCHON L'Hotel Kyoto,https://www.americanexpress.com/en-us/travel/discover/property/Japan/Kyoto/Fauchon-Lhotel-Kyoto?intlink=US-travel-discover-property-results-propertyCard-Fauchon-Lhotel-Kyoto,"Kyoto, Japan",FINE HOTELS + RESORTS,Small Luxury Hotels of the World,Program,34.9985195,135.7676839,"406 Nanbachō, Shimogyo Ward, Kyoto, 600-8027, Japan",google_places,PLACE_DETAILS,ChIJIf9EIk0JAWARSZdWljcIQeo,bakery;bar;establishment;food;lodging;point_of_interest;restaurant;store,False,CACHED
Domaine de Manville,https://www.americanexpress.com/en-us/travel/discover/property/France/Les-Baux-de-Provence/Domaine-De-Manville?intlink=US-travel-discover-property-results-propertyCard-Domaine-De-Manville,"Les Baux de Provence, France",FINE HOTELS + RESORTS,Small Luxury Hotels of the World,Program,43.7327254,4.8016842,"Route de la terre des Baux, 13520 Les Baux-de-Provence, France",google_places,PLACE_DETAILS,ChIJkRmpEHzhtRIRic-lU-mgu40,bar;establishment;food;lodging;point_of_interest;restaurant;spa,False,CACHED
Reschio Hotel,https://www.americanexpress.com/en-us/travel/discover/property/Italy/Lisciano-Niccone/Reschio-Hotel?intlink=US-travel-discover-property-results-propertyCard-Reschio-Hotel,"Lisciano Niccone, Italy",FINE HOTELS + RESORTS,Small Luxury Hotels of the World,Program,43.2758944,12.198982,"Tabaccaia di Reschio, 06060 Lisciano Niccone PG, Italy",google_places,PLACE_DETAILS,ChIJwcW165IGLBMRPwoOLasPHsc,establishment;lodging;point_of_interest,False,CACHED
Nobu Hotel Marbella,https://www.americanexpress.com/en-us/travel/discover/property/Spain/Marbella/Nobu-Hotel-Marbella?intlink=US-travel-discover-property-results-propertyCard-Nobu-Hotel-Marbella,"Marbella, Spain",FINE HOTELS + RESORTS,Small Luxury Hotels of the World,Program,36.503943,-4.9248406,"Bulevar Principe Alfonso von Hohenlohe, s/n, 29602 Marbella, Málaga, Spain",google_places,PLACE_DETAILS,ChIJ6QvEnigocw0RXox21u1ecWE,establishment;lodging;point_of_interest,False,CACHED
Malliouhana Resort Anguilla,https://www.americanexpress.com/en-us/travel/discover/property/Anguilla/Meads-Bay/Malliouhana-Resort-Anguilla?intlink=US-travel-discover-property-results-propertyCard-Malliouhana-Resort-Anguilla,"Meads Bay, Anguilla",FINE HOTELS + RESORTS,Small Luxury Hotels of the World,Program,18.1876457,-63.134498,"Meads Bay, British West Indies 2640, Anguilla",google_places,PLACE_DETAILS,ChIJoe4ZO8dmDowRV195Oc9dQ4g,establishment;lodging;point_of_interest,False,CACHED
Grand Hotel Victoria Concept & Spa,https://www.americanexpress.com/en-us/travel/discover/property/Italy/Menaggio/Grand-Hotel-Victoria-Concept--Spa?intlink=US-travel-discover-property-results-propertyCard-Grand-Hotel-Victoria-Concept--Spa,"Menaggio, Italy",FINE HOTELS + RESORTS,Small Luxury Hotels of the World,Program,46.0208982,9.2415068,"Viale Benedetto Castelli, 9/13, 22017 Menaggio CO, Italy",google_places,PLACE_DETAILS,ChIJge3gJQw9hEcRUa6Y_KaCTBU,establishment;lodging;point_of_interest,False,CACHED
Domes White Coast Milos,https://www.americanexpress.com/en-us/travel/discover/property/Greece/Milos/Domes-White-Coast-Milos?intlink=US-travel-discover-property-results-propertyCard-Domes-White-Coast-Milos,"Milos, Greece",FINE HOTELS + RESORTS,Small Luxury Hotels of the World,Program,36.7445297,24.4817218,"Mytakas, Pachena 848 00, Greece",google_places,PLACE_DETAILS,ChIJjUneyFTemBQR8l8IIFjXpKE,establishment;lodging;point_of_interest,False,CACHED
Finca Serena Mallorca,https://www.americanexpress.com/en-us/travel/discover/property/Spain/Montuiri/Finca-Serena-Mallorca?intlink=US-travel-discover-property-results-propertyCard-Finca-Serena-Mallorca,"Montuiri, Spain",FINE HOTELS + RESORTS,Small Luxury Hotels of the World,Program,39.58717619999999,2.9462416,"Ma-3200 km, Ma-3200, km, 3, 3, 07230 Montuïri, Illes Balears, Spain",google_places,PLACE_DETAILS,ChIJg5xGzQq3lxIRpuZmuuWdeSM,establishment;lodging;point_of_interest,False,CACHED
Castle Hot Springs,https://www.americanexpress.com/en-us/travel/discover/property/Arizona-US/Morristown/Castle-Hot-Springs?intlink=US-travel-discover-property-results-propertyCard-Castle-Hot-Springs,"Morristown, Arizona US",FINE HOTELS + RESORTS,Small Luxury Hotels of the World,Program,33.9827355,-112.3618051,"5050 N Castle Hot Springs Rd, Morristown, AZ 85342, USA",google_places,PLACE_DETAILS,ChIJXytkaZelLIcRtj1nfYzy1Rc,establishment;lodging;point_of_interest,False,CACHED
Nomad Mykonos,https://www.americanexpress.com/en-us/travel/discover/property/Greece/Mykonos/Nomad-Mykonos?intlink=US-travel-discover-property-results-propertyCard-Nomad-Mykonos,"Mykonos, Greece",FINE HOTELS + RESORTS,Small Luxury Hotels of the World,Program,37.4372455,25.4022425,"Kalo Livadi, Mikonos 846 00, Greece",google_places,PLACE_DETAILS,ChIJL-VwsnO5ohQRhPTektM9UFc,establishment;lodging;point_of_interest,False,CACHED
Hemingways Nairobi,https://www.americanexpress.com/en-us/travel/discover/property/Kenya/Nairobi/Hemingways-Nairobi?intlink=US-travel-discover-property-results-propertyCard-Hemingways-Nairobi,"Nairobi, Kenya",FINE HOTELS + RESORTS,Small Luxury Hotels of the World,Program,-1.3425755,36.705868,"54 Mbagathi Ridge, Nairobi, Kenya",google_places,PLACE_DETAILS,ChIJMVs55sEbLxgR96cxc6YzEgM,establishment;lodging;point_of_interest,False,CACHED
Carneros Resort and Spa,https://www.americanexpress.com/en-us/travel/discover/property/California-US/Napa/Carneros-Resort-And-Spa?intlink=US-travel-discover-property-results-propertyCard-Carneros-Resort-And-Spa,"Napa, California US",FINE HOTELS + RESORTS,Small Luxury Hotels of the World,Program,38.2557099,-122.3351096,"4048 Sonoma Hwy, Napa, CA 94559, USA",google_places,PLACE_DETAILS,ChIJ6_h3N-AHhYARlez7x1w_DXI,bar;cafe;clothing_store;establishment;food;lodging;point_of_interest;restaurant;spa;store,False,CACHED
Capitolo Riviera,https://www.americanexpress.com/en-us/travel/discover/property/Italy/Nervi/Capitolo-Riviera?intlink=US-travel-discover-property-results-propertyCard-Capitolo-Riviera,"Nervi, Italy",FINE HOTELS + RESORTS,Small Luxury Hotels of the World,Program,44.3827404,9.039733,"Viale Delle Palme, 16A, 16167 Genova GE, Italy",google_places,PLACE_DETAILS,ChIJsZJk061d0xIR7RDW0Vg35Jw,establishment;lodging;point_of_interest,False,CACHED
Canaves Epitome,https://www.americanexpress.com/en-us/travel/discover/property/Greece/Oia/Canaves-Epitome?intlink=US-travel-discover-property-results-propertyCard-Canaves-Epitome,"Oia, Greece",FINE HOTELS + RESORTS,Small Luxury Hotels of the World,Program,36.4636385,25.3711066,"Main Street, Oía 847 02, Greece",google_places,PLACE_DETAILS,ChIJeRpcd4LLmRQRVWxVFYJRZ9k,establishment;lodging;point_of_interest,False,CACHED
Canaves Oia Suites,https://www.americanexpress.com/en-us/travel/discover/property/Greece/Oia/Canaves-Oia-Suites?intlink=US-travel-discover-property-results-propertyCard-Canaves-Oia-Suites,"Oia, Greece",FINE HOTELS + RESORTS,Small Luxury Hotels of the World,Program,36.4617187,25.3831366,"Main Street, Oía 847 02, Greece",google_places,PLACE_DETAILS,ChIJFQPn9-6VoRQRRwjF3grceTc,establishment;lodging;point_of_interest;spa,False,CACHED
Nanuku Resort Fiji,https://www.americanexpress.com/en-us/travel/discover/property/Fiji/Pacific-Harbour/Nanuku-Resort-Fiji?intlink=US-travel-discover-property-results-propertyCard-Nanuku-Resort-Fiji,"Pacific Harbour, Fiji",FINE HOTELS + RESORTS,Small Luxury Hotels of the World,Program,-18.2639812,178.0461654,"11 Nanuku Drive, Pacific Harbour, Fiji",google_places,PLACE_DETAILS,ChIJDcj3GkswGm4RWwROg1zoGtA,establishment;lodging;point_of_interest,False,CACHED
Keemala,https://www.americanexpress.com/en-us/travel/discover/property/Thailand/Phuket/Keemala?intlink=US-travel-discover-property-results-propertyCard-Keemala,"Phuket, Thailand",FINE HOTELS + RESORTS,Small Luxury Hotels of the World,Program,7.9393413,98.28157189999999,"10 88 Nakasud Rd Tambon Kamala, Amphoe Kathu, Chang Wat Phuket 83150, Thailand",google_places,PLACE_DETAILS,ChIJn37ZD-xiHTER9duyhqj5F5w,establishment;lodging;point_of_interest,False,CACHED
Small Luxury Hotel Hospes Infante Sagres,https://www.americanexpress.com/en-us/travel/discover/property/Portugal/Porto/Small-Luxury-Hotel-Hospes-Infante-Sagres?intlink=US-travel-discover-property-results-propertyCard-Small-Luxury-Hotel-Hospes-Infante-Sagres,"Porto, Portugal",FINE HOTELS + RESORTS,Small Luxury Hotels of the World,Program,41.1479471,-8.6129597,"Praça D. Filipa de Lencastre 62, 4050-259 Porto, Portugal",google_places,PLACE_DETAILS,ChIJUfTSI-NkJA0RoiVXwkNNgjk,establishment;lodging;point_of_interest,False,CACHED
Hotel Villa Franca,https://www.americanexpress.com/en-us/travel/discover/property/Italy/Positano/Hotel-Villa-Franca?intlink=US-travel-discover-property-results-propertyCard-Hotel-Villa-Franca,"Positano, Italy",FINE HOTELS + RESORTS,Small Luxury Hotels of the World,Program,40.6282268,14.4843452,"Viale Pasitea, 318, 84017 Positano SA, Italy",google_places,PLACE_DETAILS,ChIJe3cWPmaXOxMR0_Ri-k9rFeo,establishment;lodging;point_of_interest,False,CACHED
Relais Roncolo 1888,https://www.americanexpress.com/en-us/travel/discover/property/Italy/Quattro-Castella/Relais-Roncolo-1888?intlink=US-travel-discover-property-results-propertyCard-Relais-Roncolo-1888,"Quattro Castella, Italy",FINE HOTELS + RESORTS,Small Luxury Hotels of the World,Program,44.6269916,10.5039362,"Tenuta di Roncolo (Venturini Baldini, Via Filippo Turati, 42, 42020 Quattro Castella RE, Italy",google_places,PLACE_DETAILS,ChIJH_zAPXEFgEcRTFEq2z54-Ss,establishment;food;lodging;point_of_interest;restaurant,False,CACHED
Eichardt's Private Hotel,https://www.americanexpress.com/en-us/travel/discover/property/New-Zealand/Queenstown/Eichardts-Private-Hotel?intlink=US-travel-discover-property-results-propertyCard-Eichardts-Private-Hotel,"Queenstown, New Zealand",FINE HOTELS + RESORTS,Small Luxury Hotels of the World,Program,-45.0329252,168.6605744,"2 Marine Parade, Queenstown 9348, New Zealand",google_places,PLACE_DETAILS,ChIJ25-YMYEd1akRllh4p2BnAnA,establishment;lodging;point_of_interest,False,CACHED
Emiliano Rio,https://www.americanexpress.com/en-us/travel/discover/property/Brazil/Rio-de-Janeiro/Emiliano-Rio?intlink=US-travel-discover-property-results-propertyCard-Emiliano-Rio,"Rio de Janeiro, Brazil",FINE HOTELS + RESORTS,Small Luxury Hotels of the World,Program,-22.9822203,-43.1903566,"Av. Atlântica, 3804 - Copacabana, Rio de Janeiro - RJ, 22070-001, Brazil",google_places,PLACE_DETAILS,ChIJPRfpuT7VmwAR2l_60dDBDok,establishment;lodging;point_of_interest,False,CACHED
Hotel Vilon,https://www.americanexpress.com/en-us/travel/discover/property/Italy/Rome/Hotel-Vilon?intlink=US-travel-discover-property-results-propertyCard-Hotel-Vilon,"Rome, Italy",FINE HOTELS + RESORTS,Small Luxury Hotels of the World,Program,41.904466,12.4765466,"Via dell'Arancio, 69, 00186 Roma RM, Italy",google_places,PLACE_DETAILS,ChIJx6Gyx1ZgLxMRNhAuReHiBek,establishment;lodging;point_of_interest,False,CACHED
L'Auberge de Sedona,https://www.americanexpress.com/en-us/travel/discover/property/Arizona-US/Sedona/Lauberge-De-Sedona?intlink=US-travel-discover-property-results-propertyCard-Lauberge-De-Sedona,"Sedona, Arizona US",FINE HOTELS + RESORTS,Small Luxury Hotels of the World,Program,34.8686072,-111.7599725,"301 L'Auberge Ln, Sedona, AZ 86336, USA",google_places,PLACE_DETAILS,ChIJ0e0M2-KjLYcR7H-hcql-mlg,establishment;food;lodging;point_of_interest;restaurant;spa,False,CACHED
Hermitage Bay,https://www.americanexpress.com/en-us/travel/discover/property/Antigua/St.-John's/Hermitage-Bay?intlink=US-travel-discover-property-results-propertyCard-Hermitage-Bay,"St. John's, Antigua",FINE HOTELS + RESORTS,Small Luxury Hotels of the World,Program,17.0848439,-61.89330690000001,"Jennings New Extension Hermitage Bay, Antigua and Barbuda",google_places,PLACE_DETAILS,ChIJVduFCV6NEowRzTozrbBpTGs,establishment;food;lodging;point_of_interest;restaurant;spa,False,CACHED
Grace La Margna St Moritz,https://www.americanexpress.com/en-us/travel/discover/property/Switzerland/St.-Moritz/Grace-La-Margna-St-Moritz?intlink=US-travel-discover-property-results-propertyCard-Grace-La-Margna-St-Moritz,"St. Moritz, Switzerland",FINE HOTELS + RESORTS,Small Luxury Hotels of the World,Program,46.4987575,9.8459807,"Via Serlas 5, 7500 St. Moritz, Switzerland",google_places,PLACE_DETAILS,ChIJ617QTL99g0cRNnOq0DBQYKI,bar;establishment;food;gym;health;lodging;point_of_interest;restaurant,False,CACHED
Lydmar Hotel,https://www.americanexpress.com/en-us/travel/discover/property/Sweden/Stockholm/Lydmar-Hotel?intlink=US-travel-discover-property-results-propertyCard-Lydmar-Hotel,"Stockholm, Sweden",FINE HOTELS + RESORTS,Small Luxury Hotels of the World,Program,59.329018,18.0771018,"Södra Blasieholmshamnen 2, 111 48 Stockholm, Sweden",google_places,PLACE_DETAILS,ChIJ272T01mdX0YRbmlJ6kyejP4,establishment;lodging;point_of_interest,False,CACHED
Emiliano Sao Paulo,https://www.americanexpress.com/en-us/travel/discover/property/Brazil/São-Paulo/Emiliano-Sao-Paulo?intlink=US-travel-discover-property-results-propertyCard-Emiliano-Sao-Paulo,"São Paulo, Brazil",FINE HOTELS + RESORTS,Small Luxury Hotels of the World,Program,-23.5660418,-46.6652509,"R. Oscar Freire, 384 - Jardim Paulista, São Paulo - SP, 01426-000, Brazil",google_places,PLACE_DETAILS,ChIJ38q4OIBXzpQRNNbRjnZZFB0,establishment;lodging;point_of_interest,False,CACHED
Lupaia,https://www.americanexpress.com/en-us/travel/discover/property/Italy/Torrita-di-Siena/Lupaia?intlink=US-travel-discover-property-results-propertyCard-Lupaia,"Torrita di Siena, Italy",FINE HOTELS + RESORTS,Small Luxury Hotels of the World,Program,43.1129518,11.7503051,"Località Lupaia, 74, 53049 Torrita di Siena SI, Italy",google_places,PLACE_DETAILS,ChIJOQSJcH5eKRMREvXZf2szYa8,establishment;food;lodging;point_of_interest;restaurant,False,CACHED
Ca' di Dio,https://www.americanexpress.com/en-us/travel/discover/property/Italy/Venice/Ca-Di-Dio?intlink=US-travel-discover-property-results-propertyCard-Ca-Di-Dio,"Venice, Italy",FINE HOTELS + RESORTS,Small Luxury Hotels of the World,Program,45.4335535,12.3485054,"Riva Ca' di Dio, 2183, 30122 Venezia VE, Italy",google_places,PLACE_DETAILS,ChIJuf69VS-ufkcRcQ8WkoT6A9E,establishment;lodging;point_of_interest,False,CACHED
Vista Verona,https://www.americanexpress.com/en-us/travel/discover/property/Italy/Verona/Vista-Verona?intlink=US-travel-discover-property-results-propertyCard-Vista-Verona,"Verona, Italy",FINE HOTELS + RESORTS,Small Luxury Hotels of the World,Program,45.4406825,11.0000068,"Corticella Leoni, 3, 37121 Verona VR, Italy",google_places,PLACE_DETAILS,ChIJNwV2GEhff0cRC4alXXS1mHc,establishment;lodging;point_of_interest;spa,False,CACHED
"Porto Zante Villas & Spa, Zakynthos",https://www.americanexpress.com/en-us/travel/discover/property/Greece/Zakynthos/Porto-Zante-Villas--Spa-Zakynthos?intlink=US-travel-discover-property-results-propertyCard-Porto-Zante-Villas--Spa-Zakynthos,"Zakynthos, Greece",FINE HOTELS + RESORTS,Small Luxury Hotels of the World,Program,37.8257797,20.8523821,"Tragaki 291 00, Greece",google_places,PLACE_DETAILS,ChIJpy2f0Y5GZxMRFjPNm9KXI10,establishment;lodging;point_of_interest,False,CACHED
Das Stue,https://www.americanexpress.com/en-us/travel/discover/property/Germany/Berlin/Das-Stue?intlink=US-travel-discover-property-results-propertyCard-Das-Stue,"Berlin, Germany",FINE HOTELS + RESORTS,SO/,Program,52.509831,13.345882,"Drakestraße 1, 10787 Berlin, Germany",google_places,PLACE_DETAILS,ChIJGYTmkKtRqEcRWx2mn3U_McE,establishment;lodging;point_of_interest,False,CACHED
SO/ Paris,https://www.americanexpress.com/en-us/travel/discover/property/France/Paris/So-Paris?intlink=US-travel-discover-property-results-propertyCard-So-Paris,"Paris, France",FINE HOTELS + RESORTS,SO/,Program,48.8500072,2.3624566,"10 Rue Agrippa d'Aubigné, 75004 Paris, France",google_places,PLACE_DETAILS,ChIJF--ICnFx5kcRp5l7I78w3LM,establishment;lodging;point_of_interest,False,CACHED
Sofitel Baru Cartagena Beach Resort,https://www.americanexpress.com/en-us/travel/discover/property/Colombia/Cartagena/Sofitel-Baru-Cartagena-Beach-Resort?intlink=US-travel-discover-property-results-propertyCard-Sofitel-Baru-Cartagena-Beach-Resort,"Cartagena, Colombia",FINE HOTELS + RESORTS,Sofitel Hotels & Resorts,Program,10.2570579,-75.60493550000001,"Km 7 Sector, Cartagena, Cartagena de Indias, Bolívar, Colombia",google_places,PLACE_DETAILS,ChIJeRfbKdmDWI4RLxROdg9AKbc,establishment;lodging;point_of_interest,False,CACHED
Sofitel Legend The Grand Amsterdam,https://www.americanexpress.com/en-us/travel/discover/property/Netherlands/Amsterdam/Sofitel-Legend-The-Grand-Amsterdam?intlink=US-travel-discover-property-results-propertyCard-Sofitel-Legend-The-Grand-Amsterdam,"Amsterdam, Netherlands",FINE HOTELS + RESORTS,Sofitel Legend,Program,52.3709309,4.8955845,"Oudezijds Voorburgwal 197, 1012 EX Amsterdam, Netherlands",google_places,PLACE_DETAILS,ChIJiUVfWL8JxkcRMZQ0SV_FQ6Y,establishment;lodging;point_of_interest,False,CACHED
Sofitel Legend Santa Clara Cartagena,https://www.americanexpress.com/en-us/travel/discover/property/Colombia/Cartagena/Sofitel-Legend-Santa-Clara-Cartagena?intlink=US-travel-discover-property-results-propertyCard-Sofitel-Legend-Santa-Clara-Cartagena,"Cartagena, Colombia",FINE HOTELS + RESORTS,Sofitel Legend,Program,10.4282704,-75.5478512,"Calle Del Torno #39-29, San Diego, Cartagena de Indias, Bolívar, Colombia",google_places,PLACE_DETAILS,ChIJoxWKIJkv9o4R0gImnSyHhzE,establishment;lodging;point_of_interest,False,CACHED
Sofitel Legend Metropole Hanoi,https://www.americanexpress.com/en-us/travel/discover/property/Vietnam/Hanoi/Sofitel-Legend-Metropole-Hanoi?intlink=US-travel-discover-property-results-propertyCard-Sofitel-Legend-Metropole-Hanoi,"Hanoi, Vietnam",FINE HOTELS + RESORTS,Sofitel Legend,Program,21.0254125,105.856375,"15 P. Ngô Quyền, Tràng Tiền, Hoàn Kiếm, Hà Nội 100000, Vietnam",google_places,PLACE_DETAILS,ChIJTbX4mOurNTERJV-mNCKY1pA,establishment;lodging;point_of_interest,False,CACHED
"Sofitel Legend Casco Viejo, Panama",https://www.americanexpress.com/en-us/travel/discover/property/Panama/Panama-City/Sofitel-Legend-Casco-Viejo-Panama?intlink=US-travel-discover-property-results-propertyCard-Sofitel-Legend-Casco-Viejo-Panama,"Panama City, Panama",FINE HOTELS + RESORTS,Sofitel Legend,Program,8.951455,-79.53205779999999,"C. 1a Oeste, Panamá, Provincia de Panamá, Panama",google_places,PLACE_DETAILS,ChIJr_tNuXuvrI8RnuNWZzAsEiY,establishment;lodging;point_of_interest,False,CACHED
Sofitel Legend People's Grand Hotel Xian,https://www.americanexpress.com/en-us/travel/discover/property/China/Xian/Sofitel-Legend-Peoples-Grand-Hotel-Xian?intlink=US-travel-discover-property-results-propertyCard-Sofitel-Legend-Peoples-Grand-Hotel-Xian,"Xian, China",FINE HOTELS + RESORTS,Sofitel Legend,Program,34.2643,108.9588,"319 Dong Xin Jie, BeiYuanMen XiaoChi YiTiao Jie, Xin Cheng Qu, Xi An Shi, Shan Xi Sheng, China, 710004",google_geocoding,ROOFTOP,ChIJX-xQukd6YzYRQSMOcVYSbQ0,establishment;lodging;point_of_interest,True,CACHED
Soneva Fushi,https://www.americanexpress.com/en-us/travel/discover/property/Maldives/Baa-Atoll/Soneva-Fushi?intlink=US-travel-discover-property-results-propertyCard-Soneva-Fushi,"Baa Atoll, Maldives",FINE HOTELS + RESORTS,Soneva,Program,5.1118009,73.07866229999999,"Kunfunadhoo Island, Eydhafushi, Maldives",google_places,PLACE_DETAILS,ChIJG5c3NkV-PzsRCoaG5GwkxPQ,establishment;lodging;point_of_interest,False,CACHED
Soneva Secret,https://www.americanexpress.com/en-us/travel/discover/property/Maldives/Makunudhoo-Atoll/Soneva-Secret?intlink=US-travel-discover-property-results-propertyCard-Soneva-Secret,"Makunudhoo Atoll, Maldives",FINE HOTELS + RESORTS,Soneva,Program,6.3194851,72.64072209999999,"Dhipparufushi Island, Kulhudhuffushi 02110, Maldives",google_places,PLACE_DETAILS,ChIJc41ROwBjbDsRGcXQ3SHSG_A,establishment;lodging;point_of_interest,False,CACHED
Soneva Jani,https://www.americanexpress.com/en-us/travel/discover/property/Maldives/Noonu-Atoll/Soneva-Jani?intlink=US-travel-discover-property-results-propertyCard-Soneva-Jani,"Noonu Atoll, Maldives",FINE HOTELS + RESORTS,Soneva,Program,5.720434,73.4150317,"Medhufaru Island, Manadhoo, Maldives",google_places,PLACE_DETAILS,ChIJx_vrGKEzazsRTVck0_2lu2U,establishment;lodging;point_of_interest,False,CACHED
The St. Regis Abu Dhabi,https://www.americanexpress.com/en-us/travel/discover/property/United-Arab-Emirates/Abu-Dhabi/The-St-Regis-Abu-Dhabi?intlink=US-travel-discover-property-results-propertyCard-The-St-Regis-Abu-Dhabi,"Abu Dhabi, United Arab Emirates",FINE HOTELS + RESORTS,St. Regis,Program,24.4635871,54.3275927,Nation Towers - Corniche St - Al Bateen - W44 - Abu Dhabi - United Arab Emirates,google_places,PLACE_DETAILS,ChIJfStroutlXj4RXCTqMBSHW_c,establishment;lodging;point_of_interest,False,CACHED
"The St. Regis Saadiyat Island Resort, Abu Dhabi",https://www.americanexpress.com/en-us/travel/discover/property/United-Arab-Emirates/Abu-Dhabi/The-St-Regis-Saadiyat-Island-Resort-Abu-Dhabi?intlink=US-travel-discover-property-results-propertyCard-The-St-Regis-Saadiyat-Island-Resort-Abu-Dhabi,"Abu Dhabi, United Arab Emirates",FINE HOTELS + RESORTS,St. Regis,Program,24.5391681,54.4241865,Al Saadiyat Island - SDN1 - Abu Dhabi - United Arab Emirates,google_places,PLACE_DETAILS,ChIJBTqiyURnXj4R-uwkvizY7uE,establishment;lodging;point_of_interest,False,CACHED
The St. Regis Amman,https://www.americanexpress.com/en-us/travel/discover/property/Jordan/Amman/The-St-Regis-Amman?intlink=US-travel-discover-property-results-propertyCard-The-St-Regis-Amman,"Amman, Jordan",FINE HOTELS + RESORTS,St. Regis,Program,31.958024,35.8780314,"5th Circle، Shafiq Al Hayek, Amman 11185, Jordan",google_places,PLACE_DETAILS,ChIJKZnO3figHBURpfO3FHI_nv8,establishment;lodging;point_of_interest,False,CACHED
The St. Regis Aspen Resort,https://www.americanexpress.com/en-us/travel/discover/property/Colorado-US/Aspen/The-St-Regis-Aspen-Resort?intlink=US-travel-discover-property-results-propertyCard-The-St-Regis-Aspen-Resort,"Aspen, Colorado US",FINE HOTELS + RESORTS,St. Regis,Program,39.1869176,-106.8211131,"315 E Dean St, Aspen, CO 81611, USA",google_places,PLACE_DETAILS,ChIJ6e5PAGM5QIcRd7l-5AdXkUU,establishment;lodging;point_of_interest,False,CACHED
The St. Regis Astana,https://www.americanexpress.com/en-us/travel/discover/property/Kazakhstan/Astana/The-St-Regis-Astana?intlink=US-travel-discover-property-results-propertyCard-The-St-Regis-Astana,"Astana, Kazakhstan",FINE HOTELS + RESORTS,St. Regis,Program,51.1522239,71.4253915,"Qabanbay Batyr Ave 1, Astana 010000, Kazakhstan",google_places,PLACE_DETAILS,ChIJt7I69siGRUIRLrZCymyBxzE,establishment;lodging;point_of_interest,False,CACHED
The St. Regis Atlanta,https://www.americanexpress.com/en-us/travel/discover/property/Georgia-US/Atlanta/The-St-Regis-Atlanta?intlink=US-travel-discover-property-results-propertyCard-The-St-Regis-Atlanta,"Atlanta, Georgia US",FINE HOTELS + RESORTS,St. Regis,Program,33.839996,-84.38250599999999,"88 W Paces Ferry Rd NW, Atlanta, GA 30305, USA",google_places,PLACE_DETAILS,ChIJvR3yI48F9YgRd11It0N7nhM,establishment;lodging;point_of_interest,False,CACHED
The St. Regis Bal Harbour Resort,https://www.americanexpress.com/en-us/travel/discover/property/Florida-US/Bal-Harbour/The-St-Regis-Bal-Harbour-Resort?intlink=US-travel-discover-property-results-propertyCard-The-St-Regis-Bal-Harbour-Resort,"Bal Harbour, Florida US",FINE HOTELS + RESORTS,St. Regis,Program,25.8890934,-80.1224107,"9703 Collins Avenue Bal Harbour, Miami Beach, FL 33154, USA",google_places,PLACE_DETAILS,ChIJ0U-MIZ-y2YgRG-selIJW58I,establishment;lodging;point_of_interest,False,CACHED
The St. Regis Bangkok,https://www.americanexpress.com/en-us/travel/discover/property/Thailand/Bangkok/The-St-Regis-Bangkok?intlink=US-travel-discover-property-results-propertyCard-The-St-Regis-Bangkok,"Bangkok, Thailand",FINE HOTELS + RESORTS,St. Regis,Program,13.7399855,100.5398763,"159 Thanon Ratchadamri, Khwaeng Lumphini, Pathum Wan, Krung Thep Maha Nakhon 10330, Thailand",google_places,PLACE_DETAILS,ChIJZ-0rstCe4jARS_6948lrmZU,establishment;lodging;point_of_interest,False,CACHED
The St. Regis Beijing,https://www.americanexpress.com/en-us/travel/discover/property/China/Beijing/The-St-Regis-Beijing?intlink=US-travel-discover-property-results-propertyCard-The-St-Regis-Beijing,"Beijing, China",FINE HOTELS + RESORTS,St. Regis,Program,39.910847,116.440155,"21 Jian Guo Men Wai Da Jie, Chao Yang Qu, Bei Jing Shi, China, 100020",google_places,PLACE_DETAILS,ChIJiWNTtN378TURM2I2_vAYWoQ,establishment;lodging;point_of_interest,False,CACHED
The St. Regis Hotel and Residences Belgrade,https://www.americanexpress.com/en-us/travel/discover/property/Serbia/Belgrade/The-St-Regis-Hotel-And-Residences-Belgrade?intlink=US-travel-discover-property-results-propertyCard-The-St-Regis-Hotel-And-Residences-Belgrade,"Belgrade, Serbia",FINE HOTELS + RESORTS,St. Regis,Program,44.8054546,20.4464493,"Nikolaja Kravcova 1, Beograd 11000, Serbia",google_places,PLACE_DETAILS,ChIJ13_sEFRvWkcReYm2JMlcojU,establishment;lodging;point_of_interest,False,CACHED
The St. Regis Bora Bora Resort,https://www.americanexpress.com/en-us/travel/discover/property/French-Polynesia/Bora-Bora/The-St-Regis-Bora-Bora-Resort?intlink=US-travel-discover-property-results-propertyCard-The-St-Regis-Bora-Bora-Resort,"Bora Bora, French Polynesia",FINE HOTELS + RESORTS,St. Regis,Program,-16.4861028,-151.6981399,"Motu Ome'E Bp 506 Bora Bora, Motu Piti A, au 98730, French Polynesia",google_places,PLACE_DETAILS,ChIJHWG-aNaXvXYRah_aWa2aI_U,establishment;lodging;point_of_interest,False,CACHED
The St. Regis Cairo,https://www.americanexpress.com/en-us/travel/discover/property/Egypt/Cairo/The-St-Regis-Cairo?intlink=US-travel-discover-property-results-propertyCard-The-St-Regis-Cairo,"Cairo, Egypt",FINE HOTELS + RESORTS,St. Regis,Program,30.0629354,31.2274123,"1189 Nile Corniche, Boulaq Num.5, Bulaq, Cairo Governorate 11221, Egypt",google_places,PLACE_DETAILS,ChIJgxYKk-VAWBQRBG5FQHuJBXw,establishment;lodging;point_of_interest,False,CACHED
"The St. Regis New Capital, Cairo",https://www.americanexpress.com/en-us/travel/discover/property/Egypt/Cairo/The-St-Regis-New-Capital-Cairo?intlink=US-travel-discover-property-results-propertyCard-The-St-Regis-New-Capital-Cairo,"Cairo, Egypt",FINE HOTELS + RESORTS,St. Regis,Program,30.0062325,31.7232101,"New Administrative Capital, Cairo Suez Road, Cairo Governorate Desert, Cairo Governorate 4850601, Egypt",google_places,PLACE_DETAILS,ChIJzXVx9W1BWBQRulLUQnvas3Y,establishment;lodging;point_of_interest,False,CACHED
St. Regis Goa Resort,https://www.americanexpress.com/en-us/travel/discover/property/India/Cavelossim/St-Regis-Goa-Resort?intlink=US-travel-discover-property-results-propertyCard-St-Regis-Goa-Resort,"Cavelossim, India",FINE HOTELS + RESORTS,St. Regis,Program,15.1570331,73.950941,"Mobor, Cavelossim, Goa, Velim, Goa 403731, India",google_places,PLACE_DETAILS,ChIJSwzMYK9NvjsRDxpxGdB8NM0,establishment;lodging;point_of_interest,False,CACHED
The St. Regis Chengdu,https://www.americanexpress.com/en-us/travel/discover/property/China/Chengdu/The-St-Regis-Chengdu?intlink=US-travel-discover-property-results-propertyCard-The-St-Regis-Chengdu,"Chengdu, China",FINE HOTELS + RESORTS,St. Regis,Program,30.6605,104.0743,"88 Ti Du Jie, Luomashi, Qing Yang Qu, Cheng Du Shi, Si Chuan Sheng, China, 610016",google_places,PLACE_DETAILS,ChIJb9gf5TnF7zYR2G8HR1s2z7o,establishment;food;point_of_interest;restaurant,False,CACHED
The St. Regis Chicago,https://www.americanexpress.com/en-us/travel/discover/property/Illinois-US/Chicago/The-St-Regis-Chicago?intlink=US-travel-discover-property-results-propertyCard-The-St-Regis-Chicago,"Chicago, Illinois US",FINE HOTELS + RESORTS,St. Regis,Program,41.8875572,-87.61764029999999,"401 E Wacker Dr, Chicago, IL 60601, USA",google_places,PLACE_DETAILS,ChIJN-54kCUrDogRepMiJTm4GKY,establishment;lodging;point_of_interest,False,CACHED
The St. Regis Maldives Vommuli Resort,https://www.americanexpress.com/en-us/travel/discover/property/Maldives/Dhaalu-Atoll/The-St-Regis-Maldives-Vommuli-Resort?intlink=US-travel-discover-property-results-propertyCard-The-St-Regis-Maldives-Vommuli-Resort,"Dhaalu Atoll, Maldives",FINE HOTELS + RESORTS,St. Regis,Program,2.9113467,72.8660704,"Vommuli Island Dhaalu Atoll, 13080, Maldives",google_places,PLACE_DETAILS,ChIJMYgTuO-oRzsRyQvlsT_ME-c,establishment;lodging;point_of_interest,False,CACHED
The St. Regis Doha,https://www.americanexpress.com/en-us/travel/discover/property/Qatar/Doha/The-St-Regis-Doha?intlink=US-travel-discover-property-results-propertyCard-The-St-Regis-Doha,"Doha, Qatar",FINE HOTELS + RESORTS,St. Regis,Program,25.3504375,51.53003630000001,"West Bay, Doha, Qatar",google_places,PLACE_DETAILS,ChIJsWHuAFvDRT4Rp4uIJ0ZvjtY,establishment;lodging;point_of_interest,False,CACHED
"The St. Regis Marsa Arabia Island, The Pearl - Qatar",https://www.americanexpress.com/en-us/travel/discover/property/Qatar/Doha/The-St-Regis-Marsa-Arabia-Island-The-Pearl---Qatar?intlink=US-travel-discover-property-results-propertyCard-The-St-Regis-Marsa-Arabia-Island-The-Pearl---Qatar,"Doha, Qatar",FINE HOTELS + RESORTS,St. Regis,Program,25.3693803,51.5436201,"Marsa Arabia, Island, Qatar",google_places,PLACE_DETAILS,ChIJjx89TifDRT4RH7EZf9DuhQo,establishment;lodging;point_of_interest,False,CACHED
The St. Regis Downtown Dubai,https://www.americanexpress.com/en-us/travel/discover/property/United-Arab-Emirates/Dubai/The-St-Regis-Downtown-Dubai?intlink=US-travel-discover-property-results-propertyCard-The-St-Regis-Downtown-Dubai,"Dubai, United Arab Emirates",FINE HOTELS + RESORTS,St. Regis,Program,25.185895,55.2735593,Marasi Dr - Business Bay - Dubai - United Arab Emirates,google_places,PLACE_DETAILS,ChIJyyvHqhNpXz4RQKHyKIpvaIk,establishment;lodging;point_of_interest,False,CACHED
"The St. Regis Dubai, The Palm",https://www.americanexpress.com/en-us/travel/discover/property/United-Arab-Emirates/Dubai/The-St-Regis-Dubai-The-Palm?intlink=US-travel-discover-property-results-propertyCard-The-St-Regis-Dubai-The-Palm,"Dubai, United Arab Emirates",FINE HOTELS + RESORTS,St. Regis,Program,25.1142536,55.1397759,The Palm Jumeirah - Dubai - United Arab Emirates,google_places,PLACE_DETAILS,ChIJo22Ljw1rXz4RkciYKT0agT8,establishment;lodging;point_of_interest,False,CACHED
The St. Regis Florence,https://www.americanexpress.com/en-us/travel/discover/property/Italy/Florence/The-St-Regis-Florence?intlink=US-travel-discover-property-results-propertyCard-The-St-Regis-Florence,"Florence, Italy",FINE HOTELS + RESORTS,St. Regis,Program,43.7721584,11.2450378,"Piazza Ognissanti, 1, 50123 Firenze FI, Italy",google_places,PLACE_DETAILS,ChIJ5wTnN6xWKhMRZHOy_peYE_Q,establishment;lodging;point_of_interest,False,CACHED
"The St. Regis La Bahia Blanca Resort, Tamuda Bay",https://www.americanexpress.com/en-us/travel/discover/property/Morocco/Fnideq/The-St-Regis-La-Bahia-Blanca-Resort-Tamuda-Bay?intlink=US-travel-discover-property-results-propertyCard-The-St-Regis-La-Bahia-Blanca-Resort-Tamuda-Bay,"Fnideq, Morocco",FINE HOTELS + RESORTS,St. Regis,Program,35.7745902,-5.3466242,"267 Route Fnideq Restinga, Fnideq 93200, Morocco",google_places,PLACE_DETAILS,ChIJk42vt6NfCw0RckrZmeVHtp8,establishment;lodging;point_of_interest,False,CACHED
The St. Regis Hong Kong,https://www.americanexpress.com/en-us/travel/discover/property/China/Hong-Kong/The-St-Regis-Hong-Kong?intlink=US-travel-discover-property-results-propertyCard-The-St-Regis-Hong-Kong,"Hong Kong, China",FINE HOTELS + RESORTS,St. Regis,Program,22.2801126,114.174828,"1號 Harbour Dr, Wan Chai, Hong Kong",google_places,PLACE_DETAILS,ChIJPQFcX1kABDQRWoUdpsP8LEM,establishment;lodging;point_of_interest,False,CACHED
Houston Grand Hotel - River Oaks,https://www.americanexpress.com/en-us/travel/discover/property/Texas-US/Houston/Houston-Grand-Hotel---River-Oaks?intlink=US-travel-discover-property-results-propertyCard-Houston-Grand-Hotel---River-Oaks,"Houston, Texas US",FINE HOTELS + RESORTS,St. Regis,Program,29.7475564,-95.450282,"1919 Briar Oaks Ln, Houston, TX 77027, USA",google_places,PLACE_DETAILS,ChIJ1wqP7D3BQIYRN9xCJrWmj9M,establishment;lodging;point_of_interest,False,CACHED
The St. Regis Istanbul,https://www.americanexpress.com/en-us/travel/discover/property/Turkey/Istanbul/The-St-Regis-Istanbul?intlink=US-travel-discover-property-results-propertyCard-The-St-Regis-Istanbul,"Istanbul, Turkey",FINE HOTELS + RESORTS,St. Regis,Program,41.04783,28.9927952,"Harbiye, Mim Kemal Öke Cd. No:35, 34367 Şişli/İstanbul, Türkiye",google_places,PLACE_DETAILS,ChIJc0DhkAy3yhQRPuBapvRaCAQ,establishment;lodging;point_of_interest,False,CACHED
The St. Regis Jakarta,https://www.americanexpress.com/en-us/travel/discover/property/Indonesia/Jakarta/The-St-Regis-Jakarta?intlink=US-travel-discover-property-results-propertyCard-The-St-Regis-Jakarta,"Jakarta, Indonesia",FINE HOTELS + RESORTS,St. Regis,Program,-6.2063292,106.8275025,"Rajawali Place Jakarta, Jl. H. R. Rasuna Said Selatan No.Kav. B, RW.4, Kuningan, Setia Budi, Kecamatan Setiabudi, Kota Jakarta Selatan, Daerah Khusus Ibukota Jakarta 12910, Indonesia",google_places,PLACE_DETAILS,ChIJ50s0zhr0aS4RnrBi51X8qXw,establishment;lodging;point_of_interest,False,CACHED
The St. Regis Kuala Lumpur,https://www.americanexpress.com/en-us/travel/discover/property/Malaysia/Kuala-Lumpur/The-St-Regis-Kuala-Lumpur?intlink=US-travel-discover-property-results-propertyCard-The-St-Regis-Kuala-Lumpur,"Kuala Lumpur, Malaysia",FINE HOTELS + RESORTS,St. Regis,Program,3.1369937,101.6891578,"6, Jalan Stesen Sentral 2, Kuala Lumpur Sentral, 50470 Kuala Lumpur, Wilayah Persekutuan Kuala Lumpur, Malaysia",google_places,PLACE_DETAILS,ChIJSVRA44NJzDER-KoyjxF_wvU,establishment;lodging;point_of_interest,False,CACHED
The St. Regis Kuwait,https://www.americanexpress.com/en-us/travel/discover/property/Kuwait/Kuwait-City/The-St-Regis-Kuwait?intlink=US-travel-discover-property-results-propertyCard-The-St-Regis-Kuwait,"Kuwait City, Kuwait",FINE HOTELS + RESORTS,St. Regis,Program,29.3615906,47.9621709,"Fahd Al Salem Street Kuwait City, 9X66+MQ8, Soor St, مدينة الكويت 13060, Kuwait",google_places,PLACE_DETAILS,ChIJfX5FtC-Fzz8Rqkr4IUgNeNs,establishment;lodging;point_of_interest,False,CACHED
The St. Regis Langkawi,https://www.americanexpress.com/en-us/travel/discover/property/Malaysia/Langkawi/The-St-Regis-Langkawi?intlink=US-travel-discover-property-results-propertyCard-The-St-Regis-Langkawi,"Langkawi, Malaysia",FINE HOTELS + RESORTS,St. Regis,Program,6.2961675,99.8625737,"Jalan Pantai Beringin, 07000 Langkawi, Kedah, Malaysia",google_places,PLACE_DETAILS,ChIJZxNaamGASzARcopZ-mXo1S0,establishment;lodging;point_of_interest,False,CACHED
"The St. Regis Le Morne Resort, Mauritius",https://www.americanexpress.com/en-us/travel/discover/property/Mauritius/Le-Morne/The-St-Regis-Le-Morne-Resort-Mauritius?intlink=US-travel-discover-property-results-propertyCard-The-St-Regis-Le-Morne-Resort-Mauritius,"Le Morne, Mauritius",FINE HOTELS + RESORTS,St. Regis,Program,-20.461172,57.3102305,"Coastal Road Le Morne Peninsula MU, Le Morne 91102, Mauritius",google_places,PLACE_DETAILS,ChIJ73qfKRxtfCERHzVk_KOMygc,establishment;lodging;point_of_interest,False,CACHED
The St. Regis Longboat Key Resort,https://www.americanexpress.com/en-us/travel/discover/property/Florida-US/Longboat-Key/The-St-Regis-Longboat-Key-Resort?intlink=US-travel-discover-property-results-propertyCard-The-St-Regis-Longboat-Key-Resort,"Longboat Key, Florida US",FINE HOTELS + RESORTS,St. Regis,Program,27.3527036,-82.6105377,"1601 Gulf of Mexico Dr, Longboat Key, FL 34228, USA",google_places,PLACE_DETAILS,ChIJaRL0syxrw4gRHAo4CxKP9IY,establishment;lodging;point_of_interest,False,CACHED
The St. Regis Macao,https://www.americanexpress.com/en-us/travel/discover/property/China/Macau/The-St-Regis-Macao?intlink=US-travel-discover-property-results-propertyCard-The-St-Regis-Macao,"Macau, China",FINE HOTELS + RESORTS,St. Regis,Program,22.146745,113.5658947,"Sands Cotai Central Cotai Strip, Macao",google_places,PLACE_DETAILS,ChIJu8Hr3sRxATQRRORUCuDSeEY,establishment;lodging;point_of_interest,False,CACHED
The St. Regis Mexico City,https://www.americanexpress.com/en-us/travel/discover/property/Mexico-City-MX/Mexico-City/The-St-Regis-Mexico-City?intlink=US-travel-discover-property-results-propertyCard-The-St-Regis-Mexico-City,"Mexico City, Mexico City MX",FINE HOTELS + RESORTS,St. Regis,Program,19.4256338,-99.1720892,"Av. P.º de la Reforma 439, Cuauhtémoc, 06500 Ciudad de México, CDMX, Mexico",google_places,PLACE_DETAILS,ChIJrR704kv_0YURl2pvM1WTF-c,establishment;lodging;point_of_interest,False,CACHED
The St. Regis Al Mouj Muscat Resort,https://www.americanexpress.com/en-us/travel/discover/property/Oman/Muscat/The-St-Regis-Al-Mouj-Muscat-Resort?intlink=US-travel-discover-property-results-propertyCard-The-St-Regis-Al-Mouj-Muscat-Resort,"Muscat, Oman",FINE HOTELS + RESORTS,St. Regis,Program,23.6185805,58.2851871,"Al Mouj, Muscat, Oman",google_places,PLACE_DETAILS,ChIJeZ3uMxj_jT4RRT8ajpMFAEU,establishment;lodging;point_of_interest,False,CACHED
The St. Regis New York,https://www.americanexpress.com/en-us/travel/discover/property/New-York-US/New-York/The-St-Regis-New-York?intlink=US-travel-discover-property-results-propertyCard-The-St-Regis-New-York,"New York, New York US",FINE HOTELS + RESORTS,St. Regis,Program,40.7613979,-73.9746128,"Two E 55th St, New York, NY 10022, USA",google_places,PLACE_DETAILS,ChIJT_kaUvpYwokRJ-Sl4G4kZ_Q,establishment;lodging;point_of_interest,False,CACHED
The Resort at Pelican Hill,https://www.americanexpress.com/en-us/travel/discover/property/California-US/Newport-Beach/The-Resort-At-Pelican-Hill?intlink=US-travel-discover-property-results-propertyCard-The-Resort-At-Pelican-Hill,"Newport Coast, California US",FINE HOTELS + RESORTS,St. Regis,Program,33.5886132,-117.8440267,"22701 S Pelican Hill Rd South, Newport Coast, CA 92657, USA",google_places,PLACE_DETAILS,ChIJyXkdFdng3IAR5FSPyIn-E5M,establishment;lodging;point_of_interest,False,CACHED
The St. Regis Bali Resort,https://www.americanexpress.com/en-us/travel/discover/property/Indonesia/Nusa-Dua/The-St-Regis-Bali-Resort?intlink=US-travel-discover-property-results-propertyCard-The-St-Regis-Bali-Resort,"Nusa Dua, Indonesia",FINE HOTELS + RESORTS,St. Regis,Program,-8.8128275,115.2264772,"Jl. Raya Nusa Dua Selatan, Benoa, Kec. Kuta Sel., Kabupaten Badung, Bali 80363, Indonesia",google_places,PLACE_DETAILS,ChIJlxcgYM1c0i0RIbLfYRwiJDo,establishment;lodging;point_of_interest,False,CACHED
The St. Regis Osaka,https://www.americanexpress.com/en-us/travel/discover/property/Japan/Osaka/The-St-Regis-Osaka?intlink=US-travel-discover-property-results-propertyCard-The-St-Regis-Osaka,"Osaka, Japan",FINE HOTELS + RESORTS,St. Regis,Program,34.683343,135.5013987,"3-chōme-6-12 Honmachi, Chuo Ward, Osaka, 541-0053, Japan",google_places,PLACE_DETAILS,ChIJEcBu5h3nAGARa1T7QiewwjM,establishment;lodging;point_of_interest,False,CACHED
The St. Regis Aruba Resort,https://www.americanexpress.com/en-us/travel/discover/property/Aruba/Palm-Beach/The-St-Regis-Aruba-Resort?intlink=US-travel-discover-property-results-propertyCard-The-St-Regis-Aruba-Resort,"Palm Beach, Aruba",FINE HOTELS + RESORTS,St. Regis,Program,12.5650511,-70.04941889999999,"J.E. Irausquin Blvd 75 E, Noord, Aruba",google_places,PLACE_DETAILS,ChIJyTvSJ3c5hY4R9M_t8xkYm0o,establishment;lodging;point_of_interest,False,CACHED
The St. Regis Mardavall Mallorca Resort,https://www.americanexpress.com/en-us/travel/discover/property/Spain/Palma/The-St-Regis-Mardavall-Mallorca-Resort?intlink=US-travel-discover-property-results-propertyCard-The-St-Regis-Mardavall-Mallorca-Resort,"Palma, Spain",FINE HOTELS + RESORTS,St. Regis,Program,39.528159,2.550929,"Ma-1, 19, 07181 Costa d'en Blanes, Illes Balears, Spain",google_places,PLACE_DETAILS,ChIJCzytnZ-OlxIR6a7hRZcIr94,establishment;lodging;point_of_interest,False,CACHED
The St. Regis Deer Valley,https://www.americanexpress.com/en-us/travel/discover/property/Utah-US/Park-City/The-St-Regis-Deer-Valley?intlink=US-travel-discover-property-results-propertyCard-The-St-Regis-Deer-Valley,"Park City, Utah US",FINE HOTELS + RESORTS,St. Regis,Program,40.6380669,-111.477191,"2300 Deer Valley Dr E, Park City, UT 84060, USA",google_places,PLACE_DETAILS,ChIJ4dpTziQNUocRziUpSCuW9gk,establishment;lodging;point_of_interest,False,CACHED
"The St. Regis Kanai Resort, Riviera Maya",https://www.americanexpress.com/en-us/travel/discover/property/Quintana-Roo-MX/Playa-del-Carmen/The-St-Regis-Kanai-Resort-Riviera-Maya?intlink=US-travel-discover-property-results-propertyCard-The-St-Regis-Kanai-Resort-Riviera-Maya,"Playa del Carmen, Quintana Roo MX",FINE HOTELS + RESORTS,St. Regis,Program,20.7188711,-86.98872949999999,"Paseo Kanai 15, Solidaridad, 77730 Playa del Carmen, Q.R., Mexico",google_places,PLACE_DETAILS,ChIJ_ZGdTd1nTo8REzOSVPwIupQ,establishment;lodging;point_of_interest,False,CACHED
The St. Regis Cap Cana Resort,https://www.americanexpress.com/en-us/travel/discover/property/Dominican-Republic/Punta-Cana/The-St-Regis-Cap-Cana-Resort?intlink=US-travel-discover-property-results-propertyCard-The-St-Regis-Cap-Cana-Resort,"Punta Cana, Dominican Republic",FINE HOTELS + RESORTS,St. Regis,Program,18.4560625,-68.4153125,"Punta Cana 23000, Dominican Republic",google_places,PLACE_DETAILS,ChIJ9701yJibqI4R2OeUYjuQJ9A,establishment;lodging;point_of_interest,False,CACHED
The St. Regis Punta Mita Resort,https://www.americanexpress.com/en-us/travel/discover/property/Nayarit-MX/Punta-de-Mita/The-St-Regis-Punta-Mita-Resort?intlink=US-travel-discover-property-results-propertyCard-The-St-Regis-Punta-Mita-Resort,"Punta de Mita, Nayarit MX",FINE HOTELS + RESORTS,St. Regis,Program,20.7679501,-105.5378292,"Lote H-4 Carretera Federal 200, Km 19.5, 63734 Corral del Risco, Nay., Mexico",google_places,PLACE_DETAILS,ChIJf_cO2y8TIYQRLohfyI8YsDA,establishment;lodging;point_of_interest,False,CACHED
The St. Regis Qingdao,https://www.americanexpress.com/en-us/travel/discover/property/China/Qingdao/The-St-Regis-Qingdao?intlink=US-travel-discover-property-results-propertyCard-The-St-Regis-Qingdao,"Qingdao, China",FINE HOTELS + RESORTS,St. Regis,Program,36.056576,120.369406,"No, 48 香港西路市南区青岛市山东省 China, 266000",google_places,PLACE_DETAILS,ChIJDZbg9WwQljURBFqBQqQNefc,establishment;lodging;point_of_interest,False,CACHED
The St. Regis Riyadh,https://www.americanexpress.com/en-us/travel/discover/property/Saudi-Arabia/Riyadh/The-St-Regis-Riyadh?intlink=US-travel-discover-property-results-propertyCard-The-St-Regis-Riyadh,"Riyadh, Saudi Arabia",FINE HOTELS + RESORTS,St. Regis,Program,24.6665607,46.6264376,"2941 Makkah Al Mukarramah Road, Al Hada، District، Riyadh 12912, Saudi Arabia",google_places,PLACE_DETAILS,ChIJN06I3mYcLz4R2IHkBxMAC58,bar;establishment;lodging;point_of_interest,False,CACHED
The St. Regis Rome,https://www.americanexpress.com/en-us/travel/discover/property/Italy/Rome/The-St-Regis-Rome?intlink=US-travel-discover-property-results-propertyCard-The-St-Regis-Rome,"Rome, Italy",FINE HOTELS + RESORTS,St. Regis,Program,41.9040717,12.4948729,"Via Vittorio Emanuele Orlando, 3, 00185 Roma RM, Italy",google_places,PLACE_DETAILS,ChIJx2SA37dsJRMRK89K-Hte_A8,establishment;lodging;point_of_interest,False,CACHED
The St. Regis San Francisco,https://www.americanexpress.com/en-us/travel/discover/property/California-US/San-Francisco/The-St-Regis-San-Francisco?intlink=US-travel-discover-property-results-propertyCard-The-St-Regis-San-Francisco,"San Francisco, California US",FINE HOTELS + RESORTS,St. Regis,Program,37.7861299,-122.4014681,"125 3rd St, San Francisco, CA 94103, USA",google_places,PLACE_DETAILS,ChIJFzmL9IeAhYARH75pRwnV0sk,establishment;lodging;point_of_interest,False,CACHED
The St. Regis Sanya Yalong Bay Resort,https://www.americanexpress.com/en-us/travel/discover/property/China/Sanya/The-St-Regis-Sanya-Yalong-Bay-Resort?intlink=US-travel-discover-property-results-propertyCard-The-St-Regis-Sanya-Yalong-Bay-Resort,"Sanya, China",FINE HOTELS + RESORTS,St. Regis,Program,18.223104,109.61242,"Yalong Bay National Resort District, 6JF6+6XV吉阳区三亚市海南省 China, 572016",google_places,PLACE_DETAILS,ChIJwWgz2ou0WjER372ePK46614,establishment;lodging;point_of_interest,False,CACHED
"The St. Regis on the Bund, Shanghai",https://www.americanexpress.com/en-us/travel/discover/property/China/Shanghai/The-St-Regis-On-The-Bund-Shanghai?intlink=US-travel-discover-property-results-propertyCard-The-St-Regis-On-The-Bund-Shanghai,"Shanghai, China",FINE HOTELS + RESORTS,St. Regis,Program,31.232645,121.45198,"China, Shang Hai Shi, Jing An Qu, 北京西路1008号 邮政编码: 200041",google_places,PLACE_DETAILS,ChIJ3zW5_BtwsjUR2kyc6h8k0E8,establishment;lodging;point_of_interest,False,CACHED
The St. Regis Shanghai Jingan,https://www.americanexpress.com/en-us/travel/discover/property/China/Shanghai/The-St-Regis-Shanghai-Jingan?intlink=US-travel-discover-property-results-propertyCard-The-St-Regis-Shanghai-Jingan,"Shanghai, China",FINE HOTELS + RESORTS,St. Regis,Program,31.232645,121.45198,"China, Shang Hai Shi, Jing An Qu, 北京西路1008号 邮政编码: 200041",google_places,PLACE_DETAILS,ChIJ3zW5_BtwsjUR2kyc6h8k0E8,establishment;lodging;point_of_interest,False,CACHED
The St. Regis Shenzhen,https://www.americanexpress.com/en-us/travel/discover/property/China/Shenzhen/The-St-Regis-Shenzhen?intlink=US-travel-discover-property-results-propertyCard-The-St-Regis-Shenzhen,"Shenzhen, China",FINE HOTELS + RESORTS,St. Regis,Program,22.5430759,114.1066643,"5016 Shen Nan Dong Lu, Luo Hu Qu, Shen Zhen Shi, Guang Dong Sheng, China, 518001",google_places,PLACE_DETAILS,ChIJhVMwTzf0AzQRA174uQeavP0,establishment;lodging;point_of_interest,False,CACHED
The St. Regis Shenzhen Bao'an,https://www.americanexpress.com/en-us/travel/discover/property/China/Shenzhen/The-St-Regis-Shenzhen-Baoan?intlink=US-travel-discover-property-results-propertyCard-The-St-Regis-Shenzhen-Baoan,"Shenzhen, China",FINE HOTELS + RESORTS,St. Regis,Program,22.5514302,113.8810781,"1088 Xing Ye Lu, Bao An Qu, No, Guang Dong Sheng, China, 518101",google_places,PLACE_DETAILS,ChIJXd9nAQDvAzQRuSHjabe1-iI,establishment;lodging;point_of_interest,False,CACHED
The St. Regis Singapore,https://www.americanexpress.com/en-us/travel/discover/property/Singapore/Singapore/The-St-Regis-Singapore?intlink=US-travel-discover-property-results-propertyCard-The-St-Regis-Singapore,"Singapore, Singapore",FINE HOTELS + RESORTS,St. Regis,Program,1.306006,103.8260475,"29 Tanglin Rd, Singapore 247911",google_places,PLACE_DETAILS,ChIJb9RocosZ2jERYG-hayjKLIo,establishment;lodging;point_of_interest,False,CACHED
The St. Regis Bermuda Resort,https://www.americanexpress.com/en-us/travel/discover/property/Bermuda/St.-George's/The-St-Regis-Bermuda-Resort?intlink=US-travel-discover-property-results-propertyCard-The-St-Regis-Bermuda-Resort,"St. George's, Bermuda",FINE HOTELS + RESORTS,St. Regis,Program,32.388967,-64.6748867,"34 Coot Pond Road, St.George's GE 03, Bermuda",google_places,PLACE_DETAILS,ChIJGXKVKXxzLYoRB3T2EmQSuTc,establishment;lodging;point_of_interest,False,CACHED
The St. Regis Toronto,https://www.americanexpress.com/en-us/travel/discover/property/Ontario-CA/Toronto/The-St-Regis-Toronto?intlink=US-travel-discover-property-results-propertyCard-The-St-Regis-Toronto,"Toronto, Ontario CA",FINE HOTELS + RESORTS,St. Regis,Program,43.649722,-79.38027799999999,"325 Bay St., Toronto, ON M5H 4G3, Canada",google_places,PLACE_DETAILS,ChIJOaZGKvTL1IkR8aw3x1f3Ukc,establishment;lodging;point_of_interest,False,CACHED
The St. Regis Red Sea,https://www.americanexpress.com/en-us/travel/discover/property/Saudi-Arabia/Ummahat-Island/The-St-Regis-Red-Sea?intlink=US-travel-discover-property-results-propertyCard-The-St-Regis-Red-Sea,"Ummahat Island, Saudi Arabia",FINE HOTELS + RESORTS,St. Regis,Program,25.5472801,36.7452928,"Ummahat Island 1, Red Sea 48501, Saudi Arabia",google_places,PLACE_DETAILS,ChIJ3fk9GAD5sBURMKrbERnnujQ,establishment;lodging;point_of_interest,False,CACHED
The St. Regis Venice,https://www.americanexpress.com/en-us/travel/discover/property/Italy/Venice/The-St-Regis-Venice?intlink=US-travel-discover-property-results-propertyCard-The-St-Regis-Venice,"Venice, Italy",FINE HOTELS + RESORTS,St. Regis,Program,45.431933,12.33549,"P.za San Marco, 2159, 30124 Venezia VE, Italy",google_places,PLACE_DETAILS,ChIJP0FuiHGxfkcRHdcHCSIKnfE,establishment;lodging;point_of_interest,False,CACHED
The St. Regis Washington D.C.,https://www.americanexpress.com/en-us/travel/discover/property/District-of-Columbia-US/Washington/The-St-Regis-Washington-Dc?intlink=US-travel-discover-property-results-propertyCard-The-St-Regis-Washington-Dc,"Washington, District of Columbia US",FINE HOTELS + RESORTS,St. Regis,Program,38.9021897,-77.036168,"923 16th St NW, Washington, DC 20006, USA",google_places,PLACE_DETAILS,ChIJG6HF9L63t4kRNEOi1TUU2pc,establishment;lodging;point_of_interest,False,CACHED
The St. Regis Zhuhai,https://www.americanexpress.com/en-us/travel/discover/property/China/Zhuhai/The-St-Regis-Zhuhai?intlink=US-travel-discover-property-results-propertyCard-The-St-Regis-Zhuhai,"Zhuhai, China",FINE HOTELS + RESORTS,St. Regis,Program,22.171623,113.526596,"Area E, No.1663 Yinwan Road (41-72F, Zhuhai Center), 香洲区 Zhuhai, Guangdong, China",google_places,PLACE_DETAILS,ChIJozM7mId6ATQRR4fPnudjQZE,establishment;lodging;point_of_interest,False,CACHED
"Taj Exotica Resort & Spa, Goa",https://www.americanexpress.com/en-us/travel/discover/property/India/Benaulim/Taj-Exotica-Resort--Spa-Goa?intlink=US-travel-discover-property-results-propertyCard-Taj-Exotica-Resort--Spa-Goa,"Benaulim, India",FINE HOTELS + RESORTS,Taj Hotels Palaces Resorts Safaris,Program,15.2452367,73.9248133,"Beach Road, Calwaddo, Benaulim, Goa 403716, India",google_places,PLACE_DETAILS,ChIJiVbna6ywvzsRaASo1KU8pzE,establishment;lodging;point_of_interest,False,CACHED
Taj Falaknuma Palace,https://www.americanexpress.com/en-us/travel/discover/property/India/Hyderabad/Taj-Falaknuma-Palace?intlink=US-travel-discover-property-results-propertyCard-Taj-Falaknuma-Palace,"Hyderabad, India",FINE HOTELS + RESORTS,Taj Hotels Palaces Resorts Safaris,Program,17.3314792,78.4674647,"Engine Bowli, Falaknuma, Hyderabad, Telangana 500053, India",google_places,PLACE_DETAILS,ChIJQSoXVFa9yzsRLgAgJMKw29M,establishment;lodging;point_of_interest,False,CACHED
Rambagh Palace,https://www.americanexpress.com/en-us/travel/discover/property/India/Jaipur/Rambagh-Palace?intlink=US-travel-discover-property-results-propertyCard-Rambagh-Palace,"Jaipur, India",FINE HOTELS + RESORTS,Taj Hotels Palaces Resorts Safaris,Program,26.8981053,75.8081498,"Bhawani Singh Rd, Rambagh, Jaipur, Rajasthan 302005, India",google_places,PLACE_DETAILS,ChIJxQqXeB-0bTkRHId_W2Lvng4,establishment;lodging;point_of_interest,False,CACHED
Umaid Bhawan Palace,https://www.americanexpress.com/en-us/travel/discover/property/India/Jodhpur/Umaid-Bhawan-Palace?intlink=US-travel-discover-property-results-propertyCard-Umaid-Bhawan-Palace,"Jodhpur, India",FINE HOTELS + RESORTS,Taj Hotels Palaces Resorts Safaris,Program,26.2810298,73.04730219999999,"Circuit House Rd, near Umaid Bhawan Museum, Cantt Area, Jodhpur, Rajasthan 342006, India",google_places,PLACE_DETAILS,ChIJ97NXLfqMQTkRcb6AeFAk0Mw,establishment;lodging;point_of_interest,False,CACHED
"The Taj Mahal Palace, Mumbai",https://www.americanexpress.com/en-us/travel/discover/property/India/Mumbai/The-Taj-Mahal-Palace-Mumbai?intlink=US-travel-discover-property-results-propertyCard-The-Taj-Mahal-Palace-Mumbai,"Mumbai, India",FINE HOTELS + RESORTS,Taj Hotels Palaces Resorts Safaris,Program,18.9216631,72.8332028,"Apollo Bandar, Colaba, Mumbai, Maharashtra 400001, India",google_places,PLACE_DETAILS,ChIJ____b8DR5zsRVz_XpIUEKcA,establishment;lodging;point_of_interest,False,CACHED
Taj Mahal New Delhi,https://www.americanexpress.com/en-us/travel/discover/property/India/New-Delhi/Taj-Mahal-New-Delhi?intlink=US-travel-discover-property-results-propertyCard-Taj-Mahal-New-Delhi,"New Delhi, India",FINE HOTELS + RESORTS,Taj Hotels Palaces Resorts Safaris,Program,28.5950829,77.1709187,"2, Sardar Patel Marg, Diplomatic Enclave, Chanakyapuri, New Delhi, Delhi 110021, India",google_places,PLACE_DETAILS,ChIJe4zp0KMdDTkRm90YLrHBVg8,establishment;lodging;point_of_interest,False,CACHED
"The Pierre, New York, a Taj Hotel",https://www.americanexpress.com/en-us/travel/discover/property/New-York-US/New-York/The-Pierre-New-York-a-Taj-Hotel?intlink=US-travel-discover-property-results-propertyCard-The-Pierre-New-York-a-Taj-Hotel,"New York, New York US",FINE HOTELS + RESORTS,Taj Hotels Palaces Resorts Safaris,Program,40.7651828,-73.9718937,"2 E 61st St, New York, NY 10065, USA",google_places,PLACE_DETAILS,ChIJBxesOvBYwokR519Koj1ulDY,establishment;lodging;point_of_interest,False,CACHED
"Taj Rishikesh Resort & Spa, Uttarakhand",https://www.americanexpress.com/en-us/travel/discover/property/India/Rishikesh/Taj-Rishikesh-Resort--Spa-Uttarakhand?intlink=US-travel-discover-property-results-propertyCard-Taj-Rishikesh-Resort--Spa-Uttarakhand,"Rishikesh, India",FINE HOTELS + RESORTS,Taj Hotels Palaces Resorts Safaris,Program,30.0577843,78.48217489999999,"Singthali, near Pebble Beach, Byasi, Rishikesh, Uttarakhand 249192, India",google_places,PLACE_DETAILS,ChIJ3XgX5iINCTkRqp6DMt5KMfM,establishment;lodging;point_of_interest;spa,False,CACHED
Taj Campton Place,https://www.americanexpress.com/en-us/travel/discover/property/California-US/San-Francisco/Taj-Campton-Place?intlink=US-travel-discover-property-results-propertyCard-Taj-Campton-Place,"San Francisco, California US",FINE HOTELS + RESORTS,Taj Hotels Palaces Resorts Safaris,Program,37.7893052,-122.4066335,"340 Stockton St, San Francisco, CA 94108, USA",google_places,PLACE_DETAILS,ChIJO-bVSYmAhYAR6pCDvKXVsn8,establishment;lodging;point_of_interest,False,CACHED
"Taj Exotica Resort & Spa, Maldives",https://www.americanexpress.com/en-us/travel/discover/property/Maldives/South-Malé-Atoll/Taj-Exotica-Resort--Spa-Maldives?intlink=US-travel-discover-property-results-propertyCard-Taj-Exotica-Resort--Spa-Maldives,"South Malé Atoll, Maldives",FINE HOTELS + RESORTS,Taj Hotels Palaces Resorts Safaris,Program,4.1009593,73.5261313,"Emboodhu Finolhu, South Male Atoll 02117, Maldives",google_places,PLACE_DETAILS,ChIJz5eYtll8PzsRuqMYMfx500c,establishment;lodging;point_of_interest,False,CACHED
"Taj Lake Palace, Udaipur",https://www.americanexpress.com/en-us/travel/discover/property/India/Udaipur/Taj-Lake-Palace-Udaipur?intlink=US-travel-discover-property-results-propertyCard-Taj-Lake-Palace-Udaipur,"Udaipur, India",FINE HOTELS + RESORTS,Taj Hotels Palaces Resorts Safaris,Program,24.5754433,73.6800308,"Lake Pichola, Pichola, Udaipur, Rajasthan 313004, India",google_places,PLACE_DETAILS,ChIJiwt_-OzvZzkRQ3QXDjqVCCc,establishment;lodging;point_of_interest,False,CACHED
Adare Manor,https://www.americanexpress.com/en-us/travel/discover/property/Ireland/Adare/Adare-Manor?intlink=US-travel-discover-property-results-propertyCard-Adare-Manor,"Adare, Ireland",FINE HOTELS + RESORTS,The Leading Hotels of the World,Program,52.5641133,-8.7778239,"Adare, Co. Limerick, V94 W8WR, Ireland",google_places,PLACE_DETAILS,ChIJseboCAxGW0gRV4g3qbkTedE,establishment;lodging;point_of_interest,False,CACHED
COMO Alpina Dolomites,https://www.americanexpress.com/en-us/travel/discover/property/Italy/Alpe-di-Siusi/Como-Alpina-Dolomites?intlink=US-travel-discover-property-results-propertyCard-Como-Alpina-Dolomites,"Alpe di Siusi, Italy",FINE HOTELS + RESORTS,The Leading Hotels of the World,Program,46.5427778,11.6155556,"Compatsch, 62/3, 39040 Alpe di Siusi BZ, Italy",google_places,PLACE_DETAILS,ChIJnxjCulVseEcRAgzDCQT2-bk,establishment;lodging;point_of_interest,False,CACHED
"Hotel Santa Caterina, Amalfi",https://www.americanexpress.com/en-us/travel/discover/property/Italy/Amalfi/Hotel-Santa-Caterina-Amalfi?intlink=US-travel-discover-property-results-propertyCard-Hotel-Santa-Caterina-Amalfi,"Amalfi, Italy",FINE HOTELS + RESORTS,The Leading Hotels of the World,Program,40.6294153,14.5928692,"Via Mauro Comite, 9, 84011 Amalfi SA, Italy",google_places,PLACE_DETAILS,ChIJlWZ_kWiXOxMRbmB5HIkKCVg,establishment;food;lodging;point_of_interest;restaurant;spa,False,CACHED
De L'Europe Amsterdam,https://www.americanexpress.com/en-us/travel/discover/property/Netherlands/Amsterdam/De-Leurope-Amsterdam?intlink=US-travel-discover-property-results-propertyCard-De-Leurope-Amsterdam,"Amsterdam, Netherlands",FINE HOTELS + RESORTS,The Leading Hotels of the World,Program,52.3675112,4.8942865,"Nieuwe Doelenstraat 2-14, 1012 CP Amsterdam, Netherlands",google_places,PLACE_DETAILS,ChIJw0-tDsAJxkcRaW2mhNKHU0Y,establishment;lodging;point_of_interest,False,CACHED
The Dylan Amsterdam,https://www.americanexpress.com/en-us/travel/discover/property/Netherlands/Amsterdam/The-Dylan-Amsterdam?intlink=US-travel-discover-property-results-propertyCard-The-Dylan-Amsterdam,"Amsterdam, Netherlands",FINE HOTELS + RESORTS,The Leading Hotels of the World,Program,52.369359,4.8842114,"Keizersgracht 384, 1016 GA Amsterdam, Netherlands",google_places,PLACE_DETAILS,ChIJg8bf-sIJxkcRsvcYZBHfZ14,bar;establishment;food;lodging;point_of_interest;restaurant,False,CACHED
The Chedi Andermatt,https://www.americanexpress.com/en-us/travel/discover/property/Switzerland/Andermatt/The-Chedi-Andermatt?intlink=US-travel-discover-property-results-propertyCard-The-Chedi-Andermatt,"Andermatt, Switzerland",FINE HOTELS + RESORTS,The Leading Hotels of the World,Program,46.6363524,8.594439099999999,"Gotthardstrasse 4, 6490 Andermatt, Switzerland",google_places,PLACE_DETAILS,ChIJA3rwat1xhUcRKZxeGFYI5Ek,establishment;food;lodging;point_of_interest;restaurant;spa,False,CACHED
Maxx Royal Kemer Resort,https://www.americanexpress.com/en-us/travel/discover/property/Turkey/Antalya/Maxx-Royal-Kemer-Resort?intlink=US-travel-discover-property-results-propertyCard-Maxx-Royal-Kemer-Resort,"Antalya, Turkey",FINE HOTELS + RESORTS,The Leading Hotels of the World,Program,36.57901,30.5842437,"Kiriş Mh., Kiriş Cad. No:88, Kiriş, 07980 Kemer/Antalya, Türkiye",google_places,PLACE_DETAILS,ChIJ7eqmUgO3wxQRWdi1f02_Mk8,establishment;lodging;point_of_interest,False,CACHED
Botanic Sanctuary Antwerp,https://www.americanexpress.com/en-us/travel/discover/property/Belgium/Antwerp/Botanic-Sanctuary-Antwerp?intlink=US-travel-discover-property-results-propertyCard-Botanic-Sanctuary-Antwerp,"Antwerp, Belgium",FINE HOTELS + RESORTS,The Leading Hotels of the World,Program,51.213795,4.4071357,"Leopoldstraat 26, 2000 Antwerpen, Belgium",google_places,PLACE_DETAILS,ChIJpxlVwPr2w0cR3N_QeJZ_g_8,establishment;food;gym;health;lodging;point_of_interest;restaurant;spa,False,CACHED
The Gleneagles Hotel,https://www.americanexpress.com/en-us/travel/discover/property/Scotland/Auchterarder/The-Gleneagles-Hotel?intlink=US-travel-discover-property-results-propertyCard-The-Gleneagles-Hotel,"Auchterarder, Scotland",FINE HOTELS + RESORTS,The Leading Hotels of the World,Program,56.2831234,-3.7520724,"The Gleneagles Hotel, Auchterarder PH3 1NF, UK",google_places,PLACE_DETAILS,ChIJzR8TvrYohkgRlgU5Noy3dBM,establishment;lodging;point_of_interest,False,CACHED
Grand Resort Bad Ragaz,https://www.americanexpress.com/en-us/travel/discover/property/Switzerland/Bad-Ragaz/Grand-Resort-Bad-Ragaz?intlink=US-travel-discover-property-results-propertyCard-Grand-Resort-Bad-Ragaz,"Bad Ragaz, Switzerland",FINE HOTELS + RESORTS,The Leading Hotels of the World,Program,47.0004272,9.5037097,"Bernhard-Simonstrasse 20, 7310 Bad Ragaz, Switzerland",google_places,PLACE_DETAILS,ChIJSSCOWonLhEcRTqwr1k7lj5k,establishment;health;lodging;point_of_interest;spa,False,CACHED
El Palace Barcelona,https://www.americanexpress.com/en-us/travel/discover/property/Spain/Barcelona/El-Palace-Barcelona?intlink=US-travel-discover-property-results-propertyCard-El-Palace-Barcelona,"Barcelona, Spain",FINE HOTELS + RESORTS,The Leading Hotels of the World,Program,41.3915035,2.1715182,"Gran Via de les Corts Catalanes, 668, Eixample, 08010 Barcelona, Spain",google_places,PLACE_DETAILS,ChIJxXEkMe6ipBIRJXdyhVotT8g,establishment;lodging;point_of_interest,False,CACHED
Grand Hotel Les Trois Rois,https://www.americanexpress.com/en-us/travel/discover/property/Switzerland/Basel/Grand-Hotel-Les-Trois-Rois?intlink=US-travel-discover-property-results-propertyCard-Grand-Hotel-Les-Trois-Rois,"Basel, Switzerland",FINE HOTELS + RESORTS,The Leading Hotels of the World,Program,47.5604387,7.5876472,"Blumenrain 8, 4001 Basel, Switzerland",google_places,PLACE_DETAILS,ChIJ9TTWPK-5kUcR-w9C3b0WDKs,bar;establishment;food;lodging;point_of_interest;restaurant,False,CACHED
The PuXuan Hotel and SPA,https://www.americanexpress.com/en-us/travel/discover/property/China/Beijing/The-Puxuan-Hotel-And-Spa?intlink=US-travel-discover-property-results-propertyCard-The-Puxuan-Hotel-And-Spa,"Beijing, China",FINE HOTELS + RESORTS,The Leading Hotels of the World,Program,39.90445,116.40729,"No.1 WangFuJing Street, 东城区 China, 100006",google_places,PLACE_DETAILS,ChIJ-bte17lS8DURvKtmaO2KfBk,establishment;lodging;point_of_interest,False,CACHED
Bellevue Palace,https://www.americanexpress.com/en-us/travel/discover/property/Switzerland/Bern/Bellevue-Palace?intlink=US-travel-discover-property-results-propertyCard-Bellevue-Palace,"Bern, Switzerland",FINE HOTELS + RESORTS,The Leading Hotels of the World,Program,46.94661720000001,7.4467198,"Kochergasse 3/5, 3011 Bern, Switzerland",google_places,PLACE_DETAILS,ChIJc6vVl8Y5jkcRoEhpjy_ijyk,bar;establishment;food;lodging;point_of_interest;restaurant,False,CACHED
Beach Club at The Boca Raton,https://www.americanexpress.com/en-us/travel/discover/property/Florida-US/Boca-Raton/Beach-Club-At-The-Boca-Raton?intlink=US-travel-discover-property-results-propertyCard-Beach-Club-At-The-Boca-Raton,"Boca Raton, Florida US",FINE HOTELS + RESORTS,The Leading Hotels of the World,Program,26.3419485,-80.0774959,"501 E Camino Real, Boca Raton, FL 33432, USA",google_places,PLACE_DETAILS,ChIJcxKBYBbi2IgRydbcm-_5qa4,establishment;lodging;point_of_interest,False,CACHED
Nayara Bocas del Toro,https://www.americanexpress.com/en-us/travel/discover/property/Panama/Bocas-del-Toro/Nayara-Bocas-Del-Toro?intlink=US-travel-discover-property-results-propertyCard-Nayara-Bocas-Del-Toro,"Bocas del Toro, Panama",FINE HOTELS + RESORTS,The Leading Hotels of the World,Program,9.238182199999999,-82.22098249999999,"Isla Frangipani, Panama",google_places,PLACE_DETAILS,ChIJS5vJ97wdpo8RjTq17znaqW4,establishment;lodging;point_of_interest,False,CACHED
The Grand Hotel Majestic già Baglioni,https://www.americanexpress.com/en-us/travel/discover/property/Italy/Bologna/The-Grand-Hotel-Majestic-Gia-Baglioni?intlink=US-travel-discover-property-results-propertyCard-The-Grand-Hotel-Majestic-Gia-Baglioni,"Bologna, Italy",FINE HOTELS + RESORTS,The Leading Hotels of the World,Program,44.4958518,11.3427008,"Via dell'Indipendenza, 8, 40121 Bologna BO, Italy",google_places,PLACE_DETAILS,ChIJOV12DJbUf0cR3SG5RyJngAs,establishment;food;lodging;point_of_interest;restaurant,False,CACHED
The Newbury Boston,https://www.americanexpress.com/en-us/travel/discover/property/Massachusetts-US/Boston/The-Newbury-Boston?intlink=US-travel-discover-property-results-propertyCard-The-Newbury-Boston,"Boston, Massachusetts US",FINE HOTELS + RESORTS,The Leading Hotels of the World,Program,42.3527354,-71.0715154,"1 Newbury St, Boston, MA 02116, USA",google_places,PLACE_DETAILS,ChIJCzvujLR744kR9XcbVoc69I0,establishment;lodging;point_of_interest,False,CACHED
Borgo Egnazia,https://www.americanexpress.com/en-us/travel/discover/property/Italy/Brindisi/Borgo-Egnazia?intlink=US-travel-discover-property-results-propertyCard-Borgo-Egnazia,"Brindisi, Italy",FINE HOTELS + RESORTS,The Leading Hotels of the World,Program,40.8751909,17.3973387,"Strada Comunale Egnazia, 72015, di Savelletri BR, Italy",google_places,PLACE_DETAILS,ChIJ9TNOP1pJRhMRBbrDI8lSF4g,establishment;lodging;point_of_interest;tourist_attraction,False,CACHED
Alvear Palace Hotel,https://www.americanexpress.com/en-us/travel/discover/property/Argentina/Buenos-Aires/Alvear-Palace-Hotel?intlink=US-travel-discover-property-results-propertyCard-Alvear-Palace-Hotel,"Buenos Aires, Argentina",FINE HOTELS + RESORTS,The Leading Hotels of the World,Program,-34.58758359999999,-58.3888465,"Av. Alvear 1891, C1129AAA Cdad. Autónoma de Buenos Aires, Argentina",google_places,PLACE_DETAILS,ChIJrVCUfKPKvJURAcHULil-35w,establishment;lodging;point_of_interest,False,CACHED
Castell Son Claret,https://www.americanexpress.com/en-us/travel/discover/property/Spain/Calvià/Castell-Son-Claret?intlink=US-travel-discover-property-results-propertyCard-Castell-Son-Claret,"Calvià, Spain",FINE HOTELS + RESORTS,The Leading Hotels of the World,Program,39.5921735,2.4795839,"Carretera km 1.7 Calvià, 07196 · Mallorca, Illes Balears, Spain",google_places,PLACE_DETAILS,ChIJqeTzXHuKlxIRFaaSn6SS9v4,establishment;food;lodging;point_of_interest;restaurant;spa,False,CACHED
Villa La Massa,https://www.americanexpress.com/en-us/travel/discover/property/Italy/Candeli/Villa-La-Massa?intlink=US-travel-discover-property-results-propertyCard-Villa-La-Massa,"Candeli, Italy",FINE HOTELS + RESORTS,The Leading Hotels of the World,Program,43.76505960000001,11.3336993,"Via della Massa, 24, 50012 Candeli FI, Italy",google_places,PLACE_DETAILS,ChIJYyANrahUKhMRif5P9rdrpm8,establishment;food;lodging;point_of_interest;restaurant;spa,False,CACHED
Grand Hotel Quisisana,https://www.americanexpress.com/en-us/travel/discover/property/Italy/Capri/Grand-Hotel-Quisisana?intlink=US-travel-discover-property-results-propertyCard-Grand-Hotel-Quisisana,"Capri, Italy",FINE HOTELS + RESORTS,The Leading Hotels of the World,Program,40.5496547,14.2441993,"Via Camerelle, 2, 80073 Capri NA, Italy",google_places,PLACE_DETAILS,ChIJzSNnqS54OxMR0MV0rL3fKGA,establishment;lodging;point_of_interest,False,CACHED
J.K. Place Capri,https://www.americanexpress.com/en-us/travel/discover/property/Italy/Capri/Jk-Place-Capri?intlink=US-travel-discover-property-results-propertyCard-Jk-Place-Capri,"Capri, Italy",FINE HOTELS + RESORTS,The Leading Hotels of the World,Program,40.55743469999999,14.2354523,"Via Marina Grande, 225, 80073 Capri NA, Italy",google_places,PLACE_DETAILS,ChIJK_MtD353OxMR0D_TkhhWBRA,establishment;food;lodging;point_of_interest;restaurant;spa,False,CACHED
Casa San Agustin,https://www.americanexpress.com/en-us/travel/discover/property/Colombia/Cartagena/Casa-San-Agustin?intlink=US-travel-discover-property-results-propertyCard-Casa-San-Agustin,"Cartagena, Colombia",FINE HOTELS + RESORTS,The Leading Hotels of the World,Program,10.4256303,-75.54922239999999,"Centro historico, Cl. de la Universidad #carrera 6, El Centro, Cartagena de Indias, Bolívar, Colombia",google_places,PLACE_DETAILS,ChIJN0JrDZ8v9o4RDBmg4Gzmvv8,establishment;lodging;point_of_interest,False,CACHED
Royal Mansour Casablanca,https://www.americanexpress.com/en-us/travel/discover/property/Morocco/Casablanca/Royal-Mansour-Casablanca?intlink=US-travel-discover-property-results-propertyCard-Royal-Mansour-Casablanca,"Casablanca, Morocco",FINE HOTELS + RESORTS,The Leading Hotels of the World,Program,33.5969402,-7.614334500000001,"27 Avenue des Forces Armées Royales, Casablanca 20250, Morocco",google_places,PLACE_DETAILS,ChIJU2ys9CDTpw0ROhfh22ji91g,establishment;lodging;point_of_interest,False,CACHED
L'Andana,https://www.americanexpress.com/en-us/travel/discover/property/Italy/Castiglione-della-Pescaia/Landana?intlink=US-travel-discover-property-results-propertyCard-Landana,"Castiglione della Pescaia, Italy",FINE HOTELS + RESORTS,The Leading Hotels of the World,Program,42.7973931,10.9727164,"Località Badiola, 58043 Castiglione della Pescaia GR, Italy",google_places,PLACE_DETAILS,ChIJKXPET13IKRMRsi8iF2BowNc,establishment;food;lodging;point_of_interest;restaurant;spa,False,CACHED
Villa D'Este,https://www.americanexpress.com/en-us/travel/discover/property/Italy/Cernobbio/Villa-Deste?intlink=US-travel-discover-property-results-propertyCard-Villa-Deste,"Cernobbio, Italy",FINE HOTELS + RESORTS,The Leading Hotels of the World,Program,45.8450079,9.0793838,"Via Regina, 40, 22012 Cernobbio CO, Italy",google_places,PLACE_DETAILS,ChIJqTV2BISdhkcREpyNyeFCEf0,establishment;lodging;point_of_interest,False,CACHED
Royal Champagne Hotel & Spa,https://www.americanexpress.com/en-us/travel/discover/property/France/Champillon/Royal-Champagne-Hotel--Spa?intlink=US-travel-discover-property-results-propertyCard-Royal-Champagne-Hotel--Spa,"Champillon, France",FINE HOTELS + RESORTS,The Leading Hotels of the World,Program,49.09122910000001,3.976683099999999,"Hameau de Bellevue, 9 Rue de la République, 51160 Champillon, France",google_places,PLACE_DETAILS,ChIJkehuJt5s6UcRiQ1ZfLtPvx8,bar;establishment;food;lodging;point_of_interest;restaurant;spa;store,False,CACHED
Raya Heritage Chiang Mai,https://www.americanexpress.com/en-us/travel/discover/property/Thailand/Chiang-Mai/Raya-Heritage-Chiang-Mai?intlink=US-travel-discover-property-results-propertyCard-Raya-Heritage-Chiang-Mai,"Chiang Mai, Thailand",FINE HOTELS + RESORTS,The Leading Hotels of the World,Program,18.8486074,98.98525769999999,"157, Tambon Don Kaeo, Amphoe Mae Rim, Chang Wat Chiang Mai 50180, Thailand",google_places,PLACE_DETAILS,ChIJieYgBzM82jARGOIe2G6_Bbo,establishment;lodging;point_of_interest,False,CACHED
Chable Yucatan,https://www.americanexpress.com/en-us/travel/discover/property/Yucatán-MX/Chochola/Chable-Yucatan?intlink=US-travel-discover-property-results-propertyCard-Chable-Yucatan,"Chochola, Yucatán MX",FINE HOTELS + RESORTS,The Leading Hotels of the World,Program,20.754219,-89.8614384,"Tablaje 642, San Antonio Chablé, 97816 Chocholá, Yuc., Mexico",google_places,PLACE_DETAILS,ChIJmxz8vjUYVo8RM54REwRBoZc,establishment;lodging;point_of_interest;spa,False,CACHED
Aria Retreat & SPA,https://www.americanexpress.com/en-us/travel/discover/property/Italy/Cima-di-Porlezza/Aria-Retreat--Spa?intlink=US-travel-discover-property-results-propertyCard-Aria-Retreat--Spa,"Cima di Porlezza, Italy",FINE HOTELS + RESORTS,The Leading Hotels of the World,Program,36.1073702,-115.1767526,"3730 S Las Vegas Blvd, Las Vegas, NV 89158, USA",google_places,PLACE_DETAILS,ChIJhWQVHS7EyIARbwWzRC-I8y4,casino;establishment;lodging;point_of_interest,False,CACHED
Hotel Chais Monnet & Spa,https://www.americanexpress.com/en-us/travel/discover/property/France/Cognac/Hotel-Chais-Monnet--Spa?intlink=US-travel-discover-property-results-propertyCard-Hotel-Chais-Monnet--Spa,"Cognac, France",FINE HOTELS + RESORTS,The Leading Hotels of the World,Program,45.69078529999999,-0.3337564,"50 Av. Paul Firino Martell, 16100 Cognac, France",google_places,PLACE_DETAILS,ChIJP15SH2zzAEgRHiR0lu1bF8o,bar;establishment;food;lodging;point_of_interest;restaurant;spa,False,CACHED
Excelsior Hotel Ernst,https://www.americanexpress.com/en-us/travel/discover/property/Germany/Cologne/Excelsior-Hotel-Ernst?intlink=US-travel-discover-property-results-propertyCard-Excelsior-Hotel-Ernst,"Cologne, Germany",FINE HOTELS + RESORTS,The Leading Hotels of the World,Program,50.9419275,6.956518,"Trankgasse 1-5, 50667 Köln, Germany",google_places,PLACE_DETAILS,ChIJtTYLQ6Ulv0cRia3Z5RAHs6k,establishment;lodging;point_of_interest,False,CACHED
Palazzo Venezia,https://www.americanexpress.com/en-us/travel/discover/property/Italy/Como/Palazzo-Venezia?intlink=US-travel-discover-property-results-propertyCard-Palazzo-Venezia,"Como, Italy",FINE HOTELS + RESORTS,The Leading Hotels of the World,Program,45.4304627,12.3228707,"Fondamenta Zattere Al Ponte Lungo, 1413, 30123 Venezia VE, Italy",google_places,PLACE_DETAILS,ChIJJcrS6suxfkcRPngoRo3o-W4,establishment;lodging;point_of_interest,False,CACHED
"d'Angleterre, Copenhagen",https://www.americanexpress.com/en-us/travel/discover/property/Denmark/Copenhagen/Dangleterre-Copenhagen?intlink=US-travel-discover-property-results-propertyCard-Dangleterre-Copenhagen,"Copenhagen, Denmark",FINE HOTELS + RESORTS,The Leading Hotels of the World,Program,55.6806052,12.5846997,"Kongens Nytorv 34, 1050 København, Denmark",google_places,PLACE_DETAILS,ChIJtRm9KRhTUkYRdv7vSCAmeVM,bar;establishment;food;lodging;point_of_interest;restaurant;spa,False,CACHED
Bahia del Duque,https://www.americanexpress.com/en-us/travel/discover/property/Spain/Costa-Adeje/Bahia-Del-Duque?intlink=US-travel-discover-property-results-propertyCard-Bahia-Del-Duque,"Costa Adeje, Spain",FINE HOTELS + RESORTS,The Leading Hotels of the World,Program,28.0933535,-16.7420282,"Av. de Bruselas, s/n, 38660 Costa Adeje, Santa Cruz de Tenerife, Spain",google_places,PLACE_DETAILS,ChIJddc4dkuXagwRZvnrw2JrS7E,establishment;lodging;point_of_interest;spa,False,CACHED
Hotel Le K2 Palace,https://www.americanexpress.com/en-us/travel/discover/property/France/Courchevel/Hotel-Le-K2-Palace?intlink=US-travel-discover-property-results-propertyCard-Hotel-Le-K2-Palace,"Courchevel, France",FINE HOTELS + RESORTS,The Leading Hotels of the World,Program,45.4121612,6.6388235,"238 Rue des Clarines, 73120 Courchevel, France",google_places,PLACE_DETAILS,ChIJRS6R6q54iUcRfSPTq70HDSQ,establishment;food;gym;health;lodging;movie_theater;point_of_interest;restaurant;spa,False,CACHED
Le Massif,https://www.americanexpress.com/en-us/travel/discover/property/Italy/Courmayeur/Le-Massif?intlink=US-travel-discover-property-results-propertyCard-Le-Massif,"Courmayeur, Italy",FINE HOTELS + RESORTS,The Leading Hotels of the World,Program,45.785324,6.972756299999999,"SR, 38, 11013 Courmayeur AO, Italy",google_places,PLACE_DETAILS,ChIJYWK490JHiUcR7bTH5ct0qR8,bar;establishment;food;lodging;point_of_interest;restaurant;spa,False,CACHED
Guarda Golf Hotel & Residences,https://www.americanexpress.com/en-us/travel/discover/property/Switzerland/Crans-Montana/Guarda-Golf-Hotel--Residences?intlink=US-travel-discover-property-results-propertyCard-Guarda-Golf-Hotel--Residences,"Crans-Montana, Switzerland",FINE HOTELS + RESORTS,The Leading Hotels of the World,Program,46.3068503,7.471142500000001,"Rte des Zirès 14, 3963 Crans-Montana, Switzerland",google_places,PLACE_DETAILS,ChIJ-w51EDLgjkcRB1fQqsQ2fWw,bar;establishment;food;lodging;night_club;point_of_interest;restaurant;spa,False,CACHED
Hotel Swexan,https://www.americanexpress.com/en-us/travel/discover/property/Texas-US/Dallas/Hotel-Swexan?intlink=US-travel-discover-property-results-propertyCard-Hotel-Swexan,"Dallas, Texas US",FINE HOTELS + RESORTS,The Leading Hotels of the World,Program,32.792572,-96.80576219999999,"2575 McKinnon St, Dallas, TX 75201, USA",google_places,PLACE_DETAILS,ChIJz86905uZToYRBRAdduPv98k,establishment;lodging;point_of_interest,False,CACHED
The Joule,https://www.americanexpress.com/en-us/travel/discover/property/Texas-US/Dallas/The-Joule?intlink=US-travel-discover-property-results-propertyCard-The-Joule,"Dallas, Texas US",FINE HOTELS + RESORTS,The Leading Hotels of the World,Program,32.7805917,-96.79847219999999,"1530 Main St STE 100, Dallas, TX 75201, USA",google_places,PLACE_DETAILS,ChIJn8aFxxiZToYR1tuZ71sZKeI,establishment;lodging;point_of_interest,False,CACHED
The Biltmore Hotel Villas,https://www.americanexpress.com/en-us/travel/discover/property/United-Arab-Emirates/Dubai/The-Biltmore-Hotel-Villas?intlink=US-travel-discover-property-results-propertyCard-The-Biltmore-Hotel-Villas,"Dubai, United Arab Emirates",FINE HOTELS + RESORTS,The Leading Hotels of the World,Program,25.7407941,-80.27867959999999,"1200 Anastasia Ave, Coral Gables, FL 33134, USA",google_places,PLACE_DETAILS,ChIJn-er0I-32YgR4K99ZMfBxiQ,establishment;lodging;point_of_interest,False,CACHED
The Merrion Dublin,https://www.americanexpress.com/en-us/travel/discover/property/Ireland/Dublin/The-Merrion-Dublin?intlink=US-travel-discover-property-results-propertyCard-The-Merrion-Dublin,"Dublin, Ireland",FINE HOTELS + RESORTS,The Leading Hotels of the World,Program,53.3385678,-6.2528614,"Merrion St Upper, Dublin 2, Ireland",google_places,PLACE_DETAILS,ChIJrzNr35kOZ0gRgHsZZCq1hQI,establishment;lodging;point_of_interest,False,CACHED
The Westbury,https://www.americanexpress.com/en-us/travel/discover/property/Ireland/Dublin/The-Westbury?intlink=US-travel-discover-property-results-propertyCard-The-Westbury,"Dublin, Ireland",FINE HOTELS + RESORTS,The Leading Hotels of the World,Program,53.34149189999999,-6.2614924,"Balfe St, Dublin 2, D02 CH66, Ireland",google_places,PLACE_DETAILS,ChIJbTYQbZwOZ0gRgEfm89OUVWA,establishment;lodging;point_of_interest,False,CACHED
Sun Gardens Dubrovnik,https://www.americanexpress.com/en-us/travel/discover/property/Croatia/Dubrovnik/Sun-Gardens-Dubrovnik?intlink=US-travel-discover-property-results-propertyCard-Sun-Gardens-Dubrovnik,"Dubrovnik, Croatia",FINE HOTELS + RESORTS,The Leading Hotels of the World,Program,42.6383095,18.1272564,"Ul. Vlaha Bukovca 6, 20000, Dubrovnik, Croatia",google_places,PLACE_DETAILS,ChIJ1y-a9kwLTBMRaNucgQdfvw8,establishment;lodging;point_of_interest,False,CACHED
Villa Dubrovnik,https://www.americanexpress.com/en-us/travel/discover/property/Croatia/Dubrovnik/Villa-Dubrovnik?intlink=US-travel-discover-property-results-propertyCard-Villa-Dubrovnik,"Dubrovnik, Croatia",FINE HOTELS + RESORTS,The Leading Hotels of the World,Program,42.6383095,18.1272564,"Ul. Vlaha Bukovca 6, 20000, Dubrovnik, Croatia",google_places,PLACE_DETAILS,ChIJ1y-a9kwLTBMRaNucgQdfvw8,establishment;lodging;point_of_interest,False,CACHED
Gleneagles Townhouse,https://www.americanexpress.com/en-us/travel/discover/property/Scotland/Edinburgh/Gleneagles-Townhouse?intlink=US-travel-discover-property-results-propertyCard-Gleneagles-Townhouse,"Edinburgh, Scotland",FINE HOTELS + RESORTS,The Leading Hotels of the World,Program,55.95409050000001,-3.1916742,"39 St Andrew Sq, Edinburgh EH2 2AD, UK",google_places,PLACE_DETAILS,ChIJIQtSOkrHh0gRtOoWYwSZUJA,establishment;lodging;point_of_interest,False,CACHED
Schloss Elmau Luxury Spa Retreat & Cultural Hideaway,https://www.americanexpress.com/en-us/travel/discover/property/Germany/Elmau/Schloss-Elmau-Luxury-Spa-Retreat--Cultural-Hideaway?intlink=US-travel-discover-property-results-propertyCard-Schloss-Elmau-Luxury-Spa-Retreat--Cultural-Hideaway,"Elmau, Germany",FINE HOTELS + RESORTS,The Leading Hotels of the World,Program,47.4620556,11.1864856,"In Elmau 2, 82493 Krün, Germany",google_places,PLACE_DETAILS,ChIJxUGnqK4InUcRJ3Yzxw1KbB0,establishment;lodging;point_of_interest,False,CACHED
Katikies Garden,https://www.americanexpress.com/en-us/travel/discover/property/Greece/Fira/Katikies-Garden?intlink=US-travel-discover-property-results-propertyCard-Katikies-Garden,"Fira, Greece",FINE HOTELS + RESORTS,The Leading Hotels of the World,Program,36.4214627,25.4307774,"town, Old catholic monastery, Φηρά 847 00, Greece",google_places,PLACE_DETAILS,ChIJSY_dCtrNmRQRi8o3-kBZ9e8,establishment;lodging;point_of_interest,False,CACHED
Maradiva Villas Resort & Spa,https://www.americanexpress.com/en-us/travel/discover/property/Mauritius/Flic-en-Flac/Maradiva-Villas-Resort--Spa?intlink=US-travel-discover-property-results-propertyCard-Maradiva-Villas-Resort--Spa,"Flic en Flac, Mauritius",FINE HOTELS + RESORTS,The Leading Hotels of the World,Program,-20.3141946,57.3702015,"Wolmar, Wolmar Coastal Rd, Flic en Flac, Mauritius",google_places,PLACE_DETAILS,ChIJN7lUFoZBfCERLwDgPnxL2T0,establishment;lodging;point_of_interest;spa,False,CACHED
Helvetia & Bristol Firenze,https://www.americanexpress.com/en-us/travel/discover/property/Italy/Florence/Helvetia--Bristol-Firenze?intlink=US-travel-discover-property-results-propertyCard-Helvetia--Bristol-Firenze,"Florence, Italy",FINE HOTELS + RESORTS,The Leading Hotels of the World,Program,43.7717546,11.2522415,"Via dei Pescioni, 2, 50123 Firenze FI, Italy",google_places,PLACE_DETAILS,ChIJByGtCapWKhMRtINW-ZP9Imk,establishment;food;lodging;point_of_interest;restaurant,False,CACHED
Palazzo Portinari Salviati,https://www.americanexpress.com/en-us/travel/discover/property/Italy/Florence/Palazzo-Portinari-Salviati?intlink=US-travel-discover-property-results-propertyCard-Palazzo-Portinari-Salviati,"Florence, Italy",FINE HOTELS + RESORTS,The Leading Hotels of the World,Program,43.7715125,11.2573904,"Via del Corso, 6, 50122 Firenze FI, Italy",google_places,PLACE_DETAILS,ChIJJwQo0xVVKhMRrS_WKht6tL8,establishment;lodging;point_of_interest,False,CACHED
Portrait Firenze,https://www.americanexpress.com/en-us/travel/discover/property/Italy/Florence/Portrait-Firenze?intlink=US-travel-discover-property-results-propertyCard-Portrait-Firenze,"Florence, Italy",FINE HOTELS + RESORTS,The Leading Hotels of the World,Program,43.768775,11.2528222,"Lungarno degli Acciaiuoli, 4, 50123 Firenze FI, Italy",google_places,PLACE_DETAILS,ChIJF7-wEQBUKhMRd9ErWGgSAPg,bar;establishment;food;lodging;point_of_interest;restaurant,False,CACHED
The Place Firenze,https://www.americanexpress.com/en-us/travel/discover/property/Italy/Florence/The-Place-Firenze?intlink=US-travel-discover-property-results-propertyCard-The-Place-Firenze,"Florence, Italy",FINE HOTELS + RESORTS,The Leading Hotels of the World,Program,43.7729256,11.2498047,"P.za di Santa Maria Novella, 7, 50123 Firenze FI, Italy",google_places,PLACE_DETAILS,ChIJI4A8galWKhMRMeMpaP5CV9M,bar;establishment;food;lodging;point_of_interest;restaurant,False,CACHED
Villa Cora,https://www.americanexpress.com/en-us/travel/discover/property/Italy/Florence/Villa-Cora?intlink=US-travel-discover-property-results-propertyCard-Villa-Cora,"Florence, Italy",FINE HOTELS + RESORTS,The Leading Hotels of the World,Program,43.7572467,11.2475232,"Viale Machiavelli, 18, 50125 Firenze FI, Italy",google_places,PLACE_DETAILS,ChIJuaMLi1lRKhMRqj9DilE3nyU,bar;establishment;food;lodging;point_of_interest;restaurant;spa,False,CACHED
The Phoenicia-Malta,https://www.americanexpress.com/en-us/travel/discover/property/Malta/Floriana/The-Phoenicia-malta?intlink=US-travel-discover-property-results-propertyCard-The-Phoenicia-malta,"Floriana, Malta",FINE HOTELS + RESORTS,The Leading Hotels of the World,Program,35.89540059999999,14.5071474,"The Mall FRN1478, Floriana, Malta",google_places,PLACE_DETAILS,ChIJOeyKnCtFDhMRLnhVCISStPA,establishment;lodging;point_of_interest,False,CACHED
Mezzatorre Hotel & Thermal Spa,https://www.americanexpress.com/en-us/travel/discover/property/Italy/Forio/Mezzatorre-Hotel--Thermal-Spa?intlink=US-travel-discover-property-results-propertyCard-Mezzatorre-Hotel--Thermal-Spa,"Forio, Italy",FINE HOTELS + RESORTS,The Leading Hotels of the World,Program,40.7604477,13.8729342,"via Mezzatorre, 23/d, 80075 Forio NA, Italy",google_places,PLACE_DETAILS,ChIJKSAvWH9AOxMRTW1MhjoIMao,establishment;lodging;point_of_interest;spa,False,CACHED
Principe Forte dei Marmi,https://www.americanexpress.com/en-us/travel/discover/property/Italy/Forte-dei-Marmi/Principe-Forte-Dei-Marmi?intlink=US-travel-discover-property-results-propertyCard-Principe-Forte-Dei-Marmi,"Forte dei Marmi, Italy",FINE HOTELS + RESORTS,The Leading Hotels of the World,Program,43.9518051,10.1761742,"Viale Ammiraglio Morin, 67, 55042 Forte dei Marmi LU, Italy",google_places,PLACE_DETAILS,ChIJ58N6WQQK1RIR4fRKTKdJGsQ,bar;establishment;food;lodging;point_of_interest;restaurant;spa,False,CACHED
"Savoy Palace, Madeira Island",https://www.americanexpress.com/en-us/travel/discover/property/Portugal/Funchal/Savoy-Palace-Madeira-Island?intlink=US-travel-discover-property-results-propertyCard-Savoy-Palace-Madeira-Island,"Funchal, Portugal",FINE HOTELS + RESORTS,The Leading Hotels of the World,Program,32.643588,-16.9208705,"Av. do Infante 25, São Martinho, 9004-542 Funchal, Portugal",google_places,PLACE_DETAILS,ChIJj1rAHPtfYAwRSqtuFknRw4I,establishment;lodging;point_of_interest,False,CACHED
"The Reserve, Madeira Island",https://www.americanexpress.com/en-us/travel/discover/property/Portugal/Funchal/The-Reserve-Madeira-Island?intlink=US-travel-discover-property-results-propertyCard-The-Reserve-Madeira-Island,"Funchal, Portugal",FINE HOTELS + RESORTS,The Leading Hotels of the World,Program,32.6435718,-16.9211375,"Av. do Infante 25 B, São Martinho, 9004-542 Funchal, Portugal",google_places,PLACE_DETAILS,ChIJ-aGONtJfYAwRCgMcb6om9Rw,establishment;lodging;point_of_interest,False,CACHED
Grand Hotel Fasano,https://www.americanexpress.com/en-us/travel/discover/property/Italy/Gardone-Riviera/Grand-Hotel-Fasano?intlink=US-travel-discover-property-results-propertyCard-Grand-Hotel-Fasano,"Gardone Riviera, Italy",FINE HOTELS + RESORTS,The Leading Hotels of the World,Program,45.6241907,10.5736424,"Corso Giuseppe Zanardelli, 190, 25083 Gardone Riviera BS, Italy",google_places,PLACE_DETAILS,ChIJ_f4KN3GMgUcRAtvz9zOC_eU,establishment;lodging;point_of_interest,False,CACHED
"Beau-Rivage, Geneva",https://www.americanexpress.com/en-us/travel/discover/property/Switzerland/Geneva/Beau-rivage-Geneva?intlink=US-travel-discover-property-results-propertyCard-Beau-rivage-Geneva,"Geneva, Switzerland",FINE HOTELS + RESORTS,The Leading Hotels of the World,Program,46.2090193,6.1496532,"Quai du Mont-Blanc 13, 1201 Genève, Switzerland",google_places,PLACE_DETAILS,ChIJk08TrSVljEcRmdCl-hFxZnw,bar;establishment;food;lodging;point_of_interest;restaurant,False,CACHED
La Reserve Geneve Hotel and Spa,https://www.americanexpress.com/en-us/travel/discover/property/Switzerland/Geneva/La-Reserve-Geneve-Hotel-And-Spa?intlink=US-travel-discover-property-results-propertyCard-La-Reserve-Geneve-Hotel-And-Spa,"Geneva, Switzerland",FINE HOTELS + RESORTS,The Leading Hotels of the World,Program,46.2505944,6.149497999999999,"Rte de Lausanne 301, 1293 Bellevue, Switzerland",google_geocoding,ROOFTOP,ChIJqeLiF0tkjEcRGJ5eBSA--tQ,establishment;lodging;point_of_interest;spa,True,CACHED
Palacio Arriluce Hotel,https://www.americanexpress.com/en-us/travel/discover/property/Spain/Getxo/Palacio-Arriluce-Hotel?intlink=US-travel-discover-property-results-propertyCard-Palacio-Arriluce-Hotel,"Getxo, Spain",FINE HOTELS + RESORTS,The Leading Hotels of the World,Program,43.3406735,-3.0115647,"Atxekolandeta Kalea, 15, 48992 Algorta, Bizkaia, Spain",google_places,PLACE_DETAILS,ChIJhxcYgGJbTg0RxNNZjU1SOvE,establishment;lodging;point_of_interest,False,CACHED
Camiral Golf & Wellness,https://www.americanexpress.com/en-us/travel/discover/property/Spain/Girona/Camiral-Golf--Wellness?intlink=US-travel-discover-property-results-propertyCard-Camiral-Golf--Wellness,"Girona, Spain",FINE HOTELS + RESORTS,The Leading Hotels of the World,Program,41.858697,2.766724,"Carretera N-II, Km. 701, 17455 Caldes de Malavella, Girona, Spain",google_places,PLACE_DETAILS,ChIJrXTUUD8fuxIRH-PxfvNbi8I,establishment;food;gym;health;lodging;point_of_interest;restaurant;spa,False,CACHED
"Airelles Gordes, La Bastide",https://www.americanexpress.com/en-us/travel/discover/property/France/Gordes/Airelles-Gordes-La-Bastide?intlink=US-travel-discover-property-results-propertyCard-Airelles-Gordes-La-Bastide,"Gordes, France",FINE HOTELS + RESORTS,The Leading Hotels of the World,Program,43.9115936,5.1986919,"61 Rue de la Combe, 84220 Gordes, France",google_places,PLACE_DETAILS,ChIJ2UuLUtsNyhIRyWiV_tmXcL4,establishment;food;lodging;point_of_interest;restaurant;spa,False,CACHED
Le Sereno St. Barths,https://www.americanexpress.com/en-us/travel/discover/property/Saint-Barthelemy/Grand-Cul-de-Sac/Le-Sereno-St-Barths?intlink=US-travel-discover-property-results-propertyCard-Le-Sereno-St-Barths,"Grand Cul-de-Sac, Saint Barthelemy",FINE HOTELS + RESORTS,The Leading Hotels of the World,Program,17.9102778,-62.8043258,"Grand Cul de Sac, 97133, St Barthélemy",google_places,PLACE_DETAILS,ChIJdxqhF-rfDYwRwmuO1P3oBDU,establishment;food;lodging;point_of_interest;restaurant;spa,False,CACHED
Gstaad Palace,https://www.americanexpress.com/en-us/travel/discover/property/Switzerland/Gstaad/Gstaad-Palace?intlink=US-travel-discover-property-results-propertyCard-Gstaad-Palace,"Gstaad, Switzerland",FINE HOTELS + RESORTS,The Leading Hotels of the World,Program,46.4731426,7.2893591,"Palacestrasse 28, 3780 Gstaad, Switzerland",google_places,PLACE_DETAILS,ChIJvYdRWanxjkcRU2TLGD3EkUs,establishment;lodging;point_of_interest,False,CACHED
ESPACIO The Hakone Geihinkan Rin Poh Ki Ryu,https://www.americanexpress.com/en-us/travel/discover/property/Japan/Hakone/Espacio-The-Hakone-Geihinkan-Rin-Poh-Ki-Ryu?intlink=US-travel-discover-property-results-propertyCard-Espacio-The-Hakone-Geihinkan-Rin-Poh-Ki-Ryu,"Hakone, Japan",FINE HOTELS + RESORTS,The Leading Hotels of the World,Program,35.2426603,139.0631452,"72 Miyanoshita, Hakone, Ashigarashimo District, Kanagawa 250-0404, Japan",google_places,PLACE_DETAILS,ChIJN6ih-VOjGWARYOTqrnbwH50,establishment;lodging;point_of_interest,False,CACHED
The Fontenay Hamburg,https://www.americanexpress.com/en-us/travel/discover/property/Germany/Hamburg/The-Fontenay-Hamburg?intlink=US-travel-discover-property-results-propertyCard-The-Fontenay-Hamburg,"Hamburg, Germany",FINE HOTELS + RESORTS,The Leading Hotels of the World,Program,53.56540750000001,9.9979123,"Fontenay 10, 20354 Hamburg, Germany",google_places,PLACE_DETAILS,ChIJcV6cGbiPsUcRO_HdHkLGKD0,establishment;health;lodging;point_of_interest,False,CACHED
Hotel Kamp,https://www.americanexpress.com/en-us/travel/discover/property/Finland/Helsinki/Hotel-Kamp?intlink=US-travel-discover-property-results-propertyCard-Hotel-Kamp,"Helsinki, Finland",FINE HOTELS + RESORTS,The Leading Hotels of the World,Program,60.16788259999999,24.9472221,"Pohjoisesplanadi 29, 00100 Helsinki, Finland",google_places,PLACE_DETAILS,ChIJb-mbCMwLkkYR1B0lZKAFEHE,bar;establishment;food;lodging;point_of_interest;restaurant;spa,False,CACHED
"The Murray, Hong Kong, a Niccolo Hotel",https://www.americanexpress.com/en-us/travel/discover/property/China/Hong-Kong/The-Murray-Hong-Kong-a-Niccolo-Hotel?intlink=US-travel-discover-property-results-propertyCard-The-Murray-Hong-Kong-a-Niccolo-Hotel,"Hong Kong, China",FINE HOTELS + RESORTS,The Leading Hotels of the World,Program,22.2780867,114.1601023,"22 Cotton Tree Dr, Central, Hong Kong",google_places,PLACE_DETAILS,ChIJR8R6lGUABDQRFBg15YAbeac,bar;establishment;food;lodging;point_of_interest;restaurant;spa,False,CACHED
Espacio The Jewel of Waikiki,https://www.americanexpress.com/en-us/travel/discover/property/Hawaii-US/Honolulu/Espacio-The-Jewel-Of-Waikiki?intlink=US-travel-discover-property-results-propertyCard-Espacio-The-Jewel-Of-Waikiki,"Honolulu, Hawaii US",FINE HOTELS + RESORTS,The Leading Hotels of the World,Program,21.2752131,-157.8245122,"2452 Kalākaua Ave, Honolulu, HI 96815, USA",google_places,PLACE_DETAILS,ChIJdcpcxk9tAHwRjiZF2BP39m4,establishment;lodging;point_of_interest,False,CACHED
Halekulani,https://www.americanexpress.com/en-us/travel/discover/property/Hawaii-US/Honolulu/Halekulani?intlink=US-travel-discover-property-results-propertyCard-Halekulani,"Honolulu, Hawaii US",FINE HOTELS + RESORTS,The Leading Hotels of the World,Program,21.2782572,-157.831802,"2199 Kālia Rd, Honolulu, HI 96815, USA",google_places,PLACE_DETAILS,ChIJJVGzGXVyAHwRI2_9brEI5UU,establishment;lodging;point_of_interest,False,CACHED
The Kahala Hotel & Resort,https://www.americanexpress.com/en-us/travel/discover/property/Hawaii-US/Honolulu/The-Kahala-Hotel--Resort?intlink=US-travel-discover-property-results-propertyCard-The-Kahala-Hotel--Resort,"Honolulu, Hawaii US",FINE HOTELS + RESORTS,The Leading Hotels of the World,Program,21.271883,-157.7738378,"Kahala Resort, 5000 Kahala Ave #5000, Honolulu, HI 96816, USA",google_places,PLACE_DETAILS,ChIJBVRO-6dyAHwR7o5DmPK-UAo,establishment;lodging;point_of_interest,False,CACHED
Katikies Chromata Santorini,https://www.americanexpress.com/en-us/travel/discover/property/Greece/Imerovigli/Katikies-Chromata-Santorini?intlink=US-travel-discover-property-results-propertyCard-Katikies-Chromata-Santorini,"Imerovigli, Greece",FINE HOTELS + RESORTS,The Leading Hotels of the World,Program,36.4315228,25.4244547,"Imerovigli 847 00, Greece",google_places,PLACE_DETAILS,ChIJLejShUrMmRQR6ylfO8ay79s,establishment;lodging;point_of_interest,False,CACHED
Victoria-Jungfrau Grand Hotel & Spa,https://www.americanexpress.com/en-us/travel/discover/property/Switzerland/Interlaken/Victoria-jungfrau-Grand-Hotel--Spa?intlink=US-travel-discover-property-results-propertyCard-Victoria-jungfrau-Grand-Hotel--Spa,"Interlaken, Switzerland",FINE HOTELS + RESORTS,The Leading Hotels of the World,Program,46.6866541,7.8573855,"Höheweg 41, 3800 Interlaken, Switzerland",google_places,PLACE_DETAILS,ChIJjwi_1Zukj0cRsEg812G5gUk,bar;establishment;food;gym;health;lodging;point_of_interest;restaurant;spa,False,CACHED
Princes' Palace Resort,https://www.americanexpress.com/en-us/travel/discover/property/Turkey/Istanbul/Princes-Palace-Resort?intlink=US-travel-discover-property-results-propertyCard-Princes-Palace-Resort,"Istanbul, Turkey",FINE HOTELS + RESORTS,The Leading Hotels of the World,Program,40.870104,29.1200509,"Nizam, Çankaya Cd. No: 58, 34970 Büyükada/İstanbul, Türkiye",google_places,PLACE_DETAILS,ChIJC1z7sA_ByhQRCk0q1OdaHMk,establishment;lodging;point_of_interest,False,CACHED
King David Jerusalem,https://www.americanexpress.com/en-us/travel/discover/property/Israel/Jerusalem/King-David-Jerusalem?intlink=US-travel-discover-property-results-propertyCard-King-David-Jerusalem,"Jerusalem, Israel",FINE HOTELS + RESORTS,The Leading Hotels of the World,Program,31.77711699999999,35.22291,"King David St 7, Jerusalem, 9410119, Israel",google_places,PLACE_DETAILS,ChIJO5Rsz9MpAxURpxpivllLxj4,establishment;lodging;point_of_interest,False,CACHED
"Saxon Hotel, Villas and Spa",https://www.americanexpress.com/en-us/travel/discover/property/South-Africa/Johannesburg/Saxon-Hotel-Villas-And-Spa?intlink=US-travel-discover-property-results-propertyCard-Saxon-Hotel-Villas-And-Spa,"Johannesburg, South Africa",FINE HOTELS + RESORTS,The Leading Hotels of the World,Program,-26.11212,28.03561,"36 Saxon Rd, Sandhurst, Johannesburg, 2196, South Africa",google_places,PLACE_DETAILS,ChIJwaysmUxzlR4R-yrq-NT-r8s,establishment;lodging;point_of_interest,False,CACHED
The Killarney Park Hotel,https://www.americanexpress.com/en-us/travel/discover/property/Ireland/Killarney/The-Killarney-Park-Hotel?intlink=US-travel-discover-property-results-propertyCard-The-Killarney-Park-Hotel,"Killarney, Ireland",FINE HOTELS + RESORTS,The Leading Hotels of the World,Program,52.0578476,-9.5047429,"Town Centre, East Ave, Dromhale, Killarney, Co. Kerry, V93 CF30, Ireland",google_places,PLACE_DETAILS,ChIJN10ARQk8RUgRjh5YGymWl7k,bar;establishment;food;lodging;point_of_interest;restaurant;spa,False,CACHED
Rayavadee Krabi,https://www.americanexpress.com/en-us/travel/discover/property/Thailand/Krabi/Rayavadee-Krabi?intlink=US-travel-discover-property-results-propertyCard-Rayavadee-Krabi,"Krabi, Thailand",FINE HOTELS + RESORTS,The Leading Hotels of the World,Program,8.0076722,98.84093279999999,"214 Tambon Ao Nang, อำเภอ เมือง Chang Wat Krabi 81000, Thailand",google_places,PLACE_DETAILS,ChIJPwW0rA_AUTARkBFzVoJgOuQ,establishment;lodging;point_of_interest,False,CACHED
The Hotel Seiryu Kyoto Kiyomizu,https://www.americanexpress.com/en-us/travel/discover/property/Japan/Kyoto/The-Hotel-Seiryu-Kyoto-Kiyomizu?intlink=US-travel-discover-property-results-propertyCard-The-Hotel-Seiryu-Kyoto-Kiyomizu,"Kyoto, Japan",FINE HOTELS + RESORTS,The Leading Hotels of the World,Program,34.9973327,135.7793717,"2-chōme-204-2 Kiyomizu, Higashiyama Ward, Kyoto, 605-0862, Japan",google_places,PLACE_DETAILS,ChIJc9P9i3YJAWAR0qOfdNlUqxo,establishment;lodging;point_of_interest,False,CACHED
Lily of the Valley,https://www.americanexpress.com/en-us/travel/discover/property/France/La-Croix-Valmer/Lily-Of-The-Valley?intlink=US-travel-discover-property-results-propertyCard-Lily-Of-The-Valley,"La Croix Valmer, France",FINE HOTELS + RESORTS,The Leading Hotels of the World,Program,43.1880708,6.5947163,"Boulevard Abel Faivre, Colline Saint Michel, Quartier de Gigaro, 83420 La Croix-Valmer, France",google_places,PLACE_DETAILS,ChIJyUmrHJrFzhIRUVDFvHAr35s,establishment;food;lodging;point_of_interest;restaurant;spa,False,CACHED
Nayara Gardens,https://www.americanexpress.com/en-us/travel/discover/property/Costa-Rica/La-Fortuna/Nayara-Gardens?intlink=US-travel-discover-property-results-propertyCard-Nayara-Gardens,"La Fortuna, Costa Rica",FINE HOTELS + RESORTS,The Leading Hotels of the World,Program,10.5033502,-84.68874699999999,"Arenal Volcano National Park, de, 702 Road, Provincia de Alajuela, La Fortuna, 21007, Costa Rica",google_places,PLACE_DETAILS,ChIJYWiAduELoI8R2EV1u2ubR14,establishment;food;lodging;point_of_interest;restaurant;spa,False,CACHED
Nayara Tented Camp,https://www.americanexpress.com/en-us/travel/discover/property/Costa-Rica/La-Fortuna/Nayara-Tented-Camp?intlink=US-travel-discover-property-results-propertyCard-Nayara-Tented-Camp,"La Fortuna, Costa Rica",FINE HOTELS + RESORTS,The Leading Hotels of the World,Program,10.5051463,-84.6887954,"Arenal Volcano National Park, de, 702 Road, Provincia de Alajuela, La Fortuna, 21007, Costa Rica",google_places,PLACE_DETAILS,ChIJ_fBRdOELoI8RluKUP81bvDw,establishment;lodging;point_of_interest,False,CACHED
Beau-Rivage Palace Lausanne,https://www.americanexpress.com/en-us/travel/discover/property/Switzerland/Lausanne/Beau-rivage-Palace-Lausanne?intlink=US-travel-discover-property-results-propertyCard-Beau-rivage-Palace-Lausanne,"Lausanne, Switzerland",FINE HOTELS + RESORTS,The Leading Hotels of the World,Program,46.5080535,6.630152499999999,"Chem. de Beau-Rivage 21, 1006 Lausanne, Switzerland",google_places,PLACE_DETAILS,ChIJzw62ec8vjEcRuU86s4PT6Pg,establishment;food;lodging;point_of_interest;restaurant;spa,False,CACHED
Lausanne Palace,https://www.americanexpress.com/en-us/travel/discover/property/Switzerland/Lausanne/Lausanne-Palace?intlink=US-travel-discover-property-results-propertyCard-Lausanne-Palace,"Lausanne, Switzerland",FINE HOTELS + RESORTS,The Leading Hotels of the World,Program,46.5194027,6.6307199,"Rue du Grand-Chêne 7/9, 1003 Lausanne, Switzerland",google_places,PLACE_DETAILS,ChIJs_J19TIujEcRAr8G9B1OxWU,bar;beauty_salon;establishment;food;health;lodging;point_of_interest;restaurant;spa,False,CACHED
Bairro Alto Hotel,https://www.americanexpress.com/en-us/travel/discover/property/Portugal/Lisbon/Bairro-Alto-Hotel?intlink=US-travel-discover-property-results-propertyCard-Bairro-Alto-Hotel,"Lisbon, Portugal",FINE HOTELS + RESORTS,The Leading Hotels of the World,Program,38.7102778,-9.1433333,"Praça Luís de Camões 2 5º Piso, 1200-243 Lisboa, Portugal",google_places,PLACE_DETAILS,ChIJr78TU340GQ0RAEUOr_Glzgw,establishment;lodging;point_of_interest,False,CACHED
Olissippo Lapa Palace,https://www.americanexpress.com/en-us/travel/discover/property/Portugal/Lisbon/Olissippo-Lapa-Palace?intlink=US-travel-discover-property-results-propertyCard-Olissippo-Lapa-Palace,"Lisbon, Portugal",FINE HOTELS + RESORTS,The Leading Hotels of the World,Program,38.7068315,-9.1638428,"Rua do Pau de Bandeira 4, 1249-021 Lisboa, Portugal",google_places,PLACE_DETAILS,ChIJU4bMyJ40GQ0REXc0MdTBbBQ,establishment;lodging;point_of_interest;spa,False,CACHED
L'oscar London,https://www.americanexpress.com/en-us/travel/discover/property/England/London/Loscar-London?intlink=US-travel-discover-property-results-propertyCard-Loscar-London,"London, England",FINE HOTELS + RESORTS,The Leading Hotels of the World,Program,51.5179842,-0.1203092,"2-6 Southampton Row, London WC1B 4AA, UK",google_places,PLACE_DETAILS,ChIJ2y9erDUbdkgR79LJMUfwIYQ,establishment;lodging;point_of_interest,False,CACHED
The Ritz London,https://www.americanexpress.com/en-us/travel/discover/property/England/London/The-Ritz-London?intlink=US-travel-discover-property-results-propertyCard-The-Ritz-London,"London, England",FINE HOTELS + RESORTS,The Leading Hotels of the World,Program,51.5070782,-0.1416273,"150 Piccadilly, London W1J 9BR, UK",google_places,PLACE_DETAILS,ChIJV8gP0ykFdkgRFEAEHoE1YVk,establishment;lodging;point_of_interest,False,CACHED
Hotel Splendide Royal,https://www.americanexpress.com/en-us/travel/discover/property/Switzerland/Lugano/Hotel-Splendide-Royal?intlink=US-travel-discover-property-results-propertyCard-Hotel-Splendide-Royal,"Lugano, Switzerland",FINE HOTELS + RESORTS,The Leading Hotels of the World,Program,41.9079116,12.4867411,"Via di Porta Pinciana, 14, 00187 Roma RM, Italy",google_places,PLACE_DETAILS,ChIJ3yLYfQBhLxMRHZtDqn639zc,establishment;food;lodging;point_of_interest;restaurant,False,CACHED
Villa Maia Lyon,https://www.americanexpress.com/en-us/travel/discover/property/France/Lyon/Villa-Maia-Lyon?intlink=US-travel-discover-property-results-propertyCard-Villa-Maia-Lyon,"Lyon, France",FINE HOTELS + RESORTS,The Leading Hotels of the World,Program,45.7591964,4.8232788,"8 Rue Professeur Pierre Marion, 69005 Lyon, France",google_places,PLACE_DETAILS,ChIJu6NUqK7r9EcRSW5ORQ6-ODk,establishment;lodging;point_of_interest,False,CACHED
Gran Hotel Ingles,https://www.americanexpress.com/en-us/travel/discover/property/Spain/Madrid/Gran-Hotel-Ingles?intlink=US-travel-discover-property-results-propertyCard-Gran-Hotel-Ingles,"Madrid, Spain",FINE HOTELS + RESORTS,The Leading Hotels of the World,Program,40.4159384,-3.6998053,"Calle de Echegaray, 8, Centro, 28014 Madrid, Spain",google_places,PLACE_DETAILS,ChIJk4gpCYEoQg0RR3tk2RIVU38,establishment;lodging;point_of_interest,False,CACHED
Thanda Island,https://www.americanexpress.com/en-us/travel/discover/property/Tanzania/Mafia-Island/Thanda-Island?intlink=US-travel-discover-property-results-propertyCard-Thanda-Island,"Mafia Island, Tanzania",FINE HOTELS + RESORTS,The Leading Hotels of the World,Program,-7.704385100000001,39.6816369,"Shungimbili Island, District of Mafia Island, Tanzania",google_places,PLACE_DETAILS,ChIJAz689EfKXxgRNg-k7Pot9fk,establishment;lodging;point_of_interest,False,CACHED
Marbella Club Hotel - Golf Resort & Spa,https://www.americanexpress.com/en-us/travel/discover/property/Spain/Marbella/Marbella-Club-Hotel---Golf-Resort--Spa?intlink=US-travel-discover-property-results-propertyCard-Marbella-Club-Hotel---Golf-Resort--Spa,"Marbella, Spain",FINE HOTELS + RESORTS,The Leading Hotels of the World,Program,36.5067156,-4.9191589,"Av. Bulevar Príncipe Alfonso de Hohenlohe, s/n, 29602 Marbella, Málaga, Spain",google_places,PLACE_DETAILS,ChIJ28JYziAocw0RmKPLnSOmWBo,establishment;lodging;point_of_interest,False,CACHED
Puente Romano Beach Resort,https://www.americanexpress.com/en-us/travel/discover/property/Spain/Marbella/Puente-Romano-Beach-Resort?intlink=US-travel-discover-property-results-propertyCard-Puente-Romano-Beach-Resort,"Marbella, Spain",FINE HOTELS + RESORTS,The Leading Hotels of the World,Program,36.5040236,-4.9255159,"Bulevar Principe Alfonso von Hohenlohe, s/n, Carr. de Cadiz, 177, 29602 Marbella, Málaga, Spain",google_places,PLACE_DETAILS,ChIJG6w4xiUocw0RpoupGXnp92o,establishment;lodging;point_of_interest,False,CACHED
D Maris Bay,https://www.americanexpress.com/en-us/travel/discover/property/Turkey/Marmaris/D-Maris-Bay?intlink=US-travel-discover-property-results-propertyCard-D-Maris-Bay,"Marmaris, Turkey",FINE HOTELS + RESORTS,The Leading Hotels of the World,Program,36.7662408,28.0490602,"Hisarönü Mah. Çubucak Küme Evleri, Hisarönü, No: 80, 48380 Marmaris/Muğla, Türkiye",google_places,PLACE_DETAILS,ChIJDfs_uRbJvxQRdoKfkmz1ZAY,establishment;lodging;point_of_interest,False,CACHED
La Mamounia,https://www.americanexpress.com/en-us/travel/discover/property/Morocco/Marrakech/La-Mamounia?intlink=US-travel-discover-property-results-propertyCard-La-Mamounia,"Marrakech, Morocco",FINE HOTELS + RESORTS,The Leading Hotels of the World,Program,31.6215239,-7.997488000000001,"Avenue Bab Jdid، مراكش 40040, Morocco",google_places,PLACE_DETAILS,ChIJr1XKb3L3rw0RV8kmfw6rZeY,establishment;lodging;point_of_interest,False,CACHED
Royal Mansour Marrakech,https://www.americanexpress.com/en-us/travel/discover/property/Morocco/Marrakech/Royal-Mansour-Marrakech?intlink=US-travel-discover-property-results-propertyCard-Royal-Mansour-Marrakech,"Marrakech, Morocco",FINE HOTELS + RESORTS,The Leading Hotels of the World,Program,31.6251861,-7.998378300000001,"Rue Abou Abbas El Sebti، Marrakech 40000, Morocco",google_places,PLACE_DETAILS,ChIJyx6ijl7urw0RJmV3ZuinO5o,establishment;lodging;point_of_interest,False,CACHED
Casa Polanco,https://www.americanexpress.com/en-us/travel/discover/property/Mexico-City-MX/Mexico-City/Casa-Polanco?intlink=US-travel-discover-property-results-propertyCard-Casa-Polanco,"Mexico City, Mexico City MX",FINE HOTELS + RESORTS,The Leading Hotels of the World,Program,19.4291182,-99.197758,"Luis G. Urbina 84, Polanco, Polanco III Secc, Miguel Hidalgo, 11560 Ciudad de México, CDMX, Mexico",google_places,PLACE_DETAILS,ChIJp8mtcqsB0oURzQ0XgNNG9Go,establishment;lodging;point_of_interest,False,CACHED
Hotel Alexander,https://www.americanexpress.com/en-us/travel/discover/property/Mexico-City-MX/Mexico-City/Hotel-Alexander?intlink=US-travel-discover-property-results-propertyCard-Hotel-Alexander,"Mexico City, Mexico City MX",FINE HOTELS + RESORTS,The Leading Hotels of the World,Program,19.425156,-99.203458,"Bosque de Chapultepec, Lomas - Virreyes, Pedregal 24, Miguel Hidalgo, 11000 Ciudad de México, CDMX, Mexico",google_places,PLACE_DETAILS,ChIJKwFDIfcB0oURBKFqLdjvjtg,establishment;lodging;point_of_interest,False,CACHED
Carillon Miami Wellness Resort,https://www.americanexpress.com/en-us/travel/discover/property/Florida-US/Miami-Beach/Carillon-Miami-Wellness-Resort?intlink=US-travel-discover-property-results-propertyCard-Carillon-Miami-Wellness-Resort,"Miami Beach, Florida US",FINE HOTELS + RESORTS,The Leading Hotels of the World,Program,25.8529812,-80.1201794,"6801 Collins Ave, Miami Beach, FL 33141, USA",google_places,PLACE_DETAILS,ChIJC5by7d2y2YgRUTaS1avvVmU,establishment;gym;health;hospital;lodging;point_of_interest;spa,False,CACHED
"The Setai, Miami Beach",https://www.americanexpress.com/en-us/travel/discover/property/Florida-US/Miami-Beach/The-Setai-Miami-Beach?intlink=US-travel-discover-property-results-propertyCard-The-Setai-Miami-Beach,"Miami Beach, Florida US",FINE HOTELS + RESORTS,The Leading Hotels of the World,Program,25.7958833,-80.1288355,"2001 Collins Ave, Miami Beach, FL 33139, USA",google_places,PLACE_DETAILS,ChIJxZsBVJy02YgRz20NMJIwoWM,establishment;lodging;point_of_interest,False,CACHED
Casa Baglioni Milan,https://www.americanexpress.com/en-us/travel/discover/property/Italy/Milan/Casa-Baglioni-Milan?intlink=US-travel-discover-property-results-propertyCard-Casa-Baglioni-Milan,"Milan, Italy",FINE HOTELS + RESORTS,The Leading Hotels of the World,Program,45.4727594,9.192532199999999,"Via dei Giardini, 21, 20121 Milano MI, Italy",google_places,PLACE_DETAILS,ChIJGTCl_1zHhkcRwovDo56Omso,establishment;food;lodging;point_of_interest;restaurant,False,CACHED
Grand Hotel et de Milan,https://www.americanexpress.com/en-us/travel/discover/property/Italy/Milan/Grand-Hotel-Et-De-Milan?intlink=US-travel-discover-property-results-propertyCard-Grand-Hotel-Et-De-Milan,"Milan, Italy",FINE HOTELS + RESORTS,The Leading Hotels of the World,Program,45.46992239999999,9.1925029,"Via Alessandro Manzoni, 29, 20121 Milano MI, Italy",google_places,PLACE_DETAILS,ChIJz4oic7HGhkcR6DARPUTOSHk,bar;establishment;food;lodging;point_of_interest;restaurant,False,CACHED
"Palazzo Parigi Hotel & Grand Spa, Milan",https://www.americanexpress.com/en-us/travel/discover/property/Italy/Milan/Palazzo-Parigi-Hotel--Grand-Spa-Milan?intlink=US-travel-discover-property-results-propertyCard-Palazzo-Parigi-Hotel--Grand-Spa-Milan,"Milan, Italy",FINE HOTELS + RESORTS,The Leading Hotels of the World,Program,45.4734193,9.1910818,"C.so di Porta Nuova, 1, 20121 Milano MI, Italy",google_places,PLACE_DETAILS,ChIJI58xObTGhkcR5_47rs8K5nk,establishment;food;lodging;point_of_interest;restaurant;spa,False,CACHED
Portrait Milano,https://www.americanexpress.com/en-us/travel/discover/property/Italy/Milan/Portrait-Milano?intlink=US-travel-discover-property-results-propertyCard-Portrait-Milano,"Milan, Italy",FINE HOTELS + RESORTS,The Leading Hotels of the World,Program,45.4681345,9.1984561,"Corso Venezia, 11, 20121 Milano MI, Italy",google_places,PLACE_DETAILS,ChIJBTS1TvXHhkcR8W8XL7GMJaw,establishment;food;lodging;point_of_interest;restaurant,False,CACHED
São Lourenço do Barrocal,https://www.americanexpress.com/en-us/travel/discover/property/Portugal/Monsaraz/Sao-Lourenco-Do-Barrocal?intlink=US-travel-discover-property-results-propertyCard-Sao-Lourenco-Do-Barrocal,"Monsaraz, Portugal",FINE HOTELS + RESORTS,The Leading Hotels of the World,Program,38.44434650000001,-7.4182693,"São Lourenço do Barrocal, 7200-177, Portugal",google_places,PLACE_DETAILS,ChIJN_bRzhQ1Fw0R2i_oJBM0xZU,establishment;lodging;point_of_interest;spa,False,CACHED
Hotel de Paris Monte-Carlo,https://www.americanexpress.com/en-us/travel/discover/property/Monaco/Monte-Carlo/Hotel-De-Paris-Monte-carlo?intlink=US-travel-discover-property-results-propertyCard-Hotel-De-Paris-Monte-carlo,"Monte-Carlo, Monaco",FINE HOTELS + RESORTS,The Leading Hotels of the World,Program,43.7390048,7.427464499999998,"Pl. du Casino, 98000 Monaco",google_places,PLACE_DETAILS,ChIJFY1s1ofCzRIRtwOFQihi098,establishment;lodging;point_of_interest,False,CACHED
Hotel Hermitage Monte-Carlo,https://www.americanexpress.com/en-us/travel/discover/property/Monaco/Monte-Carlo/Hotel-Hermitage-Monte-carlo?intlink=US-travel-discover-property-results-propertyCard-Hotel-Hermitage-Monte-carlo,"Monte-Carlo, Monaco",FINE HOTELS + RESORTS,The Leading Hotels of the World,Program,43.7384432,7.4259517,"Sq. Beaumarchais, 98000 Monaco",google_places,PLACE_DETAILS,ChIJBWPKPYjCzRIRZJa_4-cXd4U,establishment;lodging;point_of_interest,False,CACHED
Hotel Metropole Monte Carlo,https://www.americanexpress.com/en-us/travel/discover/property/Monaco/Monte-Carlo/Hotel-Metropole-Monte-Carlo?intlink=US-travel-discover-property-results-propertyCard-Hotel-Metropole-Monte-Carlo,"Monte-Carlo, Monaco",FINE HOTELS + RESORTS,The Leading Hotels of the World,Program,43.74093209999999,7.427932600000001,"4 Av. de la Madone, 98000 Monaco",google_places,PLACE_DETAILS,ChIJXegNVX3CzRIRrR3oUcS2iCU,establishment;lodging;point_of_interest,False,CACHED
"Hotel Bayerischer Hof, Munich",https://www.americanexpress.com/en-us/travel/discover/property/Germany/Munich/Hotel-Bayerischer-Hof-Munich?intlink=US-travel-discover-property-results-propertyCard-Hotel-Bayerischer-Hof-Munich,"Munich, Germany",FINE HOTELS + RESORTS,The Leading Hotels of the World,Program,48.14034299999999,11.573731,"Promenadepl. 2-6, 80333 München, Germany",google_places,PLACE_DETAILS,ChIJ9dBze_N1nkcRpMY63pBcxo0,establishment;lodging;point_of_interest,False,CACHED
The Chedi Muscat,https://www.americanexpress.com/en-us/travel/discover/property/Oman/Muscat/The-Chedi-Muscat?intlink=US-travel-discover-property-results-propertyCard-The-Chedi-Muscat,"Muscat, Oman",FINE HOTELS + RESORTS,The Leading Hotels of the World,Program,23.6022003,58.3990514,"133 18th November St, Muscat, Oman",google_places,PLACE_DETAILS,ChIJxTIG8Ab3kT4RS3Dej55msII,establishment;lodging;point_of_interest,False,CACHED
Bill & Coo Mykonos,https://www.americanexpress.com/en-us/travel/discover/property/Greece/Mykonos/Bill--Coo-Mykonos?intlink=US-travel-discover-property-results-propertyCard-Bill--Coo-Mykonos,"Mykonos, Greece",FINE HOTELS + RESORTS,The Leading Hotels of the World,Program,37.4376988,25.3278327,"Bill & Coo Suites and Lounge Megali Ammos Beach, Μύκονος 846 00, Greece",google_places,PLACE_DETAILS,ChIJd9WIVlS-ohQRCteA-uAg29M,bar;establishment;food;lodging;point_of_interest;restaurant;spa,False,CACHED
Katikies Mykonos,https://www.americanexpress.com/en-us/travel/discover/property/Greece/Mykonos/Katikies-Mykonos?intlink=US-travel-discover-property-results-propertyCard-Katikies-Mykonos,"Mykonos, Greece",FINE HOTELS + RESORTS,The Leading Hotels of the World,Program,37.4236,25.308235,"Agios Ioannis, Mikonos 846 00, Greece",google_places,PLACE_DETAILS,ChIJgT8EuGq-ohQRgqqphB-Vako,establishment;lodging;point_of_interest,False,CACHED
Gran Hotel Miramar GL,https://www.americanexpress.com/en-us/travel/discover/property/Spain/Málaga/Gran-Hotel-Miramar-Gl?intlink=US-travel-discover-property-results-propertyCard-Gran-Hotel-Miramar-Gl,"Málaga, Spain",FINE HOTELS + RESORTS,The Leading Hotels of the World,Program,36.7202416,-4.4075339,"P.º Reding, 22, 24, Málaga-Este, 29016 Málaga, Spain",google_places,PLACE_DETAILS,ChIJEy0H5-f3cg0RioCr24ON5aM,establishment;lodging;point_of_interest,False,CACHED
Anassa,https://www.americanexpress.com/en-us/travel/discover/property/Cyprus/Neo-Chorio/Anassa?intlink=US-travel-discover-property-results-propertyCard-Anassa,"Neo Chorio, Cyprus",FINE HOTELS + RESORTS,The Leading Hotels of the World,Program,35.04376440000001,32.3705102,"40, Alekou Michailidi road Neo Chorio, Alekou Michailidi 40, Neo Chorio Pafou 8852, Cyprus",google_places,PLACE_DETAILS,ChIJGRFr_JB15xQR2HZ4jfRMJWY,establishment;lodging;point_of_interest;spa,False,CACHED
The Imperial New Delhi,https://www.americanexpress.com/en-us/travel/discover/property/India/New-Delhi/The-Imperial-New-Delhi?intlink=US-travel-discover-property-results-propertyCard-The-Imperial-New-Delhi,"New Delhi, India",FINE HOTELS + RESORTS,The Leading Hotels of the World,Program,28.6250178,77.21822759999999,"Janpath Ln, Janpath, Connaught Place, New Delhi, Delhi 110001, India",google_places,PLACE_DETAILS,ChIJd-QC6zX9DDkRqWwtu31Dj84,establishment;food;lodging;point_of_interest;restaurant;spa,False,CACHED
The Lodhi New Delhi,https://www.americanexpress.com/en-us/travel/discover/property/India/New-Delhi/The-Lodhi-New-Delhi?intlink=US-travel-discover-property-results-propertyCard-The-Lodhi-New-Delhi,"New Delhi, India",FINE HOTELS + RESORTS,The Leading Hotels of the World,Program,28.591834,77.2381782,"Lodhi Rd, CGO Complex, Pragati Vihar, New Delhi, Delhi 110003, India",google_places,PLACE_DETAILS,ChIJDaWrNO7iDDkRjGd9KR2dnw8,establishment;food;lodging;point_of_interest;restaurant;spa,False,CACHED
Nine Orchard,https://www.americanexpress.com/en-us/travel/discover/property/New-York-US/New-York/Nine-Orchard?intlink=US-travel-discover-property-results-propertyCard-Nine-Orchard,"New York, New York US",FINE HOTELS + RESORTS,The Leading Hotels of the World,Program,40.7146908,-73.9920786,"9 Orchard St, New York, NY 10002, USA",google_places,PLACE_DETAILS,ChIJDZ0L0SFbwokR65niy5wals0,establishment;lodging;point_of_interest,False,CACHED
The Fifth Avenue Hotel,https://www.americanexpress.com/en-us/travel/discover/property/New-York-US/New-York/The-Fifth-Avenue-Hotel?intlink=US-travel-discover-property-results-propertyCard-The-Fifth-Avenue-Hotel,"New York, New York US",FINE HOTELS + RESORTS,The Leading Hotels of the World,Program,40.74782709999999,-73.9865234,"17 W 32nd St 14th Floor, New York, NY 10001, USA",google_places,PLACE_DETAILS,ChIJxx90-6hZwokRZbGeo46UwP8,establishment;lodging;point_of_interest,False,CACHED
The Greenwich Hotel,https://www.americanexpress.com/en-us/travel/discover/property/New-York-US/New-York/The-Greenwich-Hotel?intlink=US-travel-discover-property-results-propertyCard-The-Greenwich-Hotel,"New York, New York US",FINE HOTELS + RESORTS,The Leading Hotels of the World,Program,40.719822,-74.00986069999999,"377 Greenwich St, New York, NY 10013, USA",google_places,PLACE_DETAILS,ChIJTWkuhfVZwokRvaommqZ2oqA,establishment;lodging;point_of_interest;spa,False,CACHED
"The Lowell, New York",https://www.americanexpress.com/en-us/travel/discover/property/New-York-US/New-York/The-Lowell-New-York?intlink=US-travel-discover-property-results-propertyCard-The-Lowell-New-York,"New York, New York US",FINE HOTELS + RESORTS,The Leading Hotels of the World,Program,40.7657325,-73.9692262,"28 E 63rd St, New York, NY 10065, USA",google_places,PLACE_DETAILS,ChIJb9nOTe5YwokR5og3CprlOX4,establishment;lodging;point_of_interest,False,CACHED
The Danai,https://www.americanexpress.com/en-us/travel/discover/property/Greece/Nikiti/The-Danai?intlink=US-travel-discover-property-results-propertyCard-The-Danai,"Nikiti, Greece",FINE HOTELS + RESORTS,The Leading Hotels of the World,Program,40.22798400000001,23.6291142,"6JGH+XM THE DANAI, Nikiti 630 88, Greece",google_places,PLACE_DETAILS,ChIJlVZ8RbeIqBQR60lAzDEZwZU,establishment;lodging;point_of_interest,False,CACHED
Burgenstock Hotel and Alpine Spa,https://www.americanexpress.com/en-us/travel/discover/property/Switzerland/Obbuergen/Burgenstock-Hotel-And-Alpine-Spa?intlink=US-travel-discover-property-results-propertyCard-Burgenstock-Hotel-And-Alpine-Spa,"Obbuergen, Switzerland",FINE HOTELS + RESORTS,The Leading Hotels of the World,Program,46.9966782,8.3774637,"Bürgenstock Resort Lake Lucerne, 6363 Obbürgen, Switzerland",google_places,PLACE_DETAILS,ChIJN4eVw-r5j0cROCMkAB96FQI,establishment;point_of_interest;spa,False,CACHED
Katikies Kirini Santorini,https://www.americanexpress.com/en-us/travel/discover/property/Greece/Oia/Katikies-Kirini-Santorini?intlink=US-travel-discover-property-results-propertyCard-Katikies-Kirini-Santorini,"Oia, Greece",FINE HOTELS + RESORTS,The Leading Hotels of the World,Program,36.4616492,25.3879866,"Main Street, Oía 847 02, Greece",google_places,PLACE_DETAILS,ChIJIyJLg4fMmRQRfr_wvy64d_E,establishment;lodging;point_of_interest,False,CACHED
Katikies Santorini,https://www.americanexpress.com/en-us/travel/discover/property/Greece/Oia/Katikies-Santorini?intlink=US-travel-discover-property-results-propertyCard-Katikies-Santorini,"Oia, Greece",FINE HOTELS + RESORTS,The Leading Hotels of the World,Program,36.4617363,25.3824513,"Nik. Nomikou, Oía 847 02, Greece",google_places,PLACE_DETAILS,ChIJZfN8nIDMmRQRxE4k-4aOrXw,establishment;lodging;point_of_interest,False,CACHED
Halekulani Okinawa,https://www.americanexpress.com/en-us/travel/discover/property/Japan/Okinawa/Halekulani-Okinawa?intlink=US-travel-discover-property-results-propertyCard-Halekulani-Okinawa,"Okinawa, Japan",FINE HOTELS + RESORTS,The Leading Hotels of the World,Program,26.5265784,127.9231466,"1967-1 Nakama, Onna, Kunigami District, Okinawa 904-0401, Japan",google_places,PLACE_DETAILS,ChIJAVOOAbsB5TQRjKBJ1csS2x4,establishment;lodging;point_of_interest,False,CACHED
Hotel Continental,https://www.americanexpress.com/en-us/travel/discover/property/Norway/Oslo/Hotel-Continental?intlink=US-travel-discover-property-results-propertyCard-Hotel-Continental,"Oslo, Norway",FINE HOTELS + RESORTS,The Leading Hotels of the World,Program,59.9141596,10.7335142,"Stortingsgata 24/26, 0117 Oslo, Norway",google_places,PLACE_DETAILS,ChIJKUfL-n1uQUYRo4M6Cup-2xE,bar;establishment;food;lodging;point_of_interest;restaurant,False,CACHED
Borgo Santo Pietro,https://www.americanexpress.com/en-us/travel/discover/property/Italy/Palazzetto/Borgo-Santo-Pietro?intlink=US-travel-discover-property-results-propertyCard-Borgo-Santo-Pietro,"Palazzetto, Italy",FINE HOTELS + RESORTS,The Leading Hotels of the World,Program,43.14324750000001,11.1284511,"Località Palazzetto, 110, 53012 Palazzetto SI, Italy",google_places,PLACE_DETAILS,ChIJd8eywwKPKRMRbszjHYowgCM,establishment;food;lodging;park;point_of_interest;restaurant;spa,False,CACHED
The Brazilian Court Hotel,https://www.americanexpress.com/en-us/travel/discover/property/Florida-US/Palm-Beach/The-Brazilian-Court-Hotel?intlink=US-travel-discover-property-results-propertyCard-The-Brazilian-Court-Hotel,"Palm Beach, Florida US",FINE HOTELS + RESORTS,The Leading Hotels of the World,Program,26.7038846,-80.0392549,"301 Australian Ave, Palm Beach, FL 33480, USA",google_places,PLACE_DETAILS,ChIJozcU6OzW2IgRdfphpcjnjNU,establishment;food;lodging;point_of_interest;restaurant,False,CACHED
Parker Palm Springs,https://www.americanexpress.com/en-us/travel/discover/property/California-US/Palm-Springs/Parker-Palm-Springs?intlink=US-travel-discover-property-results-propertyCard-Parker-Palm-Springs,"Palm Springs, California US",FINE HOTELS + RESORTS,The Leading Hotels of the World,Program,33.7952328,-116.4998313,"4200 E Palm Canyon Dr #5230, Palm Springs, CA 92264, USA",google_places,PLACE_DETAILS,ChIJ2Xf4m7oc24ARQu3FntknfRE,establishment;food;lodging;point_of_interest;restaurant;spa,False,CACHED
Fauchon L'Hotel Paris,https://www.americanexpress.com/en-us/travel/discover/property/France/Paris/Fauchon-Lhotel-Paris?intlink=US-travel-discover-property-results-propertyCard-Fauchon-Lhotel-Paris,"Paris, France",FINE HOTELS + RESORTS,The Leading Hotels of the World,Program,48.8705595,2.3233745,"4 Bd Malesherbes, 75008 Paris, France",google_places,PLACE_DETAILS,ChIJD_0_NjNu5kcRzLBQB-7j3D0,establishment;lodging;point_of_interest,False,CACHED
J.K. Place Paris,https://www.americanexpress.com/en-us/travel/discover/property/France/Paris/Jk-Place-Paris?intlink=US-travel-discover-property-results-propertyCard-Jk-Place-Paris,"Paris, France",FINE HOTELS + RESORTS,The Leading Hotels of the World,Program,48.8610705,2.3215397,"82 Rue de Lille, 75007 Paris, France",google_places,PLACE_DETAILS,ChIJ_VtppdRv5kcRHrWC4218afg,establishment;lodging;point_of_interest,False,CACHED
La Reserve Paris Hotel and Spa,https://www.americanexpress.com/en-us/travel/discover/property/France/Paris/La-Reserve-Paris-Hotel-And-Spa?intlink=US-travel-discover-property-results-propertyCard-La-Reserve-Paris-Hotel-And-Spa,"Paris, France",FINE HOTELS + RESORTS,The Leading Hotels of the World,Program,48.8697628,2.3132848,"42 Av. Gabriel, 75008 Paris, France",google_places,PLACE_DETAILS,ChIJA1PHDM9v5kcRMUeBLlUu4HA,establishment;lodging;point_of_interest,False,CACHED
Ritz Paris,https://www.americanexpress.com/en-us/travel/discover/property/France/Paris/Ritz-Paris?intlink=US-travel-discover-property-results-propertyCard-Ritz-Paris,"Paris, France",FINE HOTELS + RESORTS,The Leading Hotels of the World,Program,48.8680987,2.3288932,"15 Pl. Vendôme, 75001 Paris, France",google_places,PLACE_DETAILS,ChIJVSOS5FBv5kcRmaCCdrMCfk4,establishment;lodging;point_of_interest,False,CACHED
The Rittenhouse,https://www.americanexpress.com/en-us/travel/discover/property/Pennsylvania-US/Philadelphia/The-Rittenhouse?intlink=US-travel-discover-property-results-propertyCard-The-Rittenhouse,"Philadelphia, Pennsylvania US",FINE HOTELS + RESORTS,The Leading Hotels of the World,Program,39.949831,-75.1732573,"210 W Rittenhouse Square, Philadelphia, PA 19103, USA",google_places,PLACE_DETAILS,ChIJBZC45TnGxokRo_XAGoh5C30,establishment;food;lodging;point_of_interest;restaurant;spa,False,CACHED
La Casa De La Playa,https://www.americanexpress.com/en-us/travel/discover/property/Quintana-Roo-MX/Playa-del-Carmen/La-Casa-De-La-Playa?intlink=US-travel-discover-property-results-propertyCard-La-Casa-De-La-Playa,"Playa del Carmen, Quintana Roo MX",FINE HOTELS + RESORTS,The Leading Hotels of the World,Program,20.5884523,-87.1059676,"Carretera Chetumal-Puerto Juárez Km. 282 L23-2 Colonia Rancho Xcaret 77710, 77710 Playa del Carmen, Q.R., Mexico",google_places,PLACE_DETAILS,ChIJv3H0BORFTo8RVCMik2SGPOY,establishment;lodging;point_of_interest,False,CACHED
Palmaia - The House of AiA,https://www.americanexpress.com/en-us/travel/discover/property/Quintana-Roo-MX/Playa-del-Carmen/Palmaia---The-House-Of-Aia?intlink=US-travel-discover-property-results-propertyCard-Palmaia---The-House-Of-Aia,"Playa del Carmen, Quintana Roo MX",FINE HOTELS + RESORTS,The Leading Hotels of the World,Program,20.5974512,-87.0962334,"P.º Xaman - Ha, Playacar, 77710 Playa del Carmen, Q.R., Mexico",google_places,PLACE_DETAILS,ChIJiYGTGO5DTo8RmYv72l7NPcw,establishment;lodging;point_of_interest;spa,False,CACHED
Vila Vita Parc,https://www.americanexpress.com/en-us/travel/discover/property/Portugal/Porches/Vila-Vita-Parc?intlink=US-travel-discover-property-results-propertyCard-Vila-Vita-Parc,"Porches, Portugal",FINE HOTELS + RESORTS,The Leading Hotels of the World,Program,37.1018506,-8.379326599999999,"R. Anneliese Pohl, Alporchinhos, 8400-450 Porches, Portugal",google_places,PLACE_DETAILS,ChIJX4iNCUTRGg0RSrvhjFgQ3VE,establishment;health;lodging;point_of_interest;spa,False,CACHED
Hotel Il Pellicano,https://www.americanexpress.com/en-us/travel/discover/property/Italy/Porto-Ercole/Hotel-Il-Pellicano?intlink=US-travel-discover-property-results-propertyCard-Hotel-Il-Pellicano,"Porto Ercole, Italy",FINE HOTELS + RESORTS,The Leading Hotels of the World,Program,42.37368010000001,11.1873788,"Località Sbarcatello, 58019 Porto Ercole GR, Italy",google_places,PLACE_DETAILS,ChIJ-adrLpFcKBMRez6Ri5tz168,establishment;lodging;point_of_interest,False,CACHED
The One Monumental Palace,https://www.americanexpress.com/en-us/travel/discover/property/Portugal/Porto/The-One-Monumental-Palace?intlink=US-travel-discover-property-results-propertyCard-The-One-Monumental-Palace,"Porto, Portugal",FINE HOTELS + RESORTS,The Leading Hotels of the World,Program,41.1485625,-8.6114879,"Av. dos Aliados 151, 4000-067 Porto, Portugal",google_places,PLACE_DETAILS,ChIJ_9W8ZwhlJA0REyPO0-_EFBs,bar;establishment;food;health;lodging;point_of_interest;restaurant;spa,False,CACHED
Casadelmar,https://www.americanexpress.com/en-us/travel/discover/property/France/Porto-Vecchio/Casadelmar?intlink=US-travel-discover-property-results-propertyCard-Casadelmar,"Porto-Vecchio, France",FINE HOTELS + RESORTS,The Leading Hotels of the World,Program,41.5947401,9.3099116,"20137 Route de Palombaggia, 20137 Porto-Vecchio, France",google_places,PLACE_DETAILS,ChIJNYDl6H2B2RIR3Xe1Jee6YtU,bar;establishment;food;health;lodging;point_of_interest;restaurant;spa,False,CACHED
Le Sirenuse,https://www.americanexpress.com/en-us/travel/discover/property/Italy/Positano/Le-Sirenuse?intlink=US-travel-discover-property-results-propertyCard-Le-Sirenuse,"Positano, Italy",FINE HOTELS + RESORTS,The Leading Hotels of the World,Program,40.6288337,14.4875827,"Via Cristoforo Colombo, 30, 84017 Positano SA, Italy",google_places,PLACE_DETAILS,ChIJFUQrOm-XOxMREuopKSa5hgo,bar;establishment;food;lodging;point_of_interest;restaurant;spa,False,CACHED
The Grand Mark Prague,https://www.americanexpress.com/en-us/travel/discover/property/Czech-Republic/Prague/The-Grand-Mark-Prague?intlink=US-travel-discover-property-results-propertyCard-The-Grand-Mark-Prague,"Prague, Czech Republic",FINE HOTELS + RESORTS,The Leading Hotels of the World,Program,50.0870934,14.4312843,"Hybernská 12, Nové Město, 110 00 Praha-Praha 1, Czechia",google_places,PLACE_DETAILS,ChIJe-S425SUC0cR_ntrjEQTtRE,bar;cafe;establishment;food;lodging;point_of_interest;restaurant;store,False,CACHED
Casa Angelina,https://www.americanexpress.com/en-us/travel/discover/property/Italy/Praiano/Casa-Angelina?intlink=US-travel-discover-property-results-propertyCard-Casa-Angelina,"Praiano, Italy",FINE HOTELS + RESORTS,The Leading Hotels of the World,Program,40.614508,14.5217066,"Via Gennaro Capriglione, 147, 84010 Praiano SA, Italy",google_places,PLACE_DETAILS,ChIJj3L_GdmWOxMR2mZ7u7eEfAE,establishment;lodging;point_of_interest,False,CACHED
Grace Bay Club,https://www.americanexpress.com/en-us/travel/discover/property/Turks-and-Caicos-Islands/Providenciales/Grace-Bay-Club?intlink=US-travel-discover-property-results-propertyCard-Grace-Bay-Club,"Providenciales, Turks and Caicos Islands",FINE HOTELS + RESORTS,The Leading Hotels of the World,Program,21.7984933,-72.17310069999999,"Grace Bay Circle, Dr, Grace Bay TKCA 1ZZ, Turks and Caicos Islands",google_places,PLACE_DETAILS,ChIJCZx3P5ZPS4kRxBcudtxwpoM,establishment;lodging;point_of_interest,False,CACHED
Wymara Resort + Villas,https://www.americanexpress.com/en-us/travel/discover/property/Turks-and-Caicos-Islands/Providenciales/Wymara-Resort--Villas?intlink=US-travel-discover-property-results-propertyCard-Wymara-Resort--Villas,"Providenciales, Turks and Caicos Islands",FINE HOTELS + RESORTS,The Leading Hotels of the World,Program,21.7821891,-72.2098,"British West Indies, 218 Lower Bight Rd, The Bight Settlement TKCA 1ZZ, Turks and Caicos Islands",google_places,PLACE_DETAILS,ChIJ83WsFRxPS4kR6xlOabMWMIE,bar;establishment;food;lodging;point_of_interest;restaurant,False,CACHED
Forte Village Sardinia - Villa Del Parco & Spa,https://www.americanexpress.com/en-us/travel/discover/property/Italy/Pula/Forte-Village-Sardinia---Villa-Del-Parco--Spa?intlink=US-travel-discover-property-results-propertyCard-Forte-Village-Sardinia---Villa-Del-Parco--Spa,"Pula, Italy",FINE HOTELS + RESORTS,The Leading Hotels of the World,Program,38.9356246,8.930009499999999,"S.S. 195, Km 39.600, 09010 Pula CA, Italy",google_places,PLACE_DETAILS,ChIJb2_BC4fZ5hIRCX0S4fqDzPA,establishment;lodging;point_of_interest,False,CACHED
Cala Beach Resort,https://www.americanexpress.com/en-us/travel/discover/property/Italy/Punta-Ala/Cala-Beach-Resort?intlink=US-travel-discover-property-results-propertyCard-Cala-Beach-Resort,"Punta Ala, Italy",FINE HOTELS + RESORTS,The Leading Hotels of the World,Program,42.8100066,10.7605093,"Via della Dogana, 58043 Punta Ala GR, Italy",google_places,PLACE_DETAILS,ChIJh3f3cgDRKRMRCUXP5M_6SoA,establishment;food;lodging;point_of_interest;restaurant,False,CACHED
Tortuga Bay Puntacana Resort & Club,https://www.americanexpress.com/en-us/travel/discover/property/Dominican-Republic/Punta-Cana/Tortuga-Bay-Puntacana-Resort--Club?intlink=US-travel-discover-property-results-propertyCard-Tortuga-Bay-Puntacana-Resort--Club,"Punta Cana, Dominican Republic",FINE HOTELS + RESORTS,The Leading Hotels of the World,Program,18.517452,-68.369451,"Punta Cana Resort & Golf Club, Higüey 23000, Dominican Republic",google_places,PLACE_DETAILS,ChIJg9Nw97uRqI4RnoyrmKiFehI,establishment;lodging;point_of_interest,False,CACHED
Chable Maroma,https://www.americanexpress.com/en-us/travel/discover/property/Quintana-Roo-MX/Punta-Maroma/Chable-Maroma?intlink=US-travel-discover-property-results-propertyCard-Chable-Maroma,"Punta Maroma, Quintana Roo MX",FINE HOTELS + RESORTS,The Leading Hotels of the World,Program,20.7292858,-86.97111579999999,"Camino predio Manzana 002 Lote 006, 77710 Punta Maroma, Q.R., Mexico",google_places,PLACE_DETAILS,ChIJMW6RRtxhTo8RQ3IVh75HJfY,establishment;lodging;point_of_interest,False,CACHED
La Reserve Ramatuelle hotel spa & villas,https://www.americanexpress.com/en-us/travel/discover/property/France/Ramatuelle/La-Reserve-Ramatuelle-Hotel-Spa--Villas?intlink=US-travel-discover-property-results-propertyCard-La-Reserve-Ramatuelle-Hotel-Spa--Villas,"Ramatuelle, France",FINE HOTELS + RESORTS,The Leading Hotels of the World,Program,43.1924202,6.6482337,"736 Chem. des Cretes, 83350 Ramatuelle, France",google_places,PLACE_DETAILS,ChIJCx7O9xbEzhIREq1wEeTuTaQ,establishment;lodging;point_of_interest;spa,False,CACHED
Palazzo Avino,https://www.americanexpress.com/en-us/travel/discover/property/Italy/Ravello/Palazzo-Avino?intlink=US-travel-discover-property-results-propertyCard-Palazzo-Avino,"Ravello, Italy",FINE HOTELS + RESORTS,The Leading Hotels of the World,Program,40.6510721,14.6130262,"Via S. Giovanni del Toro, 28, 84010 Ravello SA, Italy",google_places,PLACE_DETAILS,ChIJU45w3J-VOxMRuCjFJd_zaFU,bar;establishment;food;lodging;point_of_interest;restaurant;spa,False,CACHED
Grantley Hall,https://www.americanexpress.com/en-us/travel/discover/property/England/Ripon/Grantley-Hall?intlink=US-travel-discover-property-results-propertyCard-Grantley-Hall,"Ripon, England",FINE HOTELS + RESORTS,The Leading Hotels of the World,Program,54.1190162,-1.6202715,"Grantley Hall, Ripon HG4 3ET, UK",google_places,PLACE_DETAILS,ChIJE8rZQFaqfkgRdT-DngxrqP4,bar;establishment;food;gym;health;lodging;point_of_interest;restaurant,False,CACHED
Hotel Lido Palace,https://www.americanexpress.com/en-us/travel/discover/property/Italy/Riva-del-Garda/Hotel-Lido-Palace?intlink=US-travel-discover-property-results-propertyCard-Hotel-Lido-Palace,"Riva del Garda, Italy",FINE HOTELS + RESORTS,The Leading Hotels of the World,Program,45.883242,10.8466172,"Viale Giosuè Carducci, 10, 38066 Riva del Garda TN, Italy",google_places,PLACE_DETAILS,ChIJF7lrxNcWgkcRGZsod4m_KBg,establishment;lodging;point_of_interest,False,CACHED
Hassler Roma,https://www.americanexpress.com/en-us/travel/discover/property/Italy/Rome/Hassler-Roma?intlink=US-travel-discover-property-results-propertyCard-Hassler-Roma,"Rome, Italy",FINE HOTELS + RESORTS,The Leading Hotels of the World,Program,41.9060378,12.4838,"Piazza della Trinità dei Monti, 6, 00187 Roma RM, Italy",google_places,PLACE_DETAILS,ChIJW6tyLVVgLxMRZWOURk7ZVIo,establishment;lodging;point_of_interest;spa,False,CACHED
J.K. Place Roma,https://www.americanexpress.com/en-us/travel/discover/property/Italy/Rome/Jk-Place-Roma?intlink=US-travel-discover-property-results-propertyCard-Jk-Place-Roma,"Rome, Italy",FINE HOTELS + RESORTS,The Leading Hotels of the World,Program,41.9044444,12.4769444,"Via di Monte d'Oro, 30, 00186 Roma RM, Italy",google_places,PLACE_DETAILS,ChIJ0U1yt1ZgLxMR4ViurdnTKck,establishment;lodging;point_of_interest,False,CACHED
Palazzo Roma,https://www.americanexpress.com/en-us/travel/discover/property/Italy/Rome/Palazzo-Roma?intlink=US-travel-discover-property-results-propertyCard-Palazzo-Roma,"Rome, Italy",FINE HOTELS + RESORTS,The Leading Hotels of the World,Program,41.9025231,12.5016612,"Piazza dei Cinquecento, 90, 00185 Roma RM, Italy",google_places,PLACE_DETAILS,ChIJHaDeGKRhLxMRleqtldzTYOQ,establishment;lodging;point_of_interest,False,CACHED
Portrait Roma,https://www.americanexpress.com/en-us/travel/discover/property/Italy/Rome/Portrait-Roma?intlink=US-travel-discover-property-results-propertyCard-Portrait-Roma,"Rome, Italy",FINE HOTELS + RESORTS,The Leading Hotels of the World,Program,41.9053494,12.4802824,"V. Bocca di Leone, 23, 00187 Roma RM, Italy",google_places,PLACE_DETAILS,ChIJVWAyUFRgLxMRIpEyP89UFys,establishment;lodging;point_of_interest,False,CACHED
Althoff Seehotel Ueberfahrt,https://www.americanexpress.com/en-us/travel/discover/property/Germany/Rottach-Egern/Althoff-Seehotel-Ueberfahrt?intlink=US-travel-discover-property-results-propertyCard-Althoff-Seehotel-Ueberfahrt,"Rottach-Egern, Germany",FINE HOTELS + RESORTS,The Leading Hotels of the World,Program,47.696585,11.7584317,"Überfahrtstraße 10, 83700 Rottach-Egern, Germany",google_places,PLACE_DETAILS,ChIJXWLwC5WOnUcR21QXmITdpLM,establishment;food;lodging;point_of_interest;restaurant;spa,False,CACHED
Grand Park Hotel Rovinj,https://www.americanexpress.com/en-us/travel/discover/property/Croatia/Rovinj/Grand-Park-Hotel-Rovinj?intlink=US-travel-discover-property-results-propertyCard-Grand-Park-Hotel-Rovinj,"Rovinj, Croatia",FINE HOTELS + RESORTS,The Leading Hotels of the World,Program,45.07555230000001,13.6370313,"Smareglijeva ulica 1A, 52210, Rovinj, Croatia",google_places,PLACE_DETAILS,ChIJfY2tKOzBfEcRjx1vLoiBKYM,establishment;lodging;point_of_interest,False,CACHED
Armancette,https://www.americanexpress.com/en-us/travel/discover/property/France/Saint-Gervais-les-Bains/Armancette?intlink=US-travel-discover-property-results-propertyCard-Armancette,"Saint-Gervais-les-Bains, France",FINE HOTELS + RESORTS,The Leading Hotels of the World,Program,45.8524812,6.723659199999999,"4088 Rte de Saint-Nicolas, 74170 Saint-Gervais-les-Bains, France",google_places,PLACE_DETAILS,ChIJObacCpZZiUcRkv4MBlEaPH4,bakery;establishment;food;lodging;point_of_interest;restaurant;spa;store,False,CACHED
Hotel Royal-Riviera,https://www.americanexpress.com/en-us/travel/discover/property/France/Saint-Jean-Cap-Ferrat/Hotel-Royal-riviera?intlink=US-travel-discover-property-results-propertyCard-Hotel-Royal-riviera,"Saint-Jean-Cap-Ferrat, France",FINE HOTELS + RESORTS,The Leading Hotels of the World,Program,43.7019247,7.3287749,"3 Av. Jean Monnet, 06230 Saint-Jean-Cap-Ferrat, France",google_places,PLACE_DETAILS,ChIJUVbTDizbzRIRFGAfQXv9FGI,bar;establishment;food;health;lodging;point_of_interest;restaurant,False,CACHED
Hotel Sacher Salzburg,https://www.americanexpress.com/en-us/travel/discover/property/Austria/Salzburg/Hotel-Sacher-Salzburg?intlink=US-travel-discover-property-results-propertyCard-Hotel-Sacher-Salzburg,"Salzburg, Austria",FINE HOTELS + RESORTS,The Leading Hotels of the World,Program,47.8021621,13.0432009,"Schwarzstraße 5/7, 5020 Salzburg, Austria",google_places,PLACE_DETAILS,ChIJpyxjf2OQdkcRm36VxMNhxVU,establishment;lodging;point_of_interest,False,CACHED
Nayara Alto Atacama,https://www.americanexpress.com/en-us/travel/discover/property/Chile/San-Pedro-de-Atacama/Nayara-Alto-Atacama?intlink=US-travel-discover-property-results-propertyCard-Nayara-Alto-Atacama,"San Pedro de Atacama, Chile",FINE HOTELS + RESORTS,The Leading Hotels of the World,Program,-22.8895687,-68.2177055,"Camino Pukará - Suchor s/n, San Pedro de Atacama, Antofagasta, Chile",google_places,PLACE_DETAILS,ChIJJQ5XUxR0qZYRTrPn0oR3rCY,establishment;lodging;point_of_interest;spa,False,CACHED
Baglioni Resort Sardinia,https://www.americanexpress.com/en-us/travel/discover/property/Italy/San-Teodoro/Baglioni-Resort-Sardinia?intlink=US-travel-discover-property-results-propertyCard-Baglioni-Resort-Sardinia,"San Teodoro, Italy",FINE HOTELS + RESORTS,The Leading Hotels of the World,Program,40.8221164,9.6760375,"Via Tavolara, 07052 Lu Fraili di Sotto Provincia della Gallura Nord-Est Sardegna, Italy",google_places,PLACE_DETAILS,ChIJdTff8b7N3hIReUdSxxITuaI,establishment;lodging;point_of_interest;spa,False,CACHED
El Encanto Santa Barbara,https://www.americanexpress.com/en-us/travel/discover/property/California-US/Santa-Barbara/El-Encanto-Santa-Barbara?intlink=US-travel-discover-property-results-propertyCard-El-Encanto-Santa-Barbara,"Santa Barbara, California US",FINE HOTELS + RESORTS,The Leading Hotels of the World,Program,34.4388782,-119.7042525,"800 Alvarado Pl, Santa Barbara, CA 93103, USA",google_places,PLACE_DETAILS,ChIJxRg6ypsU6YAR5hWz-23sO4o,establishment;lodging;point_of_interest,False,CACHED
Bless Ibiza Cala Nova,https://www.americanexpress.com/en-us/travel/discover/property/Spain/Santa-Eulalia-del-Rio/Bless-Ibiza-Cala-Nova?intlink=US-travel-discover-property-results-propertyCard-Bless-Ibiza-Cala-Nova,"Santa Eulalia del Rio, Spain",FINE HOTELS + RESORTS,The Leading Hotels of the World,Program,39.0065063,1.5805917,"Av. Cala Nova, S/N, 07849 Es Canar, Illes Balears, Spain",google_places,PLACE_DETAILS,ChIJmzwxlesUmRIREWR_MOJ0Kkw,establishment;lodging;point_of_interest,False,CACHED
Abadia Retuerta LeDomaine,https://www.americanexpress.com/en-us/travel/discover/property/Spain/Sardon-de-Duero/Abadia-Retuerta-Ledomaine?intlink=US-travel-discover-property-results-propertyCard-Abadia-Retuerta-Ledomaine,"Sardon de Duero, Spain",FINE HOTELS + RESORTS,The Leading Hotels of the World,Program,41.6161181,-4.4108988,"Abadía Retuerta N-122, km. 332,5, 47340 Sardón de Duero, Valladolid, Spain",google_places,PLACE_DETAILS,ChIJ____L8wdRw0Rw4GbNfM1L9A,establishment;food;lodging;point_of_interest;restaurant;spa,False,CACHED
Hotel Bardo Savannah,https://www.americanexpress.com/en-us/travel/discover/property/Georgia-US/Savannah/Hotel-Bardo-Savannah?intlink=US-travel-discover-property-results-propertyCard-Hotel-Bardo-Savannah,"Savannah, Georgia US",FINE HOTELS + RESORTS,The Leading Hotels of the World,Program,32.0673368,-81.0948743,"700 Drayton St, Savannah, GA 31401, USA",google_places,PLACE_DETAILS,ChIJOZVgHWue-4gRI1VZrZ2ipUI,establishment;lodging;point_of_interest,False,CACHED
Ambiente Sedona,https://www.americanexpress.com/en-us/travel/discover/property/Arizona-US/Sedona/Ambiente-Sedona?intlink=US-travel-discover-property-results-propertyCard-Ambiente-Sedona,"Sedona, Arizona US",FINE HOTELS + RESORTS,The Leading Hotels of the World,Program,34.864884,-111.777151,"900 W State Rte 89A, Sedona, AZ 86336, USA",google_places,PLACE_DETAILS,ChIJV6C-osKjLYcRECbnNF11QGw,establishment;lodging;point_of_interest,False,CACHED
Alpin Resort Sacher Seefeld-Tirol,https://www.americanexpress.com/en-us/travel/discover/property/Austria/Seefeld/Alpin-Resort-Sacher-Seefeld-tirol?intlink=US-travel-discover-property-results-propertyCard-Alpin-Resort-Sacher-Seefeld-tirol,"Seefeld, Austria",FINE HOTELS + RESORTS,The Leading Hotels of the World,Program,47.3350473,11.1867022,"Geigenbühelstraße 185, 6100 Seefeld in Tirol, Austria",google_places,PLACE_DETAILS,ChIJr_xH7acRnUcRrggfBs4lXqA,establishment;lodging;point_of_interest,False,CACHED
"The Legian Seminyak, Bali",https://www.americanexpress.com/en-us/travel/discover/property/Indonesia/Seminyak/The-Legian-Seminyak-Bali?intlink=US-travel-discover-property-results-propertyCard-The-Legian-Seminyak-Bali,"Seminyak, Indonesia",FINE HOTELS + RESORTS,The Leading Hotels of the World,Program,-8.684717299999999,115.153934,"Jl. Kayu Aya, Seminyak, Kec. Kuta, Kabupaten Badung, Bali 80361, Indonesia",google_places,PLACE_DETAILS,ChIJ01gUBBBH0i0RLKJJBdWkgrs,bar;establishment;food;health;lodging;point_of_interest;restaurant;spa,False,CACHED
SIGNIEL SEOUL,https://www.americanexpress.com/en-us/travel/discover/property/South-Korea/Seoul/Signiel-Seoul?intlink=US-travel-discover-property-results-propertyCard-Signiel-Seoul,"Seoul, South Korea",FINE HOTELS + RESORTS,The Leading Hotels of the World,Program,37.51260389999999,127.1025242,"300 Olympic-ro, Songpa District, Seoul, South Korea",google_places,PLACE_DETAILS,ChIJy7zIwQqlfDURT2im2oOhtL4,establishment;lodging;point_of_interest,False,CACHED
The Shilla Seoul,https://www.americanexpress.com/en-us/travel/discover/property/South-Korea/Seoul/The-Shilla-Seoul?intlink=US-travel-discover-property-results-propertyCard-The-Shilla-Seoul,"Seoul, South Korea",FINE HOTELS + RESORTS,The Leading Hotels of the World,Program,37.5559034,127.0052509,"249 Dongho-ro, Jung District, Seoul, South Korea",google_places,PLACE_DETAILS,ChIJdZ4Nf-2ifDURcRPjLp2Z7Ek,establishment;lodging;point_of_interest,False,CACHED
J Hotel Shanghai Tower,https://www.americanexpress.com/en-us/travel/discover/property/China/Shanghai/J-Hotel-Shanghai-Tower?intlink=US-travel-discover-property-results-propertyCard-J-Hotel-Shanghai-Tower,"Shanghai, China",FINE HOTELS + RESORTS,The Leading Hotels of the World,Program,31.233519,121.505615,"Shanghai Tower, No, 126 东台路陆家嘴浦东新区 China, 200120",google_places,PLACE_DETAILS,ChIJabJef-9wsjURs9sIpSZa0Ug,establishment;lodging;point_of_interest,False,CACHED
The PuLi Shanghai,https://www.americanexpress.com/en-us/travel/discover/property/China/Shanghai/The-Puli-Shanghai?intlink=US-travel-discover-property-results-propertyCard-The-Puli-Shanghai,"Shanghai, China",FINE HOTELS + RESORTS,The Leading Hotels of the World,Program,31.2222917,121.4483194,"1 Chang De Lu, 久光 Jing An Qu, Shang Hai Shi, China, 200040",google_places,PLACE_DETAILS,ChIJbQazdgFwsjURUQctfrYp_Es,establishment;lodging;point_of_interest,False,CACHED
Grand Hotel Continental,https://www.americanexpress.com/en-us/travel/discover/property/Italy/Siena/Grand-Hotel-Continental?intlink=US-travel-discover-property-results-propertyCard-Grand-Hotel-Continental,"Siena, Italy",FINE HOTELS + RESORTS,The Leading Hotels of the World,Program,44.4369829,26.0978814,"Calea Victoriei 56, 010083 București, Romania",google_places,PLACE_DETAILS,ChIJNWQykkb_sUARq_2J4mFJJ7w,establishment;lodging;point_of_interest,False,CACHED
Grand Hotel Excelsior Vittoria,https://www.americanexpress.com/en-us/travel/discover/property/Italy/Sorrento/Grand-Hotel-Excelsior-Vittoria?intlink=US-travel-discover-property-results-propertyCard-Grand-Hotel-Excelsior-Vittoria,"Sorrento, Italy",FINE HOTELS + RESORTS,The Leading Hotels of the World,Program,40.6282119,14.3756399,"Piazza Torquato Tasso, 34, 80067 Sorrento NA, Italy",google_places,PLACE_DETAILS,ChIJQ7kZqK2eOxMRVclM__Vy5nM,establishment;lodging;point_of_interest,False,CACHED
Silversands Grenada,https://www.americanexpress.com/en-us/travel/discover/property/Grenada/St.-George's/Silversands-Grenada?intlink=US-travel-discover-property-results-propertyCard-Silversands-Grenada,"St. George's, Grenada",FINE HOTELS + RESORTS,The Leading Hotels of the World,Program,12.0309734,-61.75314789999999,"Grand Anse Main Rd, St George's, Grenada",google_places,PLACE_DETAILS,ChIJY4td1wUhOIwR1J00TFHmV1o,establishment;lodging;point_of_interest,False,CACHED
Sandy Lane,https://www.americanexpress.com/en-us/travel/discover/property/Barbados/St.-James/Sandy-Lane?intlink=US-travel-discover-property-results-propertyCard-Sandy-Lane,"St. James, Barbados",FINE HOTELS + RESORTS,The Leading Hotels of the World,Program,13.1731161,-59.6369272,"Sandy Lane Hotel, 30 South Rd, Holetown, Saint James BB24024Barbados",google_places,PLACE_DETAILS,ChIJz3vtF2HwQ4wRhVMBY5cP4LY,establishment;lodging;point_of_interest,False,CACHED
Carlisle Bay,https://www.americanexpress.com/en-us/travel/discover/property/Antigua/St.-Mary's/Carlisle-Bay?intlink=US-travel-discover-property-results-propertyCard-Carlisle-Bay,"St. Mary's, Antigua",FINE HOTELS + RESORTS,The Leading Hotels of the World,Program,17.0165547,-61.8320303,"Old road, Antigua and Barbuda",google_places,PLACE_DETAILS,ChIJf4y7nAHtEowR5PlQU6a5Mv4,bar;establishment;food;lodging;point_of_interest;restaurant;spa,False,CACHED
Carlton Hotel St. Moritz,https://www.americanexpress.com/en-us/travel/discover/property/Switzerland/St.-Moritz/Carlton-Hotel-St-Moritz?intlink=US-travel-discover-property-results-propertyCard-Carlton-Hotel-St-Moritz,"St. Moritz, Switzerland",FINE HOTELS + RESORTS,The Leading Hotels of the World,Program,46.4999043,9.846401799999999,"Via Johannes Badrutt 11, 7500 St. Moritz, Switzerland",google_places,PLACE_DETAILS,ChIJFZ0j07h9g0cRPSaha6nRsbc,establishment;lodging;point_of_interest,False,CACHED
Kulm Hotel St. Moritz,https://www.americanexpress.com/en-us/travel/discover/property/Switzerland/St.-Moritz/Kulm-Hotel-St-Moritz?intlink=US-travel-discover-property-results-propertyCard-Kulm-Hotel-St-Moritz,"St. Moritz, Switzerland",FINE HOTELS + RESORTS,The Leading Hotels of the World,Program,46.4990105,9.8412717,"Via Veglia 18, 7500 St. Moritz, Switzerland",google_places,PLACE_DETAILS,ChIJWcrXkr99g0cRTh4ZpnJAGiY,establishment;lodging;point_of_interest,False,CACHED
Suvretta House,https://www.americanexpress.com/en-us/travel/discover/property/Switzerland/St.-Moritz/Suvretta-House?intlink=US-travel-discover-property-results-propertyCard-Suvretta-House,"St. Moritz, Switzerland",FINE HOTELS + RESORTS,The Leading Hotels of the World,Program,46.4847711,9.8196414,"Via Chasellas 1, 7500 St. Moritz, Switzerland",google_places,PLACE_DETAILS,ChIJPYHXbPx9g0cRoXP_7hQj1Bk,bar;establishment;food;lodging;point_of_interest;restaurant;spa,False,CACHED
Grand Hotel Stockholm,https://www.americanexpress.com/en-us/travel/discover/property/Sweden/Stockholm/Grand-Hotel-Stockholm?intlink=US-travel-discover-property-results-propertyCard-Grand-Hotel-Stockholm,"Stockholm, Sweden",FINE HOTELS + RESORTS,The Leading Hotels of the World,Program,59.3297258,18.0757134,"Södra Blasieholmshamnen 8, 103 27 Stockholm, Sweden",google_places,PLACE_DETAILS,ChIJKcNgo1mdX0YRZ_wU8-ZX24w,establishment;lodging;point_of_interest,False,CACHED
NIHI Sumba,https://www.americanexpress.com/en-us/travel/discover/property/Indonesia/Sumba/Nihi-Sumba?intlink=US-travel-discover-property-results-propertyCard-Nihi-Sumba,"Sumba, Indonesia",FINE HOTELS + RESORTS,The Leading Hotels of the World,Program,-9.777630799999999,119.3762222,"Hoba Wawi, Wanokaka, West Sumba Regency, East Nusa Tenggara, Indonesia",google_places,PLACE_DETAILS,ChIJ3_Tt_a-dTCwRCqPx7ZsYgSs,establishment;lodging;point_of_interest,False,CACHED
Acqualina Resort & Residences on the Beach,https://www.americanexpress.com/en-us/travel/discover/property/Florida-US/Sunny-Isles-Beach/Acqualina-Resort--Residences-On-The-Beach?intlink=US-travel-discover-property-results-propertyCard-Acqualina-Resort--Residences-On-The-Beach,"Sunny Isles Beach, Florida US",FINE HOTELS + RESORTS,The Leading Hotels of the World,Program,25.9408209,-80.1209181,"17875 Collins Ave, Sunny Isles Beach, FL 33160, USA",google_places,PLACE_DETAILS,ChIJXbbXCuCs2YgRzbV-thyE3NA,establishment;lodging;point_of_interest;spa,False,CACHED
Soori Bali,https://www.americanexpress.com/en-us/travel/discover/property/Indonesia/Tabanan/Soori-Bali?intlink=US-travel-discover-property-results-propertyCard-Soori-Bali,"Tabanan, Indonesia",FINE HOTELS + RESORTS,The Leading Hotels of the World,Program,-8.5770431,115.0548037,"Banjar Dukuh Desa Kelating, Kerambitan, Kelating, Kec. Tabanan, Kabupaten Tabanan, Bali 82161, Indonesia",google_places,PLACE_DETAILS,ChIJs0fKp88w0i0R0uFwepzLslA,establishment;health;lodging;point_of_interest,False,CACHED
Mazzarò Sea Palace,https://www.americanexpress.com/en-us/travel/discover/property/Italy/Taormina/Mazzaro-Sea-Palace?intlink=US-travel-discover-property-results-propertyCard-Mazzaro-Sea-Palace,"Taormina, Italy",FINE HOTELS + RESORTS,The Leading Hotels of the World,Program,37.8561477,15.3010616,"Via Nazionale, 147, 98030 Taormina ME, Italy",google_places,PLACE_DETAILS,ChIJa4_G63cRFBMR8_uH51cJMWE,establishment;lodging;point_of_interest;spa,False,CACHED
The Setai Tel Aviv Hotel,https://www.americanexpress.com/en-us/travel/discover/property/Israel/Tel-Aviv/The-Setai-Tel-Aviv-Hotel?intlink=US-travel-discover-property-results-propertyCard-The-Setai-Tel-Aviv-Hotel,"Tel Aviv, Israel",FINE HOTELS + RESORTS,The Leading Hotels of the World,Program,32.0554034,34.7560413,"David Razi'el St 22, Tel Aviv-Yafo, 6802919, Israel",google_places,PLACE_DETAILS,ChIJU8ONlb5MHRUROy-hUohIS-k,establishment;lodging;point_of_interest,False,CACHED
Hotel Des Indes,https://www.americanexpress.com/en-us/travel/discover/property/Netherlands/The-Hague/Hotel-Des-Indes?intlink=US-travel-discover-property-results-propertyCard-Hotel-Des-Indes,"The Hague, Netherlands",FINE HOTELS + RESORTS,The Leading Hotels of the World,Program,52.0837795,4.3131293,"Lange Voorhout 54-56, 2514 EG Den Haag, Netherlands",google_places,PLACE_DETAILS,ChIJr0n5mDu3xUcRQA8VOP4EbAE,establishment;food;lodging;point_of_interest;restaurant;spa,False,CACHED
Paradero Todos Santos,https://www.americanexpress.com/en-us/travel/discover/property/Baja-California-Sur-MX/Todos-Santos/Paradero-Todos-Santos?intlink=US-travel-discover-property-results-propertyCard-Paradero-Todos-Santos,"Todos Santos, Baja California Sur MX",FINE HOTELS + RESORTS,The Leading Hotels of the World,Program,23.3896978,-110.1961441,"La Mesa KM 59 +3100, Degollado, 23300 Todos Santos, B.C.S., Mexico",google_places,PLACE_DETAILS,ChIJwVmjuYUFr4YRunximdmkFiE,establishment;lodging;point_of_interest,False,CACHED
Palace Hotel Tokyo,https://www.americanexpress.com/en-us/travel/discover/property/Japan/Tokyo/Palace-Hotel-Tokyo?intlink=US-travel-discover-property-results-propertyCard-Palace-Hotel-Tokyo,"Tokyo, Japan",FINE HOTELS + RESORTS,The Leading Hotels of the World,Program,35.6845024,139.7612295,"1-chōme-1-1 Marunouchi, Chiyoda City, Tokyo 100-0005, Japan",google_places,PLACE_DETAILS,ChIJq0s44BuMGGARvBtm78mmRRg,establishment;lodging;point_of_interest,False,CACHED
The Okura Tokyo,https://www.americanexpress.com/en-us/travel/discover/property/Japan/Tokyo/The-Okura-Tokyo?intlink=US-travel-discover-property-results-propertyCard-The-Okura-Tokyo,"Tokyo, Japan",FINE HOTELS + RESORTS,The Leading Hotels of the World,Program,35.6671751,139.7438601,"2-chōme-10-4 Toranomon, Minato City, Tokyo 105-0001, Japan",google_places,PLACE_DETAILS,ChIJuecmcH2LGGARgmOaAPaK9zA,establishment;lodging;point_of_interest,False,CACHED
Il Sereno Hotel Lake Como,https://www.americanexpress.com/en-us/travel/discover/property/Italy/Torno/Il-Sereno-Hotel-Lake-Como?intlink=US-travel-discover-property-results-propertyCard-Il-Sereno-Hotel-Lake-Como,"Torno, Italy",FINE HOTELS + RESORTS,The Leading Hotels of the World,Program,45.8590684,9.1177082,"Via Torrazza, 10, 22020 Torno CO, Italy",google_places,PLACE_DETAILS,ChIJKc2Ipk4nhEcRu3kFKUg1h0Y,establishment;lodging;point_of_interest,False,CACHED
The Hazelton Hotel Toronto,https://www.americanexpress.com/en-us/travel/discover/property/Ontario-CA/Toronto/The-Hazelton-Hotel-Toronto?intlink=US-travel-discover-property-results-propertyCard-The-Hazelton-Hotel-Toronto,"Toronto, Ontario CA",FINE HOTELS + RESORTS,The Leading Hotels of the World,Program,43.6706905,-79.39393559999999,"118 Yorkville Ave, Toronto, ON M5R 1H5, Canada",google_places,PLACE_DETAILS,ChIJMWEgGqU0K4gRm6sRCvT5vQY,establishment;lodging;point_of_interest,False,CACHED
Terre Blanche Hotel Spa Golf Resort,https://www.americanexpress.com/en-us/travel/discover/property/France/Tourrettes/Terre-Blanche-Hotel-Spa-Golf-Resort?intlink=US-travel-discover-property-results-propertyCard-Terre-Blanche-Hotel-Spa-Golf-Resort,"Tourrettes, France",FINE HOTELS + RESORTS,The Leading Hotels of the World,Program,43.5910558,6.7317874,"3100 Rte de Bagnols-en-Forêt, 83440 Tourrettes, France",google_places,PLACE_DETAILS,ChIJ826qBeEfzBIRoyHxdIg-1go,establishment;food;gym;health;lodging;point_of_interest;restaurant;spa,False,CACHED
Britannia Hotel,https://www.americanexpress.com/en-us/travel/discover/property/Norway/Trondheim/Britannia-Hotel?intlink=US-travel-discover-property-results-propertyCard-Britannia-Hotel,"Trondheim, Norway",FINE HOTELS + RESORTS,The Leading Hotels of the World,Program,63.43177979999999,10.3985685,"Dronningens gate 5, 7011 Trondheim, Norway",google_places,PLACE_DETAILS,ChIJ10ho6psxbUYRzRiCX7jZB9M,bar;establishment;food;lodging;point_of_interest;restaurant;spa,False,CACHED
The Vines Resort & Spa,https://www.americanexpress.com/en-us/travel/discover/property/Argentina/Tunuyan/The-Vines-Resort--Spa?intlink=US-travel-discover-property-results-propertyCard-The-Vines-Resort--Spa,"Tunuyan, Argentina",FINE HOTELS + RESORTS,The Leading Hotels of the World,Program,-33.6045577,-69.2234272,"RP94 km 11, 5565 Tunuyán, Mendoza, Argentina",google_places,PLACE_DETAILS,ChIJmemcrpdIfJYRlleSbGawx5w,establishment;food;lodging;point_of_interest;restaurant;spa,False,CACHED
Arakur Ushuaia Resort & Spa,https://www.americanexpress.com/en-us/travel/discover/property/Argentina/Ushuaia/Arakur-Ushuaia-Resort--Spa?intlink=US-travel-discover-property-results-propertyCard-Arakur-Ushuaia-Resort--Spa,"Ushuaia, Argentina",FINE HOTELS + RESORTS,The Leading Hotels of the World,Program,-54.7839065,-68.2593116,"Cerro Alarkén N° 1(Acceso por Av, Héroes de Malvinas 2617, V9410 Ushuaia, Tierra del Fuego, Argentina",google_places,PLACE_DETAILS,ChIJF_UdJ68iTLwRL0LPko9yW5g,establishment;lodging;point_of_interest,False,CACHED
Sonnenalp Hotel,https://www.americanexpress.com/en-us/travel/discover/property/Colorado-US/Vail/Sonnenalp-Hotel?intlink=US-travel-discover-property-results-propertyCard-Sonnenalp-Hotel,"Vail, Colorado US",FINE HOTELS + RESORTS,The Leading Hotels of the World,Program,39.6419092,-106.3780286,"20 Vail Rd, Vail, CO 81657, USA",google_places,PLACE_DETAILS,ChIJ5TM1yW5waocRjXn_n4Fi5Co,establishment;lodging;point_of_interest,False,CACHED
Falkensteiner Schlosshotel Velden,https://www.americanexpress.com/en-us/travel/discover/property/Austria/Velden-am-Woerthersee/Falkensteiner-Schlosshotel-Velden?intlink=US-travel-discover-property-results-propertyCard-Falkensteiner-Schlosshotel-Velden,"Velden am Woerthersee, Austria",FINE HOTELS + RESORTS,The Leading Hotels of the World,Program,46.6119178,14.0434567,"Schlosspark 1, 9220 Velden am Wörthersee, Austria",google_places,PLACE_DETAILS,ChIJz8VgLN14cEcRLubWBZAYGdc,establishment;lodging;point_of_interest;spa,False,CACHED
Palazzo Venart Luxury Hotel,https://www.americanexpress.com/en-us/travel/discover/property/Italy/Venice/Palazzo-Venart-Luxury-Hotel?intlink=US-travel-discover-property-results-propertyCard-Palazzo-Venart-Luxury-Hotel,"Venice, Italy",FINE HOTELS + RESORTS,The Leading Hotels of the World,Program,45.44133790000001,12.3298696,"Calle Tron, 1961, 30135 Venezia VE, Italy",google_places,PLACE_DETAILS,ChIJsxLPd8OxfkcRV0Hslzu5t-g,establishment;lodging;point_of_interest,False,CACHED
Violino d'Oro Venezia,https://www.americanexpress.com/en-us/travel/discover/property/Italy/Venice/Violino-Doro-Venezia?intlink=US-travel-discover-property-results-propertyCard-Violino-Doro-Venezia,"Venice, Italy",FINE HOTELS + RESORTS,The Leading Hotels of the World,Program,45.4327827,12.3354811,"P.za San Marco, 2091, 30124 Venezia VE, Italy",google_places,PLACE_DETAILS,ChIJk1sP1dCxfkcR11GEciUZYZ0,bar;establishment;food;lodging;point_of_interest;restaurant,False,CACHED
Grand Hotel Principe di Piemonte,https://www.americanexpress.com/en-us/travel/discover/property/Italy/Viareggio/Grand-Hotel-Principe-Di-Piemonte?intlink=US-travel-discover-property-results-propertyCard-Grand-Hotel-Principe-Di-Piemonte,"Viareggio, Italy",FINE HOTELS + RESORTS,The Leading Hotels of the World,Program,43.8814112,10.2355236,"Piazza Giacomo Puccini, 1, 55049 Viareggio LU, Italy",google_places,PLACE_DETAILS,ChIJu7yTOZWh1RIR5uGBET68O5c,establishment;lodging;point_of_interest,False,CACHED
"Hotel Sacher Wien, Vienna",https://www.americanexpress.com/en-us/travel/discover/property/Austria/Vienna/Hotel-Sacher-Wien-Vienna?intlink=US-travel-discover-property-results-propertyCard-Hotel-Sacher-Wien-Vienna,"Vienna, Austria",FINE HOTELS + RESORTS,The Leading Hotels of the World,Program,48.2040009,16.3697963,"Philharmoniker Str. 4, 1010 Wien, Austria",google_places,PLACE_DETAILS,ChIJI85wbpwHbUcRiJL_xm_zLE4,establishment;lodging;point_of_interest,False,CACHED
Park Hotel Vitznau,https://www.americanexpress.com/en-us/travel/discover/property/Switzerland/Vitznau/Park-Hotel-Vitznau?intlink=US-travel-discover-property-results-propertyCard-Park-Hotel-Vitznau,"Vitznau, Switzerland",FINE HOTELS + RESORTS,The Leading Hotels of the World,Program,47.01494839999999,8.4782096,"Seestrasse 18, 6354 Vitznau, Switzerland",google_places,PLACE_DETAILS,ChIJy7lkm6tXhUcRNVod15iWoXA,bar;establishment;food;lodging;point_of_interest;restaurant;spa,False,CACHED
"The Hay-Adams, Washington, D.C.",https://www.americanexpress.com/en-us/travel/discover/property/District-of-Columbia-US/Washington/The-Hay-adams-Washington-Dc?intlink=US-travel-discover-property-results-propertyCard-The-Hay-adams-Washington-Dc,"Washington, District of Columbia US",FINE HOTELS + RESORTS,The Leading Hotels of the World,Program,38.9004014,-77.0369333,"800 16th St NW, Washington, DC 20006, USA",google_places,PLACE_DETAILS,ChIJkSF0MLy3t4kR1xSE-Mb6QRE,establishment;lodging;point_of_interest,False,CACHED
Lohkah Hotel & Spa,https://www.americanexpress.com/en-us/travel/discover/property/China/Xiamen/Lohkah-Hotel--Spa?intlink=US-travel-discover-property-results-propertyCard-Lohkah-Hotel--Spa,"Xiamen, China",FINE HOTELS + RESORTS,The Leading Hotels of the World,Program,24.527645,118.18371,"No. 277 Penang, Road, 湖里区厦门市福建省 China, 361015",google_places,PLACE_DETAILS,ChIJa6bEZqKQFDQRTk8PLf18zNE,establishment;lodging;point_of_interest,False,CACHED
The Kahala Hotel & Resort Yokohama,https://www.americanexpress.com/en-us/travel/discover/property/Japan/Yokohama/The-Kahala-Hotel--Resort-Yokohama?intlink=US-travel-discover-property-results-propertyCard-The-Kahala-Hotel--Resort-Yokohama,"Yokohama, Japan",FINE HOTELS + RESORTS,The Leading Hotels of the World,Program,35.46234889999999,139.6339739,"1-chōme-1-3 Minatomirai, Nishi Ward, Yokohama, Kanagawa 220-0012, Japan",google_places,PLACE_DETAILS,ChIJ7RoIJU5dGGARt_5Hg4fQVHM,establishment;lodging;point_of_interest,False,CACHED
Lesante Cape,https://www.americanexpress.com/en-us/travel/discover/property/Greece/Zakynthos/Lesante-Cape?intlink=US-travel-discover-property-results-propertyCard-Lesante-Cape,"Zakynthos, Greece",FINE HOTELS + RESORTS,The Leading Hotels of the World,Program,37.81164150000001,20.888097,"Akrotiri 291 00, Greece",google_places,PLACE_DETAILS,ChIJEVBkjlpHZxMR_Qeq1j4b3tc,establishment;lodging;point_of_interest,False,CACHED
Mont Cervin Palace,https://www.americanexpress.com/en-us/travel/discover/property/Switzerland/Zermatt/Mont-Cervin-Palace?intlink=US-travel-discover-property-results-propertyCard-Mont-Cervin-Palace,"Zermatt, Switzerland",FINE HOTELS + RESORTS,The Leading Hotels of the World,Program,46.0211303,7.747161500000001,"Bahnhofstrasse 31, 3920 Zermatt, Switzerland",google_places,PLACE_DETAILS,ChIJIYjXKN81j0cRAWvL2M6PPbc,establishment;lodging;point_of_interest,False,CACHED
Riffelalp Resort 2'222m,https://www.americanexpress.com/en-us/travel/discover/property/Switzerland/Zermatt/Riffelalp-Resort-2222m?intlink=US-travel-discover-property-results-propertyCard-Riffelalp-Resort-2222m,"Zermatt, Switzerland",FINE HOTELS + RESORTS,The Leading Hotels of the World,Program,46.0014263,7.751201500000001,"Riffelalp, 3920 Zermatt, Switzerland",google_places,PLACE_DETAILS,ChIJaXxkqpQ1j0cR3weX024S2XE,establishment;health;lodging;point_of_interest,False,CACHED
La Reserve Eden au Lac Zurich,https://www.americanexpress.com/en-us/travel/discover/property/Switzerland/Zurich/La-Reserve-Eden-Au-Lac-Zurich?intlink=US-travel-discover-property-results-propertyCard-La-Reserve-Eden-Au-Lac-Zurich,"Zurich, Switzerland",FINE HOTELS + RESORTS,The Leading Hotels of the World,Program,47.3628736,8.547406600000002,"Utoquai 45, 8008 Zürich, Switzerland",google_places,PLACE_DETAILS,ChIJu8LY9XynmkcR9-20Ynsto8o,establishment;lodging;point_of_interest,False,CACHED
The Dolder Grand,https://www.americanexpress.com/en-us/travel/discover/property/Switzerland/Zurich/The-Dolder-Grand?intlink=US-travel-discover-property-results-propertyCard-The-Dolder-Grand,"Zurich, Switzerland",FINE HOTELS + RESORTS,The Leading Hotels of the World,Program,47.3727455,8.5731945,"Kurhausstrasse 65, 8032 Zürich, Switzerland",google_places,PLACE_DETAILS,ChIJXeB5Fc-gmkcRAUEVByhxN5o,bar;establishment;food;lodging;point_of_interest;restaurant;spa,False,CACHED
Widder Hotel,https://www.americanexpress.com/en-us/travel/discover/property/Switzerland/Zurich/Widder-Hotel?intlink=US-travel-discover-property-results-propertyCard-Widder-Hotel,"Zurich, Switzerland",FINE HOTELS + RESORTS,The Leading Hotels of the World,Program,47.3725282,8.539843,"Rennweg 7, 8001 Zürich, Switzerland",google_places,PLACE_DETAILS,ChIJ_S-4JAcKkEcRqkmXuFBbCNQ,establishment;lodging;point_of_interest,False,CACHED
Hotel Royal - Evian Resort,https://www.americanexpress.com/en-us/travel/discover/property/France/Évian-les-Bains/Hotel-Royal---Evian-Resort?intlink=US-travel-discover-property-results-propertyCard-Hotel-Royal---Evian-Resort,"Évian-les-Bains, France",FINE HOTELS + RESORTS,The Leading Hotels of the World,Program,46.3967285,6.5943593,"960 Av. du Léman, 74500 Évian-les-Bains, France",google_places,PLACE_DETAILS,ChIJIXCvsFMjjEcR4bk60qa3UIE,establishment;food;lodging;point_of_interest;restaurant;spa,False,CACHED
Villa Nai 3.3,https://www.americanexpress.com/en-us/travel/discover/property/Croatia/Žman/Villa-Nai-33?intlink=US-travel-discover-property-results-propertyCard-Villa-Nai-33,"Žman, Croatia",FINE HOTELS + RESORTS,The Leading Hotels of the World,Program,43.962414,15.1219715,"Žman 199, 23282, Žman, Croatia",google_places,PLACE_DETAILS,ChIJR6irdcmrNBMRtfeOGp0QK7s,establishment;lodging;point_of_interest,False,CACHED
"Ajman Saray, a Luxury Collection Resort, Ajman",https://www.americanexpress.com/en-us/travel/discover/property/United-Arab-Emirates/Ajman/Ajman-Saray-a-Luxury-Collection-Resort-Ajman?intlink=US-travel-discover-property-results-propertyCard-Ajman-Saray-a-Luxury-Collection-Resort-Ajman,"Ajman, United Arab Emirates",FINE HOTELS + RESORTS,The Luxury Collection,Program,25.4210327,55.4414712,Sheikh Humaid Bin Rashid Al Nuaimi Street - Al Nakhil 2 - Ajman - United Arab Emirates,google_places,PLACE_DETAILS,ChIJP_L4Tx9XXz4R3dOVMlxBkgQ,establishment;lodging;point_of_interest,False,CACHED
"Pine Cliffs Ocean Suites, a Luxury Collection Resort & Spa, Algarve",https://www.americanexpress.com/en-us/travel/discover/property/Portugal/Albufeira/Pine-Cliffs-Ocean-Suites-a-Luxury-Collection-Resort--Spa-Algarve?intlink=US-travel-discover-property-results-propertyCard-Pine-Cliffs-Ocean-Suites-a-Luxury-Collection-Resort--Spa-Algarve,"Albufeira, Portugal",FINE HOTELS + RESORTS,The Luxury Collection,Program,37.0966684,-8.178744199999999,"Praia Da Falésia, Pinhal do Concelho, 8200-593 Albufeira, Portugal",google_places,PLACE_DETAILS,ChIJhywEuMDLGg0Ro06szUrm4J8,establishment;lodging;point_of_interest,False,CACHED
"Hotel Grande Bretagne, a Luxury Collection Hotel, Athens",https://www.americanexpress.com/en-us/travel/discover/property/Greece/Athens/Hotel-Grande-Bretagne-a-Luxury-Collection-Hotel-Athens?intlink=US-travel-discover-property-results-propertyCard-Hotel-Grande-Bretagne-a-Luxury-Collection-Hotel-Athens,"Athens, Greece",FINE HOTELS + RESORTS,The Luxury Collection,Program,37.976178,23.7353123,"1 Vasileos Georgiou A, Syntagma Square Str, Athina 105 64, Greece",google_places,PLACE_DETAILS,ChIJgSMyRUu9oRQRS9UFR1xmJrE,establishment;lodging;point_of_interest,False,CACHED
"King George, a Luxury Collection Hotel, Athens",https://www.americanexpress.com/en-us/travel/discover/property/Greece/Athens/King-George-a-Luxury-Collection-Hotel-Athens?intlink=US-travel-discover-property-results-propertyCard-King-George-a-Luxury-Collection-Hotel-Athens,"Athens, Greece",FINE HOTELS + RESORTS,The Luxury Collection,Program,37.976384,23.7349494,"3 Vasileos Georgiou A, Pl. Sintagmatos Str, Athina 105 64, Greece",google_places,PLACE_DETAILS,ChIJ9-naYEC9oRQRNHzbRl4WSbk,establishment;lodging;point_of_interest,False,CACHED
"The Whitley, A Luxury Collection Hotel, Atlanta Buckhead",https://www.americanexpress.com/en-us/travel/discover/property/Georgia-US/Atlanta/The-Whitley-A-Luxury-Collection-Hotel-Atlanta-Buckhead?intlink=US-travel-discover-property-results-propertyCard-The-Whitley-A-Luxury-Collection-Hotel-Atlanta-Buckhead,"Atlanta, Georgia US",FINE HOTELS + RESORTS,The Luxury Collection,Program,33.8504246,-84.36341949999999,"3434 Peachtree Rd NE, Atlanta, GA 30326, USA",google_places,PLACE_DETAILS,ChIJ1_R5alcP9YgR_BN4rZXs2-k,establishment;lodging;point_of_interest,False,CACHED
"Matild Palace, a Luxury Collection Hotel, Budapest",https://www.americanexpress.com/en-us/travel/discover/property/Hungary/Budapest/Matild-Palace-a-Luxury-Collection-Hotel-Budapest?intlink=US-travel-discover-property-results-propertyCard-Matild-Palace-a-Luxury-Collection-Hotel-Budapest,"Budapest, Hungary",FINE HOTELS + RESORTS,The Luxury Collection,Program,47.4925325,19.0542363,"Budapest, Váci u 36, 1056 Hungary",google_places,PLACE_DETAILS,ChIJ80yvn0bcQUcR8tkbtdUbnPI,establishment;lodging;point_of_interest,False,CACHED
"Domes Zeen Chania, a Luxury Collection Resort, Crete",https://www.americanexpress.com/en-us/travel/discover/property/Greece/Chania/Domes-Zeen-Chania-a-Luxury-Collection-Resort-Crete?intlink=US-travel-discover-property-results-propertyCard-Domes-Zeen-Chania-a-Luxury-Collection-Resort-Crete,"Chania, Greece",FINE HOTELS + RESORTS,The Luxury Collection,Program,35.5085778,23.9971102,"Apteron Road Parigoria, Kon/nou Paleologou, Chania 731 00, Greece",google_places,PLACE_DETAILS,ChIJxb5H6b19nBQR6zj_RWFiuxQ,establishment;lodging;point_of_interest,False,CACHED
"The Ballantyne, a Luxury Collection Hotel, Charlotte",https://www.americanexpress.com/en-us/travel/discover/property/North-Carolina-US/Charlotte/The-Ballantyne-a-Luxury-Collection-Hotel-Charlotte?intlink=US-travel-discover-property-results-propertyCard-The-Ballantyne-a-Luxury-Collection-Hotel-Charlotte,"Charlotte, North Carolina US",FINE HOTELS + RESORTS,The Luxury Collection,Program,35.0561088,-80.847352,"10000 Ballantyne Commons Pkwy, Charlotte, NC 28277, USA",google_places,PLACE_DETAILS,ChIJaWoJ6CWdVogRGFYaCgUr86s,establishment;lodging;point_of_interest,False,CACHED
"Domes Miramare, a Luxury Collection Resort, Corfu",https://www.americanexpress.com/en-us/travel/discover/property/Greece/Corfu/Domes-Miramare-a-Luxury-Collection-Resort-Corfu?intlink=US-travel-discover-property-results-propertyCard-Domes-Miramare-a-Luxury-Collection-Resort-Corfu,"Corfu, Greece",FINE HOTELS + RESORTS,The Luxury Collection,Program,39.4895147,19.9274131,"Miramare Beach, Μοραϊτικα 491 00, Greece",google_places,PLACE_DETAILS,ChIJyZ_eAqOhXBMRBwlf9Y6O-ow,establishment;lodging;point_of_interest,False,CACHED
"Palacio del Inka, a Luxury Collection Hotel, Cusco",https://www.americanexpress.com/en-us/travel/discover/property/Peru/Cusco/Palacio-Del-Inka-a-Luxury-Collection-Hotel-Cusco?intlink=US-travel-discover-property-results-propertyCard-Palacio-Del-Inka-a-Luxury-Collection-Hotel-Cusco,"Cusco, Peru",FINE HOTELS + RESORTS,The Luxury Collection,Program,-13.5196269,-71.9749677,"Santo Domingo 259, Cusco 08002, Peru",google_places,PLACE_DETAILS,ChIJd19uKQvWbZERavqTfKZ_FOU,establishment;lodging;point_of_interest,False,CACHED
"Hotel Clio, a Luxury Collection Hotel, Denver Cherry Creek",https://www.americanexpress.com/en-us/travel/discover/property/Colorado-US/Denver/Hotel-Clio-a-Luxury-Collection-Hotel-Denver-Cherry-Creek?intlink=US-travel-discover-property-results-propertyCard-Hotel-Clio-a-Luxury-Collection-Hotel-Denver-Cherry-Creek,"Denver, Colorado US",FINE HOTELS + RESORTS,The Luxury Collection,Program,39.7188727,-104.9555905,"150 Clayton Ln, Denver, CO 80206, USA",google_places,PLACE_DETAILS,ChIJdWflJZR-bIcRtkhBRcezpLc,establishment;lodging;point_of_interest,False,CACHED
"Al Maha, a Luxury Collection Desert Resort & Spa, Dubai",https://www.americanexpress.com/en-us/travel/discover/property/United-Arab-Emirates/Dubai/Al-Maha-a-Luxury-Collection-Desert-Resort--Spa-Dubai?intlink=US-travel-discover-property-results-propertyCard-Al-Maha-a-Luxury-Collection-Desert-Resort--Spa-Dubai,"Dubai, United Arab Emirates",FINE HOTELS + RESORTS,The Luxury Collection,Program,24.7895674,55.60762630000001,Dubai Desert Conservation Reserve - Al Ain - Dubai Rd - Margab - Dubai - United Arab Emirates,google_places,PLACE_DETAILS,ChIJ05QU19NnXz4RUhDrXuUv8yM,establishment;lodging;point_of_interest,False,CACHED
"Hotel Marques de Riscal, a Luxury Collection Hotel, Elciego",https://www.americanexpress.com/en-us/travel/discover/property/Spain/Elciego/Hotel-Marques-De-Riscal-a-Luxury-Collection-Hotel-Elciego?intlink=US-travel-discover-property-results-propertyCard-Hotel-Marques-De-Riscal-a-Luxury-Collection-Hotel-Elciego,"Elciego, Spain",FINE HOTELS + RESORTS,The Luxury Collection,Program,42.5115878,-2.6176092,"C. Torrea Kalea, 1, 01340 Elciego, Álava, Spain",google_places,PLACE_DETAILS,ChIJAxH59vdXRQ0RD5l06F8sw14,establishment;lodging;point_of_interest,False,CACHED
"Hotel President Wilson, a Luxury Collection Hotel, Geneva",https://www.americanexpress.com/en-us/travel/discover/property/Switzerland/Geneva/Hotel-President-Wilson-a-Luxury-Collection-Hotel-Geneva?intlink=US-travel-discover-property-results-propertyCard-Hotel-President-Wilson-a-Luxury-Collection-Hotel-Geneva,"Geneva, Switzerland",FINE HOTELS + RESORTS,The Luxury Collection,Program,46.21409180000001,6.1516097,"Quai Wilson 47, 1211 Genève, Switzerland",google_places,PLACE_DETAILS,ChIJPbxtVCJljEcRQjRlqxTr5yc,establishment;lodging;point_of_interest,False,CACHED
"Muir, a Luxury Collection Hotel, Halifax",https://www.americanexpress.com/en-us/travel/discover/property/Nova-Scotia-CA/Halifax/Muir-a-Luxury-Collection-Hotel-Halifax?intlink=US-travel-discover-property-results-propertyCard-Muir-a-Luxury-Collection-Hotel-Halifax,"Halifax, Nova Scotia CA",FINE HOTELS + RESORTS,The Luxury Collection,Program,44.6480903,-63.57155969999999,"1709 Lower Water St, Halifax, NS B3J 1S5, Canada",google_places,PLACE_DETAILS,ChIJvVQTk1ojWksR23GsQ6L0D0E,establishment;lodging;point_of_interest,False,CACHED
"The Tasman, a Luxury Collection Hotel, Hobart",https://www.americanexpress.com/en-us/travel/discover/property/Australia/Hobart/The-Tasman-a-Luxury-Collection-Hotel-Hobart?intlink=US-travel-discover-property-results-propertyCard-The-Tasman-a-Luxury-Collection-Hotel-Hobart,"Hobart, Australia",FINE HOTELS + RESORTS,The Luxury Collection,Program,-42.8847481,147.3300213,"12 Murray St, Hobart TAS 7000, Australia",google_places,PLACE_DETAILS,ChIJG-KU_cJ1bqoR-bOmBFlKPQQ,establishment;lodging;point_of_interest,False,CACHED
"The Royal Hawaiian, a Luxury Collection Resort, Waikiki",https://www.americanexpress.com/en-us/travel/discover/property/Hawaii-US/Honolulu/The-Royal-Hawaiian-a-Luxury-Collection-Resort-Waikiki?intlink=US-travel-discover-property-results-propertyCard-The-Royal-Hawaiian-a-Luxury-Collection-Resort-Waikiki,"Honolulu, Hawaii US",FINE HOTELS + RESORTS,The Luxury Collection,Program,21.2774784,-157.8292846,"2259 Kalākaua Ave, Honolulu, HI 96815, USA",google_places,PLACE_DETAILS,ChIJy6_Yk3VyAHwRyPUq5FiSeLk,establishment;lodging;point_of_interest,False,CACHED
"Sanasaryan Han, A Luxury Collection Hotel, Istanbul",https://www.americanexpress.com/en-us/travel/discover/property/Turkey/Istanbul/Sanasaryan-Han-A-Luxury-Collection-Hotel-Istanbul?intlink=US-travel-discover-property-results-propertyCard-Sanasaryan-Han-A-Luxury-Collection-Hotel-Istanbul,"Istanbul, Turkey",FINE HOTELS + RESORTS,The Luxury Collection,Program,41.01576499999999,28.97469229999999,"Hobyar Mah. Mimar Kemalettin Cad., No:10, Fatih, Hobyar, 34112 Sirkeci/İstanbul, Türkiye",google_places,PLACE_DETAILS,ChIJYTf1LYy5yhQRWx1zjpkelXE,establishment;lodging;point_of_interest,False,CACHED
"The Langley, a Luxury Collection Hotel, Buckinghamshire",https://www.americanexpress.com/en-us/travel/discover/property/England/Iver/The-Langley-a-Luxury-Collection-Hotel-Buckinghamshire?intlink=US-travel-discover-property-results-propertyCard-The-Langley-a-Luxury-Collection-Hotel-Buckinghamshire,"Iver, England",FINE HOTELS + RESORTS,The Luxury Collection,Program,51.5245496,-0.5463137,"Avenue Dr, Uxbridge Rd, Iver, Slough SL3 6DU, UK",google_places,PLACE_DETAILS,ChIJ5ZtdeOhvdkgRi_9Zn1Fbg7Y,establishment;lodging;point_of_interest,False,CACHED
"Vana Belle, A Luxury Collection Resort, Koh Samui",https://www.americanexpress.com/en-us/travel/discover/property/Thailand/Koh-Samui/Vana-Belle-A-Luxury-Collection-Resort-Koh-Samui?intlink=US-travel-discover-property-results-propertyCard-Vana-Belle-A-Luxury-Collection-Resort-Koh-Samui,"Koh Samui, Thailand",FINE HOTELS + RESORTS,The Luxury Collection,Program,9.5079111,100.0551091,"9 Noi Beach, 99 Chaweng Beach Rd, Tambon Bo Put, Amphoe Ko Samui, Chang Wat Surat Thani 84320, Thailand",google_places,PLACE_DETAILS,ChIJPwF3_5TxVDARheaZUF1u9XM,establishment;lodging;point_of_interest,False,CACHED
"HOTEL THE MITSUI KYOTO, a Luxury Collection Hotel & Spa",https://www.americanexpress.com/en-us/travel/discover/property/Japan/Kyoto/Hotel-The-Mitsui-Kyoto-a-Luxury-Collection-Hotel--Spa?intlink=US-travel-discover-property-results-propertyCard-Hotel-The-Mitsui-Kyoto-a-Luxury-Collection-Hotel--Spa,"Kyoto, Japan",FINE HOTELS + RESORTS,The Luxury Collection,Program,35.0134568,135.7533513,"Aburano-Koji St. Nijo-Sagaru, Nakagyo-Ku, 284 二条油小路町 中京区 京都市 京都府 604-0051, Japan",google_places,PLACE_DETAILS,ChIJ_7QKsOsJAWARXSp7CEweg4A,establishment;lodging;point_of_interest,False,CACHED
"Suiran, a Luxury Collection Hotel, Kyoto",https://www.americanexpress.com/en-us/travel/discover/property/Japan/Kyoto/Suiran-a-Luxury-Collection-Hotel-Kyoto?intlink=US-travel-discover-property-results-propertyCard-Suiran-a-Luxury-Collection-Hotel-Kyoto,"Kyoto, Japan",FINE HOTELS + RESORTS,The Luxury Collection,Program,35.0137742,135.6732767,"Japan, 〒616-8385 Kyoto, Ukyo Ward, Sagatenryūji Susukinobabachō, 翠嵐ラグジュアリーコレクションホテル京都",google_places,PLACE_DETAILS,ChIJv-qH8gCqAWAR1RMRDlI8gDw,establishment;lodging;point_of_interest,False,CACHED
"Parklane, a Luxury Collection Resort & Spa, Limassol",https://www.americanexpress.com/en-us/travel/discover/property/Cyprus/Limassol/Parklane-a-Luxury-Collection-Resort--Spa-Limassol?intlink=US-travel-discover-property-results-propertyCard-Parklane-a-Luxury-Collection-Resort--Spa-Limassol,"Limassol, Cyprus",FINE HOTELS + RESORTS,The Luxury Collection,Program,34.7139958,33.1754254,"Giannou Kranidioti 11, Street 4534, Cyprus",google_places,PLACE_DETAILS,ChIJGxUYjoHJ4BQRLpqeBA3Lf3w,establishment;lodging;point_of_interest,False,CACHED
"Santo Mauro, a Luxury Collection Hotel",https://www.americanexpress.com/en-us/travel/discover/property/Spain/Madrid/Santo-Mauro-a-Luxury-Collection-Hotel?intlink=US-travel-discover-property-results-propertyCard-Santo-Mauro-a-Luxury-Collection-Hotel,"Madrid, Spain",FINE HOTELS + RESORTS,The Luxury Collection,Program,40.4309697,-3.6931098,"Calle de Zurbano, 36, Chamberí, 28010 Madrid, Spain",google_places,PLACE_DETAILS,ChIJzzekXDUpQg0Rstt-zySruSY,establishment;lodging;point_of_interest,False,CACHED
"The Palace, a Luxury Collection Hotel, Madrid",https://www.americanexpress.com/en-us/travel/discover/property/Spain/Madrid/The-Palace-a-Luxury-Collection-Hotel-Madrid?intlink=US-travel-discover-property-results-propertyCard-The-Palace-a-Luxury-Collection-Hotel-Madrid,"Madrid, Spain",FINE HOTELS + RESORTS,The Luxury Collection,Program,40.4154461,-3.6958159,"Pl. de las Cortes, 7, Centro, 28014 Madrid, Spain",google_places,PLACE_DETAILS,ChIJG_oXeZwoQg0RT0nvorPocaA,establishment;lodging;point_of_interest,False,CACHED
"Vedema, a Luxury Collection Resort, Santorini",https://www.americanexpress.com/en-us/travel/discover/property/Greece/Megalochori/Vedema-a-Luxury-Collection-Resort-Santorini?intlink=US-travel-discover-property-results-propertyCard-Vedema-a-Luxury-Collection-Resort-Santorini,"Megalochori, Greece",FINE HOTELS + RESORTS,The Luxury Collection,Program,36.3755871,25.4323117,"Megalochori 847 00, Greece",google_places,PLACE_DETAILS,ChIJCbNYRP_OmRQRaK8VN1q-K24,establishment;lodging;point_of_interest,False,CACHED
"The Romanos, a Luxury Collection Resort, Costa Navarino",https://www.americanexpress.com/en-us/travel/discover/property/Greece/Messinia/The-Romanos-a-Luxury-Collection-Resort-Costa-Navarino?intlink=US-travel-discover-property-results-propertyCard-The-Romanos-a-Luxury-Collection-Resort-Costa-Navarino,"Messinia, Greece",FINE HOTELS + RESORTS,The Luxury Collection,Program,36.9973227,21.6497793,"Navarino Dunes Messinia, Costa, Pilos 240 01, Greece",google_places,PLACE_DETAILS,ChIJuUqkUokSYRMRD6pXsSdh7sg,establishment;lodging;point_of_interest,False,CACHED
"Las Alcobas, A Luxury Collection Hotel, Mexico City",https://www.americanexpress.com/en-us/travel/discover/property/Mexico-City-MX/Mexico-City/Las-Alcobas-A-Luxury-Collection-Hotel-Mexico-City?intlink=US-travel-discover-property-results-propertyCard-Las-Alcobas-A-Luxury-Collection-Hotel-Mexico-City,"Mexico City, Mexico City MX",FINE HOTELS + RESORTS,The Luxury Collection,Program,19.431584,-99.197875,"Av. Pdte. Masaryk 390, Polanco, Polanco III Secc, Miguel Hidalgo, 11560 Ciudad de México, CDMX, Mexico",google_places,PLACE_DETAILS,ChIJ65o5XgIC0oUREtf6uzK77YY,establishment;lodging;point_of_interest,False,CACHED
"Excelsior Hotel Gallia, a Luxury Collection Hotel, Milan",https://www.americanexpress.com/en-us/travel/discover/property/Italy/Milan/Excelsior-Hotel-Gallia-a-Luxury-Collection-Hotel-Milan?intlink=US-travel-discover-property-results-propertyCard-Excelsior-Hotel-Gallia-a-Luxury-Collection-Hotel-Milan,"Milan, Italy",FINE HOTELS + RESORTS,The Luxury Collection,Program,45.4856769,9.2014669,"Piazza Duca d'Aosta, 9, 20124 Milano MI, Italy",google_places,PLACE_DETAILS,ChIJMfRV4s_GhkcRYLtXZTp4LZU,establishment;lodging;point_of_interest,False,CACHED
"Hotel Ivy, a Luxury Collection Hotel, Minneapolis",https://www.americanexpress.com/en-us/travel/discover/property/Minnesota-US/Minneapolis/Hotel-Ivy-a-Luxury-Collection-Hotel-Minneapolis?intlink=US-travel-discover-property-results-propertyCard-Hotel-Ivy-a-Luxury-Collection-Hotel-Minneapolis,"Minneapolis, Minnesota US",FINE HOTELS + RESORTS,The Luxury Collection,Program,44.97157379999999,-93.2726984,"201 S 11th St, Minneapolis, MN 55403, USA",google_places,PLACE_DETAILS,ChIJOzwdfL0ys1IRe46ub9Rp4lM,establishment;lodging;point_of_interest,False,CACHED
"IRAPH SUI, a Luxury Collection Hotel, Miyako Okinawa",https://www.americanexpress.com/en-us/travel/discover/property/Japan/Miyakojima/Iraph-Sui-a-Luxury-Collection-Hotel-Miyako-Okinawa?intlink=US-travel-discover-property-results-propertyCard-Iraph-Sui-a-Luxury-Collection-Hotel-Miyako-Okinawa,"Miyakojima, Japan",FINE HOTELS + RESORTS,The Luxury Collection,Program,24.8092498,125.1887435,"Irabu-818-5 Irabu, Miyakojima, Okinawa 906-0503, Japan",google_places,PLACE_DETAILS,ChIJi2OwU2mr9TQRTLyo9kHLr4k,establishment;lodging;point_of_interest,False,CACHED
"Koenigshof, a Luxury Collection Hotel, Munich",https://www.americanexpress.com/en-us/travel/discover/property/Germany/Munich/Koenigshof-a-Luxury-Collection-Hotel-Munich?intlink=US-travel-discover-property-results-propertyCard-Koenigshof-a-Luxury-Collection-Hotel-Munich,"Munich, Germany",FINE HOTELS + RESORTS,The Luxury Collection,Program,48.1396957,11.5646127,"Karlsplatz 25, 80335 München, Germany",google_places,PLACE_DETAILS,ChIJjZ9BOQB1nkcRW-4o6byQ2Q4,establishment;lodging;point_of_interest,False,CACHED
"Santa Marina, a Luxury Collection Resort, Mykonos",https://www.americanexpress.com/en-us/travel/discover/property/Greece/Mykonos/Santa-Marina-a-Luxury-Collection-Resort-Mykonos?intlink=US-travel-discover-property-results-propertyCard-Santa-Marina-a-Luxury-Collection-Resort-Mykonos,"Mykonos, Greece",FINE HOTELS + RESORTS,The Luxury Collection,Program,37.418269,25.3261947,"Ornos Bay, Mikonos 846 00, Greece",google_places,PLACE_DETAILS,ChIJx9AWKWG-ohQRc_7gfyskSU4,establishment;lodging;point_of_interest,False,CACHED
"Cosme, a Luxury Collection Resort, Paros",https://www.americanexpress.com/en-us/travel/discover/property/Greece/Naoussa/Cosme-a-Luxury-Collection-Resort-Paros?intlink=US-travel-discover-property-results-propertyCard-Cosme-a-Luxury-Collection-Resort-Paros,"Naoussa, Greece",FINE HOTELS + RESORTS,The Luxury Collection,Program,37.1253157,25.2482051,"Naousa 844 01, Greece",google_places,PLACE_DETAILS,ChIJLb0B0-90mBQR22LDmWk1SVU,establishment;lodging;point_of_interest,False,CACHED
"The Joseph, a Luxury Collection Hotel, Nashville",https://www.americanexpress.com/en-us/travel/discover/property/Tennessee-US/Nashville/The-Joseph-a-Luxury-Collection-Hotel-Nashville?intlink=US-travel-discover-property-results-propertyCard-The-Joseph-a-Luxury-Collection-Hotel-Nashville,"Nashville, Tennessee US",FINE HOTELS + RESORTS,The Luxury Collection,Program,36.156582,-86.774732,"401 Korean Veterans Blvd, Nashville, TN 37203, USA",google_places,PLACE_DETAILS,ChIJNQJ1oV1mZIgR7_qs46fOiS0,establishment;lodging;point_of_interest,False,CACHED
"Hotel du Couvent, a Luxury Collection Hotel, Nice",https://www.americanexpress.com/en-us/travel/discover/property/France/Nice/Hotel-Du-Couvent-a-Luxury-Collection-Hotel-Nice?intlink=US-travel-discover-property-results-propertyCard-Hotel-Du-Couvent-a-Luxury-Collection-Hotel-Nice,"Nice, France",FINE HOTELS + RESORTS,The Luxury Collection,Program,43.6971767,7.278835599999999,"1 Rue Honoré Ugo, 06300 Nice, France",google_places,PLACE_DETAILS,ChIJfUqOdgXPzRIR-8aYHCo-Qxw,establishment;lodging;point_of_interest,False,CACHED
"Mystique, a Luxury Collection Hotel, Santorini",https://www.americanexpress.com/en-us/travel/discover/property/Greece/Oia/Mystique-a-Luxury-Collection-Hotel-Santorini?intlink=US-travel-discover-property-results-propertyCard-Mystique-a-Luxury-Collection-Hotel-Santorini,"Oia, Greece",FINE HOTELS + RESORTS,The Luxury Collection,Program,36.4620789,25.3853736,"Island, Οία 847 02, Greece",google_places,PLACE_DETAILS,ChIJKWfvlIPLmRQRA4SgFLg3ZHY,establishment;lodging;point_of_interest,False,CACHED
"Prince de Galles, a Luxury Collection Hotel, Paris",https://www.americanexpress.com/en-us/travel/discover/property/France/Paris/Prince-De-Galles-a-Luxury-Collection-Hotel-Paris?intlink=US-travel-discover-property-results-propertyCard-Prince-De-Galles-a-Luxury-Collection-Hotel-Paris,"Paris, France",FINE HOTELS + RESORTS,The Luxury Collection,Program,48.869143,2.3006579,"33 Av. George V, 75008 Paris, France",google_places,PLACE_DETAILS,ChIJlYY5g8Jv5kcRVoYjIDFpq7w,establishment;lodging;point_of_interest,False,CACHED
"The Naka Island, a Luxury Collection Resort & Spa, Phuket",https://www.americanexpress.com/en-us/travel/discover/property/Thailand/Phuket/The-Naka-Island-a-Luxury-Collection-Resort--Spa-Phuket?intlink=US-travel-discover-property-results-propertyCard-The-Naka-Island-a-Luxury-Collection-Resort--Spa-Phuket,"Phuket, Thailand",FINE HOTELS + RESORTS,The Luxury Collection,Program,8.057352999999999,98.458411,"32 Moo 5 Tambol Paklok, Amphur Thalang, Naka Yai Island, Tambon Pa Klok, Phuket, Chang Wat Phuket 83110, Thailand",google_places,PLACE_DETAILS,ChIJo7XvmZlKUDARnUvb6mxk-2I,establishment;lodging;point_of_interest,False,CACHED
"the Nines, a Luxury Collection Hotel, Portland",https://www.americanexpress.com/en-us/travel/discover/property/Oregon-US/Portland/The-Nines-a-Luxury-Collection-Hotel-Portland?intlink=US-travel-discover-property-results-propertyCard-The-Nines-a-Luxury-Collection-Hotel-Portland,"Portland, Oregon US",FINE HOTELS + RESORTS,The Luxury Collection,Program,45.518943,-122.6777971,"525 SW Morrison St, Portland, OR 97204, USA",google_places,PLACE_DETAILS,ChIJVZDfqQUKlVQRwBzGTWO9nDA,establishment;lodging;point_of_interest,False,CACHED
"Hotel Cala di Volpe, a Luxury Collection Hotel, Costa Smeralda",https://www.americanexpress.com/en-us/travel/discover/property/Italy/Porto-Cervo/Hotel-Cala-Di-Volpe-a-Luxury-Collection-Hotel-Costa-Smeralda?intlink=US-travel-discover-property-results-propertyCard-Hotel-Cala-Di-Volpe-a-Luxury-Collection-Hotel-Costa-Smeralda,"Porto Cervo, Italy",FINE HOTELS + RESORTS,The Luxury Collection,Program,41.0902627,9.5410506,"Costa Smeralda, 07020 Porto Cervo Provincia della Gallura Nord-Est Sardegna, Italy",google_places,PLACE_DETAILS,ChIJ75Gbba9A2RIRa_pmgiBxmLM,establishment;lodging;point_of_interest,False,CACHED
"Augustine, a Luxury Collection Hotel, Prague",https://www.americanexpress.com/en-us/travel/discover/property/Czech-Republic/Prague/Augustine-a-Luxury-Collection-Hotel-Prague?intlink=US-travel-discover-property-results-propertyCard-Augustine-a-Luxury-Collection-Hotel-Prague,"Prague, Czech Republic",FINE HOTELS + RESORTS,The Luxury Collection,Program,50.08879,14.4063774,"Letenská 12/33, Malá Strana, 118 00 Praha-Praha 1, Czechia",google_places,PLACE_DETAILS,ChIJV_2lbuGUC0cRKZfwxyBI4yU,establishment;lodging;point_of_interest,False,CACHED
"Hotel Goldener Hirsch, a Luxury Collection Hotel, Salzburg",https://www.americanexpress.com/en-us/travel/discover/property/Austria/Salzburg/Hotel-Goldener-Hirsch-a-Luxury-Collection-Hotel-Salzburg?intlink=US-travel-discover-property-results-propertyCard-Hotel-Goldener-Hirsch-a-Luxury-Collection-Hotel-Salzburg,"Salzburg, Austria",FINE HOTELS + RESORTS,The Luxury Collection,Program,47.7998886,13.0409664,"Getreidegasse 37, 5020 Salzburg, Austria",google_places,PLACE_DETAILS,ChIJy9OEoGaQdkcR3xqWGfSb7sw,establishment;lodging;point_of_interest,False,CACHED
"The St. Anthony, a Luxury Collection Hotel, San Antonio",https://www.americanexpress.com/en-us/travel/discover/property/Texas-US/San-Antonio/The-St-Anthony-a-Luxury-Collection-Hotel-San-Antonio?intlink=US-travel-discover-property-results-propertyCard-The-St-Anthony-a-Luxury-Collection-Hotel-San-Antonio,"San Antonio, Texas US",FINE HOTELS + RESORTS,The Luxury Collection,Program,29.427455,-98.4894638,"300 E Travis St, San Antonio, TX 78205, USA",google_places,PLACE_DETAILS,ChIJYZ1VfVNfXIYRBPzhpCTxRgI,establishment;lodging;point_of_interest,False,CACHED
"THE US GRANT, a Luxury Collection Hotel, San Diego",https://www.americanexpress.com/en-us/travel/discover/property/California-US/San-Diego/The-Us-Grant-a-Luxury-Collection-Hotel-San-Diego?intlink=US-travel-discover-property-results-propertyCard-The-Us-Grant-a-Luxury-Collection-Hotel-San-Diego,"San Diego, California US",FINE HOTELS + RESORTS,The Luxury Collection,Program,32.716204,-117.1615507,"326 Broadway, San Diego, CA 92101, USA",google_places,PLACE_DETAILS,ChIJrRRF3qdU2YAR7QqXnjQvPcI,establishment;lodging;point_of_interest,False,CACHED
"Palace Hotel, a Luxury Collection Hotel, San Francisco",https://www.americanexpress.com/en-us/travel/discover/property/California-US/San-Francisco/Palace-Hotel-a-Luxury-Collection-Hotel-San-Francisco?intlink=US-travel-discover-property-results-propertyCard-Palace-Hotel-a-Luxury-Collection-Hotel-San-Francisco,"San Francisco, California US",FINE HOTELS + RESORTS,The Luxury Collection,Program,37.7881241,-122.4019021,"2 New Montgomery St, San Francisco, CA 94105, USA",google_places,PLACE_DETAILS,ChIJ150MH4iAhYARy399PwjhCb4,establishment;lodging;point_of_interest,False,CACHED
"Solaz, a Luxury Collection Resort Los Cabos",https://www.americanexpress.com/en-us/travel/discover/property/Baja-California-Sur-MX/San-Jose-del-Cabo/Solaz-a-Luxury-Collection-Resort-Los-Cabos?intlink=US-travel-discover-property-results-propertyCard-Solaz-a-Luxury-Collection-Resort-Los-Cabos,"San Jose del Cabo, Baja California Sur MX",FINE HOTELS + RESORTS,The Luxury Collection,Program,22.974162,-109.7813192,"KM 18.5 Carretera Transpeninsular CSL-SJC Access B Cabo Real, Tourist Corridor, 23405 San José del Cabo, B.C.S., Mexico",google_places,PLACE_DETAILS,ChIJbcZThzpPr4YR_698UxRzwtM,establishment;lodging;point_of_interest,False,CACHED
"Hotel Maria Cristina, a Luxury Collection Hotel, San Sebastian",https://www.americanexpress.com/en-us/travel/discover/property/Spain/San-Sebastian/Hotel-Maria-Cristina-a-Luxury-Collection-Hotel-San-Sebastian?intlink=US-travel-discover-property-results-propertyCard-Hotel-Maria-Cristina-a-Luxury-Collection-Hotel-San-Sebastian,"San Sebastian, Spain",FINE HOTELS + RESORTS,The Luxury Collection,Program,43.32180779999999,-1.9801059,"República Argentina K., 4, 20004 Donostia / San Sebastián, Gipuzkoa, Spain",google_places,PLACE_DETAILS,ChIJkx4kFFClUQ0RCjqo9uELMfs,establishment;lodging;point_of_interest,False,CACHED
Perry Lane Hotel,https://www.americanexpress.com/en-us/travel/discover/property/Georgia-US/Savannah/Perry-Lane-Hotel?intlink=US-travel-discover-property-results-propertyCard-Perry-Lane-Hotel,"Savannah, Georgia US",FINE HOTELS + RESORTS,The Luxury Collection,Program,32.0751375,-81.0917692,"256 E Perry St, Savannah, GA 31401, USA",google_places,PLACE_DETAILS,ChIJ4Wk6SG-e-4gR5F-KoiODBk4,establishment;lodging;point_of_interest,False,CACHED
"The Canyon Suites at The Phoenician, a Luxury Collection Resort, Scottsdale",https://www.americanexpress.com/en-us/travel/discover/property/Arizona-US/Scottsdale/The-Canyon-Suites-At-The-Phoenician-a-Luxury-Collection-Resort-Scottsdale?intlink=US-travel-discover-property-results-propertyCard-The-Canyon-Suites-At-The-Phoenician-a-Luxury-Collection-Resort-Scottsdale,"Scottsdale, Arizona US",FINE HOTELS + RESORTS,The Luxury Collection,Program,33.5066251,-111.9525286,"6000 E Camelback Rd, Scottsdale, AZ 85251, USA",google_places,PLACE_DETAILS,ChIJX84EBUwLK4cRecHpI_MMq4Y,establishment;lodging;point_of_interest,False,CACHED
"The Phoenician, a Luxury Collection Resort, Scottsdale",https://www.americanexpress.com/en-us/travel/discover/property/Arizona-US/Scottsdale/The-Phoenician-a-Luxury-Collection-Resort-Scottsdale?intlink=US-travel-discover-property-results-propertyCard-The-Phoenician-a-Luxury-Collection-Resort-Scottsdale,"Scottsdale, Arizona US",FINE HOTELS + RESORTS,The Luxury Collection,Program,33.50577850000001,-111.9495678,"6000 E Camelback Rd, Scottsdale, AZ 85251, USA",google_places,PLACE_DETAILS,ChIJvxTvb4cLK4cRZx1KGc-gu24,establishment;lodging;point_of_interest,False,CACHED
"Hotel Alfonso XIII, a Luxury Collection Hotel, Seville",https://www.americanexpress.com/en-us/travel/discover/property/Spain/Seville/Hotel-Alfonso-Xiii-a-Luxury-Collection-Hotel-Seville?intlink=US-travel-discover-property-results-propertyCard-Hotel-Alfonso-Xiii-a-Luxury-Collection-Hotel-Seville,"Seville, Spain",FINE HOTELS + RESORTS,The Luxury Collection,Program,37.3814838,-5.992659199999999,"C. San Fernando, 2, Casco Antiguo, 41004 Sevilla, Spain",google_places,PLACE_DETAILS,ChIJ39AMQRhsEg0RRp_hi7dSx-I,establishment;lodging;point_of_interest,False,CACHED
"The Laurus, a Luxury Collection Resort, Singapore",https://www.americanexpress.com/en-us/travel/discover/property/Singapore/Singapore/The-Laurus-a-Luxury-Collection-Resort-Singapore?intlink=US-travel-discover-property-results-propertyCard-The-Laurus-a-Luxury-Collection-Resort-Singapore,"Singapore, Singapore",FINE HOTELS + RESORTS,The Luxury Collection,Program,1.2579577,103.8188252,"28 Sentosa Gateway, Singapore 098139",google_places,PLACE_DETAILS,ChIJGTclM_wb2jERMfjjLAEv90A,establishment;lodging;point_of_interest,False,CACHED
"The Ocean Club, a Luxury Collection resort, Costa Norte",https://www.americanexpress.com/en-us/travel/discover/property/Dominican-Republic/Sosua/The-Ocean-Club-a-Luxury-Collection-Resort-Costa-Norte?intlink=US-travel-discover-property-results-propertyCard-The-Ocean-Club-a-Luxury-Collection-Resort-Costa-Norte,"Sosua, Dominican Republic",FINE HOTELS + RESORTS,The Luxury Collection,Program,19.7687487,-70.5157026,"Calle Bruno Philip No, 5, Sosúa 57000, Dominican Republic",google_places,PLACE_DETAILS,ChIJHe1BLprjsY4R2v0Ly4IsDMU,establishment;lodging;point_of_interest,False,CACHED
"The Prince Gallery Tokyo Kioicho, a Luxury Collection Hotel",https://www.americanexpress.com/en-us/travel/discover/property/Japan/Tokyo/The-Prince-Gallery-Tokyo-Kioicho-a-Luxury-Collection-Hotel?intlink=US-travel-discover-property-results-propertyCard-The-Prince-Gallery-Tokyo-Kioicho-a-Luxury-Collection-Hotel,"Tokyo, Japan",FINE HOTELS + RESORTS,The Luxury Collection,Program,35.6796441,139.7371118,"1-2 Kioichō, Chiyoda City, Tokyo 102-8585, Japan",google_places,PLACE_DETAILS,ChIJ4Z9j7XuMGGARAgZ2C6hMq5w,establishment;lodging;point_of_interest,False,CACHED
"Tambo del Inka, a Luxury Collection Resort & Spa, Valle Sagrado",https://www.americanexpress.com/en-us/travel/discover/property/Peru/Urubamba/Tambo-Del-Inka-a-Luxury-Collection-Resort--Spa-Valle-Sagrado?intlink=US-travel-discover-property-results-propertyCard-Tambo-Del-Inka-a-Luxury-Collection-Resort--Spa-Valle-Sagrado,"Urubamba, Peru",FINE HOTELS + RESORTS,The Luxury Collection,Program,-13.310152,-72.117587,"Sacred Valley, Av. Ferrocarril S/N, Urubamba 08660, Peru",google_places,PLACE_DETAILS,ChIJuWT8vhjdbZER3pZlIKKUw_g,establishment;lodging;point_of_interest,False,CACHED
"The Hythe, a Luxury Collection Resort, Vail",https://www.americanexpress.com/en-us/travel/discover/property/Colorado-US/Vail/The-Hythe-a-Luxury-Collection-Resort-Vail?intlink=US-travel-discover-property-results-propertyCard-The-Hythe-a-Luxury-Collection-Resort-Vail,"Vail, Colorado US",FINE HOTELS + RESORTS,The Luxury Collection,Program,39.642855,-106.391559,"715 W Lionshead Cir, Vail, CO 81657, USA",google_places,PLACE_DETAILS,ChIJNaDzwiBxaocRLiaOQD0zzGg,establishment;lodging;point_of_interest,False,CACHED
"The Gritti Palace, a Luxury Collection Hotel, Venice",https://www.americanexpress.com/en-us/travel/discover/property/Italy/Venice/The-Gritti-Palace-a-Luxury-Collection-Hotel-Venice?intlink=US-travel-discover-property-results-propertyCard-The-Gritti-Palace-a-Luxury-Collection-Hotel-Venice,"Venice, Italy",FINE HOTELS + RESORTS,The Luxury Collection,Program,45.4317807,12.3333017,"Campo Santa Maria Del Giglio, 2467, 30124 Venezia VE, Italy",google_places,PLACE_DETAILS,ChIJMZO1D9GxfkcRHqAUPbdFplU,establishment;lodging;point_of_interest,False,CACHED
"Hotel Imperial, a Luxury Collection Hotel, Vienna",https://www.americanexpress.com/en-us/travel/discover/property/Austria/Vienna/Hotel-Imperial-a-Luxury-Collection-Hotel-Vienna?intlink=US-travel-discover-property-results-propertyCard-Hotel-Imperial-a-Luxury-Collection-Hotel-Vienna,"Vienna, Austria",FINE HOTELS + RESORTS,The Luxury Collection,Program,48.20111,16.3728713,"Kärntner Ring 16, 1015 Wien, Austria",google_places,PLACE_DETAILS,ChIJs8GwaZ0HbUcRb-caAc8q6-o,establishment;lodging;point_of_interest,False,CACHED
"Hotel Bristol, a Luxury Collection Hotel, Warsaw",https://www.americanexpress.com/en-us/travel/discover/property/Poland/Warsaw/Hotel-Bristol-a-Luxury-Collection-Hotel-Warsaw?intlink=US-travel-discover-property-results-propertyCard-Hotel-Bristol-a-Luxury-Collection-Hotel-Warsaw,"Warsaw, Poland",FINE HOTELS + RESORTS,The Luxury Collection,Program,52.2422304,21.0158816,"Krakowskie Przedmieście 42/44, 00-325 Warszawa, Poland",google_places,PLACE_DETAILS,ChIJl_eTtGDMHkcR3g3LsUh-yw4,establishment;lodging;point_of_interest,False,CACHED
The Peninsula Bangkok,https://www.americanexpress.com/en-us/travel/discover/property/Thailand/Bangkok/The-Peninsula-Bangkok?intlink=US-travel-discover-property-results-propertyCard-The-Peninsula-Bangkok,"Bangkok, Thailand",FINE HOTELS + RESORTS,The Peninsula Hotels,Program,13.7231212,100.5108006,"333 Charoen Nakhon Rd, Khwaeng Khlong Ton Sai, Khet Khlong San, Krung Thep Maha Nakhon 10600, Thailand",google_places,PLACE_DETAILS,ChIJp8e_7NOY4jARN83NYCd7tVc,establishment;food;lodging;point_of_interest;restaurant;spa,False,CACHED
The Peninsula Beijing,https://www.americanexpress.com/en-us/travel/discover/property/China/Beijing/The-Peninsula-Beijing?intlink=US-travel-discover-property-results-propertyCard-The-Peninsula-Beijing,"Beijing, China",FINE HOTELS + RESORTS,The Peninsula Hotels,Program,39.9153498,116.4164271,"8 Jin Yu Hu Tong, Dong Cheng Qu, Bei Jing Shi, China, 100006",google_places,PLACE_DETAILS,ChIJP3xnYtJS8DUR2wxjhFtw67Y,establishment;lodging;point_of_interest,False,CACHED
The Peninsula Beverly Hills,https://www.americanexpress.com/en-us/travel/discover/property/California-US/Beverly-Hills/The-Peninsula-Beverly-Hills?intlink=US-travel-discover-property-results-propertyCard-The-Peninsula-Beverly-Hills,"Beverly Hills, California US",FINE HOTELS + RESORTS,The Peninsula Hotels,Program,34.0660173,-118.4106517,"9882 S Santa Monica Blvd, Beverly Hills, CA 90212, USA",google_places,PLACE_DETAILS,ChIJo4XM5_W7woARSKsK1bsfNS8,establishment;lodging;point_of_interest,False,CACHED
The Peninsula Chicago,https://www.americanexpress.com/en-us/travel/discover/property/Illinois-US/Chicago/The-Peninsula-Chicago?intlink=US-travel-discover-property-results-propertyCard-The-Peninsula-Chicago,"Chicago, Illinois US",FINE HOTELS + RESORTS,The Peninsula Hotels,Program,41.8959069,-87.6251182,"108 E Superior St, Chicago, IL 60611, USA",google_places,PLACE_DETAILS,ChIJY73MNVPTD4gR61-AxyJIXUo,establishment;lodging;point_of_interest,False,CACHED
The Peninsula Hong Kong,https://www.americanexpress.com/en-us/travel/discover/property/China/Hong-Kong/The-Peninsula-Hong-Kong?intlink=US-travel-discover-property-results-propertyCard-The-Peninsula-Hong-Kong,"Hong Kong, China",FINE HOTELS + RESORTS,The Peninsula Hotels,Program,22.2951024,114.1718537,"Salisbury Rd, Tsim Sha Tsui, Hong Kong",google_places,PLACE_DETAILS,ChIJdRlVSfIABDQRq5S65hPQo-8,establishment;lodging;point_of_interest,False,CACHED
The Peninsula Istanbul,https://www.americanexpress.com/en-us/travel/discover/property/Turkey/Istanbul/The-Peninsula-Istanbul?intlink=US-travel-discover-property-results-propertyCard-The-Peninsula-Istanbul,"Istanbul, Turkey",FINE HOTELS + RESORTS,The Peninsula Hotels,Program,41.0230125,28.9779274,"Kemankeş Karamustafa Paşa, Kemankeş Cd. No:34, 34425 Beyoğlu/İstanbul, Türkiye",google_places,PLACE_DETAILS,ChIJm8vQkZm5yhQRYZFcCnD4NS0,establishment;lodging;point_of_interest,False,CACHED
The Peninsula London,https://www.americanexpress.com/en-us/travel/discover/property/England/London/The-Peninsula-London?intlink=US-travel-discover-property-results-propertyCard-The-Peninsula-London,"London, England",FINE HOTELS + RESORTS,The Peninsula Hotels,Program,51.5017541,-0.1518136,"8/F, The Peninsula, 1 Grosvenor Pl, London SW1X 7HJ, UK",google_places,PLACE_DETAILS,ChIJWYHD7s4FdkgRUFT2qTJ19-w,establishment;lodging;point_of_interest,False,CACHED
The Peninsula Manila,https://www.americanexpress.com/en-us/travel/discover/property/Philippines/Makati-City/The-Peninsula-Manila?intlink=US-travel-discover-property-results-propertyCard-The-Peninsula-Manila,"Makati City, Philippines",FINE HOTELS + RESORTS,The Peninsula Hotels,Program,14.5556401,121.0251313,"1226 Makati Ave, Makati City, Metro Manila, Philippines",google_places,PLACE_DETAILS,ChIJP1pu7wjJlzMRVdFdsO2HDZA,establishment;lodging;point_of_interest,False,CACHED
The Peninsula New York,https://www.americanexpress.com/en-us/travel/discover/property/New-York-US/New-York/The-Peninsula-New-York?intlink=US-travel-discover-property-results-propertyCard-The-Peninsula-New-York,"New York, New York US",FINE HOTELS + RESORTS,The Peninsula Hotels,Program,40.7616637,-73.97534259999999,"700 5th Ave, New York, NY 10019, USA",google_places,PLACE_DETAILS,ChIJ57WmTfpYwokRZAuLuP6R_E0,establishment;lodging;point_of_interest,False,CACHED
The Peninsula Paris,https://www.americanexpress.com/en-us/travel/discover/property/France/Paris/The-Peninsula-Paris?intlink=US-travel-discover-property-results-propertyCard-The-Peninsula-Paris,"Paris, France",FINE HOTELS + RESORTS,The Peninsula Hotels,Program,48.87101819999999,2.293689,"19 Av. Kléber, 75116 Paris, France",google_places,PLACE_DETAILS,ChIJjYzV7O5v5kcRCKONjpjWenU,establishment;lodging;point_of_interest,False,CACHED
The Peninsula Shanghai,https://www.americanexpress.com/en-us/travel/discover/property/China/Shanghai/The-Peninsula-Shanghai?intlink=US-travel-discover-property-results-propertyCard-The-Peninsula-Shanghai,"Shanghai, China",FINE HOTELS + RESORTS,The Peninsula Hotels,Program,31.2408079,121.4887562,"32 Zhong Shan Dong Yi Lu, Waitan, Huang Pu Qu, China, 200002",google_places,PLACE_DETAILS,ChIJ3R5OI1FwsjURal2wzq5gbhI,establishment;lodging;point_of_interest,False,CACHED
The Peninsula Tokyo,https://www.americanexpress.com/en-us/travel/discover/property/Japan/Tokyo/The-Peninsula-Tokyo?intlink=US-travel-discover-property-results-propertyCard-The-Peninsula-Tokyo,"Tokyo, Japan",FINE HOTELS + RESORTS,The Peninsula Hotels,Program,35.6747591,139.7604704,"1-chōme-8-1 Yūrakuchō, Chiyoda City, Tokyo 100-0006, Japan",google_places,PLACE_DETAILS,ChIJaYg-KPCLGGAR48E_vAA3k6s,establishment;lodging;point_of_interest,False,CACHED
"The Ritz-Carlton Abu Dhabi, Grand Canal",https://www.americanexpress.com/en-us/travel/discover/property/United-Arab-Emirates/Abu-Dhabi/The-Ritz-carlton-Abu-Dhabi-Grand-Canal?intlink=US-travel-discover-property-results-propertyCard-The-Ritz-carlton-Abu-Dhabi-Grand-Canal,"Abu Dhabi, United Arab Emirates",FINE HOTELS + RESORTS,The Ritz-Carlton,Program,24.4116996,54.48492390000001,Al Rawdah - Al Maqta Area - Abu Dhabi - United Arab Emirates,google_places,PLACE_DETAILS,ChIJC-XSzdZDXj4RP53GSwC-Bgc,establishment;lodging;point_of_interest,False,CACHED
"The Ritz-Carlton, Amelia Island",https://www.americanexpress.com/en-us/travel/discover/property/Florida-US/Amelia-Island/The-Ritz-carlton-Amelia-Island?intlink=US-travel-discover-property-results-propertyCard-The-Ritz-carlton-Amelia-Island,"Amelia Island, Florida US",FINE HOTELS + RESORTS,The Ritz-Carlton,Program,30.5941737,-81.4449539,"4750 Amelia Island Pkwy, Amelia Island, FL 32034, USA",google_places,PLACE_DETAILS,ChIJOcvF0utV5IgRhdelSaP1jys,establishment;lodging;point_of_interest,False,CACHED
"The Ritz-Carlton, Atlanta",https://www.americanexpress.com/en-us/travel/discover/property/Georgia-US/Atlanta/The-Ritz-carlton-Atlanta?intlink=US-travel-discover-property-results-propertyCard-The-Ritz-carlton-Atlanta,"Atlanta, Georgia US",FINE HOTELS + RESORTS,The Ritz-Carlton,Program,33.7585793,-84.3870657,"181 Peachtree St NW, Atlanta, GA 30303, USA",google_places,PLACE_DETAILS,ChIJm56eKO0E9YgRSeb3PncqJzw,establishment;lodging;point_of_interest,False,CACHED
"The Ritz-Carlton, Bachelor Gulch",https://www.americanexpress.com/en-us/travel/discover/property/Colorado-US/Avon/The-Ritz-carlton-Bachelor-Gulch?intlink=US-travel-discover-property-results-propertyCard-The-Ritz-carlton-Bachelor-Gulch,"Avon, Colorado US",FINE HOTELS + RESORTS,The Ritz-Carlton,Program,39.6234393,-106.5412979,"0130 Daybreak Ridge Rd, Avon, CO 81620, USA",google_places,PLACE_DETAILS,ChIJUyNojQDYQYcRJdI4Ad5A9J0,establishment;lodging;point_of_interest,False,CACHED
"The Ritz-Carlton, Bal Harbour, Miami",https://www.americanexpress.com/en-us/travel/discover/property/Florida-US/Bal-Harbour/The-Ritz-carlton-Bal-Harbour-Miami?intlink=US-travel-discover-property-results-propertyCard-The-Ritz-carlton-Bal-Harbour-Miami,"Bal Harbour, Florida US",FINE HOTELS + RESORTS,The Ritz-Carlton,Program,25.898996,-80.1232991,"10295 Collins Ave, Bal Harbour, FL 33154, USA",google_places,PLACE_DETAILS,ChIJuYROJmGt2YgRv90zF7iXKf0,establishment;lodging;point_of_interest,False,CACHED
"The Ritz-Carlton, Bangkok",https://www.americanexpress.com/en-us/travel/discover/property/Thailand/Bangkok/The-Ritz-carlton-Bangkok?intlink=US-travel-discover-property-results-propertyCard-The-Ritz-carlton-Bangkok,"Bangkok, Thailand",FINE HOTELS + RESORTS,The Ritz-Carlton,Program,13.7281966,100.5455828,"189 Thanon Witthayu, Khwaeng Lumphini, Pathum Wan, Krung Thep Maha Nakhon 10330, Thailand",google_places,PLACE_DETAILS,ChIJXagDZgCf4jAR_GMN67KvlBE,establishment;lodging;point_of_interest,False,CACHED
Hotel Arts Barcelona,https://www.americanexpress.com/en-us/travel/discover/property/Spain/Barcelona/Hotel-Arts-Barcelona?intlink=US-travel-discover-property-results-propertyCard-Hotel-Arts-Barcelona,"Barcelona, Spain",FINE HOTELS + RESORTS,The Ritz-Carlton,Program,41.3870567,2.1964207,"Carrer de la Marina, 19-21, Ciutat Vella, 08005 Barcelona, Spain",google_places,PLACE_DETAILS,ChIJG11mEw-jpBIRVUCfp2u8Pv8,establishment;lodging;point_of_interest,False,CACHED
"The Ritz-Carlton, Beijing",https://www.americanexpress.com/en-us/travel/discover/property/China/Beijing/The-Ritz-carlton-Beijing?intlink=US-travel-discover-property-results-propertyCard-The-Ritz-carlton-Beijing,"Beijing, China",FINE HOTELS + RESORTS,The Ritz-Carlton,Program,39.9103596,116.4805858,"China, Bei Jing Shi, Chao Yang Qu, CN 北京市 朝阳区 建国路甲83号 邮政编码: 100025",google_places,PLACE_DETAILS,ChIJwWhRzqyt8TUR4jUrePrL_bU,establishment;lodging;point_of_interest,False,CACHED
"The Ritz-Carlton, Bangalore",https://www.americanexpress.com/en-us/travel/discover/property/India/Bengaluru/The-Ritz-carlton-Bangalore?intlink=US-travel-discover-property-results-propertyCard-The-Ritz-carlton-Bangalore,"Bengaluru, India",FINE HOTELS + RESORTS,The Ritz-Carlton,Program,12.9683498,77.6011114,"99, Residency Rd, Shanthala Nagar, Ashok Nagar, Bengaluru, Karnataka 560025, India",google_places,PLACE_DETAILS,ChIJM-8dtHgWrjsRf8ioCwDoiv4,establishment;lodging;point_of_interest,False,CACHED
"The Ritz-Carlton, Berlin",https://www.americanexpress.com/en-us/travel/discover/property/Germany/Berlin/The-Ritz-carlton-Berlin?intlink=US-travel-discover-property-results-propertyCard-The-Ritz-carlton-Berlin,"Berlin, Germany",FINE HOTELS + RESORTS,The Ritz-Carlton,Program,52.5103836,13.3752744,"Potsdamer Platz 3, 10785 Berlin, Germany",google_places,PLACE_DETAILS,ChIJDcQdDslRqEcRPfEx1bivOaQ,establishment;lodging;point_of_interest,False,CACHED
"The Ritz-Carlton, Boston",https://www.americanexpress.com/en-us/travel/discover/property/Massachusetts-US/Boston/The-Ritz-carlton-Boston?intlink=US-travel-discover-property-results-propertyCard-The-Ritz-carlton-Boston,"Boston, Massachusetts US",FINE HOTELS + RESORTS,The Ritz-Carlton,Program,42.3531231,-71.0632517,"10 Avery St, Boston, MA 02111, USA",google_places,PLACE_DETAILS,ChIJP5_YX51w44kRtD4XQHvSfco,establishment;lodging;point_of_interest,False,CACHED
"The Nile Ritz-Carlton, Cairo",https://www.americanexpress.com/en-us/travel/discover/property/Egypt/Cairo/The-Nile-Ritz-carlton-Cairo?intlink=US-travel-discover-property-results-propertyCard-The-Nile-Ritz-carlton-Cairo,"Cairo, Egypt",FINE HOTELS + RESORTS,The Ritz-Carlton,Program,30.0458889,31.23203509999999,"1113 Nile Corniche, Ismailia, El Nil, Cairo Governorate 11221, Egypt",google_places,PLACE_DETAILS,ChIJrZmqaeVAWBQRyohtEEq8_Mk,establishment;lodging;point_of_interest,False,CACHED
"The Ritz-Carlton, Charlotte",https://www.americanexpress.com/en-us/travel/discover/property/North-Carolina-US/Charlotte/The-Ritz-carlton-Charlotte?intlink=US-travel-discover-property-results-propertyCard-The-Ritz-carlton-Charlotte,"Charlotte, North Carolina US",FINE HOTELS + RESORTS,The Ritz-Carlton,Program,35.226407,-80.8416084,"201 E Trade St, Charlotte, NC 28202, USA",google_places,PLACE_DETAILS,ChIJK4YupSWgVogRd7iKaVNd6QQ,establishment;lodging;point_of_interest,False,CACHED
"The Ritz-Carlton, Chicago",https://www.americanexpress.com/en-us/travel/discover/property/Illinois-US/Chicago/The-Ritz-carlton-Chicago?intlink=US-travel-discover-property-results-propertyCard-The-Ritz-carlton-Chicago,"Chicago, Illinois US",FINE HOTELS + RESORTS,The Ritz-Carlton,Program,41.8977726,-87.62239799999999,"at Water Tower Place, 160 E Pearson St, Chicago, IL 60611, USA",google_places,PLACE_DETAILS,ChIJXajiYVTTD4gRriAjGeRH7tQ,establishment;lodging;point_of_interest,False,CACHED
"The Ritz-Carlton, Cleveland",https://www.americanexpress.com/en-us/travel/discover/property/Ohio-US/Cleveland/The-Ritz-carlton-Cleveland?intlink=US-travel-discover-property-results-propertyCard-The-Ritz-carlton-Cleveland,"Cleveland, Ohio US",FINE HOTELS + RESORTS,The Ritz-Carlton,Program,41.4973165,-81.6944019,"1515 W 3rd St, Cleveland, OH 44113, USA",google_places,PLACE_DETAILS,ChIJ6fFs8X7wMIgR2muORRtGlpc,establishment;lodging;point_of_interest,False,CACHED
"The Ritz-Carlton, Dallas",https://www.americanexpress.com/en-us/travel/discover/property/Texas-US/Dallas/The-Ritz-carlton-Dallas?intlink=US-travel-discover-property-results-propertyCard-The-Ritz-carlton-Dallas,"Dallas, Texas US",FINE HOTELS + RESORTS,The Ritz-Carlton,Program,32.7922402,-96.80337159999999,"2121 McKinney Ave, Dallas, TX 75201, USA",google_places,PLACE_DETAILS,ChIJ2wxVsjqZToYRdO6QJURD6xA,establishment;lodging;point_of_interest,False,CACHED
"The Ritz-Carlton, Laguna Niguel",https://www.americanexpress.com/en-us/travel/discover/property/California-US/Dana-Point/The-Ritz-carlton-Laguna-Niguel?intlink=US-travel-discover-property-results-propertyCard-The-Ritz-carlton-Laguna-Niguel,"Dana Point, California US",FINE HOTELS + RESORTS,The Ritz-Carlton,Program,33.4748353,-117.7200612,"One Ritz Carlton Dr, Dana Point, CA 92629, USA",google_places,PLACE_DETAILS,ChIJ16OptRTw3IAR17XzKe_9RMI,establishment;lodging;point_of_interest,False,CACHED
"The Ritz-Carlton, Bali",https://www.americanexpress.com/en-us/travel/discover/property/Indonesia/Denpasar/The-Ritz-carlton-Bali?intlink=US-travel-discover-property-results-propertyCard-The-Ritz-carlton-Bali,"Denpasar, Indonesia",FINE HOTELS + RESORTS,The Ritz-Carlton,Program,-8.8306709,115.2153312,"Jl. Raya Nusa Dua Selatan, Benoa, Kec. Kuta Sel., Kabupaten Badung, Bali 80361, Indonesia",google_places,PLACE_DETAILS,ChIJrUAAILlc0i0Rv7gcIT2U_LI,establishment;lodging;point_of_interest,False,CACHED
"The Ritz-Carlton, Denver",https://www.americanexpress.com/en-us/travel/discover/property/Colorado-US/Denver/The-Ritz-carlton-Denver?intlink=US-travel-discover-property-results-propertyCard-The-Ritz-carlton-Denver,"Denver, Colorado US",FINE HOTELS + RESORTS,The Ritz-Carlton,Program,39.74992170000001,-104.9917311,"1881 Curtis Street, Denver, CO 80202, USA",google_places,PLACE_DETAILS,ChIJD4ULMtp4bIcRpdGW1O_qF1E,establishment;lodging;point_of_interest,False,CACHED
Sharq Village & Spa,https://www.americanexpress.com/en-us/travel/discover/property/Qatar/Doha/Sharq-Village--Spa?intlink=US-travel-discover-property-results-propertyCard-Sharq-Village--Spa,"Doha, Qatar",FINE HOTELS + RESORTS,The Ritz-Carlton,Program,25.2849859,51.5567404,"Ras Abu Abboud St, Doha, Qatar",google_places,PLACE_DETAILS,ChIJSUYaeZ3FRT4R2zKsgiROlxU,establishment;lodging;point_of_interest,False,CACHED
"The Ritz-Carlton, Doha",https://www.americanexpress.com/en-us/travel/discover/property/Qatar/Doha/The-Ritz-carlton-Doha?intlink=US-travel-discover-property-results-propertyCard-The-Ritz-carlton-Doha,"Doha, Qatar",FINE HOTELS + RESORTS,The Ritz-Carlton,Program,25.3789433,51.5317247,"1, الدوحة، Qatar",google_places,PLACE_DETAILS,ChIJPxdqQ8ncRT4Rjk8SuBCQaJc,establishment;lodging;point_of_interest,False,CACHED
"The Ritz-Carlton, Dubai",https://www.americanexpress.com/en-us/travel/discover/property/United-Arab-Emirates/Dubai/The-Ritz-carlton-Dubai?intlink=US-travel-discover-property-results-propertyCard-The-Ritz-carlton-Dubai,"Dubai, United Arab Emirates",FINE HOTELS + RESORTS,The Ritz-Carlton,Program,25.0825342,55.1378454,Al Mamsha St - Marsa Dubai - Jumeirah Beach Residence - Dubai - United Arab Emirates,google_places,PLACE_DETAILS,ChIJbz-irawUXz4ReY-nsmG6otQ,establishment;lodging;point_of_interest,False,CACHED
"The Ritz-Carlton, Dubai International Financial Centre",https://www.americanexpress.com/en-us/travel/discover/property/United-Arab-Emirates/Dubai/The-Ritz-carlton-Dubai-International-Financial-Centre?intlink=US-travel-discover-property-results-propertyCard-The-Ritz-carlton-Dubai-International-Financial-Centre,"Dubai, United Arab Emirates",FINE HOTELS + RESORTS,The Ritz-Carlton,Program,25.2125165,55.2793989,"DIFC, off - شارع الشيخ زايد - زعبيل الثانية - DIFC - دبي - United Arab Emirates",google_places,PLACE_DETAILS,ChIJj9T1eI5CXz4RsjfdY7PTTS0,establishment;lodging;point_of_interest,False,CACHED
"The Ritz-Carlton, Fort Lauderdale",https://www.americanexpress.com/en-us/travel/discover/property/Florida-US/Fort-Lauderdale/The-Ritz-carlton-Fort-Lauderdale?intlink=US-travel-discover-property-results-propertyCard-The-Ritz-carlton-Fort-Lauderdale,"Fort Lauderdale, Florida US",FINE HOTELS + RESORTS,The Ritz-Carlton,Program,26.1230313,-80.1047991,"1 N Fort Lauderdale Beach Blvd, Fort Lauderdale, FL 33304, USA",google_places,PLACE_DETAILS,ChIJUSThYisA2YgR3FTxvBX6Qzk,establishment;lodging;point_of_interest,False,CACHED
The Ritz-Carlton Fukuoka,https://www.americanexpress.com/en-us/travel/discover/property/Japan/Fukuoka/The-Ritz-carlton-Fukuoka?intlink=US-travel-discover-property-results-propertyCard-The-Ritz-carlton-Fukuoka,"Fukuoka, Japan",FINE HOTELS + RESORTS,The Ritz-Carlton,Program,33.5897405,130.3947638,"2-chōme-6-50 Daimyō, Chuo Ward, Fukuoka, 810-0041, Japan",google_places,PLACE_DETAILS,ChIJwYSHTfCRQTURRUbgMtC2xjc,establishment;lodging;point_of_interest,False,CACHED
"The Ritz-Carlton Hotel de la Paix, Geneva",https://www.americanexpress.com/en-us/travel/discover/property/Switzerland/Geneva/The-Ritz-carlton-Hotel-De-La-Paix-Geneva?intlink=US-travel-discover-property-results-propertyCard-The-Ritz-carlton-Hotel-De-La-Paix-Geneva,"Geneva, Switzerland",FINE HOTELS + RESORTS,The Ritz-Carlton,Program,46.2078778,6.1484203,"Quai du Mont-Blanc 11, 1201 Genève, Switzerland",google_places,PLACE_DETAILS,ChIJoenz6yVljEcRd4vm0kv3kdw,establishment;lodging;point_of_interest,False,CACHED
"The Ritz-Carlton, Grand Cayman",https://www.americanexpress.com/en-us/travel/discover/property/Cayman-Islands/Grand-Cayman/The-Ritz-carlton-Grand-Cayman?intlink=US-travel-discover-property-results-propertyCard-The-Ritz-carlton-Grand-Cayman,"Grand Cayman, Cayman Islands",FINE HOTELS + RESORTS,The Ritz-Carlton,Program,19.3359638,-81.37934100000001,"Seven Mile Beach, KY1-1209, Cayman Islands",google_places,PLACE_DETAILS,ChIJk2RGIaGHJY8RESPsMyA4tYk,establishment;lodging;point_of_interest,False,CACHED
"The Ritz-Carlton Reynolds, Lake Oconee",https://www.americanexpress.com/en-us/travel/discover/property/Georgia-US/Greensboro/The-Ritz-carlton-Reynolds-Lake-Oconee?intlink=US-travel-discover-property-results-propertyCard-The-Ritz-carlton-Reynolds-Lake-Oconee,"Greensboro, Georgia US",FINE HOTELS + RESORTS,The Ritz-Carlton,Program,33.4388636,-83.1945866,"1 Lake Oconee Trail, Greensboro, GA 30642, USA",google_places,PLACE_DETAILS,ChIJX1kd_XDy9ogRNHyJ75mJmBM,establishment;lodging;point_of_interest,False,CACHED
"The Ritz-Carlton, Guangzhou",https://www.americanexpress.com/en-us/travel/discover/property/China/Guangzhou/The-Ritz-carlton-Guangzhou?intlink=US-travel-discover-property-results-propertyCard-The-Ritz-carlton-Guangzhou,"Guangzhou, China",FINE HOTELS + RESORTS,The Ritz-Carlton,Program,23.116601,113.326997,"3 Xing An Lu, Tian He Qu, Guang Zhou Shi, Guang Dong Sheng, China, 510623",google_places,PLACE_DETAILS,ChIJW_OsfRSZTDQRN8NEpjaOn1U,establishment;lodging;point_of_interest,False,CACHED
"The Ritz-Carlton, Abama",https://www.americanexpress.com/en-us/travel/discover/property/Spain/Guia-de-Isora/The-Ritz-carlton-Abama?intlink=US-travel-discover-property-results-propertyCard-The-Ritz-carlton-Abama,"Guia de Isora, Spain",FINE HOTELS + RESORTS,The Ritz-Carlton,Program,28.1712488,-16.7992474,"Calle María Zambrano 2, Carretera General, TF-47, Km 9, 38687, Santa Cruz de Tenerife, Spain",google_places,PLACE_DETAILS,ChIJZwrnKAGOagwRn3KpWvGoR9A,establishment;lodging;point_of_interest,False,CACHED
"The Ritz-Carlton, Half Moon Bay",https://www.americanexpress.com/en-us/travel/discover/property/California-US/Half-Moon-Bay/The-Ritz-carlton-Half-Moon-Bay?intlink=US-travel-discover-property-results-propertyCard-The-Ritz-carlton-Half-Moon-Bay,"Half Moon Bay, California US",FINE HOTELS + RESORTS,The Ritz-Carlton,Program,37.4337889,-122.4415087,"1 Miramontes Point Rd, Half Moon Bay, CA 94019, USA",google_places,PLACE_DETAILS,ChIJa20ih2MLj4ARHluIpFr3_SY,establishment;lodging;point_of_interest,False,CACHED
"The Ritz-Carlton, Herzliya",https://www.americanexpress.com/en-us/travel/discover/property/Israel/Hertsliya/The-Ritz-carlton-Herzliya?intlink=US-travel-discover-property-results-propertyCard-The-Ritz-carlton-Herzliya,"Hertsliya, Israel",FINE HOTELS + RESORTS,The Ritz-Carlton,Program,32.162671,34.79694900000001,"Ha-Shunit St 4, Herzliya, 4655504, Israel",google_places,PLACE_DETAILS,ChIJuQGSK8BIHRURWzPbK5m6imw,establishment;lodging;point_of_interest,False,CACHED
"The Ritz-Carlton, Hong Kong",https://www.americanexpress.com/en-us/travel/discover/property/China/Hong-Kong/The-Ritz-carlton-Hong-Kong?intlink=US-travel-discover-property-results-propertyCard-The-Ritz-carlton-Hong-Kong,"Hong Kong, China",FINE HOTELS + RESORTS,The Ritz-Carlton,Program,22.3034032,114.1601907,"九龙柯士甸道西1号, International Commerce Centre (ICC), 1 Austin Rd W, Kowloon, Hong Kong",google_places,PLACE_DETAILS,ChIJsz7XbJEABDQRhZtEqR96mI0,establishment;lodging;point_of_interest,False,CACHED
"The Ritz-Carlton Residences, Waikiki Beach",https://www.americanexpress.com/en-us/travel/discover/property/Hawaii-US/Honolulu/The-Ritz-carlton-Residences-Waikiki-Beach?intlink=US-travel-discover-property-results-propertyCard-The-Ritz-carlton-Residences-Waikiki-Beach,"Honolulu, Hawaii US",FINE HOTELS + RESORTS,The Ritz-Carlton,Program,21.2827356,-157.8303638,"383 Kalaimoku St, Honolulu, HI 96815, USA",google_places,PLACE_DETAILS,ChIJQ7DT74ptAHwRgIY05VgrVrM,establishment;lodging;point_of_interest,False,CACHED
"The Ritz-Carlton, Istanbul",https://www.americanexpress.com/en-us/travel/discover/property/Turkey/Istanbul/The-Ritz-carlton-Istanbul?intlink=US-travel-discover-property-results-propertyCard-The-Ritz-carlton-Istanbul,"Istanbul, Turkey",FINE HOTELS + RESORTS,The Ritz-Carlton,Program,41.0406051,28.992067,"Suzer Plaza Askerocagi Caddesi, No:6, 34367 Elmadag, Harbiye, 34367 Şişli/İstanbul, Türkiye",google_places,PLACE_DETAILS,ChIJJ0DLP3G3yhQR49qtCmO-UKM,establishment;lodging;point_of_interest,False,CACHED
"The Ritz-Carlton O'ahu, Turtle Bay",https://www.americanexpress.com/en-us/travel/discover/property/Hawaii-US/Kahuku/The-Ritz-carlton-Oahu-Turtle-Bay?intlink=US-travel-discover-property-results-propertyCard-The-Ritz-carlton-Oahu-Turtle-Bay,"Kahuku, Hawaii US",FINE HOTELS + RESORTS,The Ritz-Carlton,Program,21.7009656,-157.9880111,"57-091 Kamehameha Hwy, Kahuku, HI 96731, USA",google_places,PLACE_DETAILS,ChIJGWTp4U9QAHwR7Atcf4v26B4,establishment;lodging;point_of_interest,False,CACHED
"The Ritz-Carlton Maui, Kapalua",https://www.americanexpress.com/en-us/travel/discover/property/Hawaii-US/Kapalua/The-Ritz-carlton-Maui-Kapalua?intlink=US-travel-discover-property-results-propertyCard-The-Ritz-carlton-Maui-Kapalua,"Kapalua, Hawaii US",FINE HOTELS + RESORTS,The Ritz-Carlton,Program,21.0010684,-156.6541142,"1 Ritz Carlton Dr, Lahaina, HI 96761, USA",google_places,PLACE_DETAILS,ChIJ8Vu0vLfVqn4RQQDK9iKIUXw,establishment;lodging;point_of_interest,False,CACHED
"The Ritz-Carlton Key Biscayne, Miami",https://www.americanexpress.com/en-us/travel/discover/property/Florida-US/Key-Biscayne/The-Ritz-carlton-Key-Biscayne-Miami?intlink=US-travel-discover-property-results-propertyCard-The-Ritz-carlton-Key-Biscayne-Miami,"Key Biscayne, Florida US",FINE HOTELS + RESORTS,The Ritz-Carlton,Program,25.6915779,-80.1579217,"455 Grand Bay Drive, Key Biscayne, Miami, FL 33149, USA",google_places,PLACE_DETAILS,ChIJ4YDtI2zK2YgRC6Bw7Yc5Og0,establishment;lodging;point_of_interest,False,CACHED
The Ritz-Carlton Koh Samui,https://www.americanexpress.com/en-us/travel/discover/property/Thailand/Koh-Samui/The-Ritz-carlton-Koh-Samui?intlink=US-travel-discover-property-results-propertyCard-The-Ritz-carlton-Koh-Samui,"Koh Samui, Thailand",FINE HOTELS + RESORTS,The Ritz-Carlton,Program,9.5794131,100.0745959,"9, 123 Tambon, Tambon Bo Put, Amphoe Ko Samui, Chang Wat Surat Thani 84320, Thailand",google_places,PLACE_DETAILS,ChIJt1Xl86z6VDARG51Euazds5A,establishment;lodging;point_of_interest,False,CACHED
"The Ritz-Carlton, Kyoto",https://www.americanexpress.com/en-us/travel/discover/property/Japan/Kyoto/The-Ritz-carlton-Kyoto?intlink=US-travel-discover-property-results-propertyCard-The-Ritz-carlton-Kyoto,"Kyoto, Japan",FINE HOTELS + RESORTS,The Ritz-Carlton,Program,35.013917,135.7708565,"Japan, 〒604-0902 Kyoto, Nakagyo Ward, Hokodenchō, ５４３ 鴨川二条大橋畔",google_places,PLACE_DETAILS,ChIJE0AOM40IAWARZLJVJOYzw60,establishment;lodging;point_of_interest,False,CACHED
"The Ritz-Carlton, Langkawi",https://www.americanexpress.com/en-us/travel/discover/property/Malaysia/Langkawi/The-Ritz-carlton-Langkawi?intlink=US-travel-discover-property-results-propertyCard-The-Ritz-carlton-Langkawi,"Langkawi, Malaysia",FINE HOTELS + RESORTS,The Ritz-Carlton,Program,6.3589451,99.695296,"PT 313, Jalan Pantai Kok, Teluk Nibung, 07000 Langkawi, Kedah, Malaysia",google_places,PLACE_DETAILS,ChIJv8aoBgp3TDARCZ9sx0yWxoY,establishment;lodging;point_of_interest,False,CACHED
"The Ritz-Carlton, Los Angeles",https://www.americanexpress.com/en-us/travel/discover/property/California-US/Los-Angeles/The-Ritz-carlton-Los-Angeles?intlink=US-travel-discover-property-results-propertyCard-The-Ritz-carlton-Los-Angeles,"Los Angeles, California US",FINE HOTELS + RESORTS,The Ritz-Carlton,Program,34.0452632,-118.2666205,"900 W Olympic Blvd, Los Angeles, CA 90015, USA",google_places,PLACE_DETAILS,ChIJj-D-ernHwoAR_8mMtcIDODE,establishment;lodging;point_of_interest,False,CACHED
"The Ritz-Carlton, Bahrain",https://www.americanexpress.com/en-us/travel/discover/property/Bahrain/Manama/The-Ritz-carlton-Bahrain?intlink=US-travel-discover-property-results-propertyCard-The-Ritz-carlton-Bahrain,"Manama, Bahrain",FINE HOTELS + RESORTS,The Ritz-Carlton,Program,26.2438748,50.53830869999999,"Building 112، Al Seef District، King Mohammed VI Ave, Manama, Bahrain",google_places,PLACE_DETAILS,ChIJC4eEWBSlST4RnxWeRUNXmNM,establishment;lodging;point_of_interest,False,CACHED
"The Ritz-Carlton, Dove Mountain",https://www.americanexpress.com/en-us/travel/discover/property/Arizona-US/Marana/The-Ritz-carlton-Dove-Mountain?intlink=US-travel-discover-property-results-propertyCard-The-Ritz-carlton-Dove-Mountain,"Marana, Arizona US",FINE HOTELS + RESORTS,The Ritz-Carlton,Program,32.4789343,-111.0890351,"15000 N Secret Springs Dr, Marana, AZ 85658, USA",google_places,PLACE_DETAILS,ChIJnWZ2pScI1oYRK2EZGsuJZPM,establishment;lodging;point_of_interest,False,CACHED
"The Ritz-Carlton, Marina del Rey in Los Angeles",https://www.americanexpress.com/en-us/travel/discover/property/California-US/Marina-del-Rey/The-Ritz-carlton-Marina-Del-Rey-In-Los-Angeles?intlink=US-travel-discover-property-results-propertyCard-The-Ritz-carlton-Marina-Del-Rey-In-Los-Angeles,"Marina del Rey, California US",FINE HOTELS + RESORTS,The Ritz-Carlton,Program,33.9842595,-118.450684,"4375 Admiralty Way, Marina Del Rey, CA 90292, USA",google_places,PLACE_DETAILS,ChIJF_r_QIW6woARlAOLG02uHT4,establishment;lodging;point_of_interest,False,CACHED
"The Ritz-Carlton, Tysons Corner",https://www.americanexpress.com/en-us/travel/discover/property/Virginia-US/McLean/The-Ritz-carlton-Tysons-Corner?intlink=US-travel-discover-property-results-propertyCard-The-Ritz-carlton-Tysons-Corner,"McLean, Virginia US",FINE HOTELS + RESORTS,The Ritz-Carlton,Program,38.9243797,-77.2235439,"1700 Tysons Blvd, McLean, VA 22102, USA",google_places,PLACE_DETAILS,ChIJ5y3zeOxKtokRyDf37xz1dz8,establishment;lodging;point_of_interest,False,CACHED
"The Ritz-Carlton, Melbourne",https://www.americanexpress.com/en-us/travel/discover/property/Australia/Melbourne/The-Ritz-carlton-Melbourne?intlink=US-travel-discover-property-results-propertyCard-The-Ritz-carlton-Melbourne,"Melbourne, Australia",FINE HOTELS + RESORTS,The Ritz-Carlton,Program,-37.8147847,144.9529471,"650 Lonsdale St, Melbourne VIC 3000, Australia",google_places,PLACE_DETAILS,ChIJfZGGrDxd1moRMQclgXcozFo,establishment;lodging;point_of_interest,False,CACHED
"The Ritz-Carlton, Mexico City",https://www.americanexpress.com/en-us/travel/discover/property/Mexico-City-MX/Mexico-City/The-Ritz-carlton-Mexico-City?intlink=US-travel-discover-property-results-propertyCard-The-Ritz-carlton-Mexico-City,"Mexico City, Mexico City MX",FINE HOTELS + RESORTS,The Ritz-Carlton,Program,19.4240425,-99.1757592,"Av. P.º de la Reforma 509-Piso 56, Cuauhtémoc, 06500 Ciudad de México, CDMX, Mexico",google_places,PLACE_DETAILS,ChIJYXeIJff_0YURRhkUZffxqaQ,establishment;lodging;point_of_interest,False,CACHED
"The Ritz-Carlton, South Beach",https://www.americanexpress.com/en-us/travel/discover/property/Florida-US/Miami-Beach/The-Ritz-carlton-South-Beach?intlink=US-travel-discover-property-results-propertyCard-The-Ritz-carlton-South-Beach,"Miami Beach, Florida US",FINE HOTELS + RESORTS,The Ritz-Carlton,Program,25.7909379,-80.1291845,"1 Lincoln Rd, Miami Beach, FL 33139, USA",google_places,PLACE_DETAILS,ChIJQyikAZu02YgRsxNbsRdQjTg,establishment;lodging;point_of_interest,False,CACHED
"The Ritz-Carlton Coconut Grove, Miami",https://www.americanexpress.com/en-us/travel/discover/property/Florida-US/Miami/The-Ritz-carlton-Coconut-Grove-Miami?intlink=US-travel-discover-property-results-propertyCard-The-Ritz-carlton-Coconut-Grove-Miami,"Miami, Florida US",FINE HOTELS + RESORTS,The Ritz-Carlton,Program,25.7304471,-80.2380563,"3300 SW 27th Ave, Miami, FL 33133, USA",google_places,PLACE_DETAILS,ChIJKYka48u32YgRf_i5mqV5VaU,establishment;lodging;point_of_interest,False,CACHED
The Ritz-Carlton Montreal,https://www.americanexpress.com/en-us/travel/discover/property/Québec-CA/Montréal/The-Ritz-carlton-Montreal?intlink=US-travel-discover-property-results-propertyCard-The-Ritz-carlton-Montreal,"Montréal, Québec CA",FINE HOTELS + RESORTS,The Ritz-Carlton,Program,45.5001857,-73.5778058,"1228 Rue Sherbrooke O, Montréal, QC H3G 1W9, Canada",google_places,PLACE_DETAILS,ChIJIQzw90AayUwRmOnaxkuXVUk,establishment;lodging;point_of_interest,False,CACHED
"Al Bustan Palace, a Ritz-Carlton Hotel",https://www.americanexpress.com/en-us/travel/discover/property/Oman/Muscat/Al-Bustan-Palace-a-Ritz-carlton-Hotel?intlink=US-travel-discover-property-results-propertyCard-Al-Bustan-Palace-a-Ritz-carlton-Hotel,"Muscat, Oman",FINE HOTELS + RESORTS,The Ritz-Carlton,Program,23.5671512,58.6155072,"Al Bustan St, Muscat 114, Oman",google_places,PLACE_DETAILS,ChIJgUYW6zrxkT4RIaJvt4wvA_Q,establishment;lodging;point_of_interest,False,CACHED
"The Ritz-Carlton, Okinawa",https://www.americanexpress.com/en-us/travel/discover/property/Japan/Nago/The-Ritz-carlton-Okinawa?intlink=US-travel-discover-property-results-propertyCard-The-Ritz-carlton-Okinawa,"Nago, Japan",FINE HOTELS + RESORTS,The Ritz-Carlton,Program,26.5280858,127.9398478,"1343-1 Kise, Nago, Okinawa 905-0026, Japan",google_places,PLACE_DETAILS,ChIJtVbyEEoA5TQR-HVMUm2U5OY,establishment;lodging;point_of_interest,False,CACHED
"The Ritz-Carlton, Nanjing",https://www.americanexpress.com/en-us/travel/discover/property/China/Nanjing/The-Ritz-carlton-Nanjing?intlink=US-travel-discover-property-results-propertyCard-The-Ritz-carlton-Nanjing,"Nanjing, China",FINE HOTELS + RESORTS,The Ritz-Carlton,Program,32.042683,118.78415,"No, 18 中山路新街口地区鼓楼区南京市 China, 210018",google_places,PLACE_DETAILS,ChIJo8nn_I2MtTURpC-iNxccE1M,establishment;lodging;point_of_interest,False,CACHED
"The Ritz-Carlton Naples, Tiburon",https://www.americanexpress.com/en-us/travel/discover/property/Florida-US/Naples/The-Ritz-carlton-Naples-Tiburon?intlink=US-travel-discover-property-results-propertyCard-The-Ritz-carlton-Naples-Tiburon,"Naples, Florida US",FINE HOTELS + RESORTS,The Ritz-Carlton,Program,26.249055,-81.7665105,"2600 Tiburon Dr, Naples, FL 34109, USA",google_places,PLACE_DETAILS,ChIJ1dWvvDwc24gR9yIR-YKLBFM,establishment;lodging;point_of_interest,False,CACHED
"The Ritz-Carlton, Naples",https://www.americanexpress.com/en-us/travel/discover/property/Florida-US/Naples/The-Ritz-carlton-Naples?intlink=US-travel-discover-property-results-propertyCard-The-Ritz-carlton-Naples,"Naples, Florida US",FINE HOTELS + RESORTS,The Ritz-Carlton,Program,26.2518828,-81.8213853,"280 Vanderbilt Beach Rd, Naples, FL 34108, USA",google_places,PLACE_DETAILS,ChIJi30UkuEe24gRhkuVM5pLihk,establishment;lodging;point_of_interest,False,CACHED
"The Ritz-Carlton, New Orleans",https://www.americanexpress.com/en-us/travel/discover/property/Louisiana-US/New-Orleans/The-Ritz-carlton-New-Orleans?intlink=US-travel-discover-property-results-propertyCard-The-Ritz-carlton-New-Orleans,"New Orleans, Louisiana US",FINE HOTELS + RESORTS,The Ritz-Carlton,Program,29.95485489999999,-90.0712113,"921 Canal St, New Orleans, LA 70112, USA",google_places,PLACE_DETAILS,ChIJr3IPlgumIIYR1A8yAXKlaOU,establishment;lodging;point_of_interest,False,CACHED
"The Ritz-Carlton New York, Central Park",https://www.americanexpress.com/en-us/travel/discover/property/New-York-US/New-York/The-Ritz-carlton-New-York-Central-Park?intlink=US-travel-discover-property-results-propertyCard-The-Ritz-carlton-New-York-Central-Park,"New York, New York US",FINE HOTELS + RESORTS,The Ritz-Carlton,Program,40.7652719,-73.97599919999999,"50 Central Park S, New York, NY 10019, USA",google_places,PLACE_DETAILS,ChIJ4yNdwPBYwokRqc1lCC4n89w,establishment;lodging;point_of_interest,False,CACHED
"The Ritz-Carlton New York, NoMad",https://www.americanexpress.com/en-us/travel/discover/property/New-York-US/New-York/The-Ritz-carlton-New-York-Nomad?intlink=US-travel-discover-property-results-propertyCard-The-Ritz-carlton-New-York-Nomad,"New York, New York US",FINE HOTELS + RESORTS,The Ritz-Carlton,Program,40.7455355,-73.9888447,"25 W 28th St, New York, NY 10001, USA",google_places,PLACE_DETAILS,ChIJZSWtT1NZwokRHh_3WWnggZE,establishment;lodging;point_of_interest,False,CACHED
"The Ritz-Carlton, Nikko",https://www.americanexpress.com/en-us/travel/discover/property/Japan/Nikko/The-Ritz-carlton-Nikko?intlink=US-travel-discover-property-results-propertyCard-The-Ritz-carlton-Nikko,"Nikko, Japan",FINE HOTELS + RESORTS,The Ritz-Carlton,Program,36.7383335,139.4977001,"2482 Chūgūshi, Nikko, Tochigi 321-1661, Japan",google_places,PLACE_DETAILS,ChIJdzXriwivH2ARRX_JL7-lc8M,establishment;lodging;point_of_interest,False,CACHED
"The Ritz-Carlton Maldives, Fari Islands",https://www.americanexpress.com/en-us/travel/discover/property/Maldives/North-Malé-Atoll/The-Ritz-carlton-Maldives-Fari-Islands?intlink=US-travel-discover-property-results-propertyCard-The-Ritz-carlton-Maldives-Fari-Islands,"North Malé Atoll, Maldives",FINE HOTELS + RESORTS,The Ritz-Carlton,Program,4.6041761,73.58039579999999,"Fari Islands North, Male 20013, Maldives",google_places,PLACE_DETAILS,ChIJb08p9ayJPzsRDSdT1w8jeSc,establishment;lodging;point_of_interest,False,CACHED
"The Ritz-Carlton Orlando, Grande Lakes",https://www.americanexpress.com/en-us/travel/discover/property/Florida-US/Orlando/The-Ritz-carlton-Orlando-Grande-Lakes?intlink=US-travel-discover-property-results-propertyCard-The-Ritz-carlton-Orlando-Grande-Lakes,"Orlando, Florida US",FINE HOTELS + RESORTS,The Ritz-Carlton,Program,28.4052031,-81.42916389999999,"4012 Central Florida Pkwy, Orlando, FL 32837, USA",google_places,PLACE_DETAILS,ChIJZTG8t_1954gRauIM-KFRnkk,establishment;lodging;point_of_interest,False,CACHED
"The Ritz-Carlton Residences Orlando, Grande Lakes",https://www.americanexpress.com/en-us/travel/discover/property/Florida-US/Orlando/The-Ritz-carlton-Residences-Orlando-Grande-Lakes?intlink=US-travel-discover-property-results-propertyCard-The-Ritz-carlton-Residences-Orlando-Grande-Lakes,"Orlando, Florida US",FINE HOTELS + RESORTS,The Ritz-Carlton,Program,28.4052031,-81.42916389999999,"4012 Central Florida Pkwy, Orlando, FL 32837, USA",google_places,PLACE_DETAILS,ChIJZTG8t_1954gRauIM-KFRnkk,establishment;lodging;point_of_interest,False,CACHED
"The Ritz-Carlton, Osaka",https://www.americanexpress.com/en-us/travel/discover/property/Japan/Osaka/The-Ritz-carlton-Osaka?intlink=US-travel-discover-property-results-propertyCard-The-Ritz-carlton-Osaka,"Osaka, Japan",FINE HOTELS + RESORTS,The Ritz-Carlton,Program,34.69834000000001,135.4925207,"2-chōme-5-25 Umeda, Kita Ward, Osaka, 530-0001, Japan",google_places,PLACE_DETAILS,ChIJz4HJq4zmAGAROLy14S_SaLQ,establishment;lodging;point_of_interest,False,CACHED
"The Ritz-Carlton, Aruba",https://www.americanexpress.com/en-us/travel/discover/property/Aruba/Palm-Beach/The-Ritz-carlton-Aruba?intlink=US-travel-discover-property-results-propertyCard-The-Ritz-carlton-Aruba,"Palm Beach, Aruba",FINE HOTELS + RESORTS,The Ritz-Carlton,Program,12.5831193,-70.043683,"L.G. Smith Blvd 107, Noord, Aruba",google_places,PLACE_DETAILS,ChIJQaDcqfg3hY4RfEK6LgoZVKQ,establishment;lodging;point_of_interest,False,CACHED
"The Ritz-Carlton, Perth",https://www.americanexpress.com/en-us/travel/discover/property/Australia/Perth/The-Ritz-carlton-Perth?intlink=US-travel-discover-property-results-propertyCard-The-Ritz-carlton-Perth,"Perth, Australia",FINE HOTELS + RESORTS,The Ritz-Carlton,Program,-31.9585258,115.85829,"1 Barrack St, Perth WA 6000, Australia",google_places,PLACE_DETAILS,ChIJjRreKSq7MioRlQ7yiBiiDgQ,establishment;lodging;point_of_interest,False,CACHED
"The Ritz-Carlton, Portland",https://www.americanexpress.com/en-us/travel/discover/property/Oregon-US/Portland/The-Ritz-carlton-Portland?intlink=US-travel-discover-property-results-propertyCard-The-Ritz-carlton-Portland,"Portland, Oregon US",FINE HOTELS + RESORTS,The Ritz-Carlton,Program,45.521016,-122.680592,"900 SW Washington St, Portland, OR 97205, USA",google_places,PLACE_DETAILS,ChIJK0Gxkl8LlVQRyVv4aRZWZLM,establishment;lodging;point_of_interest,False,CACHED
"The Ritz-Carlton Residences, Turks & Caicos",https://www.americanexpress.com/en-us/travel/discover/property/Turks-and-Caicos-Islands/Providenciales/The-Ritz-carlton-Residences-Turks--Caicos?intlink=US-travel-discover-property-results-propertyCard-The-Ritz-carlton-Residences-Turks--Caicos,"Providenciales, Turks and Caicos Islands",FINE HOTELS + RESORTS,The Ritz-Carlton,Program,21.7962763,-72.1782352,"Grace Bay Rd, Grace Bay TKCA 1ZZ, Turks and Caicos Islands",google_places,PLACE_DETAILS,ChIJixygpZVPS4kRKy6Oh9cFwas,establishment;lodging;point_of_interest,False,CACHED
"The Ritz-Carlton, Rancho Mirage",https://www.americanexpress.com/en-us/travel/discover/property/California-US/Rancho-Mirage/The-Ritz-carlton-Rancho-Mirage?intlink=US-travel-discover-property-results-propertyCard-The-Ritz-carlton-Rancho-Mirage,"Rancho Mirage, California US",FINE HOTELS + RESORTS,The Ritz-Carlton,Program,33.767454,-116.4565417,"68900 Frank Sinatra Dr, Rancho Mirage, CA 92270, USA",google_places,PLACE_DETAILS,ChIJc1-xt-UC24ARKTVVU-3z8Nw,establishment;lodging;point_of_interest,False,CACHED
"The Ritz-Carlton Ras Al Khaimah, Al Hamra Beach",https://www.americanexpress.com/en-us/travel/discover/property/United-Arab-Emirates/Ras-Al-Khaimah/The-Ritz-carlton-Ras-Al-Khaimah-Al-Hamra-Beach?intlink=US-travel-discover-property-results-propertyCard-The-Ritz-carlton-Ras-Al-Khaimah-Al-Hamra-Beach,"Ras Al Khaimah, United Arab Emirates",FINE HOTELS + RESORTS,The Ritz-Carlton,Program,25.690314,55.777219,Vienna St - Al Jazeera Al Hamra-Qaryat Al Hamra - Ras Al Khaimah - United Arab Emirates,google_places,PLACE_DETAILS,ChIJq6qqqkcK9j4RLbUDT2jj8cI,establishment;lodging;point_of_interest,False,CACHED
"The Ritz-Carlton Ras Al Khaimah, Al Wadi Desert",https://www.americanexpress.com/en-us/travel/discover/property/United-Arab-Emirates/Ras-Al-Khaimah/The-Ritz-carlton-Ras-Al-Khaimah-Al-Wadi-Desert?intlink=US-travel-discover-property-results-propertyCard-The-Ritz-carlton-Ras-Al-Khaimah-Al-Wadi-Desert,"Ras Al Khaimah, United Arab Emirates",FINE HOTELS + RESORTS,The Ritz-Carlton,Program,25.5847015,55.8346589,Al Mazraa Wadi Khadija - Al Ashish - Ras Al Khaimah - United Arab Emirates,google_places,PLACE_DETAILS,ChIJBweO9E_n9T4RGXuxNf5NXaA,establishment;lodging;point_of_interest,False,CACHED
"The Ritz-Carlton, San Francisco",https://www.americanexpress.com/en-us/travel/discover/property/California-US/San-Francisco/The-Ritz-carlton-San-Francisco?intlink=US-travel-discover-property-results-propertyCard-The-Ritz-carlton-San-Francisco,"San Francisco, California US",FINE HOTELS + RESORTS,The Ritz-Carlton,Program,37.7916201,-122.4072756,"600 Stockton St, San Francisco, CA 94108, USA",google_places,PLACE_DETAILS,ChIJf17NcIyAhYARmPyoC3oxN-4,establishment;lodging;point_of_interest,False,CACHED
"The Ritz-Carlton Bacara, Santa Barbara",https://www.americanexpress.com/en-us/travel/discover/property/California-US/Santa-Barbara/The-Ritz-carlton-Bacara-Santa-Barbara?intlink=US-travel-discover-property-results-propertyCard-The-Ritz-carlton-Bacara-Santa-Barbara,"Santa Barbara, California US",FINE HOTELS + RESORTS,The Ritz-Carlton,Program,34.4341513,-119.9202039,"8301 Hollister Ave, Santa Barbara, CA 93117, USA",google_places,PLACE_DETAILS,ChIJR5dB3hRH6YARhngDWzUoGl4,establishment;lodging;point_of_interest,False,CACHED
"The Ritz-Carlton, Santiago",https://www.americanexpress.com/en-us/travel/discover/property/Chile/Santiago/The-Ritz-carlton-Santiago?intlink=US-travel-discover-property-results-propertyCard-The-Ritz-carlton-Santiago,"Santiago, Chile",FINE HOTELS + RESORTS,The Ritz-Carlton,Program,-33.4159232,-70.5952035,"El Alcalde 15, 7550655 Las Condes, Región Metropolitana, Chile",google_places,PLACE_DETAILS,ChIJD3oTehXPYpYRqrKIoLnq28E,establishment;lodging;point_of_interest,False,CACHED
"The Ritz-Carlton, Sarasota",https://www.americanexpress.com/en-us/travel/discover/property/Florida-US/Sarasota/The-Ritz-carlton-Sarasota?intlink=US-travel-discover-property-results-propertyCard-The-Ritz-carlton-Sarasota,"Sarasota, Florida US",FINE HOTELS + RESORTS,The Ritz-Carlton,Program,27.3376099,-82.5490532,"1111 Ritz Carlton Dr, Sarasota, FL 34236, USA",google_places,PLACE_DETAILS,ChIJRxeQRxBAw4gRi93tRdpVyX0,establishment;lodging;point_of_interest,False,CACHED
"The Ritz-Carlton Shanghai, Pudong",https://www.americanexpress.com/en-us/travel/discover/property/China/Shanghai/The-Ritz-carlton-Shanghai-Pudong?intlink=US-travel-discover-property-results-propertyCard-The-Ritz-carlton-Shanghai-Pudong,"Shanghai, China",FINE HOTELS + RESORTS,The Ritz-Carlton,Program,31.2365449,121.5012467,"8 Shi Ji Da Dao, Lujiazui, Pu Dong Xin Qu, China, 200120",google_places,PLACE_DETAILS,ChIJWY-sruVwsjURtX4aDE9bKGI,establishment;lodging;point_of_interest,False,CACHED
"The Ritz-Carlton, Shenzhen",https://www.americanexpress.com/en-us/travel/discover/property/China/Shenzhen/The-Ritz-carlton-Shenzhen?intlink=US-travel-discover-property-results-propertyCard-The-Ritz-carlton-Shenzhen,"Shenzhen, China",FINE HOTELS + RESORTS,The Ritz-Carlton,Program,22.533603,114.061573,"116 Fu Hua San Lu, 中心城 Fu Tian Qu, Shen Zhen Shi, Guang Dong Sheng, China, 518048",google_places,PLACE_DETAILS,ChIJK0Va3gT0AzQRPZq_KwMrb2A,establishment;lodging;point_of_interest,False,CACHED
"The Ritz-Carlton, Millenia Singapore",https://www.americanexpress.com/en-us/travel/discover/property/Singapore/Singapore/The-Ritz-carlton-Millenia-Singapore?intlink=US-travel-discover-property-results-propertyCard-The-Ritz-carlton-Millenia-Singapore,"Singapore, Singapore",FINE HOTELS + RESORTS,The Ritz-Carlton,Program,1.2909392,103.8599895,"7 Raffles Ave., Marina Bay, Singapore 039799",google_places,PLACE_DETAILS,ChIJOek7q6kZ2jERX8_FX0BTcq4,establishment;lodging;point_of_interest,False,CACHED
Penha Longa Resort,https://www.americanexpress.com/en-us/travel/discover/property/Portugal/Sintra/Penha-Longa-Resort?intlink=US-travel-discover-property-results-propertyCard-Penha-Longa-Resort,"Sintra, Portugal",FINE HOTELS + RESORTS,The Ritz-Carlton,Program,38.7608284,-9.396718,"Estrada da Lagoa Azul, Linhó, 2714-511 Lisboa, Portugal",google_places,PLACE_DETAILS,ChIJfQ5Ozl0zGQ0RU_13ryv_nyo,establishment;lodging;point_of_interest,False,CACHED
"The Ritz-Carlton, St. Louis",https://www.americanexpress.com/en-us/travel/discover/property/Missouri-US/St.-Louis/The-Ritz-carlton-St-Louis?intlink=US-travel-discover-property-results-propertyCard-The-Ritz-carlton-St-Louis,"St. Louis, Missouri US",FINE HOTELS + RESORTS,The Ritz-Carlton,Program,38.6483683,-90.33114069999999,"100 Carondelet Plaza, St. Louis, MO 63105, USA",google_places,PLACE_DETAILS,ChIJETjKxtPK2IcRZsFD7z-4yxs,establishment;lodging;point_of_interest,False,CACHED
"The Ritz-Carlton, St. Thomas",https://www.americanexpress.com/en-us/travel/discover/property/U.S.-Virgin-Islands/St.-Thomas/The-Ritz-carlton-St-Thomas?intlink=US-travel-discover-property-results-propertyCard-The-Ritz-carlton-St-Thomas,"St. Thomas, U.S. Virgin Islands",FINE HOTELS + RESORTS,The Ritz-Carlton,Program,18.3199251,-64.8428923,"6900 Great Bay, Nazareth, St Thomas 00802, USVI",google_places,PLACE_DETAILS,ChIJLRP5LN9ht4kRqZaRgfRWDzU,establishment;lodging;point_of_interest,False,CACHED
The Ritz-Carlton Suzhou,https://www.americanexpress.com/en-us/travel/discover/property/China/Suzhou/The-Ritz-carlton-Suzhou?intlink=US-travel-discover-property-results-propertyCard-The-Ritz-carlton-Suzhou,"Suzhou, China",FINE HOTELS + RESORTS,The Ritz-Carlton,Program,31.298689,120.584247,"369 Guang Ji Nan Lu, Gu Su Qu, Su Zhou Shi, Jiang Su Sheng, China, 215000",google_places,PLACE_DETAILS,ChIJb5KvDY6gszURQbU7iNEuRWg,establishment;lodging;point_of_interest,False,CACHED
"The Ritz-Carlton, Tianjin",https://www.americanexpress.com/en-us/travel/discover/property/China/Tianjin/The-Ritz-carlton-Tianjin?intlink=US-travel-discover-property-results-propertyCard-The-Ritz-carlton-Tianjin,"Tianjin, China",FINE HOTELS + RESORTS,The Ritz-Carlton,Program,39.121113,117.214977,"No 167 Dagubei Road, Heping District, Tianjin, 天津市 China, 300040",google_places,PLACE_DETAILS,ChIJTb4RHLL97TURIhfpoWuulHc,establishment;lodging;point_of_interest,False,CACHED
"The Ritz-Carlton, Tokyo",https://www.americanexpress.com/en-us/travel/discover/property/Japan/Tokyo/The-Ritz-carlton-Tokyo?intlink=US-travel-discover-property-results-propertyCard-The-Ritz-carlton-Tokyo,"Tokyo, Japan",FINE HOTELS + RESORTS,The Ritz-Carlton,Program,35.6662932,139.7312789,"Tokyo Midtown, ９丁目-７-1 赤坂 港区 東京都 107-6245, Japan",google_places,PLACE_DETAILS,ChIJ30G_l3iLGGARvCyp7lV4hZI,establishment;lodging;point_of_interest,False,CACHED
"The Ritz-Carlton, Toronto",https://www.americanexpress.com/en-us/travel/discover/property/Ontario-CA/Toronto/The-Ritz-carlton-Toronto?intlink=US-travel-discover-property-results-propertyCard-The-Ritz-carlton-Toronto,"Toronto, Ontario CA",FINE HOTELS + RESORTS,The Ritz-Carlton,Program,43.6454574,-79.38712869999999,"181 Wellington St W, Toronto, ON M5V 0A1, Canada",google_places,PLACE_DETAILS,ChIJgwWVR9E0K4gR1sDNta9PIL0,establishment;lodging;point_of_interest,False,CACHED
"The Ritz-Carlton, Lake Tahoe",https://www.americanexpress.com/en-us/travel/discover/property/California-US/Truckee/The-Ritz-carlton-Lake-Tahoe?intlink=US-travel-discover-property-results-propertyCard-The-Ritz-carlton-Lake-Tahoe,"Truckee, California US",FINE HOTELS + RESORTS,The Ritz-Carlton,Program,39.26726740000001,-120.1278387,"13031 Ritz Carlton Highlands Ct, Truckee, CA 96161, USA",google_places,PLACE_DETAILS,ChIJ54Y5fUdimYARoLTcEsksIoE,establishment;lodging;point_of_interest,False,CACHED
"The Ritz-Carlton, Vienna",https://www.americanexpress.com/en-us/travel/discover/property/Austria/Vienna/The-Ritz-carlton-Vienna?intlink=US-travel-discover-property-results-propertyCard-The-Ritz-carlton-Vienna,"Vienna, Austria",FINE HOTELS + RESORTS,The Ritz-Carlton,Program,48.2021957,16.3763532,"Schubertring 5-7, 1010 Wien, Austria",google_places,PLACE_DETAILS,ChIJ9aDvMXYHbUcRtTGimBR35Wc,establishment;lodging;point_of_interest,False,CACHED
"The Ritz-Carlton, Washington DC",https://www.americanexpress.com/en-us/travel/discover/property/District-of-Columbia-US/Washington/The-Ritz-carlton-Washington-Dc?intlink=US-travel-discover-property-results-propertyCard-The-Ritz-carlton-Washington-Dc,"Washington, District of Columbia US",FINE HOTELS + RESORTS,The Ritz-Carlton,Program,38.9046966,-77.0490792,"1150 22nd St NW, Washington, DC 20037, USA",google_places,PLACE_DETAILS,ChIJwf9lG0y2t4kR52sMuwf1WcU,establishment;lodging;point_of_interest,False,CACHED
"The Ritz-Carlton, Wolfsburg",https://www.americanexpress.com/en-us/travel/discover/property/Germany/Wolfsburg/The-Ritz-carlton-Wolfsburg?intlink=US-travel-discover-property-results-propertyCard-The-Ritz-carlton-Wolfsburg,"Wolfsburg, Germany",FINE HOTELS + RESORTS,The Ritz-Carlton,Program,52.4332339,10.7898268,"Parkstraße 1, 38440 Wolfsburg, Germany",google_places,PLACE_DETAILS,ChIJwSzI6beTr0cRq_1OU_nrG04,establishment;lodging;point_of_interest,False,CACHED
"The Ritz-Carlton, Xian",https://www.americanexpress.com/en-us/travel/discover/property/China/Xian/The-Ritz-carlton-Xian?intlink=US-travel-discover-property-results-propertyCard-The-Ritz-carlton-Xian,"Xian, China",FINE HOTELS + RESORTS,The Ritz-Carlton,Program,31.2365449,121.5012467,"8 Shi Ji Da Dao, Lujiazui, Pu Dong Xin Qu, China, 200120",google_places,PLACE_DETAILS,ChIJWY-sruVwsjURtX4aDE9bKGI,establishment;lodging;point_of_interest,False,CACHED
The Siam,https://www.americanexpress.com/en-us/travel/discover/property/Thailand/Bangkok/The-Siam?intlink=US-travel-discover-property-results-propertyCard-The-Siam,"Bangkok, Thailand",FINE HOTELS + RESORTS,The Set,Program,13.7474361,100.5269722,"Opposite National Stadium 865 Rama I Rd, Khwaeng Wang Mai, Pathum Wan, Krung Thep Maha Nakhon 10330, Thailand",google_places,PLACE_DETAILS,ChIJVZ_3_9ae4jARRqpJm6YHcKM,bar;establishment;food;lodging;point_of_interest;restaurant,False,CACHED
Upper House Chengdu,https://www.americanexpress.com/en-us/travel/discover/property/China/Chengdu/Upper-House-Chengdu?intlink=US-travel-discover-property-results-propertyCard-Upper-House-Chengdu,"Chengdu, China",FINE HOTELS + RESORTS,The Set,Program,30.6517889,104.0848352,"邮编号, 81 Bi Tie Shi Jie, Jin Jiang Qu, Cheng Du Shi, Si Chuan Sheng, China, 610021",google_places,PLACE_DETAILS,ChIJn58kQ0LF7zYRPxdPGtOarhE,establishment;lodging;point_of_interest,False,CACHED
Upper House Hong Kong,https://www.americanexpress.com/en-us/travel/discover/property/China/Hong-Kong/Upper-House-Hong-Kong?intlink=US-travel-discover-property-results-propertyCard-Upper-House-Hong-Kong,"Hong Kong, China",FINE HOTELS + RESORTS,The Set,Program,22.2775031,114.1663406,"Upper House, 88 Queensway, Admiralty, Hong Kong",google_places,PLACE_DETAILS,ChIJDVW9tmcABDQRamXo3aZeQlw,establishment;lodging;point_of_interest,False,CACHED
"Mamilla, Jerusalem",https://www.americanexpress.com/en-us/travel/discover/property/Israel/Jerusalem/Mamilla-Jerusalem?intlink=US-travel-discover-property-results-propertyCard-Mamilla-Jerusalem,"Jerusalem, Israel",FINE HOTELS + RESORTS,The Set,Program,31.7781443,35.2235958,"Shlomo ha-Melekh St 11, Jerusalem, 94182, Israel",google_places,PLACE_DETAILS,ChIJS_zBNNbXAhURU7k3rNTVEao,establishment;food;lodging;point_of_interest;restaurant;spa,False,CACHED
"The David Citadel, Jerusalem",https://www.americanexpress.com/en-us/travel/discover/property/Israel/Jerusalem/The-David-Citadel-Jerusalem?intlink=US-travel-discover-property-results-propertyCard-The-David-Citadel-Jerusalem,"Jerusalem, Israel",FINE HOTELS + RESORTS,The Set,Program,31.77711699999999,35.22291,"King David St 7, Jerusalem, 9410119, Israel",google_places,PLACE_DETAILS,ChIJO5Rsz9MpAxURpxpivllLxj4,establishment;lodging;point_of_interest,False,CACHED
Hotel Cafe Royal,https://www.americanexpress.com/en-us/travel/discover/property/England/London/Hotel-Cafe-Royal?intlink=US-travel-discover-property-results-propertyCard-Hotel-Cafe-Royal,"London, England",FINE HOTELS + RESORTS,The Set,Program,51.5101974,-0.1363299,"10 Air St, London W1B 5AB, UK",google_places,PLACE_DETAILS,ChIJawUNG9QEdkgRf4wGMuxqTXc,establishment;lodging;point_of_interest,False,CACHED
Round Hill Hotel and Villas,https://www.americanexpress.com/en-us/travel/discover/property/Jamaica/Montego-Bay/Round-Hill-Hotel-And-Villas?intlink=US-travel-discover-property-results-propertyCard-Round-Hill-Hotel-And-Villas,"Montego Bay, Jamaica",FINE HOTELS + RESORTS,The Set,Program,18.4572781,-78.012531,"John Pringle Drive, Montego Bay, Jamaica",google_places,PLACE_DETAILS,ChIJ07fCDI-B2Y4RyNdx3MOGdgk,establishment;food;lodging;point_of_interest;restaurant;spa,False,CACHED
Deos Mykonos Hotel,https://www.americanexpress.com/en-us/travel/discover/property/Greece/Mykonos/Deos-Mykonos-Hotel?intlink=US-travel-discover-property-results-propertyCard-Deos-Mykonos-Hotel,"Mykonos, Greece",FINE HOTELS + RESORTS,The Set,Program,37.4534894,25.3319012,"Mykonos 846 00, Greece",google_places,PLACE_DETAILS,ChIJZY6ppl2_ohQRjQHxO80zTog,establishment;lodging;point_of_interest,False,CACHED
Upper House Shanghai,https://www.americanexpress.com/en-us/travel/discover/property/China/Shanghai/Upper-House-Shanghai?intlink=US-travel-discover-property-results-propertyCard-Upper-House-Shanghai,"Shanghai, China",FINE HOTELS + RESORTS,The Set,Program,31.219096,121.469847,"99 Yan Dang Lu, Huang Pu Qu, Shang Hai Shi, China, 200025",google_places,PLACE_DETAILS,ChIJ8T06FXNwsjURbD86e6ukekI,establishment;lodging;point_of_interest,False,CACHED
Hotel Esencia,https://www.americanexpress.com/en-us/travel/discover/property/Quintana-Roo-MX/Xpu-Ha/Hotel-Esencia?intlink=US-travel-discover-property-results-propertyCard-Hotel-Esencia,"Xpu Ha, Quintana Roo MX",FINE HOTELS + RESORTS,The Set,Program,20.481945,-87.2561645,"77734 Xpu Há, Quintana Roo, Mexico",google_places,PLACE_DETAILS,ChIJee1qZv8rTI8R-T_IOBbLXpI,establishment;lodging;point_of_interest,False,CACHED
Hotel du Palais Biarritz,https://www.americanexpress.com/en-us/travel/discover/property/France/Biarritz/Hotel-Du-Palais-Biarritz?intlink=US-travel-discover-property-results-propertyCard-Hotel-Du-Palais-Biarritz,"Biarritz, France",FINE HOTELS + RESORTS,The Unbound Collection,Program,43.4867958,-1.5562046,"1 Av. de l'Impératrice, 64200 Biarritz, France",google_places,PLACE_DETAILS,ChIJeTDzZdlqUQ0RqtrDVkfhYw0,establishment;lodging;point_of_interest,False,CACHED
Hotel Martinez,https://www.americanexpress.com/en-us/travel/discover/property/France/Cannes/Hotel-Martinez?intlink=US-travel-discover-property-results-propertyCard-Hotel-Martinez,"Cannes, France",FINE HOTELS + RESORTS,The Unbound Collection,Program,43.5483819,7.0308582,"73 Bd de la Croisette, 06400 Cannes, France",google_places,PLACE_DETAILS,ChIJ82aVG72BzhIRKfmuyQnWQmI,establishment;lodging;point_of_interest,False,CACHED
IL Tornabuoni Hotel,https://www.americanexpress.com/en-us/travel/discover/property/Italy/Florence/Il-Tornabuoni-Hotel?intlink=US-travel-discover-property-results-propertyCard-Il-Tornabuoni-Hotel,"Florence, Italy",FINE HOTELS + RESORTS,The Unbound Collection,Program,43.7703194,11.2512278,"Via de' Tornabuoni, 3, 50123 Firenze FI, Italy",google_places,PLACE_DETAILS,ChIJJb2gbKpWKhMRpRUgjXvIqYs,establishment;lodging;point_of_interest,False,CACHED
La Zambra Resort,https://www.americanexpress.com/en-us/travel/discover/property/Spain/Mijas-Golf---Marbella/La-Zambra-Resort?intlink=US-travel-discover-property-results-propertyCard-La-Zambra-Resort,"Mijas Golf - Marbella, Spain",FINE HOTELS + RESORTS,The Unbound Collection,Program,36.5529094,-4.6667533,"Av. de Louison Bobet, 9, 29650 Málaga, Spain",google_places,PLACE_DETAILS,ChIJrYNyj6bhcg0RJxTIGH2EJng,establishment;lodging;point_of_interest,False,CACHED
Maison Metier by Hyatt,https://www.americanexpress.com/en-us/travel/discover/property/Louisiana-US/New-Orleans/Maison-Metier-By-Hyatt?intlink=US-travel-discover-property-results-propertyCard-Maison-Metier-By-Hyatt,"New Orleans, Louisiana US",FINE HOTELS + RESORTS,The Unbound Collection,Program,29.9487885,-90.07202339999999,"546 Carondelet St, New Orleans, LA 70130, USA",google_places,PLACE_DETAILS,ChIJL6iBXKynIIYRJOBmuzLEg1Q,establishment;lodging;point_of_interest,False,CACHED
Royal Palms Resort and Spa,https://www.americanexpress.com/en-us/travel/discover/property/Arizona-US/Phoenix/Royal-Palms-Resort-And-Spa?intlink=US-travel-discover-property-results-propertyCard-Royal-Palms-Resort-And-Spa,"Phoenix, Arizona US",FINE HOTELS + RESORTS,The Unbound Collection,Program,33.5047873,-111.9688567,"5200 E Camelback Rd, Phoenix, AZ 85018, USA",google_places,PLACE_DETAILS,ChIJa5FaPGIMK4cRGVr9cQ4EYdc,establishment;lodging;point_of_interest,False,CACHED
"Magma Resort Santorini, part of The Unbound Collection by Hyatt",https://www.americanexpress.com/en-us/travel/discover/property/Greece/Santorini/Magma-Resort-Santorini-Part-Of-The-Unbound-Collection-By-Hyatt?intlink=US-travel-discover-property-results-propertyCard-Magma-Resort-Santorini-Part-Of-The-Unbound-Collection-By-Hyatt,"Santorini, Greece",FINE HOTELS + RESORTS,The Unbound Collection,Program,36.4350665,25.4412288,"Vourvoulos 847 00, Greece",google_places,PLACE_DETAILS,ChIJdy6igbnNmRQRtM1_Wy6TzD4,establishment;lodging;point_of_interest,False,CACHED
Hotel 1000,https://www.americanexpress.com/en-us/travel/discover/property/Washington-US/Seattle/Hotel-1000?intlink=US-travel-discover-property-results-propertyCard-Hotel-1000,"Seattle, Washington US",FINE HOTELS + RESORTS,The Unbound Collection,Program,47.60505329999999,-122.3361194,"1000 1st Ave, Seattle, WA 98104, USA",google_places,PLACE_DETAILS,ChIJvYvFsLFqkFQRPF48-leg-gc,establishment;lodging;point_of_interest,False,CACHED
Fuji Speedway Hotel,https://www.americanexpress.com/en-us/travel/discover/property/Japan/Shizuoka/Fuji-Speedway-Hotel?intlink=US-travel-discover-property-results-propertyCard-Fuji-Speedway-Hotel,"Shizuoka, Japan",FINE HOTELS + RESORTS,The Unbound Collection,Program,35.3674812,138.9183086,"645 Ōmika, Oyama, Sunto District, Shizuoka 410-1308, Japan",google_places,PLACE_DETAILS,ChIJxdytuEZxGWARmyW9bAaOloQ,establishment;lodging;point_of_interest,False,CACHED
The Chatwal Lodge,https://www.americanexpress.com/en-us/travel/discover/property/New-York-US/White-Lake/The-Chatwal-Lodge?intlink=US-travel-discover-property-results-propertyCard-The-Chatwal-Lodge,"White Lake, New York US",FINE HOTELS + RESORTS,The Unbound Collection,Program,41.6366671,-74.8355364,"338 Chapin Trail, White Lake, NY 12786, USA",google_places,PLACE_DETAILS,ChIJ280diCav3IkR0DK9sxBzJ8k,establishment;lodging;point_of_interest,False,CACHED
Thompson Austin,https://www.americanexpress.com/en-us/travel/discover/property/Texas-US/Austin/Thompson-Austin?intlink=US-travel-discover-property-results-propertyCard-Thompson-Austin,"Austin, Texas US",FINE HOTELS + RESORTS,Thompson Hotels,Program,30.2668495,-97.74075030000002,"506 San Jacinto Blvd, Austin, TX 78701, USA",google_places,PLACE_DETAILS,ChIJB9QXKTC1RIYR9arEv08u5MQ,establishment;lodging;point_of_interest,False,CACHED
Thompson Dallas,https://www.americanexpress.com/en-us/travel/discover/property/Texas-US/Dallas/Thompson-Dallas?intlink=US-travel-discover-property-results-propertyCard-Thompson-Dallas,"Dallas, Texas US",FINE HOTELS + RESORTS,Thompson Hotels,Program,32.7817338,-96.80005109999999,"205 N Akard St, Dallas, TX 75201, USA",google_places,PLACE_DETAILS,ChIJjxftfRiZToYRo3JerDlfKGs,establishment;lodging;point_of_interest,False,CACHED
Thompson Denver,https://www.americanexpress.com/en-us/travel/discover/property/Colorado-US/Denver/Thompson-Denver?intlink=US-travel-discover-property-results-propertyCard-Thompson-Denver,"Denver, Colorado US",FINE HOTELS + RESORTS,Thompson Hotels,Program,39.74988,-104.9977969,"1616 Market St, Denver, CO 80202, USA",google_places,PLACE_DETAILS,ChIJoU-ZfT55bIcROfYF3pTjKgQ,establishment;lodging;point_of_interest,False,CACHED
Thompson Houston,https://www.americanexpress.com/en-us/travel/discover/property/Texas-US/Houston/Thompson-Houston?intlink=US-travel-discover-property-results-propertyCard-Thompson-Houston,"Houston, Texas US",FINE HOTELS + RESORTS,Thompson Hotels,Program,29.7607193,-95.38215079999999,"1717 Allen Pkwy, Houston, TX 77019, USA",google_places,PLACE_DETAILS,ChIJPxTTzSG_QIYR8xhv1bdxMdI,establishment;lodging;point_of_interest,False,CACHED
Thompson Madrid,https://www.americanexpress.com/en-us/travel/discover/property/Spain/Madrid/Thompson-Madrid?intlink=US-travel-discover-property-results-propertyCard-Thompson-Madrid,"Madrid, Spain",FINE HOTELS + RESORTS,Thompson Hotels,Program,40.4185732,-3.7028847,"Pl. del Carmen, Centro, 28013 Madrid, Spain",google_places,PLACE_DETAILS,ChIJC1u4k3wpQg0RPcpTDkt4d8s,establishment;lodging;point_of_interest,False,CACHED
Thompson Nashville,https://www.americanexpress.com/en-us/travel/discover/property/Tennessee-US/Nashville/Thompson-Nashville?intlink=US-travel-discover-property-results-propertyCard-Thompson-Nashville,"Nashville, Tennessee US",FINE HOTELS + RESORTS,Thompson Hotels,Program,36.152491,-86.784039,"401 11th Ave S, Nashville, TN 37203, USA",google_places,PLACE_DETAILS,ChIJo2Ry54pmZIgRThbqnFIFTzY,establishment;lodging;point_of_interest,False,CACHED
"The Beekman, A Thompson Hotel",https://www.americanexpress.com/en-us/travel/discover/property/New-York-US/New-York/The-Beekman-A-Thompson-Hotel?intlink=US-travel-discover-property-results-propertyCard-The-Beekman-A-Thompson-Hotel,"New York, New York US",FINE HOTELS + RESORTS,Thompson Hotels,Program,40.7112134,-74.0069041,"123 Nassau St, New York, NY 10038, USA",google_places,PLACE_DETAILS,ChIJq6r-exhawokRKgBzzPkn57U,establishment;lodging;point_of_interest,False,CACHED
Thompson Palm Springs,https://www.americanexpress.com/en-us/travel/discover/property/California-US/Palm-Springs/Thompson-Palm-Springs?intlink=US-travel-discover-property-results-propertyCard-Thompson-Palm-Springs,"Palm Springs, California US",FINE HOTELS + RESORTS,Thompson Hotels,Program,33.8288948,-116.5466469,"414 N Palm Canyon Dr, Palm Springs, CA 92262, USA",google_places,PLACE_DETAILS,ChIJ-bMloFUb24ARQM-vi-prHgo,establishment;lodging;point_of_interest,False,CACHED
Thompson San Antonio Riverwalk,https://www.americanexpress.com/en-us/travel/discover/property/Texas-US/San-Antonio/Thompson-San-Antonio-Riverwalk?intlink=US-travel-discover-property-results-propertyCard-Thompson-San-Antonio-Riverwalk,"San Antonio, Texas US",FINE HOTELS + RESORTS,Thompson Hotels,Program,29.4316909,-98.48903609999999,"115 Lexington Ave, San Antonio, TX 78205, USA",google_places,PLACE_DETAILS,ChIJtwZbMK9fXIYRWrTDfvUyBbQ,establishment;lodging;point_of_interest,False,CACHED
Thompson Savannah,https://www.americanexpress.com/en-us/travel/discover/property/Georgia-US/Savannah/Thompson-Savannah?intlink=US-travel-discover-property-results-propertyCard-Thompson-Savannah,"Savannah, Georgia US",FINE HOTELS + RESORTS,Thompson Hotels,Program,32.0772387,-81.079128,"201 Port St, Savannah, GA 31401, USA",google_places,PLACE_DETAILS,ChIJu8-WRnie-4gReLRftQvYU-Q,establishment;lodging;point_of_interest,False,CACHED
Thompson Zihuatanejo,https://www.americanexpress.com/en-us/travel/discover/property/Guerrero-MX/Zihuatanejo/Thompson-Zihuatanejo?intlink=US-travel-discover-property-results-propertyCard-Thompson-Zihuatanejo,"Zihuatanejo, Guerrero MX",FINE HOTELS + RESORTS,Thompson Hotels,Program,17.6313785,-101.5459334,"Carretera Escenica S/N, Playa la Ropa, 40895 Zihuatanejo, Gro., Mexico",google_places,PLACE_DETAILS,ChIJH18AF0F3NIQR-I5jlS0CsM0,establishment;lodging;point_of_interest,False,CACHED
Tivoli Doelen,https://www.americanexpress.com/en-us/travel/discover/property/Netherlands/Amsterdam/Tivoli-Doelen?intlink=US-travel-discover-property-results-propertyCard-Tivoli-Doelen,"Amsterdam, Netherlands",FINE HOTELS + RESORTS,Tivoli Hotels & Resorts,Program,52.36836,4.89586,"Nieuwe Doelenstraat 26, 1012 CZ Amsterdam, Netherlands",google_places,PLACE_DETAILS,ChIJSwKdkb8JxkcRUopvIHqSFZg,establishment;lodging;point_of_interest,False,CACHED
Tivoli Portopiccolo Sistiana Wellness Resort & Spa,https://www.americanexpress.com/en-us/travel/discover/property/Italy/Duino-Aurisina/Tivoli-Portopiccolo-Sistiana-Wellness-Resort--Spa?intlink=US-travel-discover-property-results-propertyCard-Tivoli-Portopiccolo-Sistiana-Wellness-Resort--Spa,"Duino Aurisina, Italy",FINE HOTELS + RESORTS,Tivoli Hotels & Resorts,Program,45.7667004,13.6364437,"Str. di Portopiccolo, 231/M, 34011 Sistiana TS, Italy",google_places,PLACE_DETAILS,ChIJnS3k1qYNe0cRJHM9HZC-lKE,establishment;lodging;point_of_interest,False,CACHED
Tivoli Avenida Liberdade Lisboa,https://www.americanexpress.com/en-us/travel/discover/property/Portugal/Lisbon/Tivoli-Avenida-Liberdade-Lisboa?intlink=US-travel-discover-property-results-propertyCard-Tivoli-Avenida-Liberdade-Lisboa,"Lisbon, Portugal",FINE HOTELS + RESORTS,Tivoli Hotels & Resorts,Program,38.7209776,-9.147179099999999,"Av. da Liberdade 185, 1269-050 Lisboa, Portugal",google_places,PLACE_DETAILS,ChIJpWs-XXgzGQ0RzbKXVs56x5U,establishment;lodging;point_of_interest,False,CACHED
Tivoli Kopke Porto Gaia Hotel,https://www.americanexpress.com/en-us/travel/discover/property/Portugal/Vila-Nova-de-Gaia/Tivoli-Kopke-Porto-Gaia-Hotel?intlink=US-travel-discover-property-results-propertyCard-Tivoli-Kopke-Porto-Gaia-Hotel,"Vila Nova de Gaia, Portugal",FINE HOTELS + RESORTS,Tivoli Hotels & Resorts,Program,41.134454,-8.617475899999999,"R. do Barão de Forrester 69, 4400-034 Vila Nova de Gaia, Portugal",google_places,PLACE_DETAILS,ChIJZb1Wu6plJA0Rzi_G-4TkNXA,establishment;lodging;point_of_interest,False,CACHED
Trump International Hotel & Tower Chicago,https://www.americanexpress.com/en-us/travel/discover/property/Illinois-US/Chicago/Trump-International-Hotel--Tower-Chicago?intlink=US-travel-discover-property-results-propertyCard-Trump-International-Hotel--Tower-Chicago,"Chicago, Illinois US",FINE HOTELS + RESORTS,Trump Hotels,Program,41.888868,-87.626394,"401 N Wabash Ave, Chicago, IL 60611, USA",google_places,PLACE_DETAILS,ChIJA6EvXa4sDogRGAjH_H2Zqqg,establishment;food;gym;health;lodging;point_of_interest;restaurant;spa,False,CACHED
"Trump International Golf Links & Hotel Ireland, Doonbeg",https://www.americanexpress.com/en-us/travel/discover/property/Ireland/Doonbeg/Trump-International-Golf-Links--Hotel-Ireland-Doonbeg?intlink=US-travel-discover-property-results-propertyCard-Trump-International-Golf-Links--Hotel-Ireland-Doonbeg,"Doonbeg, Ireland",FINE HOTELS + RESORTS,Trump Hotels,Program,52.7583561,-9.4765015,"Doonbeg, Doughmore, Co. Clare, Ireland",google_places,PLACE_DETAILS,ChIJZ5tUoqcGW0gRRvwfHvd9vHk,establishment;lodging;point_of_interest;spa,False,CACHED
Trump International Hotel & Tower New York,https://www.americanexpress.com/en-us/travel/discover/property/New-York-US/New-York/Trump-International-Hotel--Tower-New-York?intlink=US-travel-discover-property-results-propertyCard-Trump-International-Hotel--Tower-New-York,"New York, New York US",FINE HOTELS + RESORTS,Trump Hotels,Program,40.7690715,-73.9815224,"1 Central Prk W, New York, NY 10023, USA",google_places,PLACE_DETAILS,ChIJh5JzbfZYwokR_28ru8Q14wM,establishment;lodging;point_of_interest,False,CACHED
"Trump Turnberry, Scotland",https://www.americanexpress.com/en-us/travel/discover/property/Scotland/Turnberry/Trump-Turnberry-Scotland?intlink=US-travel-discover-property-results-propertyCard-Trump-Turnberry-Scotland,"Turnberry, Scotland",FINE HOTELS + RESORTS,Trump Hotels,Program,55.3142744,-4.831817099999999,"Maidens Rd, Turnberry, Maidens, Girvan KA26 9LT, UK",google_places,PLACE_DETAILS,ChIJ6QpNaqh2YkgRXU5OPKeyU50,establishment;food;lodging;point_of_interest;restaurant;spa,False,CACHED
Viceroy Riviera Maya,https://www.americanexpress.com/en-us/travel/discover/property/Quintana-Roo-MX/Playa-del-Carmen/Viceroy-Riviera-Maya?intlink=US-travel-discover-property-results-propertyCard-Viceroy-Riviera-Maya,"Playa del Carmen, Quintana Roo MX",FINE HOTELS + RESORTS,Viceroy Hotels & Resorts,Program,20.6651522,-87.0334235,"Playa Xcalacoco Frac 7 Riviera Maya, 77710 Playa del Carmen, Q.R., Mexico",google_places,PLACE_DETAILS,ChIJlSI3qnJdTo8Ras_Y8Jp-U7M,establishment;lodging;point_of_interest;spa,False,CACHED
Viceroy Snowmass,https://www.americanexpress.com/en-us/travel/discover/property/Colorado-US/Snowmass-Village/Viceroy-Snowmass?intlink=US-travel-discover-property-results-propertyCard-Viceroy-Snowmass,"Snowmass Village, Colorado US",FINE HOTELS + RESORTS,Viceroy Hotels & Resorts,Program,39.2096046,-106.9446729,"130 Wood Rd, Snowmass Village, CO 81615, USA",google_places,PLACE_DETAILS,ChIJQ9XBSs9HQIcR0wUMrKa_xOU,bar;establishment;lodging;point_of_interest,False,CACHED
"Sugar Beach, A Viceroy Resort",https://www.americanexpress.com/en-us/travel/discover/property/Saint-Lucia/Soufriere/Sugar-Beach-A-Viceroy-Resort?intlink=US-travel-discover-property-results-propertyCard-Sugar-Beach-A-Viceroy-Resort,"Soufriere, Saint Lucia",FINE HOTELS + RESORTS,Viceroy Hotels & Resorts,Program,13.8278433,-61.0612116,"Val Des Pitons Forbidden Beach La Baie de Silence, St Lucia",google_places,PLACE_DETAILS,ChIJeQaww0KJQIwRJxWGpAY57ig,establishment;lodging;point_of_interest;spa,False,CACHED
Viceroy at Ombria Algarve,https://www.americanexpress.com/en-us/travel/discover/property/Portugal/Tôr/Viceroy-At-Ombria-Algarve?intlink=US-travel-discover-property-results-propertyCard-Viceroy-At-Ombria-Algarve,"Tôr, Portugal",FINE HOTELS + RESORTS,Viceroy Hotels & Resorts,Program,37.1910977,-8.0126759,"Rua da Ombria, Ombria Algarve, Number 9, 8100-396 Tôr – Loulé, Portugal",google_places,PLACE_DETAILS,ChIJSZ3DHRSxGg0RknUIEX4OZe8,establishment;lodging;point_of_interest,False,CACHED
W Algarve,https://www.americanexpress.com/en-us/travel/discover/property/Portugal/Albufeira/W-Algarve?intlink=US-travel-discover-property-results-propertyCard-W-Algarve,"Albufeira, Portugal",FINE HOTELS + RESORTS,W Hotels,Program,37.0796637,-8.301115,"Estrada da Galé Sesmarias - CX Postal 290, H, 8200-385 Albufeira, Portugal",google_places,PLACE_DETAILS,ChIJNdpB6CDNGg0RWZZf6m0nbwc,establishment;lodging;point_of_interest,False,CACHED
W Aspen,https://www.americanexpress.com/en-us/travel/discover/property/Colorado-US/Aspen/W-Aspen?intlink=US-travel-discover-property-results-propertyCard-W-Aspen,"Aspen, Colorado US",FINE HOTELS + RESORTS,W Hotels,Program,39.1864175,-106.8169166,"550 S Spring St, Aspen, CO 81611, USA",google_places,PLACE_DETAILS,ChIJo00fitg7QIcRSK_RrYdvEEY,establishment;lodging;point_of_interest,False,CACHED
W Austin,https://www.americanexpress.com/en-us/travel/discover/property/Texas-US/Austin/W-Austin?intlink=US-travel-discover-property-results-propertyCard-W-Austin,"Austin, Texas US",FINE HOTELS + RESORTS,W Hotels,Program,30.2654636,-97.7467252,"200 Lavaca St, Austin, TX 78701, USA",google_places,PLACE_DETAILS,ChIJF9-xywi1RIYRLTdVOm_2ebk,establishment;lodging;point_of_interest,False,CACHED
W Goa,https://www.americanexpress.com/en-us/travel/discover/property/India/Bardez/W-Goa?intlink=US-travel-discover-property-results-propertyCard-W-Goa,"Bardez, India",FINE HOTELS + RESORTS,W Hotels,Program,15.6024636,73.7369477,"Vagator Beach, Bardez, Goa, Anjuna, Goa 403509, India",google_places,PLACE_DETAILS,ChIJn3MIgG_pvzsRfuIlXe1SYEY,establishment;lodging;point_of_interest,False,CACHED
W Bogota Hotel,https://www.americanexpress.com/en-us/travel/discover/property/Colombia/Bogotá/W-Bogota-Hotel?intlink=US-travel-discover-property-results-propertyCard-W-Bogota-Hotel,"Bogotá, Colombia",FINE HOTELS + RESORTS,W Hotels,Program,4.693273,-74.034641,"Cra. 9 #115 - 30, Usaquén, Bogotá, Cundinamarca, Colombia",google_places,PLACE_DETAILS,ChIJbxQMYqaaP44RTW7eo5EikqI,establishment;lodging;point_of_interest,False,CACHED
W Brisbane,https://www.americanexpress.com/en-us/travel/discover/property/Australia/Brisbane/W-Brisbane?intlink=US-travel-discover-property-results-propertyCard-W-Brisbane,"Brisbane, Australia",FINE HOTELS + RESORTS,W Hotels,Program,-27.4704265,153.0215762,"81 N Quay, Brisbane City QLD 4000, Australia",google_places,PLACE_DETAILS,ChIJuzRPNgRakWsRUV72DO3P4Jw,establishment;lodging;point_of_interest,False,CACHED
W Budapest,https://www.americanexpress.com/en-us/travel/discover/property/Hungary/Budapest/W-Budapest?intlink=US-travel-discover-property-results-propertyCard-W-Budapest,"Budapest, Hungary",FINE HOTELS + RESORTS,W Hotels,Program,47.5020322,19.0591484,"Budapest, Andrássy út 25, 1061 Hungary",google_places,PLACE_DETAILS,ChIJPf0b7WvcQUcRM0weKfplHCo,establishment;lodging;point_of_interest,False,CACHED
W Edinburgh,https://www.americanexpress.com/en-us/travel/discover/property/Scotland/Edinburgh/W-Edinburgh?intlink=US-travel-discover-property-results-propertyCard-W-Edinburgh,"Edinburgh, Scotland",FINE HOTELS + RESORTS,W Hotels,Program,55.9549073,-3.1890496,"1 Saint James Square, Edinburgh EH1 3AX, UK",google_places,PLACE_DETAILS,ChIJhbRkA1zHh0gRQat5t0uzCn8,establishment;lodging;point_of_interest,False,CACHED
W Florence,https://www.americanexpress.com/en-us/travel/discover/property/Italy/Florence/W-Florence?intlink=US-travel-discover-property-results-propertyCard-W-Florence,"Florence, Italy",FINE HOTELS + RESORTS,W Hotels,Program,43.7749154,11.2511415,"Via del Melarancio, 1, 50123 Firenze FI, Italy",google_places,PLACE_DETAILS,ChIJcfBiIkdXKhMR1JKLpOXV6SM,establishment;lodging;point_of_interest,False,CACHED
W Hollywood,https://www.americanexpress.com/en-us/travel/discover/property/California-US/Hollywood/W-Hollywood?intlink=US-travel-discover-property-results-propertyCard-W-Hollywood,"Hollywood, California US",FINE HOTELS + RESORTS,W Hotels,Program,34.10095829999999,-118.3258711,"6250 Hollywood Blvd, Hollywood, CA 90028, USA",google_places,PLACE_DETAILS,ChIJSzQ7Ajm_woAR2yTwTn6QTFw,establishment;lodging;point_of_interest,False,CACHED
W Melbourne,https://www.americanexpress.com/en-us/travel/discover/property/Australia/Melbourne/W-Melbourne?intlink=US-travel-discover-property-results-propertyCard-W-Melbourne,"Melbourne, Australia",FINE HOTELS + RESORTS,W Hotels,Program,-37.818148,144.960499,"408 Flinders Ln, Melbourne VIC 3000, Australia",google_places,PLACE_DETAILS,ChIJQ8y1Nvtd1moRvV7M4qXFKRk,establishment;lodging;point_of_interest,False,CACHED
W South Beach,https://www.americanexpress.com/en-us/travel/discover/property/Florida-US/Miami-Beach/W-South-Beach?intlink=US-travel-discover-property-results-propertyCard-W-South-Beach,"Miami Beach, Florida US",FINE HOTELS + RESORTS,W Hotels,Program,25.7973813,-80.1271903,"2201 Collins Ave, Miami Beach, FL 33139, USA",google_places,PLACE_DETAILS,ChIJo6lrf6er2YgRXChlCiesKW8,establishment;lodging;point_of_interest,False,CACHED
W Maldives,https://www.americanexpress.com/en-us/travel/discover/property/Maldives/North-Ari-Atoll/W-Maldives?intlink=US-travel-discover-property-results-propertyCard-W-Maldives,"North Ari Atoll, Maldives",FINE HOTELS + RESORTS,W Hotels,Program,4.007057,72.8111931,"Fesdu Island North Ari Atoll, 09110, Maldives",google_places,PLACE_DETAILS,ChIJKROeR4fkQDsRrkTzCQpbbwk,establishment;lodging;point_of_interest,False,CACHED
W Osaka,https://www.americanexpress.com/en-us/travel/discover/property/Japan/Osaka/W-Osaka?intlink=US-travel-discover-property-results-propertyCard-W-Osaka,"Osaka, Japan",FINE HOTELS + RESORTS,W Hotels,Program,34.6778348,135.5000826,"4-chōme-1-3 Minamisenba, Chuo Ward, Osaka, 542-0081, Japan",google_places,PLACE_DETAILS,ChIJ14tB6IPnAGARHVPDh9i9jCU,establishment;lodging;point_of_interest,False,CACHED
W Panama,https://www.americanexpress.com/en-us/travel/discover/property/Panama/Panama-City/W-Panama?intlink=US-travel-discover-property-results-propertyCard-W-Panama,"Panama City, Panama",FINE HOTELS + RESORTS,W Hotels,Program,8.9796719,-79.52461389999999,"80809, C. 50, Panamá, Provincia de Panamá, Panama",google_places,PLACE_DETAILS,ChIJ9XF_2eWorI8R1W32_aDwRB8,establishment;lodging;point_of_interest,False,CACHED
W Prague,https://www.americanexpress.com/en-us/travel/discover/property/Czech-Republic/Prague/W-Prague?intlink=US-travel-discover-property-results-propertyCard-W-Prague,"Prague, Czech Republic",FINE HOTELS + RESORTS,W Hotels,Program,50.0821317,14.4270135,"Vaclavske namesti 826/25, Nové Město, 110 00 Praha 1, Czechia",google_places,PLACE_DETAILS,ChIJoVcwMu2UC0cRNfGYwNQpLBY,establishment;lodging;point_of_interest,False,CACHED
W Rome,https://www.americanexpress.com/en-us/travel/discover/property/Italy/Rome/W-Rome?intlink=US-travel-discover-property-results-propertyCard-W-Rome,"Rome, Italy",FINE HOTELS + RESORTS,W Hotels,Program,41.9062125,12.4884989,"Via Liguria, 26/36, 00187 Roma RM, Italy",google_places,PLACE_DETAILS,ChIJWWfbe7dhLxMR7wX_HyXIla8,establishment;lodging;point_of_interest,False,CACHED
W Santiago,https://www.americanexpress.com/en-us/travel/discover/property/Chile/Santiago/W-Santiago?intlink=US-travel-discover-property-results-propertyCard-W-Santiago,"Santiago, Chile",FINE HOTELS + RESORTS,W Hotels,Program,-33.4137092,-70.598615,"Isidora Goyenechea 3000, 7550653 Las Condes, Región Metropolitana, Chile",google_places,PLACE_DETAILS,ChIJz7O8cUDPYpYRN7mtnHTi55Y,establishment;lodging;point_of_interest,False,CACHED
W Sydney,https://www.americanexpress.com/en-us/travel/discover/property/Australia/Sydney/W-Sydney?intlink=US-travel-discover-property-results-propertyCard-W-Sydney,"Sydney, Australia",FINE HOTELS + RESORTS,W Hotels,Program,-33.8734584,151.2016157,"31 Wheat Rd, Sydney NSW 2000, Australia",google_places,PLACE_DETAILS,ChIJX1JXz_KvEmsRbZDJ2tHZY-0,establishment;lodging;point_of_interest,False,CACHED
W Taipei,https://www.americanexpress.com/en-us/travel/discover/property/Taiwan/Taipei/W-Taipei?intlink=US-travel-discover-property-results-propertyCard-W-Taipei,"Taipei, Taiwan",FINE HOTELS + RESORTS,W Hotels,Program,25.0408632,121.5655265,"No. 10, Section 5 of Zhongxiao East RoadSection 5 of Zhongxiao E Rd, Xinyi District, Taipei City, Taiwan 110",google_places,PLACE_DETAILS,ChIJgSeCsqSrQjQRZql8DEzsovs,establishment;lodging;point_of_interest,False,CACHED
W Verbier,https://www.americanexpress.com/en-us/travel/discover/property/Switzerland/Verbier/W-Verbier?intlink=US-travel-discover-property-results-propertyCard-W-Verbier,"Verbier, Switzerland",FINE HOTELS + RESORTS,W Hotels,Program,46.0925877,7.233390399999999,"Rue de Médran 70, 1936 Verbier, Switzerland",google_places,PLACE_DETAILS,ChIJ2ZtunS3OjkcRXt0u1U7qrf8,establishment;lodging;point_of_interest,False,CACHED
Waldorf Astoria Amsterdam,https://www.americanexpress.com/en-us/travel/discover/property/Netherlands/Amsterdam/Waldorf-Astoria-Amsterdam?intlink=US-travel-discover-property-results-propertyCard-Waldorf-Astoria-Amsterdam,"Amsterdam, Netherlands",FINE HOTELS + RESORTS,Waldorf Astoria Hotels & Resorts,Program,52.364768,4.896945,"Herengracht 542-556, 1017 CG Amsterdam, Netherlands",google_places,PLACE_DETAILS,ChIJRy2BEJUJxkcRMVdwHVMS0r0,establishment;lodging;point_of_interest;spa,False,CACHED
Waldorf Astoria Atlanta Buckhead,https://www.americanexpress.com/en-us/travel/discover/property/Georgia-US/Atlanta/Waldorf-Astoria-Atlanta-Buckhead?intlink=US-travel-discover-property-results-propertyCard-Waldorf-Astoria-Atlanta-Buckhead,"Atlanta, Georgia US",FINE HOTELS + RESORTS,Waldorf Astoria Hotels & Resorts,Program,33.8490989,-84.36628929999999,"3376 Peachtree Rd NE, Atlanta, GA 30326, USA",google_places,PLACE_DETAILS,ChIJ7SFeslkP9YgRT79-830j5j8,establishment;lodging;point_of_interest,False,CACHED
Waldorf Astoria Bangkok,https://www.americanexpress.com/en-us/travel/discover/property/Thailand/Bangkok/Waldorf-Astoria-Bangkok?intlink=US-travel-discover-property-results-propertyCard-Waldorf-Astoria-Bangkok,"Bangkok, Thailand",FINE HOTELS + RESORTS,Waldorf Astoria Hotels & Resorts,Program,13.742535,100.5402656,"151 Thanon Ratchadamri, Khwaeng Lumphini, Pathum Wan, Krung Thep Maha Nakhon 10330, Thailand",google_places,PLACE_DETAILS,ChIJI9OICMWe4jARSD0xAYYV18I,establishment;lodging;point_of_interest;spa,False,CACHED
Waldorf Astoria Beijing,https://www.americanexpress.com/en-us/travel/discover/property/China/Beijing/Waldorf-Astoria-Beijing?intlink=US-travel-discover-property-results-propertyCard-Waldorf-Astoria-Beijing,"Beijing, China",FINE HOTELS + RESORTS,Waldorf Astoria Hotels & Resorts,Program,39.9159867,116.4141344,"5-15 Jin Yu Hu Tong, Dong Cheng Qu, Bei Jing Shi, China, 100006",google_places,PLACE_DETAILS,ChIJ8Zu4GtJS8DURy95elmhTEFg,establishment;lodging;point_of_interest,False,CACHED
Waldorf Astoria Berlin,https://www.americanexpress.com/en-us/travel/discover/property/Germany/Berlin/Waldorf-Astoria-Berlin?intlink=US-travel-discover-property-results-propertyCard-Waldorf-Astoria-Berlin,"Berlin, Germany",FINE HOTELS + RESORTS,Waldorf Astoria Hotels & Resorts,Program,52.505693,13.3330139,"Hardenbergstraße 28, 10623 Berlin, Germany",google_places,PLACE_DETAILS,ChIJ_TKEVP5QqEcRld4HgkH6amw,establishment;lodging;point_of_interest;spa,False,CACHED
Waldorf Astoria Beverly Hills,https://www.americanexpress.com/en-us/travel/discover/property/California-US/Beverly-Hills/Waldorf-Astoria-Beverly-Hills?intlink=US-travel-discover-property-results-propertyCard-Waldorf-Astoria-Beverly-Hills,"Beverly Hills, California US",FINE HOTELS + RESORTS,Waldorf Astoria Hotels & Resorts,Program,34.0666686,-118.4114344,"9850 Wilshire Blvd, Beverly Hills, CA 90210, USA",google_places,PLACE_DETAILS,ChIJ5W5Ydwq8woARPSTm5ojwHfU,establishment;lodging;point_of_interest,False,CACHED
Waldorf Astoria Los Cabos Pedregal,https://www.americanexpress.com/en-us/travel/discover/property/Baja-California-Sur-MX/Cabo-San-Lucas/Waldorf-Astoria-Los-Cabos-Pedregal?intlink=US-travel-discover-property-results-propertyCard-Waldorf-Astoria-Los-Cabos-Pedregal,"Cabo San Lucas, Baja California Sur MX",FINE HOTELS + RESORTS,Waldorf Astoria Hotels & Resorts,Program,22.8747501,-109.912132,"Cam. del Mar 1, Pedregal, 23455 Cabo San Lucas, B.C.S., Mexico",google_places,PLACE_DETAILS,ChIJCYgqW1JLr4YRfz0sT0h46B0,establishment;lodging;point_of_interest,False,CACHED
Waldorf Astoria Cairo Heliopolis,https://www.americanexpress.com/en-us/travel/discover/property/Egypt/Cairo/Waldorf-Astoria-Cairo-Heliopolis?intlink=US-travel-discover-property-results-propertyCard-Waldorf-Astoria-Cairo-Heliopolis,"Cairo, Egypt",FINE HOTELS + RESORTS,Waldorf Astoria Hotels & Resorts,Program,30.1074441,31.3661341,"4948+RFR, El-Orouba, Sheraton Al Matar, El Nozha, Cairo Governorate 11736, Egypt",google_places,PLACE_DETAILS,ChIJB22nETMXWBQRb3qTGrdhrpc,establishment;lodging;point_of_interest;spa,False,CACHED
Waldorf Astoria Riviera Maya,https://www.americanexpress.com/en-us/travel/discover/property/Quintana-Roo-MX/Cancún/Waldorf-Astoria-Riviera-Maya?intlink=US-travel-discover-property-results-propertyCard-Waldorf-Astoria-Riviera-Maya,"Cancún, Quintana Roo MX",FINE HOTELS + RESORTS,Waldorf Astoria Hotels & Resorts,Program,20.9520526,-86.8366669,"Carr Federal Libre 307 Cancun-Tulum 248-868, SM-36, MZ-1 LT-1-01 UPE-1E, 77580 Cancun, Q.R., Mexico",google_places,PLACE_DETAILS,ChIJkyOt07uGTo8RMr3LpxWrWeg,establishment;lodging;point_of_interest,False,CACHED
Waldorf Astoria Chengdu,https://www.americanexpress.com/en-us/travel/discover/property/China/Chengdu/Waldorf-Astoria-Chengdu?intlink=US-travel-discover-property-results-propertyCard-Waldorf-Astoria-Chengdu,"Chengdu, China",FINE HOTELS + RESORTS,Waldorf Astoria Hotels & Resorts,Program,30.5872624,104.0663418,"1199 Tian Fu Da Dao Bei Duan, Wu Hou Qu, Cheng Du Shi, Si Chuan Sheng, China, 610094",google_places,PLACE_DETAILS,ChIJIb6-vtjF7zYR4WW4tRVtyEU,establishment;lodging;point_of_interest,False,CACHED
Waldorf Astoria Chicago,https://www.americanexpress.com/en-us/travel/discover/property/Illinois-US/Chicago/Waldorf-Astoria-Chicago?intlink=US-travel-discover-property-results-propertyCard-Waldorf-Astoria-Chicago,"Chicago, Illinois US",FINE HOTELS + RESORTS,Waldorf Astoria Hotels & Resorts,Program,41.89971389999999,-87.6274909,"11 E Walton St, Chicago, IL 60611, USA",google_places,PLACE_DETAILS,ChIJ6wr9GlLTD4gRQ_i8UgKu6W0,establishment;lodging;point_of_interest,False,CACHED
Waldorf Astoria Monarch Beach,https://www.americanexpress.com/en-us/travel/discover/property/California-US/Dana-Point/Waldorf-Astoria-Monarch-Beach?intlink=US-travel-discover-property-results-propertyCard-Waldorf-Astoria-Monarch-Beach,"Dana Point, California US",FINE HOTELS + RESORTS,Waldorf Astoria Hotels & Resorts,Program,33.4821356,-117.7159163,"1 Monarch Beach Resort N, Dana Point, CA 92629, USA",google_places,PLACE_DETAILS,ChIJXd9mdRbw3IARfdDIEFl4h-o,establishment;lodging;point_of_interest,False,CACHED
Waldorf Astoria Doha Lusail,https://www.americanexpress.com/en-us/travel/discover/property/Qatar/Doha/Waldorf-Astoria-Doha-Lusail?intlink=US-travel-discover-property-results-propertyCard-Waldorf-Astoria-Doha-Lusail,"Doha, Qatar",FINE HOTELS + RESORTS,Waldorf Astoria Hotels & Resorts,Program,25.4087296,51.5200105,"Damsa Boulevard Entertainment City, Lusail, Qatar",google_places,PLACE_DETAILS,ChIJRVVfXbzDRT4R4DnSwQT84rk,establishment;lodging;point_of_interest;spa,False,CACHED
Waldorf Astoria Doha West Bay,https://www.americanexpress.com/en-us/travel/discover/property/Qatar/Doha/Waldorf-Astoria-Doha-West-Bay?intlink=US-travel-discover-property-results-propertyCard-Waldorf-Astoria-Doha-West-Bay,"Doha, Qatar",FINE HOTELS + RESORTS,Waldorf Astoria Hotels & Resorts,Program,25.3276521,51.5332242,"Al Shaghya St, Doha, Qatar",google_places,PLACE_DETAILS,ChIJJSMb_L7ERT4RscFSeVP3KAY,establishment;lodging;point_of_interest,False,CACHED
Waldorf Astoria Dubai International Financial Centre,https://www.americanexpress.com/en-us/travel/discover/property/United-Arab-Emirates/Dubai/Waldorf-Astoria-Dubai-International-Financial-Centre?intlink=US-travel-discover-property-results-propertyCard-Waldorf-Astoria-Dubai-International-Financial-Centre,"Dubai, United Arab Emirates",FINE HOTELS + RESORTS,Waldorf Astoria Hotels & Resorts,Program,25.2111957,55.2818439,Burj Daman - Al Mustaqbal St - Zaa'beel Second - DIFC - Dubai - United Arab Emirates,google_places,PLACE_DETAILS,ChIJAX38lnhDXz4R6NfrS3bY6yo,establishment;lodging;point_of_interest;spa,False,CACHED
Waldorf Astoria Dubai Palm Jumeirah,https://www.americanexpress.com/en-us/travel/discover/property/United-Arab-Emirates/Dubai/Waldorf-Astoria-Dubai-Palm-Jumeirah?intlink=US-travel-discover-property-results-propertyCard-Waldorf-Astoria-Dubai-Palm-Jumeirah,"Dubai, United Arab Emirates",FINE HOTELS + RESORTS,Waldorf Astoria Hotels & Resorts,Program,25.1345671,55.1511192,Crescent Rd - The Palm Jumeirah - Dubai - United Arab Emirates,google_places,PLACE_DETAILS,ChIJ__30xjFrXz4RVhGdvh_K-cw,establishment;lodging;point_of_interest;spa,False,CACHED
Waldorf Astoria Costa Rica Punta Cacique,https://www.americanexpress.com/en-us/travel/discover/property/Costa-Rica/Guanacaste/Waldorf-Astoria-Costa-Rica-Punta-Cacique?intlink=US-travel-discover-property-results-propertyCard-Waldorf-Astoria-Costa-Rica-Punta-Cacique,"Guanacaste, Costa Rica",FINE HOTELS + RESORTS,Waldorf Astoria Hotels & Resorts,Program,10.5719869,-85.6973587,"Playa Penca, Ruta Nacional 159 km 3, Provincia de Guanacaste, Carrillo, 10901, Costa Rica",google_places,PLACE_DETAILS,ChIJbY8VN-wpno8RNTKUCGHGZnM,establishment;lodging;point_of_interest,False,CACHED
Waldorf Astoria Jerusalem,https://www.americanexpress.com/en-us/travel/discover/property/Israel/Jerusalem/Waldorf-Astoria-Jerusalem?intlink=US-travel-discover-property-results-propertyCard-Waldorf-Astoria-Jerusalem,"Jerusalem, Israel",FINE HOTELS + RESORTS,Waldorf Astoria Hotels & Resorts,Program,31.7774101,35.2220474,"Gershon Agron St 26-28, Jerusalem, 9419008, Israel",google_places,PLACE_DETAILS,ChIJn1UD3NMpAxURL-gq2RBuU-g,establishment;lodging;point_of_interest;spa,False,CACHED
Waldorf Astoria Kuwait,https://www.americanexpress.com/en-us/travel/discover/property/Kuwait/Kuwait-City/Waldorf-Astoria-Kuwait?intlink=US-travel-discover-property-results-propertyCard-Waldorf-Astoria-Kuwait,"Kuwait City, Kuwait",FINE HOTELS + RESORTS,Waldorf Astoria Hotels & Resorts,Program,29.3022888,47.9415802,"1873 Sheikh Zayed Bin Sultan Al Nahyan Rd, Kuwait 92000, Kuwait",google_places,PLACE_DETAILS,ChIJjRDYduebzz8R93TpxLg4J3Q,establishment;lodging;point_of_interest;spa,False,CACHED
Waldorf Astoria Las Vegas,https://www.americanexpress.com/en-us/travel/discover/property/Nevada-US/Las-Vegas/Waldorf-Astoria-Las-Vegas?intlink=US-travel-discover-property-results-propertyCard-Waldorf-Astoria-Las-Vegas,"Las Vegas, Nevada US",FINE HOTELS + RESORTS,Waldorf Astoria Hotels & Resorts,Program,36.1064332,-115.1737323,"3752 Las Vegas Blvd S, Las Vegas, NV 89158, USA",google_places,PLACE_DETAILS,ChIJx-F0ExfFyIARHZzQaIwFjIY,establishment;lodging;point_of_interest,False,CACHED
"The Roosevelt New Orleans, a Waldorf Astoria Hotel",https://www.americanexpress.com/en-us/travel/discover/property/Louisiana-US/New-Orleans/The-Roosevelt-New-Orleans-a-Waldorf-Astoria-Hotel?intlink=US-travel-discover-property-results-propertyCard-The-Roosevelt-New-Orleans-a-Waldorf-Astoria-Hotel,"New Orleans, Louisiana US",FINE HOTELS + RESORTS,Waldorf Astoria Hotels & Resorts,Program,29.9543428,-90.0722983,"130 Roosevelt Way, New Orleans, LA 70112, USA",google_places,PLACE_DETAILS,ChIJTz6VoQumIIYRh45jAKY_fsA,establishment;lodging;point_of_interest,False,CACHED
Waldorf Astoria New York,https://www.americanexpress.com/en-us/travel/discover/property/New-York-US/New-York/Waldorf-Astoria-New-York?intlink=US-travel-discover-property-results-propertyCard-Waldorf-Astoria-New-York,"New York, New York US",FINE HOTELS + RESORTS,Waldorf Astoria Hotels & Resorts,Program,40.7564821,-73.9734562,"301 Park Ave, New York, NY 10022, USA",google_places,PLACE_DETAILS,ChIJTzi6VfxYwokRDtjrgLbTvH4,establishment;lodging;point_of_interest,False,CACHED
Waldorf Astoria Orlando,https://www.americanexpress.com/en-us/travel/discover/property/Florida-US/Orlando/Waldorf-Astoria-Orlando?intlink=US-travel-discover-property-results-propertyCard-Waldorf-Astoria-Orlando,"Orlando, Florida US",FINE HOTELS + RESORTS,Waldorf Astoria Hotels & Resorts,Program,28.3536503,-81.53434419999999,"14200 Bonnet Creek Resort Ln, Orlando, FL 32821, USA",google_places,PLACE_DETAILS,ChIJ2VRuoXJ_3YgRK3PVUn07GYI,establishment;lodging;point_of_interest,False,CACHED
Waldorf Astoria Osaka,https://www.americanexpress.com/en-us/travel/discover/property/Japan/Osaka/Waldorf-Astoria-Osaka?intlink=US-travel-discover-property-results-propertyCard-Waldorf-Astoria-Osaka,"Osaka, Japan",FINE HOTELS + RESORTS,Waldorf Astoria Hotels & Resorts,Program,34.7029982,135.4915467,"5-54 Ōfukachō, Kita Ward, Osaka, 530-0011, Japan",google_places,PLACE_DETAILS,ChIJ5YDVAwDnAGARnv2oTYJOmo0,establishment;lodging;point_of_interest;spa,False,CACHED
Waldorf Astoria Panama,https://www.americanexpress.com/en-us/travel/discover/property/Panama/Panama-City/Waldorf-Astoria-Panama?intlink=US-travel-discover-property-results-propertyCard-Waldorf-Astoria-Panama,"Panama City, Panama",FINE HOTELS + RESORTS,Waldorf Astoria Hotels & Resorts,Program,8.9769353,-79.52463089999999,"47th St. Uruguay Street, Panamá, Provincia de Panamá, Panama",google_places,PLACE_DETAILS,ChIJE_E9SuaorI8RY16vXClnEpg,establishment;lodging;point_of_interest,False,CACHED
Waldorf Astoria Park City,https://www.americanexpress.com/en-us/travel/discover/property/Utah-US/Park-City/Waldorf-Astoria-Park-City?intlink=US-travel-discover-property-results-propertyCard-Waldorf-Astoria-Park-City,"Park City, Utah US",FINE HOTELS + RESORTS,Waldorf Astoria Hotels & Resorts,Program,40.6906113,-111.5496407,"2100 Frostwood Blvd, Park City, UT 84098, USA",google_places,PLACE_DETAILS,ChIJ62VYmjZsUocRzSFJ91tg2uI,establishment;lodging;point_of_interest,False,CACHED
Waldorf Astoria Seychelles Platte Island,https://www.americanexpress.com/en-us/travel/discover/property/Seychelles/Platte-Island/Waldorf-Astoria-Seychelles-Platte-Island?intlink=US-travel-discover-property-results-propertyCard-Waldorf-Astoria-Seychelles-Platte-Island,"Platte Island, Seychelles",FINE HOTELS + RESORTS,Waldorf Astoria Hotels & Resorts,Program,-5.8634718,55.3825781,"Platte Island, Outer Islands, Seychelles",google_places,PLACE_DETAILS,ChIJMQ8LQy-H4iIRHouDt1Swdlk,establishment;lodging;point_of_interest;spa,False,CACHED
Waldorf Astoria Ras Al Khaimah,https://www.americanexpress.com/en-us/travel/discover/property/United-Arab-Emirates/Ras-Al-Khaimah/Waldorf-Astoria-Ras-Al-Khaimah?intlink=US-travel-discover-property-results-propertyCard-Waldorf-Astoria-Ras-Al-Khaimah,"Ras Al Khaimah, United Arab Emirates",FINE HOTELS + RESORTS,Waldorf Astoria Hotels & Resorts,Program,25.6852852,55.77334699999999,Vienna St - Al Jazeera Al Hamra - Ras Al Khaimah - United Arab Emirates,google_places,PLACE_DETAILS,ChIJr2VAPjwK9j4RRqMiS0dB2_Y,establishment;lodging;point_of_interest;spa,False,CACHED
"Rome Cavalieri, A Waldorf Astoria Hotel",https://www.americanexpress.com/en-us/travel/discover/property/Italy/Rome/Rome-Cavalieri-A-Waldorf-Astoria-Hotel?intlink=US-travel-discover-property-results-propertyCard-Rome-Cavalieri-A-Waldorf-Astoria-Hotel,"Rome, Italy",FINE HOTELS + RESORTS,Waldorf Astoria Hotels & Resorts,Program,41.91881679999999,12.4466178,"Via Alberto Cadlolo, 101, 00136 Roma RM, Italy",google_places,PLACE_DETAILS,ChIJHw9AUoRgLxMR5jT9M_JvJeQ,establishment;lodging;point_of_interest;spa,False,CACHED
Waldorf Astoria Shanghai on the Bund,https://www.americanexpress.com/en-us/travel/discover/property/China/Shanghai/Waldorf-Astoria-Shanghai-On-The-Bund?intlink=US-travel-discover-property-results-propertyCard-Waldorf-Astoria-Shanghai-On-The-Bund,"Shanghai, China",FINE HOTELS + RESORTS,Waldorf Astoria Hotels & Resorts,Program,31.233438,121.489849,"2 Zhong Shan Dong Yi Lu, Waitan, Huang Pu Qu, Shang Hai Shi, China, 200002",google_places,PLACE_DETAILS,ChIJdygopllwsjURKvsS1lXMBM4,establishment;lodging;point_of_interest,False,CACHED
Waldorf Astoria Maldives Ithaafushi,https://www.americanexpress.com/en-us/travel/discover/property/Maldives/South-Malé-Atoll/Waldorf-Astoria-Maldives-Ithaafushi?intlink=US-travel-discover-property-results-propertyCard-Waldorf-Astoria-Maldives-Ithaafushi,"South Malé Atoll, Maldives",FINE HOTELS + RESORTS,Waldorf Astoria Hotels & Resorts,Program,4.013504699999999,73.39313729999999,"Ithaafushi Island South, Male 20009, Maldives",google_places,PLACE_DETAILS,ChIJ7xufEF6cQDsR0MkB2slCMhU,establishment;lodging;point_of_interest;spa,False,CACHED
Waldorf Astoria Versailles - Trianon Palace,https://www.americanexpress.com/en-us/travel/discover/property/France/Versailles/Waldorf-Astoria-Versailles---Trianon-Palace?intlink=US-travel-discover-property-results-propertyCard-Waldorf-Astoria-Versailles---Trianon-Palace,"Versailles, France",FINE HOTELS + RESORTS,Waldorf Astoria Hotels & Resorts,Program,48.810637,2.120206,"1 Bd de la Reine, 78000 Versailles, France",google_places,PLACE_DETAILS,ChIJn6T0s7x95kcR7TffTWsFZPI,establishment;lodging;point_of_interest;spa,False,CACHED
"Grand Wailea, A Waldorf Astoria Resort",https://www.americanexpress.com/en-us/travel/discover/property/Hawaii-US/Wailea/Grand-Wailea-A-Waldorf-Astoria-Resort?intlink=US-travel-discover-property-results-propertyCard-Grand-Wailea-A-Waldorf-Astoria-Resort,"Wailea, Hawaii US",FINE HOTELS + RESORTS,Waldorf Astoria Hotels & Resorts,Program,20.6843088,-156.4410036,"3850 Wailea Alanui Dr, Wailea, HI 96753, USA",google_places,PLACE_DETAILS,ChIJlTbips_aVHkRtxGuu4WoJWU,establishment;lodging;point_of_interest,False,CACHED
Hoolei Villas at Grand Wailea,https://www.americanexpress.com/en-us/travel/discover/property/Hawaii-US/Wailea/Hoolei-Villas-At-Grand-Wailea?intlink=US-travel-discover-property-results-propertyCard-Hoolei-Villas-At-Grand-Wailea,"Wailea, Hawaii US",FINE HOTELS + RESORTS,Waldorf Astoria Hotels & Resorts,Program,20.6814577,-156.4395234,"12 Hoolei Cir S-2, Kihei, HI 96753, USA",google_geocoding,ROOFTOP,ChIJUzrjayfbVHkR7_p6cQQ9yrM,establishment;point_of_interest;real_estate_agency;travel_agency,True,CACHED
Waldorf Astoria Washington DC,https://www.americanexpress.com/en-us/travel/discover/property/District-of-Columbia-US/Washington/Waldorf-Astoria-Washington-Dc?intlink=US-travel-discover-property-results-propertyCard-Waldorf-Astoria-Washington-Dc,"Washington, District of Columbia US",FINE HOTELS + RESORTS,Waldorf Astoria Hotels & Resorts,Program,38.894108,-77.027582,"1100 Pennsylvania Ave NW, Washington, DC 20004, USA",google_places,PLACE_DETAILS,ChIJ6Wb9HZq3t4kRYgFDn3dqWtQ,establishment;lodging;point_of_interest,False,CACHED
Waldorf Astoria Xiamen,https://www.americanexpress.com/en-us/travel/discover/property/China/Xiamen/Waldorf-Astoria-Xiamen?intlink=US-travel-discover-property-results-propertyCard-Waldorf-Astoria-Xiamen,"Xiamen, China",FINE HOTELS + RESORTS,Waldorf Astoria Hotels & Resorts,Program,24.4844786,118.127731,"1 Lian Hua Bei Lu, Si Ming Qu, Xia Men Shi, Fu Jian Sheng, China, 361009",google_places,PLACE_DETAILS,ChIJWWwE8C6bFDQRA0BFGSW3XuM,establishment;lodging;point_of_interest,False,CACHED
The Westin Anaheim Resort,https://www.americanexpress.com/en-us/travel/discover/property/California-US/Anaheim/The-Westin-Anaheim-Resort?intlink=US-travel-discover-property-results-propertyCard-The-Westin-Anaheim-Resort,"Anaheim, California US",FINE HOTELS + RESORTS,Westin Hotels & Resorts,Program,33.8024411,-117.9223709,"1030 W Katella Ave, Anaheim, CA 92802, USA",google_places,PLACE_DETAILS,ChIJq6rqMd_X3IARdNKMbCLsJR8,establishment;lodging;point_of_interest,False,CACHED
"The Westin Riverfront Resort & Spa, Avon, Vail Valley",https://www.americanexpress.com/en-us/travel/discover/property/Colorado-US/Avon/The-Westin-Riverfront-Resort--Spa-Avon-Vail-Valley?intlink=US-travel-discover-property-results-propertyCard-The-Westin-Riverfront-Resort--Spa-Avon-Vail-Valley,"Avon, Colorado US",FINE HOTELS + RESORTS,Westin Hotels & Resorts,Program,39.6329884,-106.524766,"126 Riverfront Ln, Avon, CO 81620, USA",google_places,PLACE_DETAILS,ChIJJWdMH9t3aocREErOxHc6aUE,establishment;lodging;point_of_interest,False,CACHED
The Westin Bora Bora Resort & Spa,https://www.americanexpress.com/en-us/travel/discover/property/French-Polynesia/Bora-Bora/The-Westin-Bora-Bora-Resort--Spa?intlink=US-travel-discover-property-results-propertyCard-The-Westin-Bora-Bora-Resort--Spa,"Bora Bora, French Polynesia",FINE HOTELS + RESORTS,Westin Hotels & Resorts,Program,-16.4971415,-151.7018508,"MOTU TAPE, BP 190, Bora-Bora 98730, French Polynesia",google_places,PLACE_DETAILS,ChIJx-RZnHCXvXYR95AaxgOP5OY,establishment;lodging;point_of_interest,False,CACHED
