hotel_name,hotel_url,hotel_location,group_label,brand_label,group_type,lat,lon,formatted_address,provider,confidence,place_id,types,partial_match,status
Barnsley Resort,https://www.americanexpress.com/en-us/travel/discover/property/Georgia-US/Adairsville/Barnsley-Resort?intlink=US-travel-discover-property-results-propertyCard-Barnsley-Resort,"Adairsville, Georgia US",THE HOTEL COLLECTION,,Program,34.2994956,-84.9845809,"597 Barnsley Gardens Rd NW, Adairsville, GA 30103, USA",google_places,PLACE_DETAILS,ChIJNaYu22CsiogRQzFHT2dMRt8,establishment;lodging;point_of_interest,False,CACHED
"Hotel Heron Alexandria Old Town, Curio Collection by Hilton",https://www.americanexpress.com/en-us/travel/discover/property/Virginia-US/Alexandria/Hotel-Heron-Alexandria-Old-Town-Curio-Collection-By-Hilton?intlink=US-travel-discover-property-results-propertyCard-Hotel-Heron-Alexandria-Old-Town-Curio-Collection-By-Hilton,"Alexandria, Virginia US",THE HOTEL COLLECTION,,Program,38.8040318,-77.0467977,"699 Prince St, Alexandria, VA 22314, USA",google_places,PLACE_DETAILS,ChIJwVy_ghqxt4kRxGd9TehvcT0,establishment;lodging;point_of_interest,False,CACHED
Snowpine Lodge,https://www.americanexpress.com/en-us/travel/discover/property/Utah-US/Alta/Snowpine-Lodge?intlink=US-travel-discover-property-results-propertyCard-Snowpine-Lodge,"Alta, Utah US",THE HOTEL COLLECTION,,Program,40.5912562,-111.6323915,"10420 Little Cottonwood Rd Suite #1, Alta, UT 84092, USA",google_places,PLACE_DETAILS,ChIJiWuqGlhwUocRSAeLwDMsJsk,establishment;lodging;point_of_interest,False,CACHED
Troutbeck,https://www.americanexpress.com/en-us/travel/discover/property/New-York-US/Amenia/Troutbeck?intlink=US-travel-discover-property-results-propertyCard-Troutbeck,"Amenia, New York US",THE HOTEL COLLECTION,,Program,41.854537,-73.51648519999999,"515 Leedsville Rd, Amenia, NY 12501, USA",google_places,PLACE_DETAILS,ChIJh-gIjv183YkRqrSPG325fgI,establishment;food;lodging;point_of_interest;restaurant,False,CACHED
The Inn on Biltmore Estate,https://www.americanexpress.com/en-us/travel/discover/property/North-Carolina-US/Asheville/The-Inn-On-Biltmore-Estate?intlink=US-travel-discover-property-results-propertyCard-The-Inn-On-Biltmore-Estate,"Asheville, North Carolina US",THE HOTEL COLLECTION,,Program,35.5577866,-82.5805968,"1 Antler Hill Rd, Asheville, NC 28803, USA",google_places,PLACE_DETAILS,ChIJ2xdFCt-MWYgRJI2WpgFUK0Q,establishment;lodging;point_of_interest,False,CACHED
The Limelight Hotel Aspen,https://www.americanexpress.com/en-us/travel/discover/property/Colorado-US/Aspen/The-Limelight-Hotel-Aspen?intlink=US-travel-discover-property-results-propertyCard-The-Limelight-Hotel-Aspen,"Aspen, Colorado US",THE HOTEL COLLECTION,,Program,39.1889152,-106.8213958,"355 S Monarch St, Aspen, CO 81611, USA",google_places,PLACE_DETAILS,ChIJ3UiK0nw5QIcRDQLKrfHQ6Ps,establishment;lodging;point_of_interest,False,CACHED
ARRIVE Austin by Palisociety,https://www.americanexpress.com/en-us/travel/discover/property/Texas-US/Austin/Arrive-Austin-By-Palisociety?intlink=US-travel-discover-property-results-propertyCard-Arrive-Austin-By-Palisociety,"Austin, Texas US",THE HOTEL COLLECTION,,Program,30.261694,-97.72291469999999,"1813 E 6th St, Austin, TX 78702, USA",google_places,PLACE_DETAILS,ChIJEffd9ra1RIYRf_7VN-63NZk,establishment;lodging;point_of_interest,False,CACHED
LINE Austin,https://www.americanexpress.com/en-us/travel/discover/property/Texas-US/Austin/Line-Austin?intlink=US-travel-discover-property-results-propertyCard-Line-Austin,"Austin, Texas US",THE HOTEL COLLECTION,,Program,30.2631029,-97.7438972,"111 E Cesar Chavez St, Austin, TX 78701, USA",google_places,PLACE_DETAILS,ChIJA0Pwa_G1RIYRR1g97SPhn9k,establishment;lodging;point_of_interest,False,CACHED
Steigenberger Icon Europaischer Hof Baden-Baden,https://www.americanexpress.com/en-us/travel/discover/property/Germany/Baden-Baden/Steigenberger-Icon-Europaischer-Hof-Baden-baden?intlink=US-travel-discover-property-results-propertyCard-Steigenberger-Icon-Europaischer-Hof-Baden-baden,"Baden-Baden, Germany",THE HOTEL COLLECTION,,Program,48.76163,8.23804,"Kaiserallee 2, 76530 Baden-Baden, Germany",google_places,PLACE_DETAILS,ChIJfUZcJEIfl0cRSLeooq2lpag,establishment;lodging;point_of_interest,False,CACHED
Desa Potato Head Bali,https://www.americanexpress.com/en-us/travel/discover/property/Indonesia/Badung/Desa-Potato-Head-Bali?intlink=US-travel-discover-property-results-propertyCard-Desa-Potato-Head-Bali,"Badung, Indonesia",THE HOTEL COLLECTION,,Program,-8.6790217,115.1509365,"Jl. Petitenget No.51B, Seminyak, Kec. Kuta Utara, Kabupaten Badung, Bali 80361, Indonesia",google_places,PLACE_DETAILS,ChIJ4f9QNY9H0i0REbMfgG5iI18,establishment;lodging;point_of_interest;spa,False,CACHED
Revival Baltimore,https://www.americanexpress.com/en-us/travel/discover/property/Maryland-US/Baltimore/Revival-Baltimore?intlink=US-travel-discover-property-results-propertyCard-Revival-Baltimore,"Baltimore, Maryland US",THE HOTEL COLLECTION,,Program,39.2972911,-76.6172284,"101 W Monument St, Baltimore, MD 21201, USA",google_places,PLACE_DETAILS,ChIJ-48vE5gEyIkRmFKzJqxEC5U,establishment;lodging;point_of_interest,False,CACHED
Nobu Hotel Barcelona,https://www.americanexpress.com/en-us/travel/discover/property/Spain/Barcelona/Nobu-Hotel-Barcelona?intlink=US-travel-discover-property-results-propertyCard-Nobu-Hotel-Barcelona,"Barcelona, Spain",THE HOTEL COLLECTION,,Program,41.3798684,2.1426933,"Avinguda de Roma, 2, 4, Sants-Montjuïc, 08014 Barcelona, Spain",google_places,PLACE_DETAILS,ChIJeV2ZLqOZpBIRJI4WzjEyGek,establishment;lodging;point_of_interest,False,CACHED
The Inn at Bay Harbor,https://www.americanexpress.com/en-us/travel/discover/property/Michigan-US/Bay-Harbor/The-Inn-At-Bay-Harbor?intlink=US-travel-discover-property-results-propertyCard-The-Inn-At-Bay-Harbor,"Bay Harbor, Michigan US",THE HOTEL COLLECTION,,Program,45.3690316,-85.01558659999999,"3600 Village Harbor Dr #134, Bay Harbor, MI 49770, USA",google_places,PLACE_DETAILS,ChIJ8xZkN2WFSk0RYGOo0d4DX60,establishment;food;lodging;point_of_interest;restaurant;spa,False,CACHED
The Compton Bentonville,https://www.americanexpress.com/en-us/travel/discover/property/Arkansas-US/Bentonville/The-Compton-Bentonville?intlink=US-travel-discover-property-results-propertyCard-The-Compton-Bentonville,"Bentonville, Arkansas US",THE HOTEL COLLECTION,,Program,36.3720385,-94.2075697,"200 E Central Ave, Bentonville, AR 72712, USA",google_places,PLACE_DETAILS,ChIJRy7aNoIbyYcRLlIWizITI70,establishment;food;lodging;point_of_interest;restaurant,False,CACHED
Claremont Resort & Club,https://www.americanexpress.com/en-us/travel/discover/property/California-US/Berkeley/Claremont-Resort--Club?intlink=US-travel-discover-property-results-propertyCard-Claremont-Resort--Club,"Berkeley, California US",THE HOTEL COLLECTION,,Program,37.8590352,-122.2420658,"41 Tunnel Rd, Berkeley, CA 94705, USA",google_places,PLACE_DETAILS,ChIJUZZ3F7Z9hYARjWG2iXRboAk,establishment;food;lodging;point_of_interest;restaurant,False,CACHED
SIXTY Beverly Hills,https://www.americanexpress.com/en-us/travel/discover/property/California-US/Beverly-Hills/Sixty-Beverly-Hills?intlink=US-travel-discover-property-results-propertyCard-Sixty-Beverly-Hills,"Beverly Hills, California US",THE HOTEL COLLECTION,,Program,34.0667845,-118.3961223,"9360 Wilshire Blvd, Beverly Hills, CA 90212, USA",google_places,PLACE_DETAILS,ChIJ_x-Ti_67woARU-UKGOCzqIs,establishment;lodging;point_of_interest,False,CACHED
Regina Experimental Biarritz,https://www.americanexpress.com/en-us/travel/discover/property/France/Biarritz/Regina-Experimental-Biarritz?intlink=US-travel-discover-property-results-propertyCard-Regina-Experimental-Biarritz,"Biarritz, France",THE HOTEL COLLECTION,,Program,43.49137959999999,-1.5520148,"52 Av. de l'Impératrice, 64200 Biarritz, France",google_places,PLACE_DETAILS,ChIJxaAbD91qUQ0RgsyeyFLd65o,establishment;lodging;point_of_interest,False,CACHED
The Summit Hotel at Big Sky Resort,https://www.americanexpress.com/en-us/travel/discover/property/Montana-US/Big-Sky/The-Summit-Hotel-At-Big-Sky-Resort?intlink=US-travel-discover-property-results-propertyCard-The-Summit-Hotel-At-Big-Sky-Resort,"Big Sky, Montana US",THE HOTEL COLLECTION,,Program,45.28342259999999,-111.4003678,"60 Big Sky Resort Rd, Big Sky, MT 59716, USA",google_places,PLACE_DETAILS,ChIJA3WfxacaUFMRdwE8DVqiQbk,establishment;lodging;point_of_interest,False,CACHED
The Townsend Hotel,https://www.americanexpress.com/en-us/travel/discover/property/Michigan-US/Birmingham/The-Townsend-Hotel?intlink=US-travel-discover-property-results-propertyCard-The-Townsend-Hotel,"Birmingham, Michigan US",THE HOTEL COLLECTION,,Program,42.544694,-83.2150343,"100 Townsend St, Birmingham, MI 48009, USA",google_places,PLACE_DETAILS,ChIJadxcs6nHJIgR_nHXxHqWB-U,establishment;lodging;point_of_interest,False,CACHED
Hotel Corona d'Oro 1890,https://www.americanexpress.com/en-us/travel/discover/property/Italy/Bologna/Hotel-Corona-Doro-1890?intlink=US-travel-discover-property-results-propertyCard-Hotel-Corona-Doro-1890,"Bologna, Italy",THE HOTEL COLLECTION,,Program,44.4954973,11.3455907,"Via Guglielmo Oberdan, 12, 40126 Bologna BO, Italy",google_places,PLACE_DETAILS,ChIJvTs1373Uf0cR5jEwRTyfzr8,establishment;lodging;point_of_interest,False,CACHED
Burdigala by Inwood Hotels,https://www.americanexpress.com/en-us/travel/discover/property/France/Bordeaux/Burdigala-By-Inwood-Hotels?intlink=US-travel-discover-property-results-propertyCard-Burdigala-By-Inwood-Hotels,"Bordeaux, France",THE HOTEL COLLECTION,,Program,44.8399472,-0.5869281,"115 Rue Georges Bonnac, 33000 Bordeaux, France",google_places,PLACE_DETAILS,ChIJ0ZQdHeYnVQ0RCmvEY4Q8HHE,establishment;lodging;point_of_interest,False,CACHED
The Atlas Hotel,https://www.americanexpress.com/en-us/travel/discover/property/Massachusetts-US/Boston/The-Atlas-Hotel?intlink=US-travel-discover-property-results-propertyCard-The-Atlas-Hotel,"Boston, Massachusetts US",THE HOTEL COLLECTION,,Program,42.363669,-71.12161669999999,"40 Western Ave, Boston, MA 02134, USA",google_places,PLACE_DETAILS,ChIJIxFhCGB344kRx0_1t-f3pnE,establishment;lodging;point_of_interest,False,CACHED
The Whitney Hotel Boston,https://www.americanexpress.com/en-us/travel/discover/property/Massachusetts-US/Boston/The-Whitney-Hotel-Boston?intlink=US-travel-discover-property-results-propertyCard-The-Whitney-Hotel-Boston,"Boston, Massachusetts US",THE HOTEL COLLECTION,,Program,42.360636,-71.0710392,"170 Charles St, Boston, MA 02114, USA",google_places,PLACE_DETAILS,ChIJi_UInqdx44kR-9MwsYM38Zc,establishment;lodging;point_of_interest,False,CACHED
Limelight Boulder,https://www.americanexpress.com/en-us/travel/discover/property/Colorado-US/Boulder/Limelight-Boulder?intlink=US-travel-discover-property-results-propertyCard-Limelight-Boulder,"Boulder, Colorado US",THE HOTEL COLLECTION,,Program,40.0106811,-105.2762457,"1295 University Ave, Boulder, CO 80302, USA",google_places,PLACE_DETAILS,ChIJK3pbzM3ta4cRzU57aNXHi_4,establishment;food;lodging;point_of_interest;restaurant,False,CACHED
Emporium Hotel South Bank,https://www.americanexpress.com/en-us/travel/discover/property/Australia/Brisbane/Emporium-Hotel-South-Bank?intlink=US-travel-discover-property-results-propertyCard-Emporium-Hotel-South-Bank,"Brisbane, Australia",THE HOTEL COLLECTION,,Program,-27.4814303,153.0230943,"267 Grey St, South Brisbane QLD 4101, Australia",google_places,PLACE_DETAILS,ChIJG5vaUgxakWsRVKPi6iVlXq8,bar;establishment;food;lodging;point_of_interest;restaurant,False,CACHED
The Lygon Arms Hotel,https://www.americanexpress.com/en-us/travel/discover/property/England/Broadway/The-Lygon-Arms-Hotel?intlink=US-travel-discover-property-results-propertyCard-The-Lygon-Arms-Hotel,"Broadway, England",THE HOTEL COLLECTION,,Program,52.0361826,-1.8612124,"High St, Broadway WR12 7DU, UK",google_places,PLACE_DETAILS,ChIJTbq5ijDfcEgRbYyduiTQXrw,bar;establishment;food;lodging;point_of_interest;restaurant,False,CACHED
The William Vale,https://www.americanexpress.com/en-us/travel/discover/property/New-York-US/Brooklyn/The-William-Vale?intlink=US-travel-discover-property-results-propertyCard-The-William-Vale,"Brooklyn, New York US",THE HOTEL COLLECTION,,Program,40.7220768,-73.9566198,"111 N 12th St, Brooklyn, NY 11249, USA",google_places,PLACE_DETAILS,ChIJT0OO0UJZwokRDV4t1oFOrso,establishment;lodging;point_of_interest,False,CACHED
Saccharum Resort,https://www.americanexpress.com/en-us/travel/discover/property/Portugal/Calheta/Saccharum-Resort?intlink=US-travel-discover-property-results-propertyCard-Saccharum-Resort,"Calheta, Portugal",THE HOTEL COLLECTION,,Program,32.7167807,-17.1684636,"Rua da Serra D'Água, nº1, 9370-087 Arco da Calheta, Madeira, Portugal",google_places,PLACE_DETAILS,ChIJxaWLoxNRYAwRJpJHpdgrBN8,establishment;lodging;point_of_interest,False,CACHED
Le Blanc Spa Resort Cancun - Adults Only - All Inclusive,https://www.americanexpress.com/en-us/travel/discover/property/Quintana-Roo-MX/Cancún/Le-Blanc-Spa-Resort-Cancun---Adults-Only---All-Inclusive?intlink=US-travel-discover-property-results-propertyCard-Le-Blanc-Spa-Resort-Cancun---Adults-Only---All-Inclusive,"Cancún, Quintana Roo MX",THE HOTEL COLLECTION,,Program,21.1258612,-86.7526041,"Blvd. Kukulcan Km 10, Punta Cancun, Zona Hotelera, 77550 Cancún, Q.R., Mexico",google_places,PLACE_DETAILS,ChIJj6h9m5AoTI8ROHdl5U0KjZE,establishment;lodging;point_of_interest,False,CACHED
Congress Hall Hotel,https://www.americanexpress.com/en-us/travel/discover/property/New-Jersey-US/Cape-May/Congress-Hall-Hotel?intlink=US-travel-discover-property-results-propertyCard-Congress-Hall-Hotel,"Cape May, New Jersey US",THE HOTEL COLLECTION,,Program,38.9314188,-74.9242809,"200 Congress Pl, Cape May, NJ 08204, USA",google_places,PLACE_DETAILS,ChIJW2TX1otUv4kRrSO2Sf13LYA,establishment;food;lodging;point_of_interest;restaurant;spa,False,CACHED
The Quail,https://www.americanexpress.com/en-us/travel/discover/property/California-US/Carmel/The-Quail?intlink=US-travel-discover-property-results-propertyCard-The-Quail,"Carmel, California US",THE HOTEL COLLECTION,,Program,36.5323004,-121.8514411,"8205 Valley Greens Dr, Carmel, CA 93923, USA",google_places,PLACE_DETAILS,ChIJI_jCt6bvjYAR94hzdEB1ZaQ,establishment;food;lodging;point_of_interest;restaurant;spa,False,CACHED
The Royal Sonesta San Juan,https://www.americanexpress.com/en-us/travel/discover/property/Puerto-Rico/Carolina/The-Royal-Sonesta-San-Juan?intlink=US-travel-discover-property-results-propertyCard-The-Royal-Sonesta-San-Juan,"Carolina, Puerto Rico",THE HOTEL COLLECTION,,Program,18.4431721,-66.01986620000001,"5961 Av. Isla Verde, Carolina, 00979, Puerto Rico",google_places,PLACE_DETAILS,ChIJcxl7191lA4wRiDPqQKCohWk,establishment;lodging;point_of_interest,False,CACHED
Charleston Santa Teresa Cartagena Hotel,https://www.americanexpress.com/en-us/travel/discover/property/Colombia/Cartagena/Charleston-Santa-Teresa-Cartagena-Hotel?intlink=US-travel-discover-property-results-propertyCard-Charleston-Santa-Teresa-Cartagena-Hotel,"Cartagena, Colombia",THE HOTEL COLLECTION,,Program,10.4222674,-75.5525837,"Cra. 3 #31-23, El Centro, Cartagena de Indias, Bolívar, Colombia",google_places,PLACE_DETAILS,ChIJj911a50v9o4RCjZgBngJOo8,establishment;lodging;point_of_interest,False,CACHED
The Beach Club at Charleston Harbor Resort & Marina,https://www.americanexpress.com/en-us/travel/discover/property/South-Carolina-US/Charleston/The-Beach-Club-At-Charleston-Harbor-Resort--Marina?intlink=US-travel-discover-property-results-propertyCard-The-Beach-Club-At-Charleston-Harbor-Resort--Marina,"Charleston, South Carolina US",THE HOTEL COLLECTION,,Program,32.7869,-79.9066,"20 Patriots Point Rd Suite E28, Mt Pleasant, SC 29464, USA",google_places,PLACE_DETAILS,ChIJR-JrqpZw_ogRibgJ-AfghsU,establishment;lodging;point_of_interest,False,CACHED
The Loutrel,https://www.americanexpress.com/en-us/travel/discover/property/South-Carolina-US/Charleston/The-Loutrel?intlink=US-travel-discover-property-results-propertyCard-The-Loutrel,"Charleston, South Carolina US",THE HOTEL COLLECTION,,Program,32.780273,-79.92848649999999,"61 State St Main Entrance, Charleston, SC 29401, USA",google_places,PLACE_DETAILS,ChIJvQlcS9t7_ogRBHSd2xmKFx8,establishment;lodging;point_of_interest,False,CACHED
The Palmetto Hotel,https://www.americanexpress.com/en-us/travel/discover/property/South-Carolina-US/Charleston/The-Palmetto-Hotel?intlink=US-travel-discover-property-results-propertyCard-The-Palmetto-Hotel,"Charleston, South Carolina US",THE HOTEL COLLECTION,,Program,32.779979,-79.926941,"194 E Bay St, Charleston, SC 29401, USA",google_places,PLACE_DETAILS,ChIJW5wW_i17_ogR9HmuvdO5LIE,establishment;lodging;point_of_interest,False,CACHED
The Read House Hotel,https://www.americanexpress.com/en-us/travel/discover/property/Tennessee-US/Chattanooga/The-Read-House-Hotel?intlink=US-travel-discover-property-results-propertyCard-The-Read-House-Hotel,"Chattanooga, Tennessee US",THE HOTEL COLLECTION,,Program,35.04595370000001,-85.3111174,"107 W M.L.K. Blvd, Chattanooga, TN 37402, USA",google_places,PLACE_DETAILS,ChIJL0e_IH1eYIgRW6M2-pvGEh4,establishment;lodging;point_of_interest,False,CACHED
Hotel 55 Chicago Downtown,https://www.americanexpress.com/en-us/travel/discover/property/Illinois-US/Chicago/Hotel-55-Chicago-Downtown?intlink=US-travel-discover-property-results-propertyCard-Hotel-55-Chicago-Downtown,"Chicago, Illinois US",THE HOTEL COLLECTION,,Program,41.8931911,-87.62602070000001,"55 E Ontario St, Chicago, IL 60611, USA",google_places,PLACE_DETAILS,ChIJlW1EWmctDogRHofRXWsFe2s,establishment;lodging;point_of_interest,False,CACHED
Nobu Hotel Chicago,https://www.americanexpress.com/en-us/travel/discover/property/Illinois-US/Chicago/Nobu-Hotel-Chicago?intlink=US-travel-discover-property-results-propertyCard-Nobu-Hotel-Chicago,"Chicago, Illinois US",THE HOTEL COLLECTION,,Program,41.8846776,-87.649469,"155 N Peoria St, Chicago, IL 60607, USA",google_places,PLACE_DETAILS,ChIJfczwbpItDogRCgYJlqHlksc,establishment;lodging;point_of_interest,False,CACHED
The Royal Sonesta Chicago Downtown,https://www.americanexpress.com/en-us/travel/discover/property/Illinois-US/Chicago/The-Royal-Sonesta-Chicago-Downtown?intlink=US-travel-discover-property-results-propertyCard-The-Royal-Sonesta-Chicago-Downtown,"Chicago, Illinois US",THE HOTEL COLLECTION,,Program,41.8873941,-87.62569400000001,"71 E Wacker Dr, Chicago, IL 60601, USA",google_places,PLACE_DETAILS,ChIJbQekZ7AsDogRABWOdM9cQRQ,establishment;food;lodging;point_of_interest;restaurant,False,CACHED
Opal Sands Resort,https://www.americanexpress.com/en-us/travel/discover/property/Florida-US/Clearwater-Beach/Opal-Sands-Resort?intlink=US-travel-discover-property-results-propertyCard-Opal-Sands-Resort,"Clearwater Beach, Florida US",THE HOTEL COLLECTION,,Program,27.9696211,-82.8302336,"430 S Gulfview Blvd, Clearwater Beach, FL 33767, USA",google_places,PLACE_DETAILS,ChIJgd7cXij3wogRQjPdQqP4DJ4,establishment;lodging;point_of_interest;spa,False,CACHED
Wyndham Grand Clearwater Beach,https://www.americanexpress.com/en-us/travel/discover/property/Florida-US/Clearwater-Beach/Wyndham-Grand-Clearwater-Beach?intlink=US-travel-discover-property-results-propertyCard-Wyndham-Grand-Clearwater-Beach,"Clearwater Beach, Florida US",THE HOTEL COLLECTION,,Program,27.9749011,-82.8284386,"100 Coronado Dr, Clearwater, FL 33767, USA",google_places,PLACE_DETAILS,ChIJC5DS79b2wogRNnjlsvD9l9c,establishment;lodging;point_of_interest,False,CACHED
Garden of the Gods Resort and Club,https://www.americanexpress.com/en-us/travel/discover/property/Colorado-US/Colorado-Springs/Garden-Of-The-Gods-Resort-And-Club?intlink=US-travel-discover-property-results-propertyCard-Garden-Of-The-Gods-Resort-And-Club,"Colorado Springs, Colorado US",THE HOTEL COLLECTION,,Program,38.8795209,-104.868396,"3320 Mesa Rd, Colorado Springs, CO 80904, USA",google_places,PLACE_DETAILS,ChIJt-M6XBRQE4cRfARo4nDiTZE,establishment;health;lodging;point_of_interest,False,CACHED
The Mining Exchange,https://www.americanexpress.com/en-us/travel/discover/property/Colorado-US/Colorado-Springs/The-Mining-Exchange?intlink=US-travel-discover-property-results-propertyCard-The-Mining-Exchange,"Colorado Springs, Colorado US",THE HOTEL COLLECTION,,Program,38.8334404,-104.8220691,"Mining Exchange Hotel, 8 S Nevada Ave, Colorado Springs, CO 80903, USA",google_places,PLACE_DETAILS,ChIJcfoieBhFE4cRNxVzSkOa7oI,establishment;lodging;point_of_interest,False,CACHED
Hard Rock Hotel Davos,https://www.americanexpress.com/en-us/travel/discover/property/Switzerland/Davos/Hard-Rock-Hotel-Davos?intlink=US-travel-discover-property-results-propertyCard-Hard-Rock-Hotel-Davos,"Davos, Switzerland",THE HOTEL COLLECTION,,Program,46.7972023,9.8228051,"Tobelmühlestrasse 2, 7270 Davos, Switzerland",google_places,PLACE_DETAILS,ChIJEQiIiqmmhEcRyeCw7FnWz8o,establishment;lodging;point_of_interest,False,CACHED
Opal Grand Oceanfront Resort & Spa,https://www.americanexpress.com/en-us/travel/discover/property/Florida-US/Delray-Beach/Opal-Grand-Oceanfront-Resort--Spa?intlink=US-travel-discover-property-results-propertyCard-Opal-Grand-Oceanfront-Resort--Spa,"Delray Beach, Florida US",THE HOTEL COLLECTION,,Program,26.4624938,-80.0588959,"10 N Ocean Blvd, Delray Beach, FL 33483, USA",google_places,PLACE_DETAILS,ChIJe-Cs4c3f2IgRjqjQTCD9Nlc,establishment;lodging;point_of_interest;spa,False,CACHED
Populus Denver,https://www.americanexpress.com/en-us/travel/discover/property/Colorado-US/Denver/Populus-Denver?intlink=US-travel-discover-property-results-propertyCard-Populus-Denver,"Denver, Colorado US",THE HOTEL COLLECTION,,Program,39.7402818,-104.9909735,"240 14th St, Denver, CO 80202, USA",google_places,PLACE_DETAILS,ChIJyz70Jtl5bIcRqUoIBIkCXZ4,clothing_store;establishment;lodging;point_of_interest;store,False,CACHED
Detroit Foundation Hotel,https://www.americanexpress.com/en-us/travel/discover/property/Michigan-US/Detroit/Detroit-Foundation-Hotel?intlink=US-travel-discover-property-results-propertyCard-Detroit-Foundation-Hotel,"Detroit, Michigan US",THE HOTEL COLLECTION,,Program,42.3283322,-83.0483601,"250 W Larned St, Detroit, MI 48226, USA",google_places,PLACE_DETAILS,ChIJF2z44DotO4gRNm7Q0B0dn50,establishment;food;lodging;point_of_interest;restaurant,False,CACHED
Trump National Doral,https://www.americanexpress.com/en-us/travel/discover/property/Florida-US/Doral/Trump-National-Doral?intlink=US-travel-discover-property-results-propertyCard-Trump-National-Doral,"Doral, Florida US",THE HOTEL COLLECTION,,Program,25.8129673,-80.3387175,"4400 NW 87th Ave, Miami, FL 33178, USA",google_places,PLACE_DETAILS,ChIJISHCY9-72YgRlV26O7OK5fk,establishment;food;lodging;point_of_interest;restaurant,False,CACHED
Atlantis The Palm,https://www.americanexpress.com/en-us/travel/discover/property/United-Arab-Emirates/Dubai/Atlantis-The-Palm?intlink=US-travel-discover-property-results-propertyCard-Atlantis-The-Palm,"Dubai, United Arab Emirates",THE HOTEL COLLECTION,,Program,25.1304426,55.1171498,Crescent Rd - The Palm Jumeirah - Dubai - United Arab Emirates,google_places,PLACE_DETAILS,ChIJeckJNj4VXz4RxUqAikFalAU,establishment;lodging;point_of_interest,False,CACHED
SIRO One Za'abeel,https://www.americanexpress.com/en-us/travel/discover/property/United-Arab-Emirates/Dubai/Siro-One-Zaabeel?intlink=US-travel-discover-property-results-propertyCard-Siro-One-Zaabeel,"Dubai, United Arab Emirates",THE HOTEL COLLECTION,,Program,25.2275223,55.2908962,Zaa'beel Street - Zaa'beel First - Za'abeel - Dubai - United Arab Emirates,google_places,PLACE_DETAILS,ChIJadEi9dZCXz4RwdCY6oLJshg,establishment;lodging;point_of_interest,False,CACHED
Hotel Kö59 Düsseldorf - Member of Hommage Luxury Hotels Collection,https://www.americanexpress.com/en-us/travel/discover/property/Germany/Düsseldorf/Hotel-Ko59-Dusseldorf---Member-Of-Hommage-Luxury-Hotels-Collection?intlink=US-travel-discover-property-results-propertyCard-Hotel-Ko59-Dusseldorf---Member-Of-Hommage-Luxury-Hotels-Collection,"Düsseldorf, Germany",THE HOTEL COLLECTION,,Program,51.2205117,6.7781539,"Königsallee 59, 40215 Düsseldorf, Germany",google_places,PLACE_DETAILS,ChIJCfSqsD3KuEcRJAUc1lFveXs,establishment;lodging;point_of_interest,False,CACHED
The Winnetu Oceanside Resort,https://www.americanexpress.com/en-us/travel/discover/property/Massachusetts-US/Edgartown/The-Winnetu-Oceanside-Resort?intlink=US-travel-discover-property-results-propertyCard-The-Winnetu-Oceanside-Resort,"Edgartown, Massachusetts US",THE HOTEL COLLECTION,,Program,41.35206669999999,-70.5150081,"31 Dunes Rd, Edgartown, MA 02539, USA",google_places,PLACE_DETAILS,ChIJUXPEw-Ut5YkRadfXkFMK400,establishment;lodging;point_of_interest,False,CACHED
Montesol Experimental Ibiza,https://www.americanexpress.com/en-us/travel/discover/property/Spain/Eivissa/Montesol-Experimental-Ibiza?intlink=US-travel-discover-property-results-propertyCard-Montesol-Experimental-Ibiza,"Eivissa, Spain",THE HOTEL COLLECTION,,Program,38.90992,1.4346063,"Passeig de Vara de Rey, 2, 07800 Eivissa, Illes Balears, Spain",google_places,PLACE_DETAILS,ChIJJ2nTvbBGmRIRfnx2B0hlRYs,establishment;lodging;point_of_interest,False,CACHED
The Plaza Hotel Pioneer Park,https://www.americanexpress.com/en-us/travel/discover/property/Texas-US/El-Paso/The-Plaza-Hotel-Pioneer-Park?intlink=US-travel-discover-property-results-propertyCard-The-Plaza-Hotel-Pioneer-Park,"El Paso, Texas US",THE HOTEL COLLECTION,,Program,31.7588955,-106.4886299,"106 W Mills Ave, El Paso, TX 79901, USA",google_places,PLACE_DETAILS,ChIJcyw2SNZZ54YRQWs8NUMUEb4,establishment;lodging;point_of_interest,False,CACHED
Masseria Torre Coccaro,https://www.americanexpress.com/en-us/travel/discover/property/Italy/Fasano/Masseria-Torre-Coccaro?intlink=US-travel-discover-property-results-propertyCard-Masseria-Torre-Coccaro,"Fasano, Italy",THE HOTEL COLLECTION,,Program,40.8632316,17.3868465,"Contrada Coccaro, 8, 72015 Savelletri di Fasano BR, Italy",google_places,PLACE_DETAILS,ChIJx4z_EX1JRhMR5QdEQs7SkKY,establishment;food;health;lodging;point_of_interest;restaurant;spa,False,CACHED
Bernini Palace Hotel,https://www.americanexpress.com/en-us/travel/discover/property/Italy/Florence/Bernini-Palace-Hotel?intlink=US-travel-discover-property-results-propertyCard-Bernini-Palace-Hotel,"Florence, Italy",THE HOTEL COLLECTION,,Program,43.7693126,11.2575813,"Piazza di S. Firenze, 29, 50122 Firenze FI, Italy",google_places,PLACE_DETAILS,ChIJ-bwD1wBUKhMRBEq0oXXY7dQ,establishment;lodging;point_of_interest,False,CACHED
Grand Hotel Minerva,https://www.americanexpress.com/en-us/travel/discover/property/Italy/Florence/Grand-Hotel-Minerva?intlink=US-travel-discover-property-results-propertyCard-Grand-Hotel-Minerva,"Florence, Italy",THE HOTEL COLLECTION,,Program,43.7738463,11.2489665,"P.za di Santa Maria Novella, 16, 50123 Firenze FI, Italy",google_places,PLACE_DETAILS,ChIJWwbzcKlWKhMRoL77zQ8UN7Y,establishment;lodging;point_of_interest,False,CACHED
Golden Rock Inn,https://www.americanexpress.com/en-us/travel/discover/property/Saint-Kitts-and-Nevis/Gingerland/Golden-Rock-Inn?intlink=US-travel-discover-property-results-propertyCard-Golden-Rock-Inn,"Gingerland, Saint Kitts and Nevis",THE HOTEL COLLECTION,,Program,17.1430522,-62.5666873,"Golden Rock Inn, Nevis, St Kitts & Nevis",google_places,PLACE_DETAILS,ChIJPe6Wpuo9EowRpR8Ty0aoSME,establishment;food;health;lodging;point_of_interest;restaurant,False,CACHED
Hotel Casa 1800 Granada,https://www.americanexpress.com/en-us/travel/discover/property/Spain/Granada/Hotel-Casa-1800-Granada?intlink=US-travel-discover-property-results-propertyCard-Hotel-Casa-1800-Granada,"Granada, Spain",THE HOTEL COLLECTION,,Program,37.1778738,-3.5948034,"C. Benalua, 11, Albaicín, 18010 Granada, Spain",google_places,PLACE_DETAILS,ChIJy7e5kLj8cQ0RkCOP3ZBCJf4,establishment;lodging;point_of_interest,False,CACHED
Grand Isle Resort & Residences,https://www.americanexpress.com/en-us/travel/discover/property/The-Bahamas/Great-Exuma/Grand-Isle-Resort--Residences?intlink=US-travel-discover-property-results-propertyCard-Grand-Isle-Resort--Residences,"Great Exuma, The Bahamas",THE HOTEL COLLECTION,,Program,23.627176,-75.915742,"Great Exuma, The Bahamas",google_places,PLACE_DETAILS,ChIJRZov-eLgLYkRGeY6Rw3iRIw,establishment;lodging;point_of_interest,False,CACHED
Dawn Ranch,https://www.americanexpress.com/en-us/travel/discover/property/California-US/Guerneville/Dawn-Ranch?intlink=US-travel-discover-property-results-propertyCard-Dawn-Ranch,"Guerneville, California US",THE HOTEL COLLECTION,,Program,38.5014421,-123.0027558,"16467 CA-116, Guerneville, CA 95446, USA",google_places,PLACE_DETAILS,ChIJZfAoplkfhIARu_aN8O5BBsY,establishment;lodging;point_of_interest,False,CACHED
Dan Carmel,https://www.americanexpress.com/en-us/travel/discover/property/Israel/Haifa/Dan-Carmel?intlink=US-travel-discover-property-results-propertyCard-Dan-Carmel,"Haifa, Israel",THE HOTEL COLLECTION,,Program,32.809967,34.9846916,"HaNassi Blvd 85-87, Haifa, Israel",google_places,PLACE_DETAILS,ChIJG9DomK-7HRUR7PDvxMRfnAw,establishment;lodging;point_of_interest,False,CACHED
The Madrona,https://www.americanexpress.com/en-us/travel/discover/property/California-US/Healdsburg/The-Madrona?intlink=US-travel-discover-property-results-propertyCard-The-Madrona,"Healdsburg, California US",THE HOTEL COLLECTION,,Program,38.6045508,-122.8865917,"1001 Westside Rd, Healdsburg, CA 95448, USA",google_places,PLACE_DETAILS,ChIJO1ENF04XhIARe11xVaJlpjE,establishment;lodging;point_of_interest,False,CACHED
Sonesta Resort Hilton Head Island,https://www.americanexpress.com/en-us/travel/discover/property/South-Carolina-US/Hilton-Head-Island/Sonesta-Resort-Hilton-Head-Island?intlink=US-travel-discover-property-results-propertyCard-Sonesta-Resort-Hilton-Head-Island,"Hilton Head Island, South Carolina US",THE HOTEL COLLECTION,,Program,32.1545482,-80.7316348,"130 Shipyard Dr, Hilton Head Island, SC 29928, USA",google_places,PLACE_DETAILS,ChIJT6X92YJ5_IgRJlHLUndZdhI,establishment;lodging;point_of_interest,False,CACHED
Nomade Holbox,https://www.americanexpress.com/en-us/travel/discover/property/Quintana-Roo-MX/Holbox/Nomade-Holbox?intlink=US-travel-discover-property-results-propertyCard-Nomade-Holbox,"Holbox, Quintana Roo MX",THE HOTEL COLLECTION,,Program,21.5160825,-87.39105160000001,"Calle Caguama, Esquina con, C. Caracol, 77310 Holbox, Q.R., Mexico",google_places,PLACE_DETAILS,ChIJl93Jx4-NTY8R8ZMRI5b_Y2c,establishment;lodging;point_of_interest,False,CACHED
Margaritaville Hollywood Beach Resort,https://www.americanexpress.com/en-us/travel/discover/property/Florida-US/Hollywood/Margaritaville-Hollywood-Beach-Resort?intlink=US-travel-discover-property-results-propertyCard-Margaritaville-Hollywood-Beach-Resort,"Hollywood, Florida US",THE HOTEL COLLECTION,,Program,26.0187769,-80.1167394,"1111 N Ocean Dr, Hollywood, FL 33019, USA",google_places,PLACE_DETAILS,ChIJFeW4-Tyr2YgRkZ1DfjmCLmc,bar;establishment;food;lodging;point_of_interest;restaurant,False,CACHED
"Cordis, Hong Kong",https://www.americanexpress.com/en-us/travel/discover/property/China/Hong-Kong/Cordis-Hong-Kong?intlink=US-travel-discover-property-results-propertyCard-Cordis-Hong-Kong,"Hong Kong, China",THE HOTEL COLLECTION,,Program,22.318175,114.168112,"555 Shanghai St, Mong Kok, Hong Kong",google_places,PLACE_DETAILS,ChIJzwi8hMcABDQR1ze5ZpYh18o,establishment;lodging;point_of_interest,False,CACHED
The Hari Hong Kong,https://www.americanexpress.com/en-us/travel/discover/property/China/Hong-Kong/The-Hari-Hong-Kong?intlink=US-travel-discover-property-results-propertyCard-The-Hari-Hong-Kong,"Hong Kong, China",THE HOTEL COLLECTION,,Program,22.2788492,114.1781606,"1/F, 330 Lockhart Rd, Wan Chai, Hong Kong",google_places,PLACE_DETAILS,ChIJmfSEk7UBBDQRZpRxHKmlO5c,establishment;lodging;point_of_interest,False,CACHED
OUTRIGGER Reef Waikiki Beach Resort,https://www.americanexpress.com/en-us/travel/discover/property/Hawaii-US/Honolulu/Outrigger-Reef-Waikiki-Beach-Resort?intlink=US-travel-discover-property-results-propertyCard-Outrigger-Reef-Waikiki-Beach-Resort,"Honolulu, Hawaii US",THE HOTEL COLLECTION,,Program,21.2785231,-157.83267,"2169 Kālia Rd, Honolulu, HI 96815, USA",google_places,PLACE_DETAILS,ChIJ97z1OXVyAHwRlyK64DnYVhc,establishment;lodging;point_of_interest,False,CACHED
Prince Waikiki,https://www.americanexpress.com/en-us/travel/discover/property/Hawaii-US/Honolulu/Prince-Waikiki?intlink=US-travel-discover-property-results-propertyCard-Prince-Waikiki,"Honolulu, Hawaii US",THE HOTEL COLLECTION,,Program,21.2863676,-157.8401373,"100 Holomoana St, Honolulu, HI 96815, USA",google_places,PLACE_DETAILS,ChIJzTGzsPZtAHwRN6-8fC85RgA,establishment;food;lodging;point_of_interest;restaurant,False,CACHED
Romer House Waikiki,https://www.americanexpress.com/en-us/travel/discover/property/Hawaii-US/Honolulu/Romer-House-Waikiki?intlink=US-travel-discover-property-results-propertyCard-Romer-House-Waikiki,"Honolulu, Hawaii US",THE HOTEL COLLECTION,,Program,21.279337,-157.8251503,"415 Nāhua St, Honolulu, HI 96815, USA",google_places,PLACE_DETAILS,ChIJ1TgMTbNzAHwRSu7Dfmtuhx8,establishment;lodging;point_of_interest,False,CACHED
Pasea Hotel & Spa,https://www.americanexpress.com/en-us/travel/discover/property/California-US/Huntington-Beach/Pasea-Hotel--Spa?intlink=US-travel-discover-property-results-propertyCard-Pasea-Hotel--Spa,"Huntington Beach, California US",THE HOTEL COLLECTION,,Program,33.6540832,-117.9958343,"21080 CA-1, Huntington Beach, CA 92648, USA",google_places,PLACE_DETAILS,ChIJ9d_XcWoh3YARexjS8c7m7OQ,establishment;lodging;point_of_interest,False,CACHED
The Tides Inn,https://www.americanexpress.com/en-us/travel/discover/property/Virginia-US/Irvington/The-Tides-Inn?intlink=US-travel-discover-property-results-propertyCard-The-Tides-Inn,"Irvington, Virginia US",THE HOTEL COLLECTION,,Program,37.6642703,-76.4325822,"480 King Carter Dr, Irvington, VA 22480, USA",google_places,PLACE_DETAILS,ChIJK9M7JkkIuokRY2lb8ttPd3E,establishment;food;lodging;point_of_interest;restaurant,False,CACHED
Amara Cay Resort,https://www.americanexpress.com/en-us/travel/discover/property/Florida-US/Islamorada/Amara-Cay-Resort?intlink=US-travel-discover-property-results-propertyCard-Amara-Cay-Resort,"Islamorada, Florida US",THE HOTEL COLLECTION,,Program,24.8999871,-80.655035,"80001 Overseas Hwy, Islamorada, FL 33036, USA",google_places,PLACE_DETAILS,ChIJbTQRizU314gRXvFXkdQPJ04,establishment;food;lodging;point_of_interest;restaurant,False,CACHED
Cheeca Lodge and Spa,https://www.americanexpress.com/en-us/travel/discover/property/Florida-US/Islamorada/Cheeca-Lodge-And-Spa?intlink=US-travel-discover-property-results-propertyCard-Cheeca-Lodge-And-Spa,"Islamorada, Florida US",THE HOTEL COLLECTION,,Program,24.916591,-80.63388210000001,"81801 Overseas Hwy, Islamorada, FL 33036, USA",google_places,PLACE_DETAILS,ChIJA2FTi18314gR6Id4jpHcXd0,establishment;lodging;point_of_interest;spa,False,CACHED
Islander Resort,https://www.americanexpress.com/en-us/travel/discover/property/Florida-US/Islamorada/Islander-Resort?intlink=US-travel-discover-property-results-propertyCard-Islander-Resort,"Islamorada, Florida US",THE HOTEL COLLECTION,,Program,24.9203344,-80.6306547,"82100 Overseas Hwy, Islamorada, FL 33036, USA",google_places,PLACE_DETAILS,ChIJRcWsCd8514gR5_PsiBAUyhU,establishment;lodging;point_of_interest,False,CACHED
Dolce by Wyndham Versailles,https://www.americanexpress.com/en-us/travel/discover/property/France/Jouy-en-Josas/Dolce-By-Wyndham-Versailles?intlink=US-travel-discover-property-results-propertyCard-Dolce-By-Wyndham-Versailles,"Jouy-en-Josas, France",THE HOTEL COLLECTION,,Program,48.7681651,2.1720421,"2 Rue Jean Bauvinon, 78350 Jouy-en-Josas, France",google_places,PLACE_DETAILS,ChIJhcNLICh_5kcRRodxayve9lg,establishment;food;lodging;point_of_interest;restaurant;spa,False,CACHED
Jupiter Beach Resort & Spa,https://www.americanexpress.com/en-us/travel/discover/property/Florida-US/Jupiter/Jupiter-Beach-Resort--Spa?intlink=US-travel-discover-property-results-propertyCard-Jupiter-Beach-Resort--Spa,"Jupiter, Florida US",THE HOTEL COLLECTION,,Program,26.9343423,-80.0696803,"5 Jimmy Buffett Mem Hwy, Jupiter, FL 33477, USA",google_places,PLACE_DETAILS,ChIJc66AU5Ep34gRWV6QPtz1YKk,establishment;lodging;point_of_interest,False,CACHED
Wyndham Grand Jupiter at Harbourside Place,https://www.americanexpress.com/en-us/travel/discover/property/Florida-US/Jupiter/Wyndham-Grand-Jupiter-At-Harbourside-Place?intlink=US-travel-discover-property-results-propertyCard-Wyndham-Grand-Jupiter-At-Harbourside-Place,"Jupiter, Florida US",THE HOTEL COLLECTION,,Program,26.9358225,-80.0831942,"122 Soundings Ave, Jupiter, FL 33477, USA",google_places,PLACE_DETAILS,ChIJq7Rs9uPY3ogRVe-8A3aWt58,establishment;lodging;point_of_interest,False,CACHED
Margaritaville Hotel Kansas City,https://www.americanexpress.com/en-us/travel/discover/property/Kansas-US/Kansas-City/Margaritaville-Hotel-Kansas-City?intlink=US-travel-discover-property-results-propertyCard-Margaritaville-Hotel-Kansas-City,"Kansas City, Kansas US",THE HOTEL COLLECTION,,Program,39.0989079,-94.58458150000001,"1228 Baltimore Ave, Kansas City, MO 64105, USA",google_places,PLACE_DETAILS,ChIJ2QVuSZzxwIcRcwbhbK0YwYU,establishment;lodging;point_of_interest,False,CACHED
Crossroads Hotel,https://www.americanexpress.com/en-us/travel/discover/property/Missouri-US/Kansas-City/Crossroads-Hotel?intlink=US-travel-discover-property-results-propertyCard-Crossroads-Hotel,"Kansas City, Missouri US",THE HOTEL COLLECTION,,Program,39.0880202,-94.5873866,"2101 Central St, Kansas City, MO 64108, USA",google_places,PLACE_DETAILS,ChIJYRzmI0HwwIcRsjHHSmesq_Q,establishment;lodging;point_of_interest,False,CACHED
Fontaine Hotel,https://www.americanexpress.com/en-us/travel/discover/property/Missouri-US/Kansas-City/Fontaine-Hotel?intlink=US-travel-discover-property-results-propertyCard-Fontaine-Hotel,"Kansas City, Missouri US",THE HOTEL COLLECTION,,Program,39.04008,-94.5984934,"901 W 48th Pl, Kansas City, MO 64112, USA",google_places,PLACE_DETAILS,ChIJ-_M3YLbvwIcR65E8LBBDFlE,establishment;lodging;point_of_interest,False,CACHED
Hidden Pond Resort & Tree Spa,https://www.americanexpress.com/en-us/travel/discover/property/Maine-US/Kennebunkport/Hidden-Pond-Resort--Tree-Spa?intlink=US-travel-discover-property-results-propertyCard-Hidden-Pond-Resort--Tree-Spa,"Kennebunkport, Maine US",THE HOTEL COLLECTION,,Program,43.40971400000001,-70.43351729999999,"354 Goose Rocks Rd, Kennebunkport, ME 04046, USA",google_places,PLACE_DETAILS,ChIJq8Cv13apskwRSJDK4sMQX3c,establishment;point_of_interest;spa,False,CACHED
Limelight Hotel Ketchum,https://www.americanexpress.com/en-us/travel/discover/property/Idaho-US/Ketchum/Limelight-Hotel-Ketchum?intlink=US-travel-discover-property-results-propertyCard-Limelight-Hotel-Ketchum,"Ketchum, Idaho US",THE HOTEL COLLECTION,,Program,43.6791018,-114.3624346,"151 Main St S, Ketchum, ID 83340, USA",google_places,PLACE_DETAILS,ChIJYZHMc7mCqVQR03tfUME8xio,establishment;lodging;point_of_interest,False,CACHED
Reefhouse Resort & Marina,https://www.americanexpress.com/en-us/travel/discover/property/Florida-US/Key-Largo/Reefhouse-Resort--Marina?intlink=US-travel-discover-property-results-propertyCard-Reefhouse-Resort--Marina,"Key Largo, Florida US",THE HOTEL COLLECTION,,Program,25.1415766,-80.3999053,"103800 Overseas Hwy Mm 103.8, Key Largo, FL 33037, USA",google_places,PLACE_DETAILS,ChIJL9DkHI1o14gRjnLaL_bXo_g,establishment;lodging;point_of_interest;spa,False,CACHED
Margaritaville Beach House Key West,https://www.americanexpress.com/en-us/travel/discover/property/Florida-US/Key-West/Margaritaville-Beach-House-Key-West?intlink=US-travel-discover-property-results-propertyCard-Margaritaville-Beach-House-Key-West,"Key West, Florida US",THE HOTEL COLLECTION,,Program,24.5526092,-81.7724975,"2001 S Roosevelt Blvd, Key West, FL 33040, USA",google_places,PLACE_DETAILS,ChIJ_V9tbjGx0YgRSkJP5-3pCvE,establishment;lodging;point_of_interest,False,CACHED
The Perry Hotel & Marina,https://www.americanexpress.com/en-us/travel/discover/property/Florida-US/Key-West/The-Perry-Hotel--Marina?intlink=US-travel-discover-property-results-propertyCard-The-Perry-Hotel--Marina,"Key West, Florida US",THE HOTEL COLLECTION,,Program,24.5653616,-81.7393778,"7001 Shrimp Rd, Key West, FL 33040, USA",google_places,PLACE_DETAILS,ChIJw3hPvXax0YgRT4gIb6W9iNU,establishment;lodging;point_of_interest,False,CACHED
The Woodmark Hotel & Still Spa on Lake Washington,https://www.americanexpress.com/en-us/travel/discover/property/Washington-US/Kirkland/The-Woodmark-Hotel--Still-Spa-On-Lake-Washington?intlink=US-travel-discover-property-results-propertyCard-The-Woodmark-Hotel--Still-Spa-On-Lake-Washington,"Kirkland, Washington US",THE HOTEL COLLECTION,,Program,47.6569015,-122.2072778,"1200 Carillon Point, Kirkland, WA 98033, USA",google_places,PLACE_DETAILS,ChIJ2_L9biwTkFQRCMXqMf-4_e0,establishment;lodging;point_of_interest;spa,False,CACHED
Margaritaville Resort Orlando,https://www.americanexpress.com/en-us/travel/discover/property/Florida-US/Kissimmee/Margaritaville-Resort-Orlando?intlink=US-travel-discover-property-results-propertyCard-Margaritaville-Resort-Orlando,"Kissimmee, Florida US",THE HOTEL COLLECTION,,Program,28.3416629,-81.60902759999999,"8000 Fins Up Cir, Kissimmee, FL 34747, USA",google_places,PLACE_DETAILS,ChIJLff_xCF83YgRuvJePUtWiSs,amusement_park;bar;cafe;establishment;food;lodging;park;point_of_interest;restaurant;spa;store,False,CACHED
The Tennessean Hotel,https://www.americanexpress.com/en-us/travel/discover/property/Tennessee-US/Knoxville/The-Tennessean-Hotel?intlink=US-travel-discover-property-results-propertyCard-The-Tennessean-Hotel,"Knoxville, Tennessee US",THE HOTEL COLLECTION,,Program,35.9624459,-83.92307629999999,"531 Henley St, Knoxville, TN 37902, USA",google_places,PLACE_DETAILS,ChIJ9ZnLm9wXXIgRQYfj3sucAbA,bar;establishment;food;lodging;point_of_interest;restaurant,False,CACHED
Ko'a Kea Resort on Poipu Beach,https://www.americanexpress.com/en-us/travel/discover/property/Hawaii-US/Koloa/Koa-Kea-Resort-On-Poipu-Beach?intlink=US-travel-discover-property-results-propertyCard-Koa-Kea-Resort-On-Poipu-Beach,"Koloa, Hawaii US",THE HOTEL COLLECTION,,Program,21.8751916,-159.4572423,"2251 Poipu Rd, Koloa, HI 96756, USA",google_places,PLACE_DETAILS,ChIJVQ1hcb4aB3wRHZq_JehfeOI,establishment;lodging;point_of_interest;spa,False,CACHED
EQ,https://www.americanexpress.com/en-us/travel/discover/property/Malaysia/Kuala-Lumpur/Eq?intlink=US-travel-discover-property-results-propertyCard-Eq,"Kuala Lumpur, Malaysia",THE HOTEL COLLECTION,,Program,3.1528645,101.7097092,"EQ, Equatorial Plaza, Jln Sultan Ismail, Kuala Lumpur, 50250 Kuala Lumpur, Wilayah Persekutuan Kuala Lumpur, Malaysia",google_places,PLACE_DETAILS,ChIJ29zYrKxJzDERP_CAMG4HNOQ,establishment;lodging;point_of_interest,False,CACHED
Amor Arenal,https://www.americanexpress.com/en-us/travel/discover/property/Costa-Rica/La-Fortuna/Amor-Arenal?intlink=US-travel-discover-property-results-propertyCard-Amor-Arenal,"La Fortuna, Costa Rica",THE HOTEL COLLECTION,,Program,10.4968478,-84.69643429999999,"7 km oeste del centro de La Fortuna en la Ruta 142 camino al, Parque Nacional Volcán Arenal, Provincia de Alajuela, La Fortuna, 21007, Costa Rica",google_places,PLACE_DETAILS,ChIJ2zUNLpYOoI8R645qcfQPPpM,establishment;lodging;point_of_interest,False,CACHED
Avidea,https://www.americanexpress.com/en-us/travel/discover/property/Italy/Lagundo/Avidea?intlink=US-travel-discover-property-results-propertyCard-Avidea,"Lagundo, Italy",THE HOTEL COLLECTION,,Program,46.68695839999999,11.1061211,"Oberplars, 46, 39022 Lagundo BZ, Italy",google_places,PLACE_DETAILS,ChIJVUUL5iW5gkcRxY2GfXYHVt8,establishment;food;lodging;point_of_interest;restaurant;spa,False,CACHED
Whiteface Lodge,https://www.americanexpress.com/en-us/travel/discover/property/New-York-US/Lake-Placid/Whiteface-Lodge?intlink=US-travel-discover-property-results-propertyCard-Whiteface-Lodge,"Lake Placid, New York US",THE HOTEL COLLECTION,,Program,44.2971153,-74.0106124,"7 Whiteface Inn Ln, Lake Placid, NY 12946, USA",google_places,PLACE_DETAILS,ChIJDfYUX2kdy0wRdtD36L4FtV4,establishment;food;lodging;point_of_interest;restaurant;spa,False,CACHED
Nobu Hotel Las Vegas,https://www.americanexpress.com/en-us/travel/discover/property/Nevada-US/Las-Vegas/Nobu-Hotel-Las-Vegas?intlink=US-travel-discover-property-results-propertyCard-Nobu-Hotel-Las-Vegas,"Las Vegas, Nevada US",THE HOTEL COLLECTION,,Program,36.1166953,-115.1752889,"3570 Las Vegas Blvd S, Las Vegas, NV 89109, USA",google_places,PLACE_DETAILS,ChIJ5584ZjvEyIARAosCyHJLsUM,establishment;lodging;point_of_interest,False,CACHED
The Venetian Resort Las Vegas,https://www.americanexpress.com/en-us/travel/discover/property/Nevada-US/Las-Vegas/The-Venetian-Resort-Las-Vegas?intlink=US-travel-discover-property-results-propertyCard-The-Venetian-Resort-Las-Vegas,"Las Vegas, Nevada US",THE HOTEL COLLECTION,,Program,36.121174,-115.1696526,"3355 S Las Vegas Blvd, Las Vegas, NV 89109, USA",google_places,PLACE_DETAILS,ChIJiwV3rBXEyIARRdN3c345tKE,casino;establishment;lodging;point_of_interest,False,CACHED
The Royal Sonesta Kauai Resort,https://www.americanexpress.com/en-us/travel/discover/property/Hawaii-US/Lihue/The-Royal-Sonesta-Kauai-Resort?intlink=US-travel-discover-property-results-propertyCard-The-Royal-Sonesta-Kauai-Resort,"Lihue, Hawaii US",THE HOTEL COLLECTION,,Program,21.962709,-159.3501978,"3610 Rice St, Lihue, HI 96766, USA",google_places,PLACE_DETAILS,ChIJw_S66ukeB3wR9reqWnxh1sE,establishment;food;lodging;point_of_interest;restaurant,False,CACHED
Belden House & Mews,https://www.americanexpress.com/en-us/travel/discover/property/Connecticut-US/Litchfield/Belden-House--Mews?intlink=US-travel-discover-property-results-propertyCard-Belden-House--Mews,"Litchfield, Connecticut US",THE HOTEL COLLECTION,,Program,41.748287,-73.190816,"31 North St, Litchfield, CT 06759, USA",google_places,PLACE_DETAILS,ChIJb3PO19mR54kRiKcVFDggiP4,establishment;food;lodging;point_of_interest;restaurant,False,CACHED
Aethos London Shoreditch,https://www.americanexpress.com/en-us/travel/discover/property/England/London/Aethos-London-Shoreditch?intlink=US-travel-discover-property-results-propertyCard-Aethos-London-Shoreditch,"London, England",THE HOTEL COLLECTION,,Program,51.52507319999999,-0.08296919999999999,"10-50 Willow St, London EC2A 4BH, UK",google_places,PLACE_DETAILS,ChIJz0-W9q8cdkgR6_lUUo-4o54,establishment;lodging;point_of_interest,False,CACHED
Kimpton Fitzroy London,https://www.americanexpress.com/en-us/travel/discover/property/England/London/Kimpton-Fitzroy-London?intlink=US-travel-discover-property-results-propertyCard-Kimpton-Fitzroy-London,"London, England",THE HOTEL COLLECTION,,Program,51.5226417,-0.1251206,"1-8 Russell Sq, London WC1B 5BE, UK",google_places,PLACE_DETAILS,ChIJ3XxCGjEbdkgRbkG5fZFKqrY,establishment;lodging;point_of_interest,False,CACHED
Sea Containers London,https://www.americanexpress.com/en-us/travel/discover/property/England/London/Sea-Containers-London?intlink=US-travel-discover-property-results-propertyCard-Sea-Containers-London,"London, England",THE HOTEL COLLECTION,,Program,51.5083955,-0.1066386,"20 Upper Ground, London SE1 9PD, UK",google_places,PLACE_DETAILS,ChIJ5V4Tx7EEdkgRATzq2JQW34E,establishment;lodging;point_of_interest,False,CACHED
The Athenaeum Hotel and Residences,https://www.americanexpress.com/en-us/travel/discover/property/England/London/The-Athenaeum-Hotel-And-Residences?intlink=US-travel-discover-property-results-propertyCard-The-Athenaeum-Hotel-And-Residences,"London, England",THE HOTEL COLLECTION,,Program,51.5047144,-0.1474673,"116 Piccadilly, London W1J 7BJ, UK",google_places,PLACE_DETAILS,ChIJr_4cVy8FdkgRXpqn7k7UTeY,establishment;food;lodging;point_of_interest;restaurant;spa,False,CACHED
The Bloomsbury,https://www.americanexpress.com/en-us/travel/discover/property/England/London/The-Bloomsbury?intlink=US-travel-discover-property-results-propertyCard-The-Bloomsbury,"London, England",THE HOTEL COLLECTION,,Program,51.5172535,-0.1289545,"16-22 Great Russell St, London WC1B 3NN, UK",google_places,PLACE_DETAILS,ChIJjRVDfi0bdkgRfd-do-UCdzQ,establishment;lodging;point_of_interest,False,CACHED
The Hari Hotel London,https://www.americanexpress.com/en-us/travel/discover/property/England/London/The-Hari-Hotel-London?intlink=US-travel-discover-property-results-propertyCard-The-Hari-Hotel-London,"London, England",THE HOTEL COLLECTION,,Program,51.49733,-0.1562088,"20 Chesham Pl, London SW1X 8HQ, UK",google_places,PLACE_DETAILS,ChIJYa44RTwFdkgRUJVKKazdnrA,bar;establishment;food;lodging;point_of_interest;restaurant,False,CACHED
The Kensington Hotel,https://www.americanexpress.com/en-us/travel/discover/property/England/London/The-Kensington-Hotel?intlink=US-travel-discover-property-results-propertyCard-The-Kensington-Hotel,"London, England",THE HOTEL COLLECTION,,Program,51.4925141,-0.1780433,"109-113 Queen's Gate, South Kensington, London SW7 5LP, UK",google_places,PLACE_DETAILS,ChIJO6vgkWcFdkgRjLCrLkS_3ak,establishment;lodging;point_of_interest,False,CACHED
The Mandrake Hotel,https://www.americanexpress.com/en-us/travel/discover/property/England/London/The-Mandrake-Hotel?intlink=US-travel-discover-property-results-propertyCard-The-Mandrake-Hotel,"London, England",THE HOTEL COLLECTION,,Program,51.517575,-0.1354697,"20-21 Newman St, London W1T 1PG, UK",google_places,PLACE_DETAILS,ChIJP-wBgisbdkgRJ6ZsYkhmXHE,establishment;lodging;point_of_interest,False,CACHED
The Marylebone,https://www.americanexpress.com/en-us/travel/discover/property/England/London/The-Marylebone?intlink=US-travel-discover-property-results-propertyCard-The-Marylebone,"London, England",THE HOTEL COLLECTION,,Program,51.5179789,-0.1499343,"47 Welbeck St, London W1G 8DN, UK",google_places,PLACE_DETAILS,ChIJgTyZrdMadkgRUH_pQcbYT7A,establishment;gym;health;lodging;point_of_interest,False,CACHED
The Ned London,https://www.americanexpress.com/en-us/travel/discover/property/England/London/The-Ned-London?intlink=US-travel-discover-property-results-propertyCard-The-Ned-London,"London, England",THE HOTEL COLLECTION,,Program,51.5136153,-0.090129,"27 Poultry, London EC2R 8AJ, UK",google_places,PLACE_DETAILS,ChIJYdET4FQDdkgRbjvXg_CcAm0,establishment;lodging;point_of_interest,False,CACHED
The Twenty Two London,https://www.americanexpress.com/en-us/travel/discover/property/England/London/The-Twenty-Two-London?intlink=US-travel-discover-property-results-propertyCard-The-Twenty-Two-London,"London, England",THE HOTEL COLLECTION,,Program,51.51202079999999,-0.1531119,"22 Grosvenor Sq, London W1K 6LF, UK",google_places,PLACE_DETAILS,ChIJjRa39r8FdkgRnqdFK-NBOa0,bar;establishment;food;lodging;point_of_interest;restaurant,False,CACHED
Treehouse London,https://www.americanexpress.com/en-us/travel/discover/property/England/London/Treehouse-London?intlink=US-travel-discover-property-results-propertyCard-Treehouse-London,"London, England",THE HOTEL COLLECTION,,Program,51.5179436,-0.1425077,"14-15 Langham Pl, London W1B 2QS, UK",google_places,PLACE_DETAILS,ChIJiUx2lXcbdkgRkoQ_n7kTF1U,establishment;lodging;point_of_interest,False,CACHED
Wave Resort on Long Branch Beach,https://www.americanexpress.com/en-us/travel/discover/property/New-Jersey-US/Long-Branch/Wave-Resort-On-Long-Branch-Beach?intlink=US-travel-discover-property-results-propertyCard-Wave-Resort-On-Long-Branch-Beach,"Long Branch, New Jersey US",THE HOTEL COLLECTION,,Program,40.2992303,-73.9797009,"110 Ocean Ave, Long Branch, NJ 07740, USA",google_places,PLACE_DETAILS,ChIJc_YLXN4kwokRjRhkmwXpIwQ,establishment;lodging;point_of_interest,False,CACHED
Hotel Figueroa,https://www.americanexpress.com/en-us/travel/discover/property/California-US/Los-Angeles/Hotel-Figueroa?intlink=US-travel-discover-property-results-propertyCard-Hotel-Figueroa,"Los Angeles, California US",THE HOTEL COLLECTION,,Program,34.0455856,-118.2640396,"939 S Figueroa St, Los Angeles, CA 90015, USA",google_places,PLACE_DETAILS,ChIJzcQQfbfHwoAREpay4PPzicU,establishment;lodging;point_of_interest,False,CACHED
Hotel Schweizerhof Luzern,https://www.americanexpress.com/en-us/travel/discover/property/Switzerland/Lucerne/Hotel-Schweizerhof-Luzern?intlink=US-travel-discover-property-results-propertyCard-Hotel-Schweizerhof-Luzern,"Lucerne, Switzerland",THE HOTEL COLLECTION,,Program,47.0543857,8.3102433,"Schweizerhofquai 3, 6002 Luzern, Switzerland",google_places,PLACE_DETAILS,ChIJM9INXpn7j0cRoFBqV7M9-m4,establishment;lodging;point_of_interest,False,CACHED
Boscolo Hôtel & Spa Lyon,https://www.americanexpress.com/en-us/travel/discover/property/France/Lyon/Boscolo-Hotel--Spa-Lyon?intlink=US-travel-discover-property-results-propertyCard-Boscolo-Hotel--Spa-Lyon,"Lyon, France",THE HOTEL COLLECTION,,Program,45.7608436,4.8375639,"11 Quai Jules Courmont, 69002 Lyon, France",google_places,PLACE_DETAILS,ChIJh9SOPDbr9EcRL1YsIQcBk80,bar;establishment;food;lodging;point_of_interest;restaurant;spa,False,CACHED
Hotel Val di Sogno,https://www.americanexpress.com/en-us/travel/discover/property/Italy/Malcesine/Hotel-Val-Di-Sogno?intlink=US-travel-discover-property-results-propertyCard-Hotel-Val-Di-Sogno,"Malcesine, Italy",THE HOTEL COLLECTION,,Program,45.74832929999999,10.7990534,"Via Val di Sogno, 16, 37018 Malcesine VR, Italy",google_places,PLACE_DETAILS,ChIJ8ZQM9JsegkcR3icWNTX04Vk,establishment;lodging;point_of_interest,False,CACHED
Hard Rock Hotel Maldives,https://www.americanexpress.com/en-us/travel/discover/property/Maldives/Malé/Hard-Rock-Hotel-Maldives?intlink=US-travel-discover-property-results-propertyCard-Hard-Rock-Hotel-Maldives,"Malé, Maldives",THE HOTEL COLLECTION,,Program,4.1238366,73.4726108,"Akasdhoo, Maldives",google_places,PLACE_DETAILS,ChIJG_zc2_N9PzsRJHwORNrIbmk,establishment;lodging;point_of_interest,False,CACHED
Limelight Mammoth,https://www.americanexpress.com/en-us/travel/discover/property/California-US/Mammoth-Lakes/Limelight-Mammoth?intlink=US-travel-discover-property-results-propertyCard-Limelight-Mammoth,"Mammoth Lakes, California US",THE HOTEL COLLECTION,,Program,37.6475106,-118.9850867,"132 Lake Mary Rd, Mammoth Lakes, CA 93546, USA",google_places,PLACE_DETAILS,ChIJXU0fxUcNloARkELOdWiLdLc,establishment;food;lodging;point_of_interest;restaurant,False,CACHED
Treehouse Hotel Manchester,https://www.americanexpress.com/en-us/travel/discover/property/England/Manchester/Treehouse-Hotel-Manchester?intlink=US-travel-discover-property-results-propertyCard-Treehouse-Hotel-Manchester,"Manchester, England",THE HOTEL COLLECTION,,Program,53.4837833,-2.2465903,"Blackfriars St, Manchester M3 2EQ, UK",google_places,PLACE_DETAILS,ChIJTcNOVOGxe0gRGC-uuxiKBv4,establishment;lodging;point_of_interest,False,CACHED
Shade Hotel Manhattan Beach,https://www.americanexpress.com/en-us/travel/discover/property/California-US/Manhattan-Beach/Shade-Hotel-Manhattan-Beach?intlink=US-travel-discover-property-results-propertyCard-Shade-Hotel-Manhattan-Beach,"Manhattan Beach, California US",THE HOTEL COLLECTION,,Program,33.8865391,-118.4084015,"1221 N Valley Dr, Manhattan Beach, CA 90266, USA",google_places,PLACE_DETAILS,ChIJZ2-WQeyzwoARzSdZCmxdjJY,bar;establishment;food;lodging;point_of_interest;restaurant,False,CACHED
The Sanctuary Beach Resort,https://www.americanexpress.com/en-us/travel/discover/property/California-US/Marina/The-Sanctuary-Beach-Resort?intlink=US-travel-discover-property-results-propertyCard-The-Sanctuary-Beach-Resort,"Marina, California US",THE HOTEL COLLECTION,,Program,36.70065580000001,-121.8071569,"3295 Dunes Dr, Marina, CA 93933, USA",google_places,PLACE_DETAILS,ChIJbSFzyzP9jYAR6PLzGOXwPkQ,establishment;lodging;point_of_interest,False,CACHED
Casona Roma Norte,https://www.americanexpress.com/en-us/travel/discover/property/Mexico-City-MX/Mexico-City/Casona-Roma-Norte?intlink=US-travel-discover-property-results-propertyCard-Casona-Roma-Norte,"Mexico City, Mexico City MX",THE HOTEL COLLECTION,,Program,19.4188534,-99.17064520000001,"Durango 280, Roma Nte., Cuauhtémoc, 06700 Ciudad de México, CDMX, Mexico",google_places,PLACE_DETAILS,ChIJ6diCM0b_0YUR_pQRxxbxS0w,establishment;lodging;point_of_interest,False,CACHED
Fontainebleau Miami Beach,https://www.americanexpress.com/en-us/travel/discover/property/Florida-US/Miami-Beach/Fontainebleau-Miami-Beach?intlink=US-travel-discover-property-results-propertyCard-Fontainebleau-Miami-Beach,"Miami Beach, Florida US",THE HOTEL COLLECTION,,Program,25.8178372,-80.1227119,"4441 Collins Ave, Miami Beach, FL 33140, USA",google_places,PLACE_DETAILS,ChIJa9H1aRWz2YgRViJgfHukwNg,establishment;lodging;point_of_interest,False,CACHED
Nobu Hotel Miami Beach,https://www.americanexpress.com/en-us/travel/discover/property/Florida-US/Miami-Beach/Nobu-Hotel-Miami-Beach?intlink=US-travel-discover-property-results-propertyCard-Nobu-Hotel-Miami-Beach,"Miami Beach, Florida US",THE HOTEL COLLECTION,,Program,25.8194988,-80.1224787,"4525 Collins Ave, Miami Beach, FL 33140, USA",google_places,PLACE_DETAILS,ChIJL5M1YGqz2YgRWJh_4w_AZC0,establishment;lodging;point_of_interest;spa,False,CACHED
The Betsy South Beach,https://www.americanexpress.com/en-us/travel/discover/property/Florida-US/Miami-Beach/The-Betsy-South-Beach?intlink=US-travel-discover-property-results-propertyCard-The-Betsy-South-Beach,"Miami Beach, Florida US",THE HOTEL COLLECTION,,Program,25.7865312,-80.1297167,"1440 Ocean Dr, Miami Beach, FL 33139, USA",google_places,PLACE_DETAILS,ChIJq6rYZ5C02YgRRQQFwe0BnCM,bar;establishment;food;lodging;point_of_interest;restaurant,False,CACHED
Eden Roc Miami Beach,https://www.americanexpress.com/en-us/travel/discover/property/Florida-US/Miami/Eden-Roc-Miami-Beach?intlink=US-travel-discover-property-results-propertyCard-Eden-Roc-Miami-Beach,"Miami, Florida US",THE HOTEL COLLECTION,,Program,25.8195246,-80.1219038,"4525 Collins Ave, Miami Beach, FL 33140, USA",google_places,PLACE_DETAILS,ChIJ_Rku9mqz2YgRm0nT6LCp6os,establishment;food;gym;health;lodging;point_of_interest;restaurant;spa,False,CACHED
Aethos Milan,https://www.americanexpress.com/en-us/travel/discover/property/Italy/Milan/Aethos-Milan?intlink=US-travel-discover-property-results-propertyCard-Aethos-Milan,"Milan, Italy",THE HOTEL COLLECTION,,Program,45.4531886,9.1792,"P.za Ventiquattro Maggio, 8, 20123 Milano MI, Italy",google_places,PLACE_DETAILS,ChIJcWDKvfjDhkcRr271pkSK0M4,establishment;lodging;point_of_interest,False,CACHED
"Palazzo Touring Club Milan, a Radisson Collection Hotel",https://www.americanexpress.com/en-us/travel/discover/property/Italy/Milan/Palazzo-Touring-Club-Milan-a-Radisson-Collection-Hotel?intlink=US-travel-discover-property-results-propertyCard-Palazzo-Touring-Club-Milan-a-Radisson-Collection-Hotel,"Milan, Italy",THE HOTEL COLLECTION,,Program,45.4590408,9.1876924,"Corso Italia, 10, 20122 Milano MI, Italy",google_places,PLACE_DETAILS,ChIJFSriHarGhkcRjgZ7g9kP9Ag,establishment;lodging;point_of_interest,False,CACHED
Hewing Hotel,https://www.americanexpress.com/en-us/travel/discover/property/Minnesota-US/Minneapolis/Hewing-Hotel?intlink=US-travel-discover-property-results-propertyCard-Hewing-Hotel,"Minneapolis, Minnesota US",THE HOTEL COLLECTION,,Program,44.9849172,-93.27254630000002,"300 N Washington Ave, Minneapolis, MN 55401, USA",google_places,PLACE_DETAILS,ChIJZ46UXI8ys1IRX9CU03ozBKA,establishment;food;lodging;point_of_interest;restaurant,False,CACHED
Monterey Plaza Hotel and Spa,https://www.americanexpress.com/en-us/travel/discover/property/California-US/Monterey/Monterey-Plaza-Hotel-And-Spa?intlink=US-travel-discover-property-results-propertyCard-Monterey-Plaza-Hotel-And-Spa,"Monterey, California US",THE HOTEL COLLECTION,,Program,36.6121048,-121.8978329,"400 Cannery Row, Monterey, CA 93940, USA",google_places,PLACE_DETAILS,ChIJx-43JQPkjYARpiygmzn7JpY,establishment;lodging;point_of_interest,False,CACHED
Hotel William Gray,https://www.americanexpress.com/en-us/travel/discover/property/Québec-CA/Montréal/Hotel-William-Gray?intlink=US-travel-discover-property-results-propertyCard-Hotel-William-Gray,"Montréal, Québec CA",THE HOTEL COLLECTION,,Program,45.5073105,-73.553193,"421 R. Saint-Vincent, Montréal, QC H2Y 3A4, Canada",google_places,PLACE_DETAILS,ChIJQcQy81YayUwRPsMZTgBgL8Y,bar;establishment;food;lodging;night_club;point_of_interest;restaurant;spa,False,CACHED
Warwick Le Crystal Montreal,https://www.americanexpress.com/en-us/travel/discover/property/Québec-CA/Montréal/Warwick-Le-Crystal-Montreal?intlink=US-travel-discover-property-results-propertyCard-Warwick-Le-Crystal-Montreal,"Montréal, Québec CA",THE HOTEL COLLECTION,,Program,45.4966979,-73.57293539999999,"1100 Rue de la Montagne, Montréal, QC H3G 0A1, Canada",google_places,PLACE_DETAILS,ChIJTXHP1WkayUwRIQHlGieFpoA,establishment;lodging;point_of_interest,False,CACHED
Shashi Hotel Mountain View,https://www.americanexpress.com/en-us/travel/discover/property/California-US/Mountain-View/Shashi-Hotel-Mountain-View?intlink=US-travel-discover-property-results-propertyCard-Shashi-Hotel-Mountain-View,"Mountain View, California US",THE HOTEL COLLECTION,,Program,37.4168531,-122.0775775,"1625 N Shoreline Blvd, Mountain View, CA 94043, USA",google_places,PLACE_DETAILS,ChIJ81X7bC63j4ARNJTuqMFBq-4,bar;establishment;food;lodging;point_of_interest;restaurant,False,CACHED
OMEON Mykonos,https://www.americanexpress.com/en-us/travel/discover/property/Greece/Mykonos/Omeon-Mykonos?intlink=US-travel-discover-property-results-propertyCard-Omeon-Mykonos,"Mykonos, Greece",THE HOTEL COLLECTION,,Program,37.4226646,25.3937053,"Elia Beach, Mikonos 846 00, Greece",google_places,PLACE_DETAILS,ChIJDaLufSa5ohQRA1_ukyII574,establishment;lodging;point_of_interest,False,CACHED
Wyndham Sun Moon Lake,https://www.americanexpress.com/en-us/travel/discover/property/Taiwan/Nantou/Wyndham-Sun-Moon-Lake?intlink=US-travel-discover-property-results-propertyCard-Wyndham-Sun-Moon-Lake,"Nantou, Taiwan",THE HOTEL COLLECTION,,Program,23.8467563,120.9319337,"No. 312號, Zhongzheng Rd, Yuchi Township, Nantou County, Taiwan 555",google_places,PLACE_DETAILS,ChIJIY81VMPVaDQRWj4rWGeXUq8,establishment;lodging;point_of_interest,False,CACHED
The Nantucket Hotel and Resort,https://www.americanexpress.com/en-us/travel/discover/property/Massachusetts-US/Nantucket/The-Nantucket-Hotel-And-Resort?intlink=US-travel-discover-property-results-propertyCard-The-Nantucket-Hotel-And-Resort,"Nantucket, Massachusetts US",THE HOTEL COLLECTION,,Program,41.2877934,-70.1009559,"77 Easton St, Nantucket, MA 02554, USA",google_places,PLACE_DETAILS,ChIJpw36k-Hc-okR4ONL-gmtS9E,establishment;lodging;point_of_interest,False,CACHED
White Elephant,https://www.americanexpress.com/en-us/travel/discover/property/Massachusetts-US/Nantucket/White-Elephant?intlink=US-travel-discover-property-results-propertyCard-White-Elephant,"Nantucket, Massachusetts US",THE HOTEL COLLECTION,,Program,41.2884624,-70.09689829999999,"50 Easton St, Nantucket, MA 02554, USA",google_places,PLACE_DETAILS,ChIJBdwQ3h3d-okRqYvABTOFLA0,establishment;lodging;point_of_interest,False,CACHED
The Meritage Resort & Spa,https://www.americanexpress.com/en-us/travel/discover/property/California-US/Napa/The-Meritage-Resort--Spa?intlink=US-travel-discover-property-results-propertyCard-The-Meritage-Resort--Spa,"Napa, California US",THE HOTEL COLLECTION,,Program,38.246123,-122.2741878,"875 Bordeaux Way, Napa, CA 94558, USA",google_places,PLACE_DETAILS,ChIJYb3wTc4IhYARp7ahGxcvf5A,establishment;lodging;point_of_interest,False,CACHED
Edgewater Beach Hotel,https://www.americanexpress.com/en-us/travel/discover/property/Florida-US/Naples/Edgewater-Beach-Hotel?intlink=US-travel-discover-property-results-propertyCard-Edgewater-Beach-Hotel,"Naples, Florida US",THE HOTEL COLLECTION,,Program,26.16808,-81.811078,"1901 Gulf Shore Blvd N, Naples, FL 34102, USA",google_places,PLACE_DETAILS,ChIJDVdEAsbh2ogRZ6Z1sLxRwYU,establishment;lodging;point_of_interest,False,CACHED
Margaritaville Hotel Nashville,https://www.americanexpress.com/en-us/travel/discover/property/Tennessee-US/Nashville/Margaritaville-Hotel-Nashville?intlink=US-travel-discover-property-results-propertyCard-Margaritaville-Hotel-Nashville,"Nashville, Tennessee US",THE HOTEL COLLECTION,,Program,36.1556505,-86.7754733,"425 Rep. John Lewis Way S, Nashville, TN 37203, USA",google_places,PLACE_DETAILS,ChIJX7MOBV5mZIgR-rar5HrNVM4,establishment;lodging;point_of_interest,False,CACHED
Margaritaville Beach Resort Nassau,https://www.americanexpress.com/en-us/travel/discover/property/The-Bahamas/Nassau/Margaritaville-Beach-Resort-Nassau?intlink=US-travel-discover-property-results-propertyCard-Margaritaville-Beach-Resort-Nassau,"Nassau, The Bahamas",THE HOTEL COLLECTION,,Program,25.0788417,-77.3479861,"2 W Bay St, Nassau, The Bahamas",google_places,PLACE_DETAILS,ChIJ1wbitht9L4kRhipMzh59s8A,establishment;lodging;point_of_interest,False,CACHED
Hotel Peter and Paul,https://www.americanexpress.com/en-us/travel/discover/property/Louisiana-US/New-Orleans/Hotel-Peter-And-Paul?intlink=US-travel-discover-property-results-propertyCard-Hotel-Peter-And-Paul,"New Orleans, Louisiana US",THE HOTEL COLLECTION,,Program,29.9667492,-90.05521159999999,"2317 Burgundy St, New Orleans, LA 70117, USA",google_places,PLACE_DETAILS,ChIJ44RPRCSnIIYRIqqlgM9lTAs,establishment;lodging;point_of_interest,False,CACHED
Hotel Saint Vincent,https://www.americanexpress.com/en-us/travel/discover/property/Louisiana-US/New-Orleans/Hotel-Saint-Vincent?intlink=US-travel-discover-property-results-propertyCard-Hotel-Saint-Vincent,"New Orleans, Louisiana US",THE HOTEL COLLECTION,,Program,29.9341948,-90.072839,"1507 Magazine St, New Orleans, LA 70130, USA",google_places,PLACE_DETAILS,ChIJVVUl0HimIIYRZeRBi4rgO9c,establishment;lodging;point_of_interest,False,CACHED
Gansevoort Meatpacking,https://www.americanexpress.com/en-us/travel/discover/property/New-York-US/New-York/Gansevoort-Meatpacking?intlink=US-travel-discover-property-results-propertyCard-Gansevoort-Meatpacking,"New York, New York US",THE HOTEL COLLECTION,,Program,40.7398422,-74.0057142,"18 9th Ave, New York, NY 10014, USA",google_places,PLACE_DETAILS,ChIJE02ojL9ZwokROU4RMbSR_HI,establishment;lodging;point_of_interest,False,CACHED
Hard Rock Hotel New York,https://www.americanexpress.com/en-us/travel/discover/property/New-York-US/New-York/Hard-Rock-Hotel-New-York?intlink=US-travel-discover-property-results-propertyCard-Hard-Rock-Hotel-New-York,"New York, New York US",THE HOTEL COLLECTION,,Program,40.7596881,-73.9833493,"159 W 48th St, New York, NY 10036, USA",google_places,PLACE_DETAILS,ChIJjXMc60FZwokR1UaXTvtlLks,establishment;lodging;point_of_interest,False,CACHED
MADE Hotel,https://www.americanexpress.com/en-us/travel/discover/property/New-York-US/New-York/Made-Hotel?intlink=US-travel-discover-property-results-propertyCard-Made-Hotel,"New York, New York US",THE HOTEL COLLECTION,,Program,40.7461967,-73.9894995,"44 W 29th St, New York, NY 10001, USA",google_places,PLACE_DETAILS,ChIJAQAsWK9ZwokRVNJ_cGoFFIE,bar;establishment;food;lodging;point_of_interest;restaurant,False,CACHED
PUBLIC Hotels,https://www.americanexpress.com/en-us/travel/discover/property/New-York-US/New-York/Public-Hotels?intlink=US-travel-discover-property-results-propertyCard-Public-Hotels,"New York, New York US",THE HOTEL COLLECTION,,Program,40.7231104,-73.9920935,"215 Chrystie St, New York, NY 10002, USA",google_places,PLACE_DETAILS,ChIJYY-OM4RZwokRvA7ECx3HRZw,establishment;lodging;point_of_interest,False,CACHED
Soho Grand Hotel,https://www.americanexpress.com/en-us/travel/discover/property/New-York-US/New-York/Soho-Grand-Hotel?intlink=US-travel-discover-property-results-propertyCard-Soho-Grand-Hotel,"New York, New York US",THE HOTEL COLLECTION,,Program,40.7219844,-74.0043287,"310 W Broadway, New York, NY 10013, USA",google_places,PLACE_DETAILS,ChIJH8Pll4pZwokR8v9iZ3fgZ-Q,establishment;lodging;point_of_interest,False,CACHED
The Mercer Hotel,https://www.americanexpress.com/en-us/travel/discover/property/New-York-US/New-York/The-Mercer-Hotel?intlink=US-travel-discover-property-results-propertyCard-The-Mercer-Hotel,"New York, New York US",THE HOTEL COLLECTION,,Program,40.7249351,-73.99851509999999,"147 Mercer St, New York, NY 10012, USA",google_places,PLACE_DETAILS,ChIJzyx3-o5ZwokR9DTHgZ521n8,establishment;lodging;point_of_interest,False,CACHED
The Ned NoMad,https://www.americanexpress.com/en-us/travel/discover/property/New-York-US/New-York/The-Ned-Nomad?intlink=US-travel-discover-property-results-propertyCard-The-Ned-Nomad,"New York, New York US",THE HOTEL COLLECTION,,Program,40.7449989,-73.9885983,"1170 Broadway, New York, NY 10001, USA",google_places,PLACE_DETAILS,ChIJWxHBP2JZwokRAAym2RpX-OQ,establishment;lodging;point_of_interest,False,CACHED
The Roxy Hotel New York,https://www.americanexpress.com/en-us/travel/discover/property/New-York-US/New-York/The-Roxy-Hotel-New-York?intlink=US-travel-discover-property-results-propertyCard-The-Roxy-Hotel-New-York,"New York, New York US",THE HOTEL COLLECTION,,Program,40.719404,-74.004902,"2 6th Ave, New York, NY 10013, USA",google_places,PLACE_DETAILS,ChIJteYXl4pZwokRyx61ICQfyH8,establishment;lodging;point_of_interest,False,CACHED
The Twenty Two New York,https://www.americanexpress.com/en-us/travel/discover/property/New-York-US/New-York/The-Twenty-Two-New-York?intlink=US-travel-discover-property-results-propertyCard-The-Twenty-Two-New-York,"New York, New York US",THE HOTEL COLLECTION,,Program,40.7367625,-73.9918868,"16 E 16th St, New York, NY 10003, USA",google_places,PLACE_DETAILS,ChIJE1hgNQBZwokR99qCvqXTmIQ,bar;establishment;food;lodging;point_of_interest;restaurant,False,CACHED
Virgin Hotels New York City,https://www.americanexpress.com/en-us/travel/discover/property/New-York-US/New-York/Virgin-Hotels-New-York-City?intlink=US-travel-discover-property-results-propertyCard-Virgin-Hotels-New-York-City,"New York, New York US",THE HOTEL COLLECTION,,Program,40.7466063,-73.98879099999999,"1227 Broadway, New York, NY 10001, USA",google_places,PLACE_DETAILS,ChIJ4zLglElZwokR7tWZPZGVsLY,establishment;lodging;point_of_interest,False,CACHED
QT Newcastle,https://www.americanexpress.com/en-us/travel/discover/property/Australia/Newcastle/Qt-Newcastle?intlink=US-travel-discover-property-results-propertyCard-Qt-Newcastle,"Newcastle, Australia",THE HOTEL COLLECTION,,Program,-32.9267728,151.7791815,"185 Hunter St, Newcastle NSW 2300, Australia",google_places,PLACE_DETAILS,ChIJ__-vVmQUc2sRZn_hVKfzu2g,establishment;lodging;point_of_interest,False,CACHED
Newport Harbor Island Resort,https://www.americanexpress.com/en-us/travel/discover/property/Rhode-Island-US/Newport/Newport-Harbor-Island-Resort?intlink=US-travel-discover-property-results-propertyCard-Newport-Harbor-Island-Resort,"Newport, Rhode Island US",THE HOTEL COLLECTION,,Program,41.4914857,-71.3275719,"1 Goat Island Rd, Newport, RI 02840, USA",google_places,PLACE_DETAILS,ChIJBeNjT8Cv5YkRMX7X0v6HYHc,establishment;lodging;point_of_interest,False,CACHED
The Headland Hotel and Spa,https://www.americanexpress.com/en-us/travel/discover/property/England/Newquay/The-Headland-Hotel-And-Spa?intlink=US-travel-discover-property-results-propertyCard-The-Headland-Hotel-And-Spa,"Newquay, England",THE HOTEL COLLECTION,,Program,50.4205456,-5.0969729,"Fistral Beach, Headland Rd, Newquay TR7 1EW, UK",google_places,PLACE_DETAILS,ChIJ5d7yt8gPa0gRNjiVlr0zUwc,establishment;food;lodging;point_of_interest;restaurant;spa,False,CACHED
Netanya Noosa,https://www.americanexpress.com/en-us/travel/discover/property/Australia/Noosa-Heads/Netanya-Noosa?intlink=US-travel-discover-property-results-propertyCard-Netanya-Noosa,"Noosa Heads, Australia",THE HOTEL COLLECTION,,Program,-26.3870973,153.0926877,"Main Beach, 71 to 79 Hastings St, Noosa Heads QLD 4567, Australia",google_places,PLACE_DETAILS,ChIJH-yuNZxpk2sRki8TdvYi1H0,establishment;lodging;point_of_interest,False,CACHED
Waldhotel by Buergenstock,https://www.americanexpress.com/en-us/travel/discover/property/Switzerland/Obbuergen/Waldhotel-By-Buergenstock?intlink=US-travel-discover-property-results-propertyCard-Waldhotel-By-Buergenstock,"Obbuergen, Switzerland",THE HOTEL COLLECTION,,Program,46.9967339,8.384720699999999,"Resort Lake Lucerne, Bürgenstock 30, 6363 Obbürgen, Switzerland",google_places,PLACE_DETAILS,ChIJScXwWDL4j0cRqHSA9gPKOD0,establishment;lodging;point_of_interest,False,CACHED
Jamaica Inn,https://www.americanexpress.com/en-us/travel/discover/property/Jamaica/Ocho-Rios/Jamaica-Inn?intlink=US-travel-discover-property-results-propertyCard-Jamaica-Inn,"Ocho Rios, Jamaica",THE HOTEL COLLECTION,,Program,18.4138212,-77.0782542,"CW8F+34, Main Street, Ocho Rios, Jamaica",google_places,PLACE_DETAILS,ChIJMac8Zkr82o4RiXLmSdqmN9A,establishment;lodging;point_of_interest,False,CACHED
Loews Sapphire Falls at Universal Orlando,https://www.americanexpress.com/en-us/travel/discover/property/Florida-US/Orlando/Loews-Sapphire-Falls-At-Universal-Orlando?intlink=US-travel-discover-property-results-propertyCard-Loews-Sapphire-Falls-At-Universal-Orlando,"Orlando, Florida US",THE HOTEL COLLECTION,,Program,28.4665182,-81.470804,"6601 Adventure Wy, Orlando, FL 32819, USA",google_places,PLACE_DETAILS,ChIJ51C3fR1_54gRZhCiUY5EmR8,establishment;lodging;point_of_interest,False,CACHED
Le Germain Hotel Ottawa,https://www.americanexpress.com/en-us/travel/discover/property/Ontario-CA/Ottawa/Le-Germain-Hotel-Ottawa?intlink=US-travel-discover-property-results-propertyCard-Le-Germain-Hotel-Ottawa,"Ottawa, Ontario CA",THE HOTEL COLLECTION,,Program,45.42590149999999,-75.6881914,"30 Daly Ave, Ottawa, ON K1N 6E2, Canada",google_places,PLACE_DETAILS,ChIJ1TD4VQEFzkwRHTRsCs14oFo,establishment;lodging;point_of_interest,False,CACHED
The Metcalfe Hotel,https://www.americanexpress.com/en-us/travel/discover/property/Ontario-CA/Ottawa/The-Metcalfe-Hotel?intlink=US-travel-discover-property-results-propertyCard-The-Metcalfe-Hotel,"Ottawa, Ontario CA",THE HOTEL COLLECTION,,Program,45.4204519,-75.6951741,"123 Metcalfe St, Ottawa, ON K1P 5L9, Canada",google_places,PLACE_DETAILS,ChIJnT986KoFzkwRs-JFFRhKerg,cafe;establishment;food;lodging;parking;point_of_interest;restaurant,False,CACHED
White Elephant Palm Beach,https://www.americanexpress.com/en-us/travel/discover/property/Florida-US/Palm-Beach/White-Elephant-Palm-Beach?intlink=US-travel-discover-property-results-propertyCard-White-Elephant-Palm-Beach,"Palm Beach, Florida US",THE HOTEL COLLECTION,,Program,26.7189227,-80.0405687,"280 Sunset Ave, Palm Beach, FL 33480, USA",google_places,PLACE_DETAILS,ChIJvVBFhy7X2IgRDzZrYE5RHuQ,establishment;lodging;point_of_interest,False,CACHED
The Reef House Adults Retreat Palm Cove,https://www.americanexpress.com/en-us/travel/discover/property/Australia/Palm-Cove/The-Reef-House-Adults-Retreat-Palm-Cove?intlink=US-travel-discover-property-results-propertyCard-The-Reef-House-Adults-Retreat-Palm-Cove,"Palm Cove, Australia",THE HOTEL COLLECTION,,Program,-16.7451191,145.6706189,"99 Williams Esplanade, Palm Cove QLD 4879, Australia",google_places,PLACE_DETAILS,ChIJlU-49opteGkRrj5jsJmQNj4,establishment;lodging;point_of_interest,False,CACHED
Ingleside Estate,https://www.americanexpress.com/en-us/travel/discover/property/California-US/Palm-Springs/Ingleside-Estate?intlink=US-travel-discover-property-results-propertyCard-Ingleside-Estate,"Palm Springs, California US",THE HOTEL COLLECTION,,Program,33.8164879,-116.5486016,"200 W Ramon Rd, Palm Springs, CA 92264, USA",google_places,PLACE_DETAILS,ChIJs2jAj6cb24ARd-Y-fjGQrwg,establishment;lodging;point_of_interest,False,CACHED
Nobu Hotel Palo Alto,https://www.americanexpress.com/en-us/travel/discover/property/California-US/Palo-Alto/Nobu-Hotel-Palo-Alto?intlink=US-travel-discover-property-results-propertyCard-Nobu-Hotel-Palo-Alto,"Palo Alto, California US",THE HOTEL COLLECTION,,Program,37.4436874,-122.1614303,"180 Hamilton Ave, Palo Alto, CA 94301, USA",google_places,PLACE_DETAILS,ChIJ6RLPPjq7j4ARKk3j10hGS0Q,establishment;lodging;point_of_interest,False,CACHED
The Reef at Atlantis,https://www.americanexpress.com/en-us/travel/discover/property/The-Bahamas/Paradise-Island/The-Reef-At-Atlantis?intlink=US-travel-discover-property-results-propertyCard-The-Reef-At-Atlantis,"Paradise Island, The Bahamas",THE HOTEL COLLECTION,,Program,25.0851312,-77.3284202,"1 Casino Drive Paradise Island Grand Bahama, The Bahamas",google_places,PLACE_DETAILS,ChIJWZD66aZ9L4kRQLPJx59sRf8,establishment;lodging;point_of_interest,False,CACHED
The Hermosa Inn,https://www.americanexpress.com/en-us/travel/discover/property/Arizona-US/Paradise-Valley/The-Hermosa-Inn?intlink=US-travel-discover-property-results-propertyCard-The-Hermosa-Inn,"Paradise Valley, Arizona US",THE HOTEL COLLECTION,,Program,33.5183357,-112.0049045,"5532 N Palo Cristi Rd, Paradise Valley, AZ 85253, USA",google_places,PLACE_DETAILS,ChIJOVDwIx8NK4cRmEnmZHBGolg,establishment;food;lodging;point_of_interest;restaurant,False,CACHED
Experimental Marais,https://www.americanexpress.com/en-us/travel/discover/property/France/Paris/Experimental-Marais?intlink=US-travel-discover-property-results-propertyCard-Experimental-Marais,"Paris, France",THE HOTEL COLLECTION,,Program,48.8630854,2.3581492,"116 Rue du Temple, 75003 Paris, France",google_places,PLACE_DETAILS,ChIJScM9yQZu5kcRw0uyRdWX2fM,bar;establishment;food;lodging;point_of_interest;restaurant;spa,False,CACHED
Hotel Alfred Sommier,https://www.americanexpress.com/en-us/travel/discover/property/France/Paris/Hotel-Alfred-Sommier?intlink=US-travel-discover-property-results-propertyCard-Hotel-Alfred-Sommier,"Paris, France",THE HOTEL COLLECTION,,Program,48.8720305,2.3239593,"20 Rue de l'Arcade, 75008 Paris, France",google_places,PLACE_DETAILS,ChIJFwmSPztv5kcRIycOn-a_CWk,bar;establishment;food;lodging;point_of_interest;restaurant,False,CACHED
Hotel Bel Ami,https://www.americanexpress.com/en-us/travel/discover/property/France/Paris/Hotel-Bel-Ami?intlink=US-travel-discover-property-results-propertyCard-Hotel-Bel-Ami,"Paris, France",THE HOTEL COLLECTION,,Program,48.8548614,2.3331847,"7 Rue Saint-Benoît, 75006 Paris, France",google_places,PLACE_DETAILS,ChIJRU2WINhx5kcRYVS13ygaBkc,bar;establishment;food;lodging;point_of_interest;restaurant;spa,False,CACHED
Hotel Elysia by Inwood Hotels,https://www.americanexpress.com/en-us/travel/discover/property/France/Paris/Hotel-Elysia-By-Inwood-Hotels?intlink=US-travel-discover-property-results-propertyCard-Hotel-Elysia-By-Inwood-Hotels,"Paris, France",THE HOTEL COLLECTION,,Program,48.8737241,2.3061929,"35 Rue de Berri, 75008 Paris, France",google_places,PLACE_DETAILS,ChIJEzb-M8Fv5kcR9yv80he-4sA,bar;establishment;food;lodging;point_of_interest;restaurant;spa,False,CACHED
Hotel Florida Paris,https://www.americanexpress.com/en-us/travel/discover/property/France/Paris/Hotel-Florida-Paris?intlink=US-travel-discover-property-results-propertyCard-Hotel-Florida-Paris,"Paris, France",THE HOTEL COLLECTION,,Program,48.871582,2.322489,"12 Bd Malesherbes, 75008 Paris, France",google_places,PLACE_DETAILS,ChIJDxQwpsxv5kcRAdHRci7Tz9Y,establishment;lodging;point_of_interest,False,CACHED
Hotel Hana,https://www.americanexpress.com/en-us/travel/discover/property/France/Paris/Hotel-Hana?intlink=US-travel-discover-property-results-propertyCard-Hotel-Hana,"Paris, France",THE HOTEL COLLECTION,,Program,48.869473,2.336544,"17 Rue du 4 septembre, 75002 Paris, France",google_geocoding,ROOFTOP,ChIJ02daUDpu5kcRCNnKpTUB2Og,establishment;lodging;point_of_interest,True,CACHED
Hotel Madame Reve,https://www.americanexpress.com/en-us/travel/discover/property/France/Paris/Hotel-Madame-Reve?intlink=US-travel-discover-property-results-propertyCard-Hotel-Madame-Reve,"Paris, France",THE HOTEL COLLECTION,,Program,48.8645355,2.342873,"48 Rue du Louvre, 75001 Paris, France",google_places,PLACE_DETAILS,ChIJyU8uPrdv5kcRGSZe9V1cMU8,establishment;lodging;point_of_interest,False,CACHED
Hotel Pavillon de la Reine,https://www.americanexpress.com/en-us/travel/discover/property/France/Paris/Hotel-Pavillon-De-La-Reine?intlink=US-travel-discover-property-results-propertyCard-Hotel-Pavillon-De-La-Reine,"Paris, France",THE HOTEL COLLECTION,,Program,48.85627299999999,2.366041,"28 Pl. des Vosges, 75003 Paris, France",google_places,PLACE_DETAILS,ChIJowDQ3_9x5kcRTtwZxXwH_kQ,bar;establishment;food;lodging;parking;point_of_interest;restaurant;spa,False,CACHED
Hotel Vernet Champs Elysees,https://www.americanexpress.com/en-us/travel/discover/property/France/Paris/Hotel-Vernet-Champs-Elysees?intlink=US-travel-discover-property-results-propertyCard-Hotel-Vernet-Champs-Elysees,"Paris, France",THE HOTEL COLLECTION,,Program,48.8719682,2.2978942,"25 Rue Vernet, 75008 Paris, France",google_places,PLACE_DETAILS,ChIJXUM2f-lv5kcR_qirHSdh-mA,bar;establishment;food;lodging;point_of_interest;restaurant,False,CACHED
La Demeure Montaigne,https://www.americanexpress.com/en-us/travel/discover/property/France/Paris/La-Demeure-Montaigne?intlink=US-travel-discover-property-results-propertyCard-La-Demeure-Montaigne,"Paris, France",THE HOTEL COLLECTION,,Program,48.8678223,2.3031845,"18 Rue Clément Marot, 75008 Paris, France",google_places,PLACE_DETAILS,ChIJvUQZ2MJv5kcRJ5Xm3yX7Wu8,establishment;lodging;point_of_interest,False,CACHED
Le Pavillon Faubourg Saint-Germain,https://www.americanexpress.com/en-us/travel/discover/property/France/Paris/Le-Pavillon-Faubourg-Saint-germain?intlink=US-travel-discover-property-results-propertyCard-Le-Pavillon-Faubourg-Saint-germain,"Paris, France",THE HOTEL COLLECTION,,Program,48.8564689,2.3303746,"5 Rue du Pré aux Clercs, 75007 Paris, France",google_places,PLACE_DETAILS,ChIJZa5c1Slu5kcRUa0weEhQ7Ow,bar;establishment;food;gym;health;lodging;point_of_interest;restaurant;spa,False,CACHED
Les Bains,https://www.americanexpress.com/en-us/travel/discover/property/France/Paris/Les-Bains?intlink=US-travel-discover-property-results-propertyCard-Les-Bains,"Paris, France",THE HOTEL COLLECTION,,Program,48.86386539999999,2.3519431,"7 Rue du Bourg l'Abbé, 75003 Paris, France",google_places,PLACE_DETAILS,ChIJL5GRNhpu5kcRLPpGl3AtSgE,establishment;food;lodging;night_club;point_of_interest;restaurant,False,CACHED
Maison Albar - Le Pont-Neuf,https://www.americanexpress.com/en-us/travel/discover/property/France/Paris/Maison-Albar---Le-Pont-neuf?intlink=US-travel-discover-property-results-propertyCard-Maison-Albar---Le-Pont-neuf,"Paris, France",THE HOTEL COLLECTION,,Program,48.8605463,2.3443201,"23-25 Rue du Pont Neuf, 75001 Paris, France",google_places,PLACE_DETAILS,ChIJ-bZJ5SFu5kcRpL73pWpwVuw,bar;establishment;food;health;lodging;point_of_interest;restaurant;spa;store,False,CACHED
Maison Albar - Le Vendome,https://www.americanexpress.com/en-us/travel/discover/property/France/Paris/Maison-Albar---Le-Vendome?intlink=US-travel-discover-property-results-propertyCard-Maison-Albar---Le-Vendome,"Paris, France",THE HOTEL COLLECTION,,Program,48.871809,2.334944,"7 Rue du Helder, 75009 Paris, France",google_places,PLACE_DETAILS,ChIJnVezHPxv5kcR3ETnNkWMwto,bar;establishment;food;health;lodging;point_of_interest;restaurant;spa,False,CACHED
Nolinski Paris - Evok Collection,https://www.americanexpress.com/en-us/travel/discover/property/France/Paris/Nolinski-Paris---Evok-Collection?intlink=US-travel-discover-property-results-propertyCard-Nolinski-Paris---Evok-Collection,"Paris, France",THE HOTEL COLLECTION,,Program,48.86547969999999,2.3348593,"16 Av. de l'Opéra, 75001 Paris, France",google_places,PLACE_DETAILS,ChIJsQ9WiExv5kcR_f-gHpsUJvQ,bar;establishment;food;lodging;point_of_interest;restaurant;spa,False,CACHED
The Chateaux Deer Valley,https://www.americanexpress.com/en-us/travel/discover/property/Utah-US/Park-City/The-Chateaux-Deer-Valley?intlink=US-travel-discover-property-results-propertyCard-The-Chateaux-Deer-Valley,"Park City, Utah US",THE HOTEL COLLECTION,,Program,40.6233052,-111.4885134,"7815 Royal St, Park City, UT 84060, USA",google_places,PLACE_DETAILS,ChIJ4eHHktlyUocRdBL9hhJKIJ0,establishment;lodging;point_of_interest,False,CACHED
Heritage Grand Perast,https://www.americanexpress.com/en-us/travel/discover/property/Montenegro/Perast/Heritage-Grand-Perast?intlink=US-travel-discover-property-results-propertyCard-Heritage-Grand-Perast,"Perast, Montenegro",THE HOTEL COLLECTION,,Program,42.4871105,18.6975714,"MARKA MARTINOVICA, Perast 85336, Montenegro",google_places,PLACE_DETAILS,ChIJa-c4ZgQzTBMRGoGHbmw8ocU,establishment;lodging;point_of_interest;spa,False,CACHED
Laqua by the Lake,https://www.americanexpress.com/en-us/travel/discover/property/Italy/Pettenasco/Laqua-By-The-Lake?intlink=US-travel-discover-property-results-propertyCard-Laqua-By-The-Lake,"Pettenasco, Italy",THE HOTEL COLLECTION,,Program,45.8194539,8.4050625,"Via Legro, 33, 28028 Pettenasco NO, Italy",google_places,PLACE_DETAILS,ChIJy8ktN0sNhkcRPGt6sJvNRcw,establishment;lodging;point_of_interest,False,CACHED
Hotel Anna & Bel,https://www.americanexpress.com/en-us/travel/discover/property/Pennsylvania-US/Philadelphia/Hotel-Anna--Bel?intlink=US-travel-discover-property-results-propertyCard-Hotel-Anna--Bel,"Philadelphia, Pennsylvania US",THE HOTEL COLLECTION,,Program,39.9752133,-75.12636239999999,"1401 E Susquehanna Ave, Philadelphia, PA 19125, USA",google_places,PLACE_DETAILS,ChIJ6WvZ7YHJxokRYLlaJ_V07sk,establishment;lodging;point_of_interest,False,CACHED
New World Phu Quoc Resort,https://www.americanexpress.com/en-us/travel/discover/property/Vietnam/Phu-Quoc/New-World-Phu-Quoc-Resort?intlink=US-travel-discover-property-results-propertyCard-New-World-Phu-Quoc-Resort,"Phu Quoc, Vietnam",THE HOTEL COLLECTION,,Program,10.0393884,104.0274382,"Khem Beach, An Thới, Phú Quốc, Kiên Giang 92513, Vietnam",google_places,PLACE_DETAILS,ChIJy5uCwXCXpzERQSR2-hAgnuo,establishment;lodging;point_of_interest,False,CACHED
SAii Laguna Phuket,https://www.americanexpress.com/en-us/travel/discover/property/Thailand/Phuket/Saii-Laguna-Phuket?intlink=US-travel-discover-property-results-propertyCard-Saii-Laguna-Phuket,"Phuket, Thailand",THE HOTEL COLLECTION,,Program,7.996406,98.29311589999999,"323, Moo 2, Srisoonthorn Road Bangtao Beach Cherngtalay, ตำบลเชิงทะเล อำเภอถลาง ภูเก็ต 83110, Thailand",google_places,PLACE_DETAILS,ChIJc2pBSM85UDARj5iASp6ii8I,establishment;lodging;point_of_interest,False,CACHED
Spicers Guesthouse,https://www.americanexpress.com/en-us/travel/discover/property/Australia/Pokolbin/Spicers-Guesthouse?intlink=US-travel-discover-property-results-propertyCard-Spicers-Guesthouse,"Pokolbin, Australia",THE HOTEL COLLECTION,,Program,-32.7753701,151.2828459,"57 Ekerts Rd, Pokolbin NSW 2320, Australia",google_places,PLACE_DETAILS,ChIJL4zcgFzKDGsRFKARdM88Dwc,bar;establishment;food;lodging;point_of_interest;restaurant,False,CACHED
The Lodge & Club Ponte Vedra Beach,https://www.americanexpress.com/en-us/travel/discover/property/Florida-US/Ponte-Vedra-Beach/The-Lodge--Club-Ponte-Vedra-Beach?intlink=US-travel-discover-property-results-propertyCard-The-Lodge--Club-Ponte-Vedra-Beach,"Ponte Vedra Beach, Florida US",THE HOTEL COLLECTION,,Program,30.2190876,-81.3720474,"607 Ponte Vedra Blvd, Ponte Vedra Beach, FL 32082, USA",google_places,PLACE_DETAILS,ChIJKXsKPLg35IgRbiW_n4eb0qo,establishment;lodging;point_of_interest;spa,False,CACHED
Royal Sonesta Portland,https://www.americanexpress.com/en-us/travel/discover/property/Oregon-US/Portland/Royal-Sonesta-Portland?intlink=US-travel-discover-property-results-propertyCard-Royal-Sonesta-Portland,"Portland, Oregon US",THE HOTEL COLLECTION,,Program,45.52010190000001,-122.6772547,"506 SW Washington St, Portland, OR 97204, USA",google_places,PLACE_DETAILS,ChIJ4aWqNwQKlVQRnJSxHvnRHig,establishment;lodging;point_of_interest,False,CACHED
Grand Hotel Portovenere,https://www.americanexpress.com/en-us/travel/discover/property/Italy/Portovenere/Grand-Hotel-Portovenere?intlink=US-travel-discover-property-results-propertyCard-Grand-Hotel-Portovenere,"Portovenere, Italy",THE HOTEL COLLECTION,,Program,44.0523071,9.8365144,"Via Giuseppe Garibaldi, 5, 19025 Portovenere SP, Italy",google_places,PLACE_DETAILS,ChIJyQj9hCH81BIRfx2EwB2b-6g,establishment;lodging;point_of_interest,False,CACHED
Almanac X Alcron Prague,https://www.americanexpress.com/en-us/travel/discover/property/Czech-Republic/Prague/Almanac-X-Alcron-Prague?intlink=US-travel-discover-property-results-propertyCard-Almanac-X-Alcron-Prague,"Prague, Czech Republic",THE HOTEL COLLECTION,,Program,50.0800928,14.4263048,"Štěpánská 623 /40, 110 00 Praha 1-Nové Město, Czechia",google_places,PLACE_DETAILS,ChIJ3w3hVI2UC0cRnE9eAjYvpAY,bar;establishment;food;gym;health;lodging;point_of_interest;restaurant,False,PLACES:Almanac X Alcron Prague Hotel
Sage Lodge,https://www.americanexpress.com/en-us/travel/discover/property/Montana-US/Pray/Sage-Lodge?intlink=US-travel-discover-property-results-propertyCard-Sage-Lodge,"Pray, Montana US",THE HOTEL COLLECTION,,Program,45.3550796,-110.7272415,"55 Sage Lodge Dr, Pray, MT 59065, USA",google_places,PLACE_DETAILS,ChIJGfbRh-ntT1MR4idtcL_eEJA,establishment;lodging;point_of_interest;spa,False,CACHED
LUX Belle Mare,https://www.americanexpress.com/en-us/travel/discover/property/Mauritius/Quatre-Cocos/Lux-Belle-Mare?intlink=US-travel-discover-property-results-propertyCard-Lux-Belle-Mare,"Quatre Cocos, Mauritius",THE HOTEL COLLECTION,,Program,-20.1990171,57.78234980000001,"Coastal Road, Quatre Cocos, Mauritius",google_places,PLACE_DETAILS,ChIJifca5Ar7fCERtSZUVmwWgN4,establishment;food;lodging;point_of_interest;restaurant,False,CACHED
The Rockaway Hotel + Spa,https://www.americanexpress.com/en-us/travel/discover/property/New-York-US/Queens/The-Rockaway-Hotel--Spa?intlink=US-travel-discover-property-results-propertyCard-The-Rockaway-Hotel--Spa,"Queens, New York US",THE HOTEL COLLECTION,,Program,40.5815002,-73.8300876,"108-10 Rockaway Beach Dr, Rockaway Park, NY 11694, USA",google_places,PLACE_DETAILS,ChIJ0zQP565pwokRSFNSvVHx7vw,establishment;lodging;point_of_interest,False,CACHED
Shade Hotel Redondo Beach,https://www.americanexpress.com/en-us/travel/discover/property/California-US/Redondo-Beach/Shade-Hotel-Redondo-Beach?intlink=US-travel-discover-property-results-propertyCard-Shade-Hotel-Redondo-Beach,"Redondo Beach, California US",THE HOTEL COLLECTION,,Program,33.8476568,-118.3954051,"655 N Harbor Dr, Redondo Beach, CA 90277, USA",google_places,PLACE_DETAILS,ChIJo0dgRWCzwoARifiD1IZNvRc,establishment;food;health;lodging;point_of_interest;restaurant,False,CACHED
GRECOTEL LUXME WHITE,https://www.americanexpress.com/en-us/travel/discover/property/Greece/Rethymnon/Grecotel-Luxme-White?intlink=US-travel-discover-property-results-propertyCard-Grecotel-Luxme-White,"Rethymnon, Greece",THE HOTEL COLLECTION,,Program,,,,google_places_first,,,,,NO_RESULT:CACHED:NO_RESULT
Quirk Hotel Richmond,https://www.americanexpress.com/en-us/travel/discover/property/Virginia-US/Richmond/Quirk-Hotel-Richmond?intlink=US-travel-discover-property-results-propertyCard-Quirk-Hotel-Richmond,"Richmond, Virginia US",THE HOTEL COLLECTION,,Program,37.5466168,-77.44395759999999,"201 W Broad St, Richmond, VA 23220, USA",google_places,PLACE_DETAILS,ChIJL0a2BjkRsYkRwjyj6pZDVm4,bar;establishment;food;lodging;point_of_interest;restaurant,False,CACHED
Wyndham Grand Rio Mar Rainforest Beach and Golf Resort,https://www.americanexpress.com/en-us/travel/discover/property/Puerto-Rico/Rio-Grande/Wyndham-Grand-Rio-Mar-Rainforest-Beach-And-Golf-Resort?intlink=US-travel-discover-property-results-propertyCard-Wyndham-Grand-Rio-Mar-Rainforest-Beach-And-Golf-Resort,"Rio Grande, Puerto Rico",THE HOTEL COLLECTION,,Program,18.389079,-65.756678,"6000 Blvd. Río Mar, Río Grande, 00745, Puerto Rico",google_places,PLACE_DETAILS,ChIJT4XxK0yZBIwRRfl1CbK81pY,establishment;lodging;point_of_interest,False,CACHED
Casa Monti,https://www.americanexpress.com/en-us/travel/discover/property/Italy/Rome/Casa-Monti?intlink=US-travel-discover-property-results-propertyCard-Casa-Monti,"Rome, Italy",THE HOTEL COLLECTION,,Program,41.8965983,12.4922702,"Via Panisperna, 210/212, 00184 Roma RM, Italy",google_places,PLACE_DETAILS,ChIJTwEMMxNhLxMRNbTn7DrEVhI,establishment;food;lodging;point_of_interest;restaurant;spa,False,CACHED
Hotel Locarno Roma,https://www.americanexpress.com/en-us/travel/discover/property/Italy/Rome/Hotel-Locarno-Roma?intlink=US-travel-discover-property-results-propertyCard-Hotel-Locarno-Roma,"Rome, Italy",THE HOTEL COLLECTION,,Program,41.9097528,12.4747159,"Via della Penna, 22, 00186 Roma RM, Italy",google_places,PLACE_DETAILS,ChIJ-8hcuGTxJRMRMXyB_Rdo7xQ,establishment;lodging;point_of_interest,False,CACHED
"Les Roches Rouges, a Beaumier Hotel",https://www.americanexpress.com/en-us/travel/discover/property/France/Saint-Raphael/Les-Roches-Rouges-a-Beaumier-Hotel?intlink=US-travel-discover-property-results-propertyCard-Les-Roches-Rouges-a-Beaumier-Hotel,"Saint Raphael, France",THE HOTEL COLLECTION,,Program,43.4168663,6.837301999999999,"90 Bd de la 36ème division du Texas, 83700 Saint-Raphaël, France",google_places,PLACE_DETAILS,ChIJsWXvWUmXzhIR2FP9znvwCYw,establishment;food;lodging;point_of_interest;restaurant;spa,False,CACHED
The Grand America Hotel,https://www.americanexpress.com/en-us/travel/discover/property/Utah-US/Salt-Lake-City/The-Grand-America-Hotel?intlink=US-travel-discover-property-results-propertyCard-The-Grand-America-Hotel,"Salt Lake City, Utah US",THE HOTEL COLLECTION,,Program,40.7573321,-111.8907499,"555 S Main St, Salt Lake City, UT 84111, USA",google_places,PLACE_DETAILS,ChIJc3qCMBf1UocRvasmc_pxrm8,bar;establishment;food;lodging;night_club;point_of_interest;restaurant,False,CACHED
Catamaran Resort Hotel and Spa,https://www.americanexpress.com/en-us/travel/discover/property/California-US/San-Diego/Catamaran-Resort-Hotel-And-Spa?intlink=US-travel-discover-property-results-propertyCard-Catamaran-Resort-Hotel-And-Spa,"San Diego, California US",THE HOTEL COLLECTION,,Program,32.7899172,-117.2527831,"3999 Mission Blvd, San Diego, CA 92109, USA",google_places,PLACE_DETAILS,ChIJ1QaPVO4B3IARRgM8rqCotBI,establishment;lodging;point_of_interest,False,CACHED
Margaritaville Hotel San Diego Gaslamp Quarter,https://www.americanexpress.com/en-us/travel/discover/property/California-US/San-Diego/Margaritaville-Hotel-San-Diego-Gaslamp-Quarter?intlink=US-travel-discover-property-results-propertyCard-Margaritaville-Hotel-San-Diego-Gaslamp-Quarter,"San Diego, California US",THE HOTEL COLLECTION,,Program,32.7098404,-117.1588932,"435 Sixth Ave, San Diego, CA 92101, USA",google_places,PLACE_DETAILS,ChIJU7O_K1pT2YARii-23YNjqHw,establishment;lodging;point_of_interest,False,CACHED
The Clift Royal Sonesta San Francisco,https://www.americanexpress.com/en-us/travel/discover/property/California-US/San-Francisco/The-Clift-Royal-Sonesta-San-Francisco?intlink=US-travel-discover-property-results-propertyCard-The-Clift-Royal-Sonesta-San-Francisco,"San Francisco, California US",THE HOTEL COLLECTION,,Program,37.7868547,-122.4112321,"495 Geary St, San Francisco, CA 94102, USA",google_places,PLACE_DETAILS,ChIJFUBxSY6AhYARwOaLV7TsLjw,establishment;lodging;point_of_interest,False,CACHED
Le Blanc Spa Resort Los Cabos Adults Only All Inclusive,https://www.americanexpress.com/en-us/travel/discover/property/Baja-California-Sur-MX/San-Jose-del-Cabo/Le-Blanc-Spa-Resort-Los-Cabos-Adults-Only-All-Inclusive?intlink=US-travel-discover-property-results-propertyCard-Le-Blanc-Spa-Resort-Los-Cabos-Adults-Only-All-Inclusive,"San Jose del Cabo, Baja California Sur MX",THE HOTEL COLLECTION,,Program,22.9717572,-109.7856389,"Carr. Transpeninsular, Tourist Corridor, 23405 San José del Cabo, B.C.S., Mexico",google_places,PLACE_DETAILS,ChIJERqQdvNPr4YRacjk65e2d4k,establishment;lodging;point_of_interest,False,CACHED
Condado Ocean Club,https://www.americanexpress.com/en-us/travel/discover/property/Puerto-Rico/San-Juan/Condado-Ocean-Club?intlink=US-travel-discover-property-results-propertyCard-Condado-Ocean-Club,"San Juan, Puerto Rico",THE HOTEL COLLECTION,,Program,18.4593639,-66.0772806,"1045 Ashford Ave, San Juan, 00907, Puerto Rico",google_places,PLACE_DETAILS,ChIJm4NPwTtvA4wRRS6L3O6NvDM,bar;establishment;lodging;point_of_interest,False,CACHED
Hotel San Luis Obispo,https://www.americanexpress.com/en-us/travel/discover/property/California-US/San-Luis-Obispo/Hotel-San-Luis-Obispo?intlink=US-travel-discover-property-results-propertyCard-Hotel-San-Luis-Obispo,"San Luis Obispo, California US",THE HOTEL COLLECTION,,Program,35.2815448,-120.6633667,"877 Palm St, San Luis Obispo, CA 93401, USA",google_places,PLACE_DETAILS,ChIJ5UqkUGvx7IARvMGwGjU_lj8,establishment;lodging;point_of_interest,False,CACHED
Hotel Mediterraneo Sorrento,https://www.americanexpress.com/en-us/travel/discover/property/Italy/Sant'Agnello/Hotel-Mediterraneo-Sorrento?intlink=US-travel-discover-property-results-propertyCard-Hotel-Mediterraneo-Sorrento,"Sant'Agnello, Italy",THE HOTEL COLLECTION,,Program,40.6346329,14.390603,"Corso Marion Crawford, 85, 80065 Sant'Agnello NA, Italy",google_places,PLACE_DETAILS,ChIJy0PZgUiZOxMR8HIyfbU9uWo,bar;establishment;food;lodging;point_of_interest;restaurant;spa,False,CACHED
Lido Beach Resort,https://www.americanexpress.com/en-us/travel/discover/property/Florida-US/Sarasota/Lido-Beach-Resort?intlink=US-travel-discover-property-results-propertyCard-Lido-Beach-Resort,"Sarasota, Florida US",THE HOTEL COLLECTION,,Program,27.3104426,-82.5747392,"700 Benjamin Franklin Dr, Sarasota, FL 34236, USA",google_places,PLACE_DETAILS,ChIJg-jF3Ihqw4gRNJ0QhK4Ywsg,establishment;lodging;point_of_interest,False,CACHED
The Alexis Royal Sonesta Hotel,https://www.americanexpress.com/en-us/travel/discover/property/Washington-US/Seattle/The-Alexis-Royal-Sonesta-Hotel?intlink=US-travel-discover-property-results-propertyCard-The-Alexis-Royal-Sonesta-Hotel,"Seattle, Washington US",THE HOTEL COLLECTION,,Program,47.60480949999999,-122.3368555,"1007 1st Ave, Seattle, WA 98104, USA",google_places,PLACE_DETAILS,ChIJcRowyrFqkFQRB8nWycTD-mE,establishment;lodging;point_of_interest,False,CACHED
Amara Resort & Spa,https://www.americanexpress.com/en-us/travel/discover/property/Arizona-US/Sedona/Amara-Resort--Spa?intlink=US-travel-discover-property-results-propertyCard-Amara-Resort--Spa,"Sedona, Arizona US",THE HOTEL COLLECTION,,Program,34.8696044,-111.7585063,"100 Amara Ln #101, Sedona, AZ 86336, USA",google_places,PLACE_DETAILS,ChIJZZ4FUeKjLYcRr-aJsiXJjI4,establishment;lodging;point_of_interest;spa,False,CACHED
The Wilde Resort and Spa,https://www.americanexpress.com/en-us/travel/discover/property/Arizona-US/Sedona/The-Wilde-Resort-And-Spa?intlink=US-travel-discover-property-results-propertyCard-The-Wilde-Resort-And-Spa,"Sedona, Arizona US",THE HOTEL COLLECTION,,Program,34.8641778,-111.7991722,"2250 W State Rte 89A, Sedona, AZ 86336, USA",google_places,PLACE_DETAILS,ChIJ3eYtPnChLYcRoI0EdvgWaYE,establishment;food;lodging;point_of_interest;restaurant;spa,False,CACHED
Hotel Casa 1800 Sevilla,https://www.americanexpress.com/en-us/travel/discover/property/Spain/Seville/Hotel-Casa-1800-Sevilla?intlink=US-travel-discover-property-results-propertyCard-Hotel-Casa-1800-Sevilla,"Seville, Spain",THE HOTEL COLLECTION,,Program,37.3858678,-5.9909586,"C. Rodrigo Caro, 6, Casco Antiguo, 41004 Sevilla, Spain",google_places,PLACE_DETAILS,ChIJIzLGfRlsEg0RxT_0OGzodls,establishment;lodging;point_of_interest,False,CACHED
Silver Lake Pool & Inn,https://www.americanexpress.com/en-us/travel/discover/property/California-US/Silver-Lake/Silver-Lake-Pool--Inn?intlink=US-travel-discover-property-results-propertyCard-Silver-Lake-Pool--Inn,"Silver Lake, California US",THE HOTEL COLLECTION,,Program,34.0917787,-118.2828162,"4141 Santa Monica Blvd, Los Angeles, CA 90029, USA",google_places,PLACE_DETAILS,ChIJB7x_3E7HwoARby2w2st4Mwg,establishment;lodging;point_of_interest,False,CACHED
QT Singapore,https://www.americanexpress.com/en-us/travel/discover/property/Singapore/Singapore/Qt-Singapore?intlink=US-travel-discover-property-results-propertyCard-Qt-Singapore,"Singapore, Singapore",THE HOTEL COLLECTION,,Program,1.2799728,103.8497276,"35 Robinson Rd, Singapore 068876",google_places,PLACE_DETAILS,ChIJE8QfUwAZ2jER-O82OmOuUjw,establishment;lodging;point_of_interest,False,CACHED
Salish Lodge & Spa,https://www.americanexpress.com/en-us/travel/discover/property/Washington-US/Snoqualmie/Salish-Lodge--Spa?intlink=US-travel-discover-property-results-propertyCard-Salish-Lodge--Spa,"Snoqualmie, Washington US",THE HOTEL COLLECTION,,Program,47.54218239999999,-121.8365525,"6501 Railroad Ave, Snoqualmie, WA 98065, USA",google_places,PLACE_DETAILS,ChIJ-WAES-Z7kFQREVvVlCoZud0,establishment;lodging;point_of_interest;spa,False,CACHED
Limelight Snowmass,https://www.americanexpress.com/en-us/travel/discover/property/Colorado-US/Snowmass-Village/Limelight-Snowmass?intlink=US-travel-discover-property-results-propertyCard-Limelight-Snowmass,"Snowmass Village, Colorado US",THE HOTEL COLLECTION,,Program,39.2093169,-106.9475015,"65 Wood Rd, Snowmass Village, CO 81615, USA",google_places,PLACE_DETAILS,ChIJqeHsV8VHQIcRrGF8TTXr87A,establishment;lodging;point_of_interest,False,CACHED
Hotel Belair,https://www.americanexpress.com/en-us/travel/discover/property/Italy/Sorrento/Hotel-Belair?intlink=US-travel-discover-property-results-propertyCard-Hotel-Belair,"Sorrento, Italy",THE HOTEL COLLECTION,,Program,40.6279083,14.3629361,"Via Capo, 29, 80067 Sorrento NA, Italy",google_geocoding,ROOFTOP,ChIJs6g7T6KeOxMRB8I7d2qijDk,establishment;lodging;point_of_interest,True,CACHED
Hotel Paro dei Principi Sorrento,https://www.americanexpress.com/en-us/travel/discover/property/Italy/Sorrento/Hotel-Paro-Dei-Principi-Sorrento?intlink=US-travel-discover-property-results-propertyCard-Hotel-Paro-Dei-Principi-Sorrento,"Sorrento, Italy",THE HOTEL COLLECTION,,Program,40.6331329,14.3883705,"Via Bernardino Rota, 44, 80067 Sorrento NA, Italy",google_places,PLACE_DETAILS,ChIJrUw8ZU2ZOxMRZvYnwRdW198,establishment;food;lodging;point_of_interest;restaurant,False,CACHED
Margaritaville Resort Lake Tahoe,https://www.americanexpress.com/en-us/travel/discover/property/California-US/South-Lake-Tahoe/Margaritaville-Resort-Lake-Tahoe?intlink=US-travel-discover-property-results-propertyCard-Margaritaville-Resort-Lake-Tahoe,"South Lake Tahoe, California US",THE HOTEL COLLECTION,,Program,38.9582553,-119.9412583,"4130 Lake Tahoe Blvd, South Lake Tahoe, CA 96150, USA",google_places,PLACE_DETAILS,ChIJF2H9kuWRmYAREA-oxLqqZKg,establishment;lodging;point_of_interest,False,CACHED
Red Jacket Beach Resort & Spa,https://www.americanexpress.com/en-us/travel/discover/property/Massachusetts-US/South-Yarmouth/Red-Jacket-Beach-Resort--Spa?intlink=US-travel-discover-property-results-propertyCard-Red-Jacket-Beach-Resort--Spa,"South Yarmouth, Massachusetts US",THE HOTEL COLLECTION,,Program,41.63826,-70.22023,"1 S Shore Dr, South Yarmouth, MA 02664, USA",google_places,PLACE_DETAILS,ChIJlWZzMWE6-4kRoA1Q99wSVRg,establishment;lodging;point_of_interest;spa,False,CACHED
Tropical St Barth,https://www.americanexpress.com/en-us/travel/discover/property/Saint-Barthelemy/St.-Jean-Bay/Tropical-St-Barth?intlink=US-travel-discover-property-results-propertyCard-Tropical-St-Barth,"St. Jean Bay, Saint Barthelemy",THE HOTEL COLLECTION,,Program,17.9011192,-62.8350866,"Les hauts de Saint Jean SAINT-BATHELEMY, 97133, St Barthélemy",google_places,PLACE_DETAILS,ChIJpWfK1lN1DowRnMMP85T6T8Q,establishment;lodging;point_of_interest,False,CACHED
Blue Waters Resort and Spa,https://www.americanexpress.com/en-us/travel/discover/property/Antigua/St.-John's/Blue-Waters-Resort-And-Spa?intlink=US-travel-discover-property-results-propertyCard-Blue-Waters-Resort-And-Spa,"St. John's, Antigua",THE HOTEL COLLECTION,,Program,17.1701965,-61.83520040000001,"Atlantic Ave AG Atlantic Avenue, Antigua and Barbuda",google_places,PLACE_DETAILS,ChIJO5HU2g6REowRJxxtiREZy8Q,establishment;lodging;point_of_interest,False,CACHED
Lovango Resort + Beach Club,https://www.americanexpress.com/en-us/travel/discover/property/U.S.-Virgin-Islands/St.-John/Lovango-Resort--Beach-Club?intlink=US-travel-discover-property-results-propertyCard-Lovango-Resort--Beach-Club,"St. John, U.S. Virgin Islands",THE HOTEL COLLECTION,,Program,18.3606258,-64.8025032,"1, Lovango Cay, St. John, St John 00830, USVI",google_places,PLACE_DETAILS,ChIJLXmQKIMNBYwREJ6eVv3g3nY,establishment;food;lodging;point_of_interest;restaurant,False,CACHED
The Don CeSar,https://www.americanexpress.com/en-us/travel/discover/property/Florida-US/St.-Pete-Beach/The-Don-Cesar?intlink=US-travel-discover-property-results-propertyCard-The-Don-Cesar,"St. Pete Beach, Florida US",THE HOTEL COLLECTION,,Program,27.7093409,-82.7372652,"3400 Gulf Blvd, St Pete Beach, FL 33706, USA",google_places,PLACE_DETAILS,ChIJWYpZXd0Dw4gRqkbKuCLcZAE,establishment;lodging;point_of_interest,False,CACHED
Sun Valley Resort,https://www.americanexpress.com/en-us/travel/discover/property/Idaho-US/Sun-Valley/Sun-Valley-Resort?intlink=US-travel-discover-property-results-propertyCard-Sun-Valley-Resort,"Sun Valley, Idaho US",THE HOTEL COLLECTION,,Program,43.694875,-114.354321,"1 Sun Vly Rd E, Sun Valley, ID 83353, USA",google_places,PLACE_DETAILS,ChIJJ91KWyydqVQR6NMN7dYN5pk,establishment;lodging;point_of_interest,False,CACHED
The Sunny Hotel,https://www.americanexpress.com/en-us/travel/discover/property/Florida-US/Sunny-Isles-Beach/The-Sunny-Hotel?intlink=US-travel-discover-property-results-propertyCard-The-Sunny-Hotel,"Sunny Isles Beach, Florida US",THE HOTEL COLLECTION,,Program,25.930644,-80.121402,"16701 Collins Ave, Sunny Isles Beach, FL 33160, USA",google_places,PLACE_DETAILS,ChIJTzFgYhit2YgRVOCp60RQO6s,establishment;lodging;point_of_interest,False,CACHED
Treehouse Silicon Valley,https://www.americanexpress.com/en-us/travel/discover/property/California-US/Sunnyvale/Treehouse-Silicon-Valley?intlink=US-travel-discover-property-results-propertyCard-Treehouse-Silicon-Valley,"Sunnyvale, California US",THE HOTEL COLLECTION,,Program,37.4047369,-122.0252687,"1100 N Mathilda Ave, Sunnyvale, CA 94089, USA",google_places,PLACE_DETAILS,ChIJlWPjFwC3j4ARlsBHIM9pVlw,establishment;lodging;point_of_interest,False,CACHED
SIRO Porto Montenegro,https://www.americanexpress.com/en-us/travel/discover/property/Montenegro/Tivat/Siro-Porto-Montenegro?intlink=US-travel-discover-property-results-propertyCard-Siro-Porto-Montenegro,"Tivat, Montenegro",THE HOTEL COLLECTION,,Program,42.4382406,18.6956781,"Jadranska magistrala, Tivat, Montenegro",google_places,PLACE_DETAILS,ChIJlR-kSbMxTBMRoBc3OCNEMxA,establishment;lodging;point_of_interest,False,CACHED
Le Germain Hotel Toronto Mercer,https://www.americanexpress.com/en-us/travel/discover/property/Ontario-CA/Toronto/Le-Germain-Hotel-Toronto-Mercer?intlink=US-travel-discover-property-results-propertyCard-Le-Germain-Hotel-Toronto-Mercer,"Toronto, Ontario CA",THE HOTEL COLLECTION,,Program,43.6458047,-79.3911135,"30 Mercer St, Toronto, ON M5V 1H3, Canada",google_places,PLACE_DETAILS,ChIJ6xi8r9A0K4gRXc561SdLfyY,establishment;lodging;point_of_interest,False,CACHED
The Drake Hotel,https://www.americanexpress.com/en-us/travel/discover/property/Ontario-CA/Toronto/The-Drake-Hotel?intlink=US-travel-discover-property-results-propertyCard-The-Drake-Hotel,"Toronto, Ontario CA",THE HOTEL COLLECTION,,Program,43.6432497,-79.4246963,"1150 Queen St W, Toronto, ON M6J 1J3, Canada",google_places,PLACE_DETAILS,ChIJ8b_aGgA1K4gR3n2TF4fM1Es,bar;establishment;food;lodging;point_of_interest;restaurant,False,CACHED
The Yorkville Royal Sonesta Hotel Toronto,https://www.americanexpress.com/en-us/travel/discover/property/Ontario-CA/Toronto/The-Yorkville-Royal-Sonesta-Hotel-Toronto?intlink=US-travel-discover-property-results-propertyCard-The-Yorkville-Royal-Sonesta-Hotel-Toronto,"Toronto, Ontario CA",THE HOTEL COLLECTION,,Program,43.6685008,-79.3963843,"220 Bloor St W, Toronto, ON M5S 3B7, Canada",google_places,PLACE_DETAILS,ChIJAZueQrs0K4gRD7-f4-wfRCw,establishment;lodging;point_of_interest,False,CACHED
Treasure Island Beach Resort,https://www.americanexpress.com/en-us/travel/discover/property/Florida-US/Treasure-Island/Treasure-Island-Beach-Resort?intlink=US-travel-discover-property-results-propertyCard-Treasure-Island-Beach-Resort,"Treasure Island, Florida US",THE HOTEL COLLECTION,,Program,27.7697536,-82.7703094,"10800 Gulf Blvd, Treasure Island, FL 33706, USA",google_places,PLACE_DETAILS,ChIJ_x4udA_9wogRUfdZiO3WHfE,establishment;lodging;point_of_interest,False,CACHED
Aluna Resort Tulum,https://www.americanexpress.com/en-us/travel/discover/property/Quintana-Roo-MX/Tulum/Aluna-Resort-Tulum?intlink=US-travel-discover-property-results-propertyCard-Aluna-Resort-Tulum,"Tulum, Quintana Roo MX",THE HOTEL COLLECTION,,Program,20.2015027,-87.45107510000001,"Av. Itzamna, Aldea Zama 11-Poligono 0014, Lote 1, 77760 Tulum, Q.R., Mexico",google_places,PLACE_DETAILS,ChIJT0HpF0_RT48RfDOUI4sDqC8,establishment;lodging;point_of_interest,False,CACHED
Be Tulum,https://www.americanexpress.com/en-us/travel/discover/property/Quintana-Roo-MX/Tulum/Be-Tulum?intlink=US-travel-discover-property-results-propertyCard-Be-Tulum,"Tulum, Quintana Roo MX",THE HOTEL COLLECTION,,Program,20.1366652,-87.463518,"Carr. Tulum-Boca Paila Km.10, Tulum Beach, Zona Hotelera, 77780 Tulum, Q.R., Mexico",google_places,PLACE_DETAILS,ChIJH7bDFcvQT48RVxD5N8sFqKc,establishment;health;lodging;point_of_interest,False,CACHED
Casa Malca,https://www.americanexpress.com/en-us/travel/discover/property/Quintana-Roo-MX/Tulum/Casa-Malca?intlink=US-travel-discover-property-results-propertyCard-Casa-Malca,"Tulum, Quintana Roo MX",THE HOTEL COLLECTION,,Program,20.1337138,-87.4637737,"KM 9.5, Carr. Tulum-Boca Paila, Tulum Beach, 77780 Tulum, Q.R., Mexico",google_places,PLACE_DETAILS,ChIJfT3PPlLXT48Riydr7voiLNw,establishment;lodging;point_of_interest,False,CACHED
Manor Vail Lodge,https://www.americanexpress.com/en-us/travel/discover/property/Colorado-US/Vail/Manor-Vail-Lodge?intlink=US-travel-discover-property-results-propertyCard-Manor-Vail-Lodge,"Vail, Colorado US",THE HOTEL COLLECTION,,Program,39.6394919,-106.3678727,"595 Vail Valley Dr, Vail, CO 81657, USA",google_places,PLACE_DETAILS,ChIJR4q9vxJwaocRmpaI8jAbFjk,bar;establishment;food;lodging;point_of_interest;restaurant,False,CACHED
IL Palazzo Experimental,https://www.americanexpress.com/en-us/travel/discover/property/Italy/Venice/Il-Palazzo-Experimental?intlink=US-travel-discover-property-results-propertyCard-Il-Palazzo-Experimental,"Venice, Italy",THE HOTEL COLLECTION,,Program,45.4304069,12.3231098,"Fondamenta Zattere Al Ponte Lungo, 1411, 30123 Venezia VE, Italy",google_places,PLACE_DETAILS,ChIJ-9rq_VGxfkcR5Gg6DV-UFTE,establishment;lodging;point_of_interest,False,CACHED
"Metropole Hotel, Venice",https://www.americanexpress.com/en-us/travel/discover/property/Italy/Venice/Metropole-Hotel-Venice?intlink=US-travel-discover-property-results-propertyCard-Metropole-Hotel-Venice,"Venice, Italy",THE HOTEL COLLECTION,,Program,45.4341545,12.3452749,"Riva degli Schiavoni, 4149, 30122 Venezia VE, Italy",google_places,PLACE_DETAILS,ChIJxdMEfyiufkcRdEk-l-Vo8IA,establishment;lodging;point_of_interest,False,CACHED
Hotel 1928,https://www.americanexpress.com/en-us/travel/discover/property/Texas-US/Waco/Hotel-1928?intlink=US-travel-discover-property-results-propertyCard-Hotel-1928,"Waco, Texas US",THE HOTEL COLLECTION,,Program,31.5563035,-97.1349809,"701 Washington Ave, Waco, TX 76701, USA",google_places,PLACE_DETAILS,ChIJ9e1qVTWDT4YRM6lw-MsQrRk,establishment;lodging;point_of_interest,False,CACHED
Lyle Washington DC,https://www.americanexpress.com/en-us/travel/discover/property/District-of-Columbia-US/Washington/Lyle-Washington-Dc?intlink=US-travel-discover-property-results-propertyCard-Lyle-Washington-Dc,"Washington, District of Columbia US",THE HOTEL COLLECTION,,Program,38.9133664,-77.0395143,"1731 New Hampshire Ave NW, Washington, DC 20009, USA",google_places,PLACE_DETAILS,ChIJpeKL8OO3t4kRM_AncKA_kwo,establishment;lodging;point_of_interest,False,CACHED
Riggs Washington DC,https://www.americanexpress.com/en-us/travel/discover/property/District-of-Columbia-US/Washington/Riggs-Washington-Dc?intlink=US-travel-discover-property-results-propertyCard-Riggs-Washington-Dc,"Washington, District of Columbia US",THE HOTEL COLLECTION,,Program,38.8971091,-77.0244208,"900 F St NW, Washington, DC 20004, USA",google_places,PLACE_DETAILS,ChIJnw7VyYa3t4kRlKRZPTtiqJM,establishment;lodging;point_of_interest,False,CACHED
Royal Sonesta Washington DC Capitol Hill,https://www.americanexpress.com/en-us/travel/discover/property/District-of-Columbia-US/Washington/Royal-Sonesta-Washington-Dc-Capitol-Hill?intlink=US-travel-discover-property-results-propertyCard-Royal-Sonesta-Washington-Dc-Capitol-Hill,"Washington, District of Columbia US",THE HOTEL COLLECTION,,Program,38.8978798,-77.0107108,"20 Massachusetts Ave NW, Washington, DC 20001, USA",google_places,PLACE_DETAILS,ChIJC5mu5Im3t4kR1UM9JBdIplY,establishment;lodging;point_of_interest,False,CACHED
SIXTY DC,https://www.americanexpress.com/en-us/travel/discover/property/District-of-Columbia-US/Washington/Sixty-Dc?intlink=US-travel-discover-property-results-propertyCard-Sixty-Dc,"Washington, District of Columbia US",THE HOTEL COLLECTION,,Program,38.9082939,-77.0423251,"1337 Connecticut Ave NW, Washington, DC 20036, USA",google_places,PLACE_DETAILS,ChIJGZf0qiK3t4kRbORPYOTGDOE,establishment;lodging;point_of_interest,False,CACHED
Delamar West Hartford,https://www.americanexpress.com/en-us/travel/discover/property/Connecticut-US/West-Hartford/Delamar-West-Hartford?intlink=US-travel-discover-property-results-propertyCard-Delamar-West-Hartford,"West Hartford, Connecticut US",THE HOTEL COLLECTION,,Program,41.7598523,-72.7386795,"1 Memorial Rd, West Hartford, CT 06107, USA",google_places,PLACE_DETAILS,ChIJP3BZbeys54kRycJQN-Jy2Bs,establishment;lodging;point_of_interest;spa,False,CACHED
Sonesta White Plains Downtown,https://www.americanexpress.com/en-us/travel/discover/property/New-York-US/White-Plains/Sonesta-White-Plains-Downtown?intlink=US-travel-discover-property-results-propertyCard-Sonesta-White-Plains-Downtown,"White Plains, New York US",THE HOTEL COLLECTION,,Program,41.0299351,-73.7603965,"66 Hale Ave, White Plains, NY 10601, USA",google_places,PLACE_DETAILS,ChIJZ1_bPzCUwokRw15HJIn9CM0,establishment;lodging;point_of_interest,False,CACHED
Daydream Island Resort and Living Reef,https://www.americanexpress.com/en-us/travel/discover/property/Australia/Whitsundays/Daydream-Island-Resort-And-Living-Reef?intlink=US-travel-discover-property-results-propertyCard-Daydream-Island-Resort-And-Living-Reef,"Whitsundays, Australia",THE HOTEL COLLECTION,,Program,-20.2555411,148.8138605,"Daydream Island, Whitsundays QLD 4741, Australia",google_places,PLACE_DETAILS,ChIJjb7ZV3ZL2GsRsF15B8NKilA,establishment;lodging;point_of_interest,False,CACHED
Williamsburg Inn,https://www.americanexpress.com/en-us/travel/discover/property/Virginia-US/Williamsburg/Williamsburg-Inn?intlink=US-travel-discover-property-results-propertyCard-Williamsburg-Inn,"Williamsburg, Virginia US",THE HOTEL COLLECTION,,Program,37.2690641,-76.6977543,"136 Francis St E, Williamsburg, VA 23185, USA",google_places,PLACE_DETAILS,ChIJX3wKTAaJsIkRgXegrvy4UuA,establishment;lodging;point_of_interest,False,CACHED
No. 1 York,https://www.americanexpress.com/en-us/travel/discover/property/England/York/No-1-York?intlink=US-travel-discover-property-results-propertyCard-No-1-York,"York, England",THE HOTEL COLLECTION,,Program,53.9657296,-1.0911328,"1 Clifton, York YO30 6AA, UK",google_places,PLACE_DETAILS,ChIJMRlgLAoxeUgRAedMeyHE6Ik,establishment;food;lodging;point_of_interest;restaurant;spa,False,CACHED
Hotel Yountville,https://www.americanexpress.com/en-us/travel/discover/property/California-US/Yountville/Hotel-Yountville?intlink=US-travel-discover-property-results-propertyCard-Hotel-Yountville,"Yountville, California US",THE HOTEL COLLECTION,,Program,38.3980661,-122.3577836,"6462 Washington St, Yountville, CA 94599, USA",google_places,PLACE_DETAILS,ChIJh0IRxqqqhYARRU1PCovt_9Y,establishment;lodging;point_of_interest,False,CACHED
Hotel Schweizerhof Zurich,https://www.americanexpress.com/en-us/travel/discover/property/Switzerland/Zurich/Hotel-Schweizerhof-Zurich?intlink=US-travel-discover-property-results-propertyCard-Hotel-Schweizerhof-Zurich,"Zurich, Switzerland",THE HOTEL COLLECTION,,Program,47.3769444,8.539444399999999,"Bahnhofplatz 7, 8001 Zürich, Switzerland",google_places,PLACE_DETAILS,ChIJq2UJnAgKkEcRpogMbETPEI4,establishment;lodging;point_of_interest,False,CACHED
Hotel Ermitage,https://www.americanexpress.com/en-us/travel/discover/property/France/Évian-les-Bains/Hotel-Ermitage?intlink=US-travel-discover-property-results-propertyCard-Hotel-Ermitage,"Évian-les-Bains, France",THE HOTEL COLLECTION,,Program,45.82193789999999,4.8194778,"Chem. de l'Ermitage, 69450 Saint-Cyr-au-Mont-d'Or, France",google_places,PLACE_DETAILS,ChIJG6f6nOqU9EcRFLb3tw35TWA,bar;establishment;food;lodging;point_of_interest;restaurant,False,CACHED
1 Hotel Brooklyn Bridge,https://www.americanexpress.com/en-us/travel/discover/property/New-York-US/Brooklyn/1-Hotel-Brooklyn-Bridge?intlink=US-travel-discover-property-results-propertyCard-1-Hotel-Brooklyn-Bridge,"Brooklyn, New York US",THE HOTEL COLLECTION,1 Hotels,Program,40.702363,-73.995487,"60 Furman St, Brooklyn, NY 11201, USA",google_places,PLACE_DETAILS,ChIJI3iV7jlawokRGIVhEkj651U,establishment;lodging;point_of_interest,False,CACHED
1 Hotel Copenhagen,https://www.americanexpress.com/en-us/travel/discover/property/Denmark/Copenhagen/1-Hotel-Copenhagen?intlink=US-travel-discover-property-results-propertyCard-1-Hotel-Copenhagen,"Copenhagen, Denmark",THE HOTEL COLLECTION,1 Hotels,Program,55.6806776,12.5719257,"Krystalgade 22, 1172 København, Denmark",google_places,PLACE_DETAILS,ChIJewzJQS5TUkYRMC5Lae03fb8,establishment;lodging;point_of_interest,False,CACHED
1 Hotel Central Park,https://www.americanexpress.com/en-us/travel/discover/property/New-York-US/New-York/1-Hotel-Central-Park?intlink=US-travel-discover-property-results-propertyCard-1-Hotel-Central-Park,"New York, New York US",THE HOTEL COLLECTION,1 Hotels,Program,40.7648039,-73.9766168,"1414 6th Ave, New York, NY 10019, USA",google_places,PLACE_DETAILS,ChIJHb72rfBYwokRRhrgUWHTlLs,establishment;lodging;point_of_interest,False,CACHED
21c Museum Hotel Cincinnati,https://www.americanexpress.com/en-us/travel/discover/property/Ohio-US/Cincinnati/21c-Museum-Hotel-Cincinnati?intlink=US-travel-discover-property-results-propertyCard-21c-Museum-Hotel-Cincinnati,"Cincinnati, Ohio US",THE HOTEL COLLECTION,21c Museum Hotels,Program,39.1031652,-84.51208729999999,"609 Walnut St, Cincinnati, OH 45202, USA",google_places,PLACE_DETAILS,ChIJJU9HqVCxQYgRlu5WzWAGe70,establishment;lodging;museum;point_of_interest,False,CACHED
21c Museum Hotel Louisville,https://www.americanexpress.com/en-us/travel/discover/property/Kentucky-US/Louisville/21c-Museum-Hotel-Louisville?intlink=US-travel-discover-property-results-propertyCard-21c-Museum-Hotel-Louisville,"Louisville, Kentucky US",THE HOTEL COLLECTION,21c Museum Hotels,Program,38.2567999,-85.7619155,"700 W Main St, Louisville, KY 40202, USA",google_places,PLACE_DETAILS,ChIJVePC4aNyaYgR8FDav0mwKNs,establishment;lodging;point_of_interest,False,CACHED
21c Museum Hotel St. Louis,https://www.americanexpress.com/en-us/travel/discover/property/Missouri-US/St.-Louis/21c-Museum-Hotel-St-Louis?intlink=US-travel-discover-property-results-propertyCard-21c-Museum-Hotel-St-Louis,"St. Louis, Missouri US",THE HOTEL COLLECTION,21c Museum Hotels,Program,38.6315475,-90.2023782,"1528 Locust St, St. Louis, MO 63103, USA",google_places,PLACE_DETAILS,ChIJq6qaixWz2IcRgSfHyhyRsxk,establishment;lodging;point_of_interest,False,CACHED
Ace Hotel & Swim Club Athens,https://www.americanexpress.com/en-us/travel/discover/property/Greece/Athens/Ace-Hotel--Swim-Club-Athens?intlink=US-travel-discover-property-results-propertyCard-Ace-Hotel--Swim-Club-Athens,"Athens, Greece",THE HOTEL COLLECTION,Ace Hotel,Program,37.8736058,23.736196,"Artemisiou 1, Glifada 166 75, Greece",google_places,PLACE_DETAILS,ChIJS2guvkW_oRQREsejIw_rTxo,establishment;lodging;point_of_interest,False,CACHED
Ace Hotel Brooklyn,https://www.americanexpress.com/en-us/travel/discover/property/New-York-US/Brooklyn/Ace-Hotel-Brooklyn?intlink=US-travel-discover-property-results-propertyCard-Ace-Hotel-Brooklyn,"Brooklyn, New York US",THE HOTEL COLLECTION,Ace Hotel,Program,40.6878373,-73.983725,"252 Schermerhorn St, Brooklyn, NY 11217, USA",google_places,PLACE_DETAILS,ChIJp-gHME1awokRD04lzhd8DQU,establishment;lodging;point_of_interest,False,CACHED
Ace Hotel Kyoto,https://www.americanexpress.com/en-us/travel/discover/property/Japan/Kyoto/Ace-Hotel-Kyoto?intlink=US-travel-discover-property-results-propertyCard-Ace-Hotel-Kyoto,"Kyoto, Japan",THE HOTEL COLLECTION,Ace Hotel,Program,35.009774,135.7599798,"245-2 Kurumayachō, Nakagyo Ward, Kyoto, 604-8185, Japan",google_places,PLACE_DETAILS,ChIJb7q7DYUIAWARCR5_SwDCLXQ,establishment;lodging;point_of_interest,False,CACHED
Ace Hotel Sydney,https://www.americanexpress.com/en-us/travel/discover/property/Australia/Sydney/Ace-Hotel-Sydney?intlink=US-travel-discover-property-results-propertyCard-Ace-Hotel-Sydney,"Sydney, Australia",THE HOTEL COLLECTION,Ace Hotel,Program,-33.878801,151.2099833,"47-53 Wentworth Ave, Sydney NSW 2000, Australia",google_places,PLACE_DETAILS,ChIJP1rDGnavEmsRqE-oFRTLsqQ,establishment;lodging;point_of_interest,False,CACHED
Ace Hotel Toronto,https://www.americanexpress.com/en-us/travel/discover/property/Ontario-CA/Toronto/Ace-Hotel-Toronto?intlink=US-travel-discover-property-results-propertyCard-Ace-Hotel-Toronto,"Toronto, Ontario CA",THE HOTEL COLLECTION,Ace Hotel,Program,43.6467366,-79.3981354,"51 Camden St, Toronto, ON M5V 1V2, Canada",google_places,PLACE_DETAILS,ChIJMQFGybY1K4gR2O_N2BB9e0U,establishment;lodging;point_of_interest,False,CACHED
Hotel AKA Back Bay,https://www.americanexpress.com/en-us/travel/discover/property/Massachusetts-US/Boston/Hotel-Aka-Back-Bay?intlink=US-travel-discover-property-results-propertyCard-Hotel-Aka-Back-Bay,"Boston, Massachusetts US",THE HOTEL COLLECTION,AKA,Program,42.349114,-71.07252129999999,"154 Berkeley St, Boston, MA 02116, USA",google_places,PLACE_DETAILS,ChIJI0nhQ3N644kRCQYrjNx0tXo,establishment;lodging;point_of_interest,False,CACHED
AKA Rittenhouse Square,https://www.americanexpress.com/en-us/travel/discover/property/Pennsylvania-US/Philadelphia/Aka-Rittenhouse-Square?intlink=US-travel-discover-property-results-propertyCard-Aka-Rittenhouse-Square,"Philadelphia, Pennsylvania US",THE HOTEL COLLECTION,AKA,Program,39.9503916,-75.1704008,"135 S 18th St, Philadelphia, PA 19103, USA",google_places,PLACE_DETAILS,ChIJmd9gnzDGxokRDQ0SjqkD9BA,establishment;lodging;point_of_interest,False,CACHED
Hotel AKA West Palm,https://www.americanexpress.com/en-us/travel/discover/property/Florida-US/West-Palm-Beach/Hotel-Aka-West-Palm?intlink=US-travel-discover-property-results-propertyCard-Hotel-Aka-West-Palm,"West Palm Beach, Florida US",THE HOTEL COLLECTION,AKA,Program,26.7071356,-80.05222359999999,"695 S Olive Ave, West Palm Beach, FL 33401, USA",google_places,PLACE_DETAILS,ChIJrUK-3ufX2IgRZ5XSVwC1FBY,establishment;lodging;point_of_interest,False,CACHED
Alila Diwa Goa,https://www.americanexpress.com/en-us/travel/discover/property/India/Majorda/Alila-Diwa-Goa?intlink=US-travel-discover-property-results-propertyCard-Alila-Diwa-Goa,"Majorda, India",THE HOTEL COLLECTION,Alila,Program,15.30686,73.911333,"48/10, Adao Waddo, Pacheco Vaddo, Majorda, Gansua, Goa 403713, India",google_places,PLACE_DETAILS,ChIJGaoBtOq2vzsR5H3IgHe6uzg,establishment;lodging;point_of_interest,False,CACHED
Alila Wuzhen,https://www.americanexpress.com/en-us/travel/discover/property/China/Wuzhen/Alila-Wuzhen?intlink=US-travel-discover-property-results-propertyCard-Alila-Wuzhen,"Wuzhen, China",THE HOTEL COLLECTION,Alila,Program,30.7428,120.48806,"No. 939, Ziye East Road, Wuzhen Township, 桐乡市 Tongxiang, Zhejiang, China, 314501",google_places,PLACE_DETAILS,ChIJcZeS-5tJszURUgxBl2ByZTk,establishment;lodging;point_of_interest,False,CACHED
Andaz Amsterdam Prinsengracht,https://www.americanexpress.com/en-us/travel/discover/property/Netherlands/Amsterdam/Andaz-Amsterdam-Prinsengracht?intlink=US-travel-discover-property-results-propertyCard-Andaz-Amsterdam-Prinsengracht,"Amsterdam, Netherlands",THE HOTEL COLLECTION,Andaz,Program,52.36779689999999,4.8830608,"Prinsengracht 587, 1016 HT Amsterdam, Netherlands",google_places,PLACE_DETAILS,ChIJZ8I5o8IJxkcRjOkOLn--9gs,establishment;lodging;point_of_interest,False,CACHED
Andaz One Bangkok,https://www.americanexpress.com/en-us/travel/discover/property/Thailand/Bangkok/Andaz-One-Bangkok?intlink=US-travel-discover-property-results-propertyCard-Andaz-One-Bangkok,"Bangkok, Thailand",THE HOTEL COLLECTION,Andaz,Program,13.7275567,100.5454584,"201 Thanon Witthayu, Khwaeng Lumphini, Pathum Wan, Krung Thep Maha Nakhon 10330, Thailand",google_places,PLACE_DETAILS,ChIJSWmsECSf4jARf-Geu-IiMw0,establishment;lodging;point_of_interest,False,CACHED
Andaz Mexico City Condesa,https://www.americanexpress.com/en-us/travel/discover/property/Mexico-City-MX/Mexico-City/Andaz-Mexico-City-Condesa?intlink=US-travel-discover-property-results-propertyCard-Andaz-Mexico-City-Condesa,"Mexico City, Mexico City MX",THE HOTEL COLLECTION,Andaz,Program,19.4078574,-99.1690248,"Aguascalientes 158, Hipódromo Condesa, Cuauhtémoc, 06100 Ciudad de México, CDMX, Mexico",google_places,PLACE_DETAILS,ChIJMS2MxMP_0YURX_TaKvX-j1o,establishment;lodging;point_of_interest,False,CACHED
Andaz Munich Schwabinger Tor,https://www.americanexpress.com/en-us/travel/discover/property/Germany/Munich/Andaz-Munich-Schwabinger-Tor?intlink=US-travel-discover-property-results-propertyCard-Andaz-Munich-Schwabinger-Tor,"Munich, Germany",THE HOTEL COLLECTION,Andaz,Program,48.1713941,11.5864261,"Leopoldstraße 170, 80804 München, Germany",google_places,PLACE_DETAILS,ChIJw4QyITd1nkcRGmgDtVnAXD4,establishment;lodging;point_of_interest,False,CACHED
Andaz 5th Avenue,https://www.americanexpress.com/en-us/travel/discover/property/New-York-US/New-York/Andaz-5th-Avenue?intlink=US-travel-discover-property-results-propertyCard-Andaz-5th-Avenue,"New York, New York US",THE HOTEL COLLECTION,Andaz,Program,40.7528628,-73.98102759999999,"485 5th Ave, New York, NY 10017, USA",google_places,PLACE_DETAILS,ChIJ8-Y8XgBZwokRsEH1qIwmChU,establishment;lodging;point_of_interest,False,CACHED
Andaz Ottawa Byward Market,https://www.americanexpress.com/en-us/travel/discover/property/Ontario-CA/Ottawa/Andaz-Ottawa-Byward-Market?intlink=US-travel-discover-property-results-propertyCard-Andaz-Ottawa-Byward-Market,"Ottawa, Ontario CA",THE HOTEL COLLECTION,Andaz,Program,45.4288038,-75.690899,"325 Dalhousie St, Ottawa, ON K1N 7G1, Canada",google_places,PLACE_DETAILS,ChIJwxGwXwIFzkwRl9n5DuhXPbw,establishment;lodging;point_of_interest,False,CACHED
"Andaz Peninsula Papagayo Resort, Costa Rica",https://www.americanexpress.com/en-us/travel/discover/property/Costa-Rica/Peninsula-Papagayo/Andaz-Peninsula-Papagayo-Resort-Costa-Rica?intlink=US-travel-discover-property-results-propertyCard-Andaz-Peninsula-Papagayo-Resort-Costa-Rica,"Peninsula Papagayo, Costa Rica",THE HOTEL COLLECTION,Andaz,Program,10.641584,-85.658913,"Peninsula Papagayo, Provincia de Guanacaste, Liberia, Costa Rica",google_places,PLACE_DETAILS,ChIJQSGM1hqBdY8RxC6jlVmi-LI,establishment;lodging;point_of_interest,False,CACHED
Andaz San Diego,https://www.americanexpress.com/en-us/travel/discover/property/California-US/San-Diego/Andaz-San-Diego?intlink=US-travel-discover-property-results-propertyCard-Andaz-San-Diego,"San Diego, California US",THE HOTEL COLLECTION,Andaz,Program,32.71385530000001,-117.1587941,"600 F St, San Diego, CA 92101, USA",google_places,PLACE_DETAILS,ChIJoWmU9VhT2YARDCYOgn4SIEM,establishment;lodging;point_of_interest,False,CACHED
Andaz Savannah,https://www.americanexpress.com/en-us/travel/discover/property/Georgia-US/Savannah/Andaz-Savannah?intlink=US-travel-discover-property-results-propertyCard-Andaz-Savannah,"Savannah, Georgia US",THE HOTEL COLLECTION,Andaz,Program,32.0808834,-81.09317419999999,"14 Barnard St, Savannah, GA 31401, USA",google_places,PLACE_DETAILS,ChIJrycVwWae-4gR0lBvyZN4XPg,establishment;lodging;point_of_interest,False,CACHED
Andaz Seoul Gangnam,https://www.americanexpress.com/en-us/travel/discover/property/South-Korea/Seoul/Andaz-Seoul-Gangnam?intlink=US-travel-discover-property-results-propertyCard-Andaz-Seoul-Gangnam,"Seoul, South Korea",THE HOTEL COLLECTION,Andaz,Program,37.5254876,127.0289201,"854 Nonhyeon-ro, Gangnam District, Seoul, South Korea",google_places,PLACE_DETAILS,ChIJix_5SI6jfDURODDRE4Ama2M,establishment;lodging;point_of_interest,False,CACHED
Andaz Shanghai ITC,https://www.americanexpress.com/en-us/travel/discover/property/China/Shanghai/Andaz-Shanghai-Itc?intlink=US-travel-discover-property-results-propertyCard-Andaz-Shanghai-Itc,"Shanghai, China",THE HOTEL COLLECTION,Andaz,Program,31.193236,121.433287,"283 Hong Qiao Lu, Xujiahui, Xu Hui Qu, Shang Hai Shi, China, 200030",google_places,PLACE_DETAILS,ChIJyybVljplsjURxT0P8PFa8z4,establishment;lodging;point_of_interest,False,CACHED
Andaz Xintiandi Shanghai,https://www.americanexpress.com/en-us/travel/discover/property/China/Shanghai/Andaz-Xintiandi-Shanghai?intlink=US-travel-discover-property-results-propertyCard-Andaz-Xintiandi-Shanghai,"Shanghai, China",THE HOTEL COLLECTION,Andaz,Program,31.22217,121.475572,"88 Song Shan Lu, Huang Pu Qu, China, 200021",google_places,PLACE_DETAILS,ChIJZ7oFCG1wsjURILYxHm8NNTs,establishment;lodging;point_of_interest,False,CACHED
Andaz Singapore,https://www.americanexpress.com/en-us/travel/discover/property/Singapore/Singapore/Andaz-Singapore?intlink=US-travel-discover-property-results-propertyCard-Andaz-Singapore,"Singapore, Singapore",THE HOTEL COLLECTION,Andaz,Program,1.2992646,103.8581702,"5 Fraser St, Singapore 189354",google_places,PLACE_DETAILS,ChIJB87pIbAZ2jERwfGaus_7am8,establishment;lodging;point_of_interest,False,CACHED
Andaz Xiamen,https://www.americanexpress.com/en-us/travel/discover/property/China/Xiamen/Andaz-Xiamen?intlink=US-travel-discover-property-results-propertyCard-Andaz-Xiamen,"Xiamen, China",THE HOTEL COLLECTION,Andaz,Program,24.470816,118.113403,"101 Hu Bin Dong Lu, Si Ming Qu, Xia Men Shi, Fu Jian Sheng, China, 361004",google_places,PLACE_DETAILS,ChIJ42yjPDWbFDQRw56ryPEqHO8,establishment;lodging;point_of_interest,False,CACHED
"The Satire, Autograph Collection",https://www.americanexpress.com/en-us/travel/discover/property/Virginia-US/Alexandria/The-Satire-Autograph-Collection?intlink=US-travel-discover-property-results-propertyCard-The-Satire-Autograph-Collection,"Alexandria, Virginia US",THE HOTEL COLLECTION,Autograph Collection Hotels,Program,38.58014,-121.4938571,"926 J St, Sacramento, CA 95814, USA",google_places,PLACE_DETAILS,ChIJx3S_gCnRmoAReXVw77Utzvs,establishment;lodging;point_of_interest,False,CACHED
"Annapolis Waterfront Hotel, Autograph Collection",https://www.americanexpress.com/en-us/travel/discover/property/Maryland-US/Annapolis/Annapolis-Waterfront-Hotel-Autograph-Collection?intlink=US-travel-discover-property-results-propertyCard-Annapolis-Waterfront-Hotel-Autograph-Collection,"Annapolis, Maryland US",THE HOTEL COLLECTION,Autograph Collection Hotels,Program,38.9757335,-76.48563089999999,"80 Compromise St, Annapolis, MD 21401, USA",google_places,PLACE_DETAILS,ChIJu4eE5UX2t4kRRd2T8AnZGJY,establishment;lodging;point_of_interest,False,CACHED
"Grand Bohemian Lodge Asheville, Autograph Collection",https://www.americanexpress.com/en-us/travel/discover/property/North-Carolina-US/Asheville/Grand-Bohemian-Lodge-Asheville-Autograph-Collection?intlink=US-travel-discover-property-results-propertyCard-Grand-Bohemian-Lodge-Asheville-Autograph-Collection,"Asheville, North Carolina US",THE HOTEL COLLECTION,Autograph Collection Hotels,Program,35.5669628,-82.5440115,"11 Boston Way, Asheville, NC 28803, USA",google_places,PLACE_DETAILS,ChIJU-Dn8TzzWYgRFo0EkDbzmq4,establishment;lodging;point_of_interest,False,CACHED
Epicurean Atlanta,https://www.americanexpress.com/en-us/travel/discover/property/Georgia-US/Atlanta/Epicurean-Atlanta?intlink=US-travel-discover-property-results-propertyCard-Epicurean-Atlanta,"Atlanta, Georgia US",THE HOTEL COLLECTION,Autograph Collection Hotels,Program,33.7851908,-84.3874357,"1117 W Peachtree St NW, Atlanta, GA 30309, USA",google_places,PLACE_DETAILS,ChIJ51OS6LYF9YgR2KEnxXltGJo,establishment;lodging;point_of_interest,False,CACHED
"The Tess, Autograph Collection",https://www.americanexpress.com/en-us/travel/discover/property/Georgia-US/Atlanta/The-Tess-Autograph-Collection?intlink=US-travel-discover-property-results-propertyCard-The-Tess-Autograph-Collection,"Atlanta, Georgia US",THE HOTEL COLLECTION,Autograph Collection Hotels,Program,33.838155,-84.37434180000001,"415 East Paces Ferry Rd NE, Atlanta, GA 30305, USA",google_places,PLACE_DETAILS,ChIJJxGX3wIF9YgRadfEdI-ost0,establishment;lodging;point_of_interest,False,CACHED
"The Otis Hotel Austin, Autograph Collection",https://www.americanexpress.com/en-us/travel/discover/property/Texas-US/Austin/The-Otis-Hotel-Austin-Autograph-Collection?intlink=US-travel-discover-property-results-propertyCard-The-Otis-Hotel-Austin-Autograph-Collection,"Austin, Texas US",THE HOTEL COLLECTION,Autograph Collection Hotels,Program,30.2822284,-97.74314489999999,"1901 San Antonio St, Austin, TX 78705, USA",google_places,PLACE_DETAILS,ChIJK2dOW1y1RIYRIPrVnBhPoaQ,establishment;lodging;point_of_interest,False,CACHED
Roomers Baden-Baden,https://www.americanexpress.com/en-us/travel/discover/property/Germany/Baden-Baden/Roomers-Baden-baden?intlink=US-travel-discover-property-results-propertyCard-Roomers-Baden-baden,"Baden-Baden, Germany",THE HOTEL COLLECTION,Autograph Collection Hotels,Program,48.768733,8.231144,"Lange Str. 100, 76530 Baden-Baden, Germany",google_places,PLACE_DETAILS,ChIJF83AoBQfl0cRM2aFUO8wxfY,establishment;lodging;point_of_interest,False,CACHED
"Cicada Resort Bali Ubud, Autograph Collection",https://www.americanexpress.com/en-us/travel/discover/property/Indonesia/Bali/Cicada-Resort-Bali-Ubud-Autograph-Collection?intlink=US-travel-discover-property-results-propertyCard-Cicada-Resort-Bali-Ubud-Autograph-Collection,"Bali, Indonesia",THE HOTEL COLLECTION,Autograph Collection Hotels,Program,-8.389594599999999,115.296284,"Jl. Raya Bilukan, Sebatu, Kec. Tegallalang, Kabupaten Gianyar, Bali 80561, Indonesia",google_places,PLACE_DETAILS,ChIJCwVuL0Uf0i0R6HQ90Afvouo,establishment;lodging;point_of_interest,False,CACHED
"Madi Paidi Bangkok, Autograph Collection",https://www.americanexpress.com/en-us/travel/discover/property/Thailand/Bangkok/Madi-Paidi-Bangkok-Autograph-Collection?intlink=US-travel-discover-property-results-propertyCard-Madi-Paidi-Bangkok-Autograph-Collection,"Bangkok, Thailand",THE HOTEL COLLECTION,Autograph Collection Hotels,Program,13.7261062,100.5778837,"22 Soi Sukhumvit 53, Klongton Nua, Watthana, Krung Thep Maha Nakhon 10110, Thailand",google_places,PLACE_DETAILS,ChIJqzAnP5Cf4jARPmNQC7vnoDI,establishment;lodging;point_of_interest,False,CACHED
"The Envoy Hotel, Autograph Collection",https://www.americanexpress.com/en-us/travel/discover/property/Massachusetts-US/Boston/The-Envoy-Hotel-Autograph-Collection?intlink=US-travel-discover-property-results-propertyCard-The-Envoy-Hotel-Autograph-Collection,"Boston, Massachusetts US",THE HOTEL COLLECTION,Autograph Collection Hotels,Program,42.3537616,-71.048124,"70 Sleeper St, Boston, MA 02210, USA",google_places,PLACE_DETAILS,ChIJ51dcSH5w44kR2w1maWhcAGI,establishment;lodging;point_of_interest,False,CACHED
"Dorothea Hotel, Budapest, Autograph Collection",https://www.americanexpress.com/en-us/travel/discover/property/Hungary/Budapest/Dorothea-Hotel-Budapest-Autograph-Collection?intlink=US-travel-discover-property-results-propertyCard-Dorothea-Hotel-Budapest-Autograph-Collection,"Budapest, Hungary",THE HOTEL COLLECTION,Autograph Collection Hotels,Program,47.4970598,19.0494626,"Budapest, Dorottya u. 2, 1051 Hungary",google_places,PLACE_DETAILS,ChIJd7C0YcTdQUcRVCCBjn-Gonw,establishment;lodging;point_of_interest,False,CACHED
The Buenaventura Golf & Beach Resort,https://www.americanexpress.com/en-us/travel/discover/property/Panama/Buenaventura/The-Buenaventura-Golf--Beach-Resort?intlink=US-travel-discover-property-results-propertyCard-The-Buenaventura-Golf--Beach-Resort,"Buenaventura, Panama",THE HOTEL COLLECTION,Autograph Collection Hotels,Program,8.339915999999999,-80.171416,"Riviera Pacifica, Calle 3ra 340, El Chirú, Provincia de Coclé, Panama",google_places,PLACE_DETAILS,ChIJoXO4S2-rrY8RITnwCLrbTR0,establishment;lodging;point_of_interest,False,CACHED
"The Dorian, Autograph Collection",https://www.americanexpress.com/en-us/travel/discover/property/Alberta-CA/Calgary/The-Dorian-Autograph-Collection?intlink=US-travel-discover-property-results-propertyCard-The-Dorian-Autograph-Collection,"Calgary, Alberta CA",THE HOTEL COLLECTION,Autograph Collection Hotels,Program,51.0484089,-114.0729248,"525 5 Ave SW, Calgary, AB T2P 1P7, Canada",google_places,PLACE_DETAILS,ChIJg57UI5BvcVMRJTUMHBpbdlw,establishment;lodging;point_of_interest,False,CACHED
El Mangroove Autograph Collection,https://www.americanexpress.com/en-us/travel/discover/property/Costa-Rica/Carrillo/El-Mangroove-Autograph-Collection?intlink=US-travel-discover-property-results-propertyCard-El-Mangroove-Autograph-Collection,"Carrillo, Costa Rica",THE HOTEL COLLECTION,Autograph Collection Hotels,Program,10.5891258,-85.6505057,"Gulf Of Papagayo, Provincia de Guanacaste, Guanacaste, 50503, Costa Rica",google_places,PLACE_DETAILS,ChIJ1zpfNYKAdY8R1ZlmqBcWATA,establishment;lodging;point_of_interest,False,CACHED
"Grand Bohemian Hotel Charleston, Autograph Collection",https://www.americanexpress.com/en-us/travel/discover/property/South-Carolina-US/Charleston/Grand-Bohemian-Hotel-Charleston-Autograph-Collection?intlink=US-travel-discover-property-results-propertyCard-Grand-Bohemian-Hotel-Charleston-Autograph-Collection,"Charleston, South Carolina US",THE HOTEL COLLECTION,Autograph Collection Hotels,Program,32.7830378,-79.9323831,"55 Wentworth St, Charleston, SC 29401, USA",google_places,PLACE_DETAILS,ChIJteC-8RJ6_ogRUUPtLB-ChxA,establishment;lodging;point_of_interest,False,CACHED
"Grand Bohemian Hotel Charlotte, Autograph Collection",https://www.americanexpress.com/en-us/travel/discover/property/North-Carolina-US/Charlotte/Grand-Bohemian-Hotel-Charlotte-Autograph-Collection?intlink=US-travel-discover-property-results-propertyCard-Grand-Bohemian-Hotel-Charlotte-Autograph-Collection,"Charlotte, North Carolina US",THE HOTEL COLLECTION,Autograph Collection Hotels,Program,35.2281797,-80.844445,"201 W Trade St, Charlotte, NC 28202, USA",google_places,PLACE_DETAILS,ChIJifymScChVogRpPxqS0c7Rr0,establishment;lodging;point_of_interest,False,CACHED
"The Talbott, Autograph Collection",https://www.americanexpress.com/en-us/travel/discover/property/Illinois-US/Chicago/The-Talbott-Autograph-Collection?intlink=US-travel-discover-property-results-propertyCard-The-Talbott-Autograph-Collection,"Chicago, Illinois US",THE HOTEL COLLECTION,Autograph Collection Hotels,Program,41.8992659,-87.627489,"20 E Delaware Pl, Chicago, IL 60611, USA",google_places,PLACE_DETAILS,ChIJf94TFFLTD4gRAC96e1OfNOo,establishment;lodging;point_of_interest,False,CACHED
"Domes of Corfu, Autograph Collection",https://www.americanexpress.com/en-us/travel/discover/property/Greece/Corfu/Domes-Of-Corfu-Autograph-Collection?intlink=US-travel-discover-property-results-propertyCard-Domes-Of-Corfu-Autograph-Collection,"Corfu, Greece",THE HOTEL COLLECTION,Autograph Collection Hotels,Program,39.591984,19.8101628,"PELEKAS, Glifada 491 00, Greece",google_places,PLACE_DETAILS,ChIJ7y0K0P5YWxMRjWs0r1jtXUQ,establishment;lodging;point_of_interest,False,CACHED
"The Adolphus, Autograph Collection by Marriott",https://www.americanexpress.com/en-us/travel/discover/property/Texas-US/Dallas/The-Adolphus-Autograph-Collection-By-Marriott?intlink=US-travel-discover-property-results-propertyCard-The-Adolphus-Autograph-Collection-By-Marriott,"Dallas, Texas US",THE HOTEL COLLECTION,Autograph Collection Hotels,Program,32.7798001,-96.8001537,"1321 Commerce St, Dallas, TX 75202, USA",google_places,PLACE_DETAILS,ChIJSf4EURiZToYR0KhpmIHWXpQ,establishment;lodging;point_of_interest,False,CACHED
"The Seagate Hotel, Golf and Beach Club",https://www.americanexpress.com/en-us/travel/discover/property/Florida-US/Delray-Beach/The-Seagate-Hotel-Golf-And-Beach-Club?intlink=US-travel-discover-property-results-propertyCard-The-Seagate-Hotel-Golf-And-Beach-Club,"Delray Beach, Florida US",THE HOTEL COLLECTION,Autograph Collection Hotels,Program,26.4611306,-80.0610572,"1000 E Atlantic Ave, Delray Beach, FL 33483, USA",google_places,PLACE_DETAILS,ChIJOUAG1tHf2IgRwgb7hykA064,establishment;lodging;point_of_interest,False,CACHED
"The Jacquard Hotel & Rooftop, Autograph Collection",https://www.americanexpress.com/en-us/travel/discover/property/Colorado-US/Denver/The-Jacquard-Hotel--Rooftop-Autograph-Collection?intlink=US-travel-discover-property-results-propertyCard-The-Jacquard-Hotel--Rooftop-Autograph-Collection,"Denver, Colorado US",THE HOTEL COLLECTION,Autograph Collection Hotels,Program,39.7197946,-104.952064,"222 Milwaukee St, Denver, CO 80206, USA",google_places,PLACE_DETAILS,ChIJZyIjc5d-bIcRkbMZs4FHfGs,establishment;lodging;point_of_interest,False,CACHED
"Surety Hotel Des Moines, Autograph Collection",https://www.americanexpress.com/en-us/travel/discover/property/Iowa-US/Des-Moines/Surety-Hotel-Des-Moines-Autograph-Collection?intlink=US-travel-discover-property-results-propertyCard-Surety-Hotel-Des-Moines-Autograph-Collection,"Des Moines, Iowa US",THE HOTEL COLLECTION,Autograph Collection Hotels,Program,41.585233,-93.6245924,"206 6th Ave, Des Moines, IA 50309, USA",google_places,PLACE_DETAILS,ChIJP5Xj5BeZ7ocRaGqP2BVrwHM,establishment;lodging;point_of_interest,False,CACHED
"Old Town Chambers, Autograph Collection",https://www.americanexpress.com/en-us/travel/discover/property/Scotland/Edinburgh/Old-Town-Chambers-Autograph-Collection?intlink=US-travel-discover-property-results-propertyCard-Old-Town-Chambers-Autograph-Collection,"Edinburgh, Scotland",THE HOTEL COLLECTION,Autograph Collection Hotels,Program,55.9499399,-3.1908589,"Royal Mile, 329 High St, Edinburgh EH1 1PN, UK",google_places,PLACE_DETAILS,ChIJGyR0UYXHh0gR87jUK6i23e8,establishment;lodging;point_of_interest,False,CACHED
"Grand Bohemian Lodge Greenville, Autograph Collection",https://www.americanexpress.com/en-us/travel/discover/property/South-Carolina-US/Greenville/Grand-Bohemian-Lodge-Greenville-Autograph-Collection?intlink=US-travel-discover-property-results-propertyCard-Grand-Bohemian-Lodge-Greenville-Autograph-Collection,"Greenville, South Carolina US",THE HOTEL COLLECTION,Autograph Collection Hotels,Program,34.8443597,-82.3998026,"44 E Camperdown Way, Greenville, SC 29601, USA",google_places,PLACE_DETAILS,ChIJA8ewHx8xWIgR4t2s_p4xzdU,establishment;lodging;point_of_interest,False,CACHED
Hotel U14 - Autograph Collection,https://www.americanexpress.com/en-us/travel/discover/property/Finland/Helsinki/Hotel-U14---Autograph-Collection?intlink=US-travel-discover-property-results-propertyCard-Hotel-U14---Autograph-Collection,"Helsinki, Finland",THE HOTEL COLLECTION,Autograph Collection Hotels,Program,60.1649669,24.9512083,"Unioninkatu 14, 00130 Helsinki, Finland",google_places,PLACE_DETAILS,ChIJi7GFLM8LkkYRMkz6fOCml-Q,establishment;lodging;point_of_interest,False,CACHED
"The Dixon, Tower Bridge, Autograph Collection",https://www.americanexpress.com/en-us/travel/discover/property/England/London/The-Dixon-Tower-Bridge-Autograph-Collection?intlink=US-travel-discover-property-results-propertyCard-The-Dixon-Tower-Bridge-Autograph-Collection,"London, England",THE HOTEL COLLECTION,Autograph Collection Hotels,Program,51.5022822,-0.0769179,"211 Tooley St, London SE1 2JX, UK",google_places,PLACE_DETAILS,ChIJ4c-vQVADdkgRpua8abxhNi4,establishment;lodging;point_of_interest,False,CACHED
"The Hollywood Grande, Autograph Collection",https://www.americanexpress.com/en-us/travel/discover/property/California-US/Los-Angeles/The-Hollywood-Grande-Autograph-Collection?intlink=US-travel-discover-property-results-propertyCard-The-Hollywood-Grande-Autograph-Collection,"Los Angeles, California US",THE HOTEL COLLECTION,Autograph Collection Hotels,Program,34.0989016,-118.3314309,"1541 Wilcox Ave, Los Angeles, CA 90028, USA",google_places,PLACE_DETAILS,ChIJFQZmKu-_woAR-p3M1Xk-wns,establishment;lodging;point_of_interest,False,CACHED
"Hotel Distil, An Autograph Collection",https://www.americanexpress.com/en-us/travel/discover/property/Kentucky-US/Louisville/Hotel-Distil-An-Autograph-Collection?intlink=US-travel-discover-property-results-propertyCard-Hotel-Distil-An-Autograph-Collection,"Louisville, Kentucky US",THE HOTEL COLLECTION,Autograph Collection Hotels,Program,38.2565122,-85.7518508,"101 W Main St, Louisville, KY 40202, USA",google_places,PLACE_DETAILS,ChIJqWc3BbxyaYgR1gQxfFFHR0Q,establishment;lodging;point_of_interest,False,CACHED
Elliot Park Hotel,https://www.americanexpress.com/en-us/travel/discover/property/Minnesota-US/Minneapolis/Elliot-Park-Hotel?intlink=US-travel-discover-property-results-propertyCard-Elliot-Park-Hotel,"Minneapolis, Minnesota US",THE HOTEL COLLECTION,Autograph Collection Hotels,Program,44.97218110000001,-93.2668384,"823 Fifth Ave S, Minneapolis, MN 55404, USA",google_places,PLACE_DETAILS,ChIJY50OoZgys1IRBnCNw2JqrDA,establishment;lodging;point_of_interest,False,CACHED
"Emery, an Autograph Collection Hotel",https://www.americanexpress.com/en-us/travel/discover/property/Minnesota-US/Minneapolis/Emery-An-Autograph-Collection-Hotel?intlink=US-travel-discover-property-results-propertyCard-Emery-An-Autograph-Collection-Hotel,"Minneapolis, Minnesota US",THE HOTEL COLLECTION,Autograph Collection Hotels,Program,44.978277,-93.2665375,"215 S 4th St, Minneapolis, MN 55401, USA",google_places,PLACE_DETAILS,ChIJu0EHiZsys1IRqBsPzvb3Zuc,establishment;lodging;point_of_interest,False,CACHED
Humaniti Hotel Montreal,https://www.americanexpress.com/en-us/travel/discover/property/Québec-CA/Montréal/Humaniti-Hotel-Montreal?intlink=US-travel-discover-property-results-propertyCard-Humaniti-Hotel-Montreal,"Montréal, Québec CA",THE HOTEL COLLECTION,Autograph Collection Hotels,Program,45.5040757,-73.5627988,"340 Rue De la Gauchetière O O, Montréal, QC H2Z 0C3, Canada",google_places,PLACE_DETAILS,ChIJ04billoayUwRTPwK5rFy2wk,establishment;lodging;point_of_interest,False,CACHED
"Grand Bohemian Hotel Mountain Brook, Autograph Collection",https://www.americanexpress.com/en-us/travel/discover/property/Alabama-US/Mountain-Brook/Grand-Bohemian-Hotel-Mountain-Brook-Autograph-Collection?intlink=US-travel-discover-property-results-propertyCard-Grand-Bohemian-Hotel-Mountain-Brook-Autograph-Collection,"Mountain Brook, Alabama US",THE HOTEL COLLECTION,Autograph Collection Hotels,Program,33.4877821,-86.7740589,"2655 Lane Park Rd, Birmingham, AL 35223, USA",google_places,PLACE_DETAILS,ChIJETQptSkaiYgRoeohBx9xhLI,establishment;lodging;point_of_interest,False,CACHED
The Dean Munich - Autograph Collection,https://www.americanexpress.com/en-us/travel/discover/property/Germany/Munich/The-Dean-Munich---Autograph-Collection?intlink=US-travel-discover-property-results-propertyCard-The-Dean-Munich---Autograph-Collection,"Munich, Germany",THE HOTEL COLLECTION,Autograph Collection Hotels,Program,48.13985,11.54095,"Landsberger Str. 68, 80339 München, Germany",google_places,PLACE_DETAILS,ChIJWYcVRAJ2nkcRhTlzBtH_wFU,establishment;lodging;point_of_interest,False,CACHED
The Union Station Nashville Yards,https://www.americanexpress.com/en-us/travel/discover/property/Tennessee-US/Nashville/The-Union-Station-Nashville-Yards?intlink=US-travel-discover-property-results-propertyCard-The-Union-Station-Nashville-Yards,"Nashville, Tennessee US",THE HOTEL COLLECTION,Autograph Collection Hotels,Program,36.1572649,-86.78476979999999,"1001 Broadway, Nashville, TN 37203, USA",google_places,PLACE_DETAILS,ChIJV7WD9_RmZIgRjFrEo3_qtCc,establishment;lodging;point_of_interest,False,CACHED
"Lido House Hotel, Autograph Collection",https://www.americanexpress.com/en-us/travel/discover/property/California-US/Newport-Beach/Lido-House-Hotel-Autograph-Collection?intlink=US-travel-discover-property-results-propertyCard-Lido-House-Hotel-Autograph-Collection,"Newport Beach, California US",THE HOTEL COLLECTION,Autograph Collection Hotels,Program,33.6168378,-117.9297513,"3300 Newport Blvd, Newport Beach, CA 92663, USA",google_places,PLACE_DETAILS,ChIJvThEsAYg3YARGUPqgwFJcWg,establishment;lodging;point_of_interest,False,CACHED
"Domes Novos Santorini, Autograph Collection",https://www.americanexpress.com/en-us/travel/discover/property/Greece/Oia/Domes-Novos-Santorini-Autograph-Collection?intlink=US-travel-discover-property-results-propertyCard-Domes-Novos-Santorini-Autograph-Collection,"Oia, Greece",THE HOTEL COLLECTION,Autograph Collection Hotels,Program,36.4708762,25.3785468,"Tholos 847 02, Greece",google_places,PLACE_DETAILS,ChIJdY3gDt_NmRQRKBnEwQS02ME,establishment;lodging;point_of_interest,False,CACHED
"The Osaka Station Hotel, Autograph Collection",https://www.americanexpress.com/en-us/travel/discover/property/Japan/Osaka/The-Osaka-Station-Hotel-Autograph-Collection?intlink=US-travel-discover-property-results-propertyCard-The-Osaka-Station-Hotel-Autograph-Collection,"Osaka, Japan",THE HOTEL COLLECTION,Autograph Collection Hotels,Program,34.7005991,135.4943196,"3-chōme-2-2 Umeda, Kita Ward, Osaka, 530-0001, Japan",google_places,PLACE_DETAILS,ChIJYQmpVZrnAGAR1HWdd0iPCt8,establishment;lodging;point_of_interest,False,CACHED
The Coral at Atlantis,https://www.americanexpress.com/en-us/travel/discover/property/The-Bahamas/Paradise-Island/The-Coral-At-Atlantis?intlink=US-travel-discover-property-results-propertyCard-The-Coral-At-Atlantis,"Paradise Island, The Bahamas",THE HOTEL COLLECTION,Autograph Collection Hotels,Program,25.0839915,-77.3197021,"One Casino Drive, Suite 21, 1 Casino Drive, Paradise Island, The Bahamas",google_places,PLACE_DETAILS,ChIJce31Prt9L4kRF1YWUwWRZys,establishment;lodging;point_of_interest,False,CACHED
The Royal at Atlantis,https://www.americanexpress.com/en-us/travel/discover/property/The-Bahamas/Paradise-Island/The-Royal-At-Atlantis?intlink=US-travel-discover-property-results-propertyCard-The-Royal-At-Atlantis,"Paradise Island, The Bahamas",THE HOTEL COLLECTION,Autograph Collection Hotels,Program,25.084634,-77.32379,"1 Casino Drive, Paradise Island, The Bahamas",google_places,PLACE_DETAILS,ChIJG_e8RaR9L4kRAqZa2820HqU,establishment;lodging;point_of_interest,False,CACHED
"The Industrialist Hotel, Pittsburgh",https://www.americanexpress.com/en-us/travel/discover/property/Pennsylvania-US/Pittsburgh/The-Industrialist-Hotel-Pittsburgh?intlink=US-travel-discover-property-results-propertyCard-The-Industrialist-Hotel-Pittsburgh,"Pittsburgh, Pennsylvania US",THE HOTEL COLLECTION,Autograph Collection Hotels,Program,40.4395984,-80.0014058,"405 Wood St, Pittsburgh, PA 15222, USA",google_places,PLACE_DETAILS,ChIJC8RwzFbxNIgRvRy756mzYqw,establishment;lodging;point_of_interest,False,CACHED
"The Press Hotel, Autograph Collection",https://www.americanexpress.com/en-us/travel/discover/property/Maine-US/Portland/The-Press-Hotel-Autograph-Collection?intlink=US-travel-discover-property-results-propertyCard-The-Press-Hotel-Autograph-Collection,"Portland, Maine US",THE HOTEL COLLECTION,Autograph Collection Hotels,Program,43.65888169999999,-70.2562268,"119 Exchange St, Portland, ME 04101, USA",google_places,PLACE_DETAILS,ChIJQxj212qcskwRB349HH1tqZM,establishment;lodging;point_of_interest,False,CACHED
"The Josie Hotel, Autograph Collection",https://www.americanexpress.com/en-us/travel/discover/property/British-Columbia-CA/Rossland/The-Josie-Hotel-Autograph-Collection?intlink=US-travel-discover-property-results-propertyCard-The-Josie-Hotel-Autograph-Collection,"Rossland, British Columbia CA",THE HOTEL COLLECTION,Autograph Collection Hotels,Program,49.1028938,-117.8201305,"4306 Old Red Mountain Rd., Rossland, BC V0G 1Y0, Canada",google_places,PLACE_DETAILS,ChIJudGUtmXQYlMRB81NWsmWnxk,establishment;lodging;point_of_interest,False,CACHED
"Asher Adams, an Autograph Collection",https://www.americanexpress.com/en-us/travel/discover/property/Utah-US/Salt-Lake-City/Asher-Adams-An-Autograph-Collection?intlink=US-travel-discover-property-results-propertyCard-Asher-Adams-An-Autograph-Collection,"Salt Lake City, Utah US",THE HOTEL COLLECTION,Autograph Collection Hotels,Program,40.7693908,-111.9030898,"2 400 W, Salt Lake City, UT 84101, USA",google_places,PLACE_DETAILS,ChIJNYOxHCn1UocRL_lTpa-NJms,establishment;lodging;point_of_interest,False,CACHED
The Plaza San Antonio Hotel & Spa,https://www.americanexpress.com/en-us/travel/discover/property/Texas-US/San-Antonio/The-Plaza-San-Antonio-Hotel--Spa?intlink=US-travel-discover-property-results-propertyCard-The-Plaza-San-Antonio-Hotel--Spa,"San Antonio, Texas US",THE HOTEL COLLECTION,Autograph Collection Hotels,Program,29.4188211,-98.48915819999999,"555 S Alamo St, San Antonio, TX 78205, USA",google_places,PLACE_DETAILS,ChIJSRVfZ6lYXIYRPrKA7H6PEwA,establishment;lodging;point_of_interest,False,CACHED
"Alma San Juan, Puerto Rico, Autograph Collection",https://www.americanexpress.com/en-us/travel/discover/property/Puerto-Rico/San-Juan/Alma-San-Juan-Puerto-Rico-Autograph-Collection?intlink=US-travel-discover-property-results-propertyCard-Alma-San-Juan-Puerto-Rico-Autograph-Collection,"San Juan, Puerto Rico",THE HOTEL COLLECTION,Autograph Collection Hotels,Program,18.4665774,-66.1122283,"405 C. de San Francisco, San Juan, 00901, Puerto Rico",google_places,PLACE_DETAILS,ChIJRSFgkfBvA4wR_Ym2t6ienLY,establishment;lodging;point_of_interest,False,CACHED
"Alaia Belize, Autograph Collection",https://www.americanexpress.com/en-us/travel/discover/property/Belize/San-Pedro/Alaia-Belize-Autograph-Collection?intlink=US-travel-discover-property-results-propertyCard-Alaia-Belize-Autograph-Collection,"San Pedro, Belize",THE HOTEL COLLECTION,Autograph Collection Hotels,Program,17.9057191,-87.9754361,"Ambergris Caye, Sea Grape Drive, San Pedro, Belize",google_places,PLACE_DETAILS,ChIJdTK-TAabXI8R0DjLkh42cMs,establishment;lodging;point_of_interest,False,CACHED
"Sandbourne Santa Monica, Autograph Collection",https://www.americanexpress.com/en-us/travel/discover/property/California-US/Santa-Monica/Sandbourne-Santa-Monica-Autograph-Collection?intlink=US-travel-discover-property-results-propertyCard-Sandbourne-Santa-Monica-Autograph-Collection,"Santa Monica, California US",THE HOTEL COLLECTION,Autograph Collection Hotels,Program,34.0087825,-118.4922624,"1740 Ocean Ave, Santa Monica, CA 90401, USA",google_places,PLACE_DETAILS,ChIJJ8mcgdakwoAR3ZhLWqTCdB0,establishment;lodging;point_of_interest,False,CACHED
Querencia de Sevilla,https://www.americanexpress.com/en-us/travel/discover/property/Spain/Seville/Querencia-De-Sevilla?intlink=US-travel-discover-property-results-propertyCard-Querencia-De-Sevilla,"Seville, Spain",THE HOTEL COLLECTION,Autograph Collection Hotels,Program,37.3878012,-5.994550599999999,"C. Fernández y González, 4, Casco Antiguo, 41001 Sevilla, Spain",google_places,PLACE_DETAILS,ChIJbSIN09VtEg0R-ZtWOtNJvew,establishment;lodging;point_of_interest,False,CACHED
"Ortea Palace Hotel, Sicily - Autograph Collection",https://www.americanexpress.com/en-us/travel/discover/property/Italy/Siracusa/Ortea-Palace-Hotel-Sicily---Autograph-Collection?intlink=US-travel-discover-property-results-propertyCard-Ortea-Palace-Hotel-Sicily---Autograph-Collection,"Siracusa, Italy",THE HOTEL COLLECTION,Autograph Collection Hotels,Program,37.0659902,15.292066,"Via Nazario Sauro, S.N, 96100 Siracusa SR, Italy",google_places,PLACE_DETAILS,ChIJaZATUSHPExMRKP7l7_ZO9Xs,establishment;lodging;point_of_interest,False,CACHED
"Viewline Resort Snowmass, Autograph Collection",https://www.americanexpress.com/en-us/travel/discover/property/Colorado-US/Snowmass-Village/Viewline-Resort-Snowmass-Autograph-Collection?intlink=US-travel-discover-property-results-propertyCard-Viewline-Resort-Snowmass-Autograph-Collection,"Snowmass Village, Colorado US",THE HOTEL COLLECTION,Autograph Collection Hotels,Program,39.2057402,-106.953496,"100 Elbert Ln, Snowmass Village, CO 81615, USA",google_places,PLACE_DETAILS,ChIJ76bnixlHQIcR5mwxxk2MGug,establishment;lodging;point_of_interest,False,CACHED
"The Lodge at Sonoma Resort, Autograph Collection",https://www.americanexpress.com/en-us/travel/discover/property/California-US/Sonoma/The-Lodge-At-Sonoma-Resort-Autograph-Collection?intlink=US-travel-discover-property-results-propertyCard-The-Lodge-At-Sonoma-Resort-Autograph-Collection,"Sonoma, California US",THE HOTEL COLLECTION,Autograph Collection Hotels,Program,38.2772271,-122.4610328,"1325 Broadway, Sonoma, CA 95476, USA",google_places,PLACE_DETAILS,ChIJxVOFYbmuhYARUzOxodeVA4w,establishment;lodging;point_of_interest,False,CACHED
"The Vinoy Resort and Golf Club, Autograph Collection",https://www.americanexpress.com/en-us/travel/discover/property/Florida-US/St.-Petersburg/The-Vinoy-Resort-And-Golf-Club-Autograph-Collection?intlink=US-travel-discover-property-results-propertyCard-The-Vinoy-Resort-And-Golf-Club-Autograph-Collection,"St. Petersburg, Florida US",THE HOTEL COLLECTION,Autograph Collection Hotels,Program,27.7780658,-82.6303344,"501 5th Ave NE, St. Petersburg, FL 33701, USA",google_places,PLACE_DETAILS,ChIJmWdX-XThwogR7MeB5_pW8EQ,establishment;lodging;point_of_interest,False,CACHED
"The Prince Sakura Tower Tokyo, Autograph Collection",https://www.americanexpress.com/en-us/travel/discover/property/Japan/Tokyo/The-Prince-Sakura-Tower-Tokyo-Autograph-Collection?intlink=US-travel-discover-property-results-propertyCard-The-Prince-Sakura-Tower-Tokyo-Autograph-Collection,"Tokyo, Japan",THE HOTEL COLLECTION,Autograph Collection Hotels,Program,35.6309727,139.7354282,"3-chōme-13-1 Takanawa, Minato City, Tokyo 108-8612, Japan",google_places,PLACE_DETAILS,ChIJWdC8rWGMGGARqiHKHgnKtYM,establishment;lodging;point_of_interest,False,CACHED
"Grand Hotel Centenari, Valencia, Autograph Collection",https://www.americanexpress.com/en-us/travel/discover/property/Spain/Valencia/Grand-Hotel-Centenari-Valencia-Autograph-Collection?intlink=US-travel-discover-property-results-propertyCard-Grand-Hotel-Centenari-Valencia-Autograph-Collection,"Valencia, Spain",THE HOTEL COLLECTION,Autograph Collection Hotels,Program,39.4690555,-0.3759757,"Pl. de l'Ajuntament, 25, 2, Ciutat Vella, 46002 València, Valencia, Spain",google_places,PLACE_DETAILS,ChIJrd0mSPZPYA0Rme_BLTjcsrE,establishment;lodging;point_of_interest,False,CACHED
"The DOUGLAS, Autograph Collection Hotels, Vancouver",https://www.americanexpress.com/en-us/travel/discover/property/British-Columbia-CA/Vancouver/The-Douglas-Autograph-Collection-Hotels-Vancouver?intlink=US-travel-discover-property-results-propertyCard-The-Douglas-Autograph-Collection-Hotels-Vancouver,"Vancouver, British Columbia CA",THE HOTEL COLLECTION,Autograph Collection Hotels,Program,49.27572319999999,-123.1138588,"45 Smithe St, Vancouver, BC V6B 0R3, Canada",google_places,PLACE_DETAILS,ChIJEXO2cX1xhlQR0HS-Wy_Vqxk,establishment;lodging;point_of_interest,False,CACHED
Forte de Gaia- Autograph Collection,https://www.americanexpress.com/en-us/travel/discover/property/Portugal/Vila-Nova-de-Gaia/Forte-De-Gaia--Autograph-Collection?intlink=US-travel-discover-property-results-propertyCard-Forte-De-Gaia--Autograph-Collection,"Vila Nova de Gaia, Portugal",THE HOTEL COLLECTION,Autograph Collection Hotels,Program,41.1363284,-8.618381099999999,"R. de Serpa Pinto 60, 4400-307 Vila Nova de Gaia, Portugal",google_places,PLACE_DETAILS,ChIJQ_pZViBlJA0RYe8KIN5hb1w,establishment;lodging;point_of_interest,False,CACHED
The Ben West Palm,https://www.americanexpress.com/en-us/travel/discover/property/Florida-US/West-Palm-Beach/The-Ben-West-Palm?intlink=US-travel-discover-property-results-propertyCard-The-Ben-West-Palm,"West Palm Beach, Florida US",THE HOTEL COLLECTION,Autograph Collection Hotels,Program,26.7148248,-80.0507049,"251 N Narcissus Ave, West Palm Beach, FL 33401, USA",google_places,PLACE_DETAILS,ChIJVZN0D_vX2IgRTj_kU-5vLlg,establishment;lodging;point_of_interest,False,CACHED
"Domes Aulus Zante, Autograph Collection",https://www.americanexpress.com/en-us/travel/discover/property/Greece/Zakynthos/Domes-Aulus-Zante-Autograph-Collection?intlink=US-travel-discover-property-results-propertyCard-Domes-Aulus-Zante-Autograph-Collection,"Zakynthos, Greece",THE HOTEL COLLECTION,Autograph Collection Hotels,Program,37.7302044,20.8751233,"Laganas 291 00, Greece",google_places,PLACE_DETAILS,ChIJV3zZY0Q4ZxMRrbbfvyGravQ,establishment;lodging;point_of_interest,False,CACHED
Hotel Le Gray D'Albion Cannes,https://www.americanexpress.com/en-us/travel/discover/property/France/Cannes/Hotel-Le-Gray-Dalbion-Cannes?intlink=US-travel-discover-property-results-propertyCard-Hotel-Le-Gray-Dalbion-Cannes,"Cannes, France",THE HOTEL COLLECTION,Barrière Group,Program,43.5521026,7.020907999999999,"38 Rue des Serbes, 06400 Cannes, France",google_places,PLACE_DETAILS,ChIJifbPx5OBzhIR9ka98NoR6zk,establishment;food;lodging;point_of_interest;restaurant,False,CACHED
"Romazzino, A Belmond Hotel, Costa Smerlda",https://www.americanexpress.com/en-us/travel/discover/property/Italy/Arzachena/Romazzino-A-Belmond-Hotel-Costa-Smerlda?intlink=US-travel-discover-property-results-propertyCard-Romazzino-A-Belmond-Hotel-Costa-Smerlda,"Arzachena, Italy",THE HOTEL COLLECTION,Belmond,Program,41.0991819,9.5636536,"Via Romazzino, 4, 07021 Arzachena Provincia della Gallura Nord-Est Sardegna, Italy",google_places,PLACE_DETAILS,ChIJM71qXbtA2RIRNgC3Pi_4FLI,establishment;lodging;point_of_interest,False,CACHED
Riverhouse Lodge,https://www.americanexpress.com/en-us/travel/discover/property/Oregon-US/Bend/Riverhouse-Lodge?intlink=US-travel-discover-property-results-propertyCard-Riverhouse-Lodge,"Bend, Oregon US",THE HOTEL COLLECTION,Benchmark Resorts and Hotels,Program,44.0810524,-121.3060649,"3075 N Hwy 97, Bend, OR 97703, USA",google_places,PLACE_DETAILS,ChIJ5ZaRk7fIuFQRxnDqancLaW8,establishment;lodging;point_of_interest,False,CACHED
Black Rock Mountain Resort,https://www.americanexpress.com/en-us/travel/discover/property/Utah-US/Heber-City/Black-Rock-Mountain-Resort?intlink=US-travel-discover-property-results-propertyCard-Black-Rock-Mountain-Resort,"Heber City, Utah US",THE HOTEL COLLECTION,Benchmark Resorts and Hotels,Program,36.1555791,-115.3320097,"11011 W Charleston Blvd, Las Vegas, NV 89135, USA",google_places,PLACE_DETAILS,ChIJPyboc06-yIAR_JCJkTTID9M,establishment;lodging;point_of_interest,False,CACHED
Wayfinder Waikiki,https://www.americanexpress.com/en-us/travel/discover/property/Hawaii-US/Honolulu/Wayfinder-Waikiki?intlink=US-travel-discover-property-results-propertyCard-Wayfinder-Waikiki,"Honolulu, Hawaii US",THE HOTEL COLLECTION,Benchmark Resorts and Hotels,Program,21.2788077,-157.8232377,"2375 Ala Wai Blvd, Honolulu, HI 96815, USA",google_places,PLACE_DETAILS,ChIJUQ1vBx5zAHwRv9BZddOEOP0,bar;establishment;food;lodging;point_of_interest;restaurant,False,CACHED
Naples Grande Beach Resort,https://www.americanexpress.com/en-us/travel/discover/property/Florida-US/Naples/Naples-Grande-Beach-Resort?intlink=US-travel-discover-property-results-propertyCard-Naples-Grande-Beach-Resort,"Naples, Florida US",THE HOTEL COLLECTION,Benchmark Resorts and Hotels,Program,25.9216044,-81.72800199999999,"560 S Collier Blvd, Marco Island, FL 34145, USA",google_places,PLACE_DETAILS,ChIJ8z0Id2fu2ogRhYNWWmIwV7o,establishment;lodging;point_of_interest,False,CACHED
Mountain Shadows Resort Scottsdale,https://www.americanexpress.com/en-us/travel/discover/property/Arizona-US/Paradise-Valley/Mountain-Shadows-Resort-Scottsdale?intlink=US-travel-discover-property-results-propertyCard-Mountain-Shadows-Resort-Scottsdale,"Paradise Valley, Arizona US",THE HOTEL COLLECTION,Benchmark Resorts and Hotels,Program,33.647456,-111.9117074,"7887 E Princess Blvd, Scottsdale, AZ 85255, USA",google_places,PLACE_DETAILS,ChIJ9SzgyIN2K4cRTQ1AaTT-a3k,establishment;lodging;point_of_interest,False,CACHED
Sentinel,https://www.americanexpress.com/en-us/travel/discover/property/Oregon-US/Portland/Sentinel?intlink=US-travel-discover-property-results-propertyCard-Sentinel,"Portland, Oregon US",THE HOTEL COLLECTION,Benchmark Resorts and Hotels,Program,30.17366849999999,-95.4697029,"1780 Hughes Landing Blvd #400, The Woodlands, TX 77380, USA",google_places,PLACE_DETAILS,ChIJA-EAWpU2R4YRdBPaU1Pmuks,establishment;point_of_interest,False,CACHED
Cambridge Beaches Resort & Spa,https://www.americanexpress.com/en-us/travel/discover/property/Bermuda/Sandys/Cambridge-Beaches-Resort--Spa?intlink=US-travel-discover-property-results-propertyCard-Cambridge-Beaches-Resort--Spa,"Sandys, Bermuda",THE HOTEL COLLECTION,Benchmark Resorts and Hotels,Program,32.352586,-64.71217399999999,"11 Blue Hole Hill Hamilton, Hamilton Parish CR 04, Bermuda",google_places,PLACE_DETAILS,ChIJu50l7RYTLYoRgIjfltLQue4,bar;establishment;food;lodging;point_of_interest;restaurant,False,CACHED
Hotel Valley Ho,https://www.americanexpress.com/en-us/travel/discover/property/Arizona-US/Scottsdale/Hotel-Valley-Ho?intlink=US-travel-discover-property-results-propertyCard-Hotel-Valley-Ho,"Scottsdale, Arizona US",THE HOTEL COLLECTION,Benchmark Resorts and Hotels,Program,33.4936282,-111.9332457,"6850 E Main St, Scottsdale, AZ 85251, USA",google_places,PLACE_DETAILS,ChIJrVJkm5QLK4cRnSmp5WqKapk,establishment;food;lodging;point_of_interest;restaurant;spa,False,CACHED
Willows Lodge,https://www.americanexpress.com/en-us/travel/discover/property/Washington-US/Woodinville/Willows-Lodge?intlink=US-travel-discover-property-results-propertyCard-Willows-Lodge,"Woodinville, Washington US",THE HOTEL COLLECTION,Benchmark Resorts and Hotels,Program,47.7336096,-122.1468088,"14580 NE 145th St, Woodinville, WA 98072, USA",google_places,PLACE_DETAILS,ChIJlZKpYLQNkFQR1SBmeMRbmO4,establishment;lodging;point_of_interest,False,CACHED
Canopy by Hilton Atlanta Midtown,https://www.americanexpress.com/en-us/travel/discover/property/Georgia-US/Atlanta/Canopy-By-Hilton-Atlanta-Midtown?intlink=US-travel-discover-property-results-propertyCard-Canopy-By-Hilton-Atlanta-Midtown,"Atlanta, Georgia US",THE HOTEL COLLECTION,Canopy by Hilton,Program,33.7931798,-84.3880494,"1414 W Peachtree St NW, Atlanta, GA 30309, USA",google_places,PLACE_DETAILS,ChIJ477LYFAE9YgR24puh_com0g,establishment;lodging;point_of_interest,False,CACHED
Canopy by Hilton Austin Downtown,https://www.americanexpress.com/en-us/travel/discover/property/Texas-US/Austin/Canopy-By-Hilton-Austin-Downtown?intlink=US-travel-discover-property-results-propertyCard-Canopy-By-Hilton-Austin-Downtown,"Austin, Texas US",THE HOTEL COLLECTION,Canopy by Hilton,Program,30.2651833,-97.73810329999999,"500 E 4th St, Austin, TX 78701, USA",google_places,PLACE_DETAILS,ChIJj9dtEqi1RIYRaUVSQdHpaiA,establishment;lodging;point_of_interest,False,CACHED
Canopy by Hilton Baltimore Harbor Point,https://www.americanexpress.com/en-us/travel/discover/property/Maryland-US/Baltimore/Canopy-By-Hilton-Baltimore-Harbor-Point?intlink=US-travel-discover-property-results-propertyCard-Canopy-By-Hilton-Baltimore-Harbor-Point,"Baltimore, Maryland US",THE HOTEL COLLECTION,Canopy by Hilton,Program,39.2794609,-76.5977249,"1215 Wills St, Baltimore, MD 21231, USA",google_places,PLACE_DETAILS,ChIJPzI6KH8DyIkRReH9Vl1ry4E,establishment;lodging;point_of_interest,False,CACHED
Canopy By Hilton Cancun La Isla,https://www.americanexpress.com/en-us/travel/discover/property/Quintana-Roo-MX/Cancún/Canopy-By-Hilton-Cancun-La-Isla?intlink=US-travel-discover-property-results-propertyCard-Canopy-By-Hilton-Cancun-La-Isla,"Cancún, Quintana Roo MX",THE HOTEL COLLECTION,Canopy by Hilton,Program,21.1123249,-86.7624316,"Blvd. Kukulcan S N-Km. 12.5, La Isla, Zona Hotelera, 77500 Cancún, Q.R., Mexico",google_places,PLACE_DETAILS,ChIJ8aWPWg4pTI8Rmd5RgDo8rj4,establishment;lodging;point_of_interest,False,CACHED
Canopy by Hilton Cannes,https://www.americanexpress.com/en-us/travel/discover/property/France/Cannes/Canopy-By-Hilton-Cannes?intlink=US-travel-discover-property-results-propertyCard-Canopy-By-Hilton-Cannes,"Cannes, France",THE HOTEL COLLECTION,Canopy by Hilton,Program,43.5484162,7.0119414,"2 Bd Jean Hibert, 06400 Cannes, France",google_places,PLACE_DETAILS,ChIJ4dn_ZKGBzhIRgUyS4Z00dEE,establishment;lodging;point_of_interest;spa,False,CACHED
Canopy by Hilton Cape Town Longkloof,https://www.americanexpress.com/en-us/travel/discover/property/South-Africa/Cape-Town/Canopy-By-Hilton-Cape-Town-Longkloof?intlink=US-travel-discover-property-results-propertyCard-Canopy-By-Hilton-Cape-Town-Longkloof,"Cape Town, South Africa",THE HOTEL COLLECTION,Canopy by Hilton,Program,-33.9284225,18.4107376,"Park Rd, Gardens, Cape Town, 8000, South Africa",google_places,PLACE_DETAILS,ChIJL0i0_HFnzB0Rul39dmhtkYU,establishment;lodging;point_of_interest,False,CACHED
Canopy by Hilton Chicago Central Loop,https://www.americanexpress.com/en-us/travel/discover/property/Illinois-US/Chicago/Canopy-By-Hilton-Chicago-Central-Loop?intlink=US-travel-discover-property-results-propertyCard-Canopy-By-Hilton-Chicago-Central-Loop,"Chicago, Illinois US",THE HOTEL COLLECTION,Canopy by Hilton,Program,41.8782262,-87.6348831,"226 W Jackson Blvd, Chicago, IL 60606, USA",google_places,PLACE_DETAILS,ChIJIaiDreYtDogRyw-0LbRJUTo,establishment;lodging;point_of_interest,False,CACHED
Canopy by Hilton Dallas Uptown,https://www.americanexpress.com/en-us/travel/discover/property/Texas-US/Dallas/Canopy-By-Hilton-Dallas-Uptown?intlink=US-travel-discover-property-results-propertyCard-Canopy-By-Hilton-Dallas-Uptown,"Dallas, Texas US",THE HOTEL COLLECTION,Canopy by Hilton,Program,32.8068795,-96.7952538,"2950 Cityplace W Blvd, Dallas, TX 75204, USA",google_places,PLACE_DETAILS,ChIJlSDF-tSeToYRvFcS7b9LQQw,establishment;lodging;point_of_interest,False,CACHED
Canopy by Hilton Dubai Al Seef,https://www.americanexpress.com/en-us/travel/discover/property/United-Arab-Emirates/Dubai/Canopy-By-Hilton-Dubai-Al-Seef?intlink=US-travel-discover-property-results-propertyCard-Canopy-By-Hilton-Dubai-Al-Seef,"Dubai, United Arab Emirates",THE HOTEL COLLECTION,Canopy by Hilton,Program,25.2560297,55.31186599999999,Al Seef St - Umm Hurair First - Umm Hurair 1 - Dubai - United Arab Emirates,google_places,PLACE_DETAILS,ChIJmeqSri1DXz4RD9aQhZtvETI,establishment;lodging;point_of_interest,False,CACHED
Canopy by Hilton Grand Rapids Downtown,https://www.americanexpress.com/en-us/travel/discover/property/Michigan-US/Grand-Rapids/Canopy-By-Hilton-Grand-Rapids-Downtown?intlink=US-travel-discover-property-results-propertyCard-Canopy-By-Hilton-Grand-Rapids-Downtown,"Grand Rapids, Michigan US",THE HOTEL COLLECTION,Canopy by Hilton,Program,42.9603429,-85.6704633,"131 Ionia Ave SW, Grand Rapids, MI 49503, USA",google_places,PLACE_DETAILS,ChIJjx8pvsOtGYgRMr97Qx0R8Gc,establishment;food;point_of_interest;restaurant,False,CACHED
Canopy by Hilton Istanbul Taksim,https://www.americanexpress.com/en-us/travel/discover/property/Turkey/Istanbul/Canopy-By-Hilton-Istanbul-Taksim?intlink=US-travel-discover-property-results-propertyCard-Canopy-By-Hilton-Istanbul-Taksim,"Istanbul, Turkey",THE HOTEL COLLECTION,Canopy by Hilton,Program,41.0366048,28.9799747,"Şehit Muhtar, Tarlabaşı Blv No: 122 D:140, 34435 Beyoğlu/İstanbul, Türkiye",google_places,PLACE_DETAILS,ChIJW0V5C7a3yhQRqh1Zfb4hW3E,establishment;lodging;point_of_interest,False,PLACES:Canopy by Hilton Istanbul Taksim Canopy by Hilton Hotel
Canopy by Hilton London City,https://www.americanexpress.com/en-us/travel/discover/property/England/London/Canopy-By-Hilton-London-City?intlink=US-travel-discover-property-results-propertyCard-Canopy-By-Hilton-London-City,"London, England",THE HOTEL COLLECTION,Canopy by Hilton,Program,51.5129207,-0.0752737,"11-15 Minories, London EC3N 1AX, UK",google_places,PLACE_DETAILS,ChIJL8TBACMDdkgRM2WT_mKfLx0,establishment;lodging;point_of_interest,False,CACHED
Canopy by Hilton Seychelles Resort,https://www.americanexpress.com/en-us/travel/discover/property/Seychelles/Mahe/Canopy-By-Hilton-Seychelles-Resort?intlink=US-travel-discover-property-results-propertyCard-Canopy-By-Hilton-Seychelles-Resort,"Mahe, Seychelles",THE HOTEL COLLECTION,Canopy by Hilton,Program,-4.7326742,55.4919804,"Anse La Mouche, Mahé, Seychelles",google_places,PLACE_DETAILS,ChIJfUjs4VfV4SIRy4F8PaFeIL4,establishment;lodging;point_of_interest;spa,False,CACHED
Canopy by Hilton Memphis Downtown Beale Street,https://www.americanexpress.com/en-us/travel/discover/property/Tennessee-US/Memphis/Canopy-By-Hilton-Memphis-Downtown-Beale-Street?intlink=US-travel-discover-property-results-propertyCard-Canopy-By-Hilton-Memphis-Downtown-Beale-Street,"Memphis, Tennessee US",THE HOTEL COLLECTION,Canopy by Hilton,Program,35.1428152,-90.05150640000001,"164 Union Ave, Memphis, TN 38103, USA",google_places,PLACE_DETAILS,ChIJWXjhrJZ-1YcRfH5ITT5QZKs,establishment;lodging;point_of_interest,False,CACHED
Canopy by Hilton Minneapolis - Mill District,https://www.americanexpress.com/en-us/travel/discover/property/Minnesota-US/Minneapolis/Canopy-By-Hilton-Minneapolis---Mill-District?intlink=US-travel-discover-property-results-propertyCard-Canopy-By-Hilton-Minneapolis---Mill-District,"Minneapolis, Minnesota US",THE HOTEL COLLECTION,Canopy by Hilton,Program,44.9768005,-93.2588646,"708 S 3rd St, Minneapolis, MN 55415, USA",google_places,PLACE_DETAILS,ChIJq6pqh2Ets1IRQ2-AmWPPww4,establishment;lodging;point_of_interest,False,CACHED
Canopy by Hilton Nashville Downtown the Gulch,https://www.americanexpress.com/en-us/travel/discover/property/Tennessee-US/Nashville/Canopy-By-Hilton-Nashville-Downtown-The-Gulch?intlink=US-travel-discover-property-results-propertyCard-Canopy-By-Hilton-Nashville-Downtown-The-Gulch,"Nashville, Tennessee US",THE HOTEL COLLECTION,Canopy by Hilton,Program,36.1511811,-86.78199029999999,"920 Division St, Nashville, TN 37203, USA",google_places,PLACE_DETAILS,ChIJR8v9J0FnZIgR_nFBPnu-zTw,establishment;lodging;point_of_interest,False,CACHED
Canopy by Hilton New Orleans - Downtown,https://www.americanexpress.com/en-us/travel/discover/property/Louisiana-US/New-Orleans/Canopy-By-Hilton-New-Orleans---Downtown?intlink=US-travel-discover-property-results-propertyCard-Canopy-By-Hilton-New-Orleans---Downtown,"New Orleans, Louisiana US",THE HOTEL COLLECTION,Canopy by Hilton,Program,29.9540438,-90.0741998,"1100 Tulane Ave, New Orleans, LA 70112, USA",google_places,PLACE_DETAILS,ChIJxxg3fgqmIIYRefVaYPFWhWA,establishment;lodging;point_of_interest,False,CACHED
Canopy by Hilton Paris Eiffel Tower,https://www.americanexpress.com/en-us/travel/discover/property/France/Paris/Canopy-By-Hilton-Paris-Eiffel-Tower?intlink=US-travel-discover-property-results-propertyCard-Canopy-By-Hilton-Paris-Eiffel-Tower,"Paris, France",THE HOTEL COLLECTION,Canopy by Hilton,Program,48.8644493,2.2850454,"16 Av. d'Eylau, 75116 Paris, France",google_places,PLACE_DETAILS,ChIJ88xzcKNv5kcRBf9WdxaYOzk,establishment;lodging;point_of_interest,False,CACHED
Canopy by Hilton Philadelphia Center City,https://www.americanexpress.com/en-us/travel/discover/property/Pennsylvania-US/Philadelphia/Canopy-By-Hilton-Philadelphia-Center-City?intlink=US-travel-discover-property-results-propertyCard-Canopy-By-Hilton-Philadelphia-Center-City,"Philadelphia, Pennsylvania US",THE HOTEL COLLECTION,Canopy by Hilton,Program,39.9509386,-75.1599574,"1180 Ludlow St, Philadelphia, PA 19107, USA",google_places,PLACE_DETAILS,ChIJz6mP1yjGxokRsRcCOL4-OyU,establishment;lodging;point_of_interest,False,CACHED
Canopy by Hilton Portland Waterfront,https://www.americanexpress.com/en-us/travel/discover/property/Maine-US/Portland/Canopy-By-Hilton-Portland-Waterfront?intlink=US-travel-discover-property-results-propertyCard-Canopy-By-Hilton-Portland-Waterfront,"Portland, Maine US",THE HOTEL COLLECTION,Canopy by Hilton,Program,43.6539796,-70.2559153,"9 Center St, Portland, ME 04101, USA",google_places,PLACE_DETAILS,ChIJvfepHD6cskwR6o8_VbT-GCU,establishment;lodging;point_of_interest,False,CACHED
Canopy by Hilton Portland - Pearl District,https://www.americanexpress.com/en-us/travel/discover/property/Oregon-US/Portland/Canopy-By-Hilton-Portland---Pearl-District?intlink=US-travel-discover-property-results-propertyCard-Canopy-By-Hilton-Portland---Pearl-District,"Portland, Oregon US",THE HOTEL COLLECTION,Canopy by Hilton,Program,45.52634,-122.68052,"425 NW 9th Ave, Portland, OR 97209, USA",google_places,PLACE_DETAILS,ChIJO7w-8aoLlVQRnTZs9MM1RX4,establishment;lodging;point_of_interest,False,CACHED
Canopy by Hilton San Antonio Riverwalk,https://www.americanexpress.com/en-us/travel/discover/property/Texas-US/San-Antonio/Canopy-By-Hilton-San-Antonio-Riverwalk?intlink=US-travel-discover-property-results-propertyCard-Canopy-By-Hilton-San-Antonio-Riverwalk,"San Antonio, Texas US",THE HOTEL COLLECTION,Canopy by Hilton,Program,29.4250404,-98.4914352,"123 N St Mary's St, San Antonio, TX 78205, USA",google_places,PLACE_DETAILS,ChIJrTXozqxYXIYR5tkkQd2ekks,establishment;lodging;point_of_interest,False,CACHED
Canopy by Hilton Scottsdale Old Town,https://www.americanexpress.com/en-us/travel/discover/property/Arizona-US/Scottsdale/Canopy-By-Hilton-Scottsdale-Old-Town?intlink=US-travel-discover-property-results-propertyCard-Canopy-By-Hilton-Scottsdale-Old-Town,"Scottsdale, Arizona US",THE HOTEL COLLECTION,Canopy by Hilton,Program,33.4924679,-111.9278393,"7142 E 1st St, Scottsdale, AZ 85251, USA",google_places,PLACE_DETAILS,ChIJ82w3-L8LK4cRSEn5ZIJWELg,establishment;lodging;point_of_interest,False,CACHED
Canopy by Hilton Sioux Falls Downtown,https://www.americanexpress.com/en-us/travel/discover/property/South-Dakota-US/Sioux-Falls/Canopy-By-Hilton-Sioux-Falls-Downtown?intlink=US-travel-discover-property-results-propertyCard-Canopy-By-Hilton-Sioux-Falls-Downtown,"Sioux Falls, South Dakota US",THE HOTEL COLLECTION,Canopy by Hilton,Program,43.5539162,-96.7254636,"120 E 4th Pl, Sioux Falls, SD 57104, USA",google_places,PLACE_DETAILS,ChIJ5W4dY6C1jocRiDcEsq8Kj-Y,establishment;lodging;point_of_interest,False,CACHED
Canopy by Hilton São Paulo Jardins,https://www.americanexpress.com/en-us/travel/discover/property/Brazil/São-Paulo/Canopy-By-Hilton-Sao-Paulo-Jardins?intlink=US-travel-discover-property-results-propertyCard-Canopy-By-Hilton-Sao-Paulo-Jardins,"São Paulo, Brazil",THE HOTEL COLLECTION,Canopy by Hilton,Program,-23.571245,-46.6535661,"R. Saint Hilaire, 40 - Jardim Paulista, São Paulo - SP, 01423-040, Brazil",google_places,PLACE_DETAILS,ChIJidAU_sBZzpQRHEELXq9kOmI,establishment;lodging;point_of_interest,False,CACHED
Canopy by Hilton Tempe Downtown,https://www.americanexpress.com/en-us/travel/discover/property/Arizona-US/Tempe/Canopy-By-Hilton-Tempe-Downtown?intlink=US-travel-discover-property-results-propertyCard-Canopy-By-Hilton-Tempe-Downtown,"Tempe, Arizona US",THE HOTEL COLLECTION,Canopy by Hilton,Program,33.4224437,-111.9372132,"108 E University Dr, Tempe, AZ 85281, USA",google_places,PLACE_DETAILS,ChIJOefnmn4JK4cRTfFauS0AC3k,establishment;lodging;point_of_interest,False,CACHED
Canopy by Hilton Toronto - Yorkville,https://www.americanexpress.com/en-us/travel/discover/property/Ontario-CA/Toronto/Canopy-By-Hilton-Toronto---Yorkville?intlink=US-travel-discover-property-results-propertyCard-Canopy-By-Hilton-Toronto---Yorkville,"Toronto, Ontario CA",THE HOTEL COLLECTION,Canopy by Hilton,Program,43.6720905,-79.3774711,"387 Bloor St E, Toronto, ON M4W 1H7, Canada",google_places,PLACE_DETAILS,ChIJm4mKeFPL1IkRFPlIsgDaRTI,establishment;lodging;point_of_interest,False,CACHED
Canopy by Hilton West Palm Beach - Downtown,https://www.americanexpress.com/en-us/travel/discover/property/Florida-US/West-Palm-Beach/Canopy-By-Hilton-West-Palm-Beach---Downtown?intlink=US-travel-discover-property-results-propertyCard-Canopy-By-Hilton-West-Palm-Beach---Downtown,"West Palm Beach, Florida US",THE HOTEL COLLECTION,Canopy by Hilton,Program,26.7069416,-80.05327439999999,"380 Trinity Pl, West Palm Beach, FL 33401, USA",google_places,PLACE_DETAILS,ChIJOXWHTtPX2IgRfHWp2vMb4Ro,establishment;lodging;point_of_interest,False,CACHED
Canopy by Hilton Zagreb,https://www.americanexpress.com/en-us/travel/discover/property/Croatia/Zagreb/Canopy-By-Hilton-Zagreb?intlink=US-travel-discover-property-results-propertyCard-Canopy-By-Hilton-Zagreb,"Zagreb, Croatia",THE HOTEL COLLECTION,Canopy by Hilton,Program,45.8057242,15.9851661,"Ul. kneza Branimira 29, 10000, Zagreb, Croatia",google_places,PLACE_DETAILS,ChIJvw3XVV3XZUcRbE5RKNLIvQ0,establishment;lodging;point_of_interest,False,CACHED
COMO Metropolitan Bangkok,https://www.americanexpress.com/en-us/travel/discover/property/Thailand/Bangkok/Como-Metropolitan-Bangkok?intlink=US-travel-discover-property-results-propertyCard-Como-Metropolitan-Bangkok,"Bangkok, Thailand",THE HOTEL COLLECTION,COMO Hotels and Resorts,Program,13.7235674,100.5391666,"27 S Sathon Rd, Khwaeng Thung Maha Mek, Khet Sathon, Krung Thep Maha Nakhon 10120, Thailand",google_places,PLACE_DETAILS,ChIJX0k1lC-f4jARcUBHnlIzwGk,establishment;lodging;point_of_interest,False,CACHED
COMO Metropolitan London,https://www.americanexpress.com/en-us/travel/discover/property/England/London/Como-Metropolitan-London?intlink=US-travel-discover-property-results-propertyCard-Como-Metropolitan-London,"London, England",THE HOTEL COLLECTION,COMO Hotels and Resorts,Program,51.5050499,-0.1499958,"19 Old Park Ln, London W1K 1LB, UK",google_places,PLACE_DETAILS,ChIJtzlJgy8FdkgRJt6jUl9ce9c,establishment;lodging;point_of_interest;spa,False,CACHED
COMO Le Montrachet,https://www.americanexpress.com/en-us/travel/discover/property/France/Puligny-Montrachet/Como-Le-Montrachet?intlink=US-travel-discover-property-results-propertyCard-Como-Le-Montrachet,"Puligny-Montrachet, France",THE HOTEL COLLECTION,COMO Hotels and Resorts,Program,46.9447262,4.7539865,"de la Fontaine, 10 Pl. Du Pasquier, 21190 Puligny-Montrachet, France",google_places,PLACE_DETAILS,ChIJTxLOs2j28kcR5rQBbT_sA_M,establishment;food;lodging;point_of_interest;restaurant,False,CACHED
COMO Metropolitan Singapore,https://www.americanexpress.com/en-us/travel/discover/property/Singapore/Singapore/Como-Metropolitan-Singapore?intlink=US-travel-discover-property-results-propertyCard-Como-Metropolitan-Singapore,"Singapore, Singapore",THE HOTEL COLLECTION,COMO Hotels and Resorts,Program,1.3040552,103.8366862,"30 Bideford Rd, Singapore 229922",google_places,PLACE_DETAILS,ChIJ1xTUE-UZ2jER-R6svUXz1VQ,establishment;lodging;point_of_interest,False,CACHED
COMO Uma Ubud,https://www.americanexpress.com/en-us/travel/discover/property/Indonesia/Ubud/Como-Uma-Ubud?intlink=US-travel-discover-property-results-propertyCard-Como-Uma-Ubud,"Ubud, Indonesia",THE HOTEL COLLECTION,COMO Hotels and Resorts,Program,-8.4916618,115.2540541,"Jl. Raya Sanggingan Banjar Lungsiakan, Kedewatan, Kecamatan Ubud, Kabupaten Gianyar, Bali 80571, Indonesia",google_places,PLACE_DETAILS,ChIJD7l4NjE90i0RGLP1Vw4y_Ho,establishment;lodging;point_of_interest,False,CACHED
Conrad Bangkok,https://www.americanexpress.com/en-us/travel/discover/property/Thailand/Bangkok/Conrad-Bangkok?intlink=US-travel-discover-property-results-propertyCard-Conrad-Bangkok,"Bangkok, Thailand",THE HOTEL COLLECTION,Conrad Hotels & Resorts,Program,13.7383916,100.5483117,"87/3 Thanon Witthayu, Khwaeng Lumphini, Pathum Wan, Krung Thep Maha Nakhon 10330, Thailand",google_places,PLACE_DETAILS,ChIJRxrLm96e4jARDgUXE9mfk2E,establishment;lodging;point_of_interest;spa,False,CACHED
Conrad Beijing,https://www.americanexpress.com/en-us/travel/discover/property/China/Beijing/Conrad-Beijing?intlink=US-travel-discover-property-results-propertyCard-Conrad-Beijing,"Beijing, China",THE HOTEL COLLECTION,Conrad Hotels & Resorts,Program,39.9272148,116.4604779,"29 Dong San Huan Bei Lu, 使馆区 Chao Yang Qu, China, 100020",google_places,PLACE_DETAILS,ChIJHWpTidlR8DURAdCa7rn6-cE,establishment;lodging;point_of_interest,False,CACHED
Conrad Dubai,https://www.americanexpress.com/en-us/travel/discover/property/United-Arab-Emirates/Dubai/Conrad-Dubai?intlink=US-travel-discover-property-results-propertyCard-Conrad-Dubai,"Dubai, United Arab Emirates",THE HOTEL COLLECTION,Conrad Hotels & Resorts,Program,25.2256603,55.2840912,Sheikh Zayed Rd - Trade Center First - Dubai - United Arab Emirates,google_places,PLACE_DETAILS,ChIJS-V5iO5CXz4RBNn7K8JMwBg,establishment;lodging;point_of_interest;spa,False,CACHED
Conrad Guangzhou,https://www.americanexpress.com/en-us/travel/discover/property/China/Guangzhou/Conrad-Guangzhou?intlink=US-travel-discover-property-results-propertyCard-Conrad-Guangzhou,"Guangzhou, China",THE HOTEL COLLECTION,Conrad Hotels & Resorts,Program,23.115843,113.3326563,"China, Guang Zhou Shi, Tian He Qu, 珠江新城兴民路222号 邮政编码: 510623",google_places,PLACE_DETAILS,ChIJL1zR4Av_AjQRxbQEW8x0qi8,establishment;lodging;point_of_interest,False,CACHED
Conrad Hangzhou,https://www.americanexpress.com/en-us/travel/discover/property/China/Hangzhou/Conrad-Hangzhou?intlink=US-travel-discover-property-results-propertyCard-Conrad-Hangzhou,"Hangzhou, China",THE HOTEL COLLECTION,Conrad Hotels & Resorts,Program,30.2481139,120.2125809,"228 Xin Ye Lu, 上城区, Hang Zhou Shi, Zhe Jiang Sheng, China, 310008",google_places,PLACE_DETAILS,ChIJzx5v4_qcTDQR5tMa_4zIttY,establishment;lodging;point_of_interest,False,CACHED
Conrad Las Vegas at Resorts World,https://www.americanexpress.com/en-us/travel/discover/property/Nevada-US/Las-Vegas/Conrad-Las-Vegas-At-Resorts-World?intlink=US-travel-discover-property-results-propertyCard-Conrad-Las-Vegas-At-Resorts-World,"Las Vegas, Nevada US",THE HOTEL COLLECTION,Conrad Hotels & Resorts,Program,36.1346181,-115.1655924,"111 Resorts World Ave, Las Vegas, NV 89109, USA",google_places,PLACE_DETAILS,ChIJqXJSOhPEyIAR4P3NJ0XNHy0,establishment;lodging;point_of_interest,False,CACHED
Conrad London St. James,https://www.americanexpress.com/en-us/travel/discover/property/England/London/Conrad-London-St-James?intlink=US-travel-discover-property-results-propertyCard-Conrad-London-St-James,"London, England",THE HOTEL COLLECTION,Conrad Hotels & Resorts,Program,51.4994536,-0.1329218,"22-28 Broadway, London SW1H 0BH, UK",google_places,PLACE_DETAILS,ChIJvXfei9sEdkgRcVqTBHgAWVU,establishment;lodging;point_of_interest,False,CACHED
Conrad Manila,https://www.americanexpress.com/en-us/travel/discover/property/Philippines/Pasay/Conrad-Manila?intlink=US-travel-discover-property-results-propertyCard-Conrad-Manila,"Pasay, Philippines",THE HOTEL COLLECTION,Conrad Hotels & Resorts,Program,14.5315812,120.9800438,"Seaside Boulevard, Coral Way, Pasay City, 1300 Metro Manila, Philippines",google_places,PLACE_DETAILS,ChIJiWFdavnLlzMR0VGOUE026vE,establishment;lodging;point_of_interest;spa,False,CACHED
Conrad Singapore Orchard,https://www.americanexpress.com/en-us/travel/discover/property/Singapore/Singapore/Conrad-Singapore-Orchard?intlink=US-travel-discover-property-results-propertyCard-Conrad-Singapore-Orchard,"Singapore, Singapore",THE HOTEL COLLECTION,Conrad Hotels & Resorts,Program,1.3048184,103.8252419,"1 Cuscaden Rd, Singapore 249715",google_places,PLACE_DETAILS,ChIJdTP-zF0Z2jERS65oiG9rBPc,establishment;lodging;point_of_interest,False,CACHED
Conrad Bali,https://www.americanexpress.com/en-us/travel/discover/property/Indonesia/Tanjung-Benoa/Conrad-Bali?intlink=US-travel-discover-property-results-propertyCard-Conrad-Bali,"Tanjung Benoa, Indonesia",THE HOTEL COLLECTION,Conrad Hotels & Resorts,Program,-8.7811376,115.2249964,"Jl. Pratama No.168, Tanjung, Benoa, Kec. Kuta Sel., Kabupaten Badung, Bali 80363, Indonesia",google_places,PLACE_DETAILS,ChIJzR9XaA9D0i0RKM9T4eQUmdo,establishment;lodging;point_of_interest;spa,False,CACHED
Conrad Tianjin,https://www.americanexpress.com/en-us/travel/discover/property/China/Tianjin/Conrad-Tianjin?intlink=US-travel-discover-property-results-propertyCard-Conrad-Tianjin,"Tianjin, China",THE HOTEL COLLECTION,Conrad Hotels & Resorts,Program,39.09278250000001,117.1694787,"China, Tian Jin Shi, Nan Kai Qu, 天塔道46号 邮政编码: 300381",google_places,PLACE_DETAILS,ChIJKWrcSVj97TURyUSGbuBQs-o,establishment;lodging;point_of_interest,False,CACHED
Conrad Xiamen,https://www.americanexpress.com/en-us/travel/discover/property/China/Xiamen/Conrad-Xiamen?intlink=US-travel-discover-property-results-propertyCard-Conrad-Xiamen,"Xiamen, China",THE HOTEL COLLECTION,Conrad Hotels & Resorts,Program,24.4352647,118.0890854,"186 Yan Wu Xi Lu, Si Ming Qu, Xia Men Shi, Fu Jian Sheng, China, 361005",google_places,PLACE_DETAILS,ChIJu_WGahWDFDQRsB_choL7bMQ,establishment;lodging;point_of_interest,False,CACHED
Hotel Polaris,https://www.americanexpress.com/en-us/travel/discover/property/Colorado-US/Colorado-Springs/Hotel-Polaris?intlink=US-travel-discover-property-results-propertyCard-Hotel-Polaris,"Colorado Springs, Colorado US",THE HOTEL COLLECTION,CoralTree Hospitality,Program,39.0241767,-104.8393215,"8989 North Gate Blvd, Colorado Springs, CO 80921, USA",google_places,PLACE_DETAILS,ChIJi6iEhcRNE4cRaI4opHh9lMc,establishment;lodging;point_of_interest,False,CACHED
The Eddy Taproom & Hotel,https://www.americanexpress.com/en-us/travel/discover/property/Colorado-US/Golden/The-Eddy-Taproom--Hotel?intlink=US-travel-discover-property-results-propertyCard-The-Eddy-Taproom--Hotel,"Golden, Colorado US",THE HOTEL COLLECTION,CoralTree Hospitality,Program,39.7543596,-105.2348744,"1640 8th St, Golden, CO 80401, USA",google_places,PLACE_DETAILS,ChIJH4Z9QVaba4cRnzoBJ5g55o0,establishment;food;lodging;point_of_interest;restaurant,False,CACHED
Tommy Bahama Miramonte Resort & Spa,https://www.americanexpress.com/en-us/travel/discover/property/California-US/Indian-Wells/Tommy-Bahama-Miramonte-Resort--Spa?intlink=US-travel-discover-property-results-propertyCard-Tommy-Bahama-Miramonte-Resort--Spa,"Indian Wells, California US",THE HOTEL COLLECTION,CoralTree Hospitality,Program,33.7212308,-116.3309761,"45000 Indian Wells Ln, Indian Wells, CA 92210, USA",google_places,PLACE_DETAILS,ChIJLzy3wrX-2oAR2phIw74am1g,establishment;lodging;point_of_interest,False,CACHED
Lake Nona Wave Hotel,https://www.americanexpress.com/en-us/travel/discover/property/Florida-US/Orlando/Lake-Nona-Wave-Hotel?intlink=US-travel-discover-property-results-propertyCard-Lake-Nona-Wave-Hotel,"Orlando, Florida US",THE HOTEL COLLECTION,CoralTree Hospitality,Program,28.3738641,-81.2815696,"6100 Wave Hotel Dr, Orlando, FL 32827, USA",google_places,PLACE_DETAILS,ChIJSwwySj-J3YgRGZWz5rH91eE,establishment;food;lodging;point_of_interest;restaurant,False,CACHED
Sunriver Resort,https://www.americanexpress.com/en-us/travel/discover/property/Oregon-US/Sunriver/Sunriver-Resort?intlink=US-travel-discover-property-results-propertyCard-Sunriver-Resort,"Sunriver, Oregon US",THE HOTEL COLLECTION,CoralTree Hospitality,Program,43.8740068,-121.4464867,"17600 Center Dr, Sunriver, OR 97707, USA",google_places,PLACE_DETAILS,ChIJAQAAAECiuFQRSBgCbyHt1uM,bar;establishment;food;lodging;point_of_interest;real_estate_agency;restaurant;spa;travel_agency,False,CACHED
Corinthia Lisbon,https://www.americanexpress.com/en-us/travel/discover/property/Portugal/Lisbon/Corinthia-Lisbon?intlink=US-travel-discover-property-results-propertyCard-Corinthia-Lisbon,"Lisbon, Portugal",THE HOTEL COLLECTION,Corinthia Hotels,Program,38.7388319,-9.1664022,"Av. Columbano Bordalo Pinheiro 105, 1099-031 Lisboa, Portugal",google_places,PLACE_DETAILS,ChIJbYLaE_wzGQ0R0pLxEAhKJ3U,bar;establishment;food;lodging;point_of_interest;restaurant;spa,False,CACHED
Corinthia Palace Malta,https://www.americanexpress.com/en-us/travel/discover/property/Malta/San-Anton/Corinthia-Palace-Malta?intlink=US-travel-discover-property-results-propertyCard-Corinthia-Palace-Malta,"San Anton, Malta",THE HOTEL COLLECTION,Corinthia Hotels,Program,35.89420399999999,14.449199,"De Paule Avenue, San Anton BZN 9023, Malta",google_places,PLACE_DETAILS,ChIJ2X-bdxhQDhMRiHots8UQGcI,establishment;lodging;point_of_interest,False,CACHED
Crown Metropol Perth,https://www.americanexpress.com/en-us/travel/discover/property/Australia/Burswood/Crown-Metropol-Perth?intlink=US-travel-discover-property-results-propertyCard-Crown-Metropol-Perth,"Burswood, Australia",THE HOTEL COLLECTION,Crown Resorts,Program,-31.9609328,115.8940197,"Great Eastern Hwy, Burswood WA 6100, Australia",google_places,PLACE_DETAILS,ChIJaTXp0Ai7MioR1mPSYU8odtY,establishment;lodging;point_of_interest,False,CACHED
Crown Metropol Melbourne,https://www.americanexpress.com/en-us/travel/discover/property/Australia/Melbourne/Crown-Metropol-Melbourne?intlink=US-travel-discover-property-results-propertyCard-Crown-Metropol-Melbourne,"Melbourne, Australia",THE HOTEL COLLECTION,Crown Resorts,Program,-37.8257525,144.9576725,"8 Whiteman St, Southbank VIC 3006, Australia",google_places,PLACE_DETAILS,ChIJs-Q2IlNd1moRGz76n97nmCg,establishment;lodging;point_of_interest,False,CACHED
"The WB Abu Dhabi, Curio Collection By Hilton",https://www.americanexpress.com/en-us/travel/discover/property/United-Arab-Emirates/Abu-Dhabi/The-Wb-Abu-Dhabi-Curio-Collection-By-Hilton?intlink=US-travel-discover-property-results-propertyCard-The-Wb-Abu-Dhabi-Curio-Collection-By-Hilton,"Abu Dhabi, United Arab Emirates",THE HOTEL COLLECTION,Curio Collection,Program,24.4896045,54.5985148,Yas Island - YS4 - Abu Dhabi - United Arab Emirates,google_places,PLACE_DETAILS,ChIJlwuS98FFXj4RHlziQizgHi8,establishment;lodging;point_of_interest;spa,False,CACHED
"The Hamilton Alpharetta, Curio Collection by Hilton",https://www.americanexpress.com/en-us/travel/discover/property/Georgia-US/Alpharetta/The-Hamilton-Alpharetta-Curio-Collection-By-Hilton?intlink=US-travel-discover-property-results-propertyCard-The-Hamilton-Alpharetta-Curio-Collection-By-Hilton,"Alpharetta, Georgia US",THE HOTEL COLLECTION,Curio Collection,Program,34.0758728,-84.2956488,"35 Milton Ave, Alpharetta, GA 30009, USA",google_places,PLACE_DETAILS,ChIJ0WJUNWB19YgREbXZVPeOJf8,establishment;lodging;point_of_interest,False,CACHED
"The Foundry Hotel Asheville, Curio Collection by Hilton",https://www.americanexpress.com/en-us/travel/discover/property/North-Carolina-US/Asheville/The-Foundry-Hotel-Asheville-Curio-Collection-By-Hilton?intlink=US-travel-discover-property-results-propertyCard-The-Foundry-Hotel-Asheville-Curio-Collection-By-Hilton,"Asheville, North Carolina US",THE HOTEL COLLECTION,Curio Collection,Program,35.5934701,-82.550178,"51 S Market St, Asheville, NC 28801, USA",google_places,PLACE_DETAILS,ChIJvXjD61nzWYgR6Xj1rp2_LJ4,establishment;lodging;point_of_interest,False,CACHED
"Candler Hotel, Curio Collection by Hilton",https://www.americanexpress.com/en-us/travel/discover/property/Georgia-US/Atlanta/Candler-Hotel-Curio-Collection-By-Hilton?intlink=US-travel-discover-property-results-propertyCard-Candler-Hotel-Curio-Collection-By-Hilton,"Atlanta, Georgia US",THE HOTEL COLLECTION,Curio Collection,Program,33.7569355,-84.3876751,"127 Peachtree Rd NE, Atlanta, GA 30303, USA",google_places,PLACE_DETAILS,ChIJY397sg0D9YgRi_iKbIoz0nQ,establishment;lodging;point_of_interest,False,CACHED
"KROMO Bangkok, Curio Collection by Hilton",https://www.americanexpress.com/en-us/travel/discover/property/Thailand/Bangkok/Kromo-Bangkok-Curio-Collection-By-Hilton?intlink=US-travel-discover-property-results-propertyCard-Kromo-Bangkok-Curio-Collection-By-Hilton,"Bangkok, Thailand",THE HOTEL COLLECTION,Curio Collection,Program,13.733967,100.5653308,"525 Sukhumvit Road ช, ซ. สุขุมวิท 29 แขวงคลองเตยเหนือ เขตวัฒนา กรุงเทพมหานคร 10110, Thailand",google_places,PLACE_DETAILS,ChIJTZX2Zf2e4jARDbDhAxJw2QE,establishment;lodging;point_of_interest,False,CACHED
"Koi Resort Saint Kitts, Curio Collection by Hilton",https://www.americanexpress.com/en-us/travel/discover/property/Saint-Kitts-and-Nevis/Basseterre/Koi-Resort-Saint-Kitts-Curio-Collection-By-Hilton?intlink=US-travel-discover-property-results-propertyCard-Koi-Resort-Saint-Kitts-Curio-Collection-By-Hilton,"Basseterre, Saint Kitts and Nevis",THE HOTEL COLLECTION,Curio Collection,Program,17.3085571,-62.6928284,"100 Koi Resort Drive, Basseterre, St Kitts & Nevis",google_places,PLACE_DETAILS,ChIJLQtOdNQbEowR4FDVYJafgE0,establishment;lodging;point_of_interest,False,CACHED
"Daxton Hotel Birmingham, Curio Collection by Hilton",https://www.americanexpress.com/en-us/travel/discover/property/Michigan-US/Birmingham/Daxton-Hotel-Birmingham-Curio-Collection-By-Hilton?intlink=US-travel-discover-property-results-propertyCard-Daxton-Hotel-Birmingham-Curio-Collection-By-Hilton,"Birmingham, Michigan US",THE HOTEL COLLECTION,Curio Collection,Program,42.5447742,-83.2129181,"298 S Old Woodward Ave, Birmingham, MI 48009, USA",google_places,PLACE_DETAILS,ChIJNTkoGP3HJIgRJGWXiQCGHDA,establishment;lodging;point_of_interest,False,CACHED
"Waterstone Resort & Marina Boca Raton, Curio Collection by Hilton",https://www.americanexpress.com/en-us/travel/discover/property/Florida-US/Boca-Raton/Waterstone-Resort--Marina-Boca-Raton-Curio-Collection-By-Hilton?intlink=US-travel-discover-property-results-propertyCard-Waterstone-Resort--Marina-Boca-Raton-Curio-Collection-By-Hilton,"Boca Raton, Florida US",THE HOTEL COLLECTION,Curio Collection,Program,26.339201,-80.07310199999999,"999 E Camino Real, Boca Raton, FL 33432, USA",google_places,PLACE_DETAILS,ChIJcS6rfT7i2IgRlvSf9156n1U,establishment;lodging;point_of_interest,False,CACHED
"Hotel Alpenrock Breckenridge, Curio Collection by Hilton",https://www.americanexpress.com/en-us/travel/discover/property/Colorado-US/Breckenridge/Hotel-Alpenrock-Breckenridge-Curio-Collection-By-Hilton?intlink=US-travel-discover-property-results-propertyCard-Hotel-Alpenrock-Breckenridge-Curio-Collection-By-Hilton,"Breckenridge, Colorado US",THE HOTEL COLLECTION,Curio Collection,Program,39.4755161,-106.0503303,"550 Village Rd, Breckenridge, CO 80424, USA",google_places,PLACE_DETAILS,ChIJ5ZNbc2P2aocRiXqyi4ut7OU,establishment;lodging;point_of_interest,False,CACHED
"Boulders Resort and Spa, Scottsdale",https://www.americanexpress.com/en-us/travel/discover/property/Arizona-US/Carefree/Boulders-Resort-And-Spa-Scottsdale?intlink=US-travel-discover-property-results-propertyCard-Boulders-Resort-And-Spa-Scottsdale,"Carefree, Arizona US",THE HOTEL COLLECTION,Curio Collection,Program,33.8004156,-111.9237056,"34631 N Tom Darlington Dr, Scottsdale, AZ 85262, USA",google_places,PLACE_DETAILS,ChIJ38QnRjd5K4cRuwFlJrEVvYY,establishment;lodging;point_of_interest;spa,False,CACHED
"Legacy Hotel Cascais, Curio Collection by Hilton",https://www.americanexpress.com/en-us/travel/discover/property/Portugal/Cascais/Legacy-Hotel-Cascais-Curio-Collection-By-Hilton?intlink=US-travel-discover-property-results-propertyCard-Legacy-Hotel-Cascais-Curio-Collection-By-Hilton,"Cascais, Portugal",THE HOTEL COLLECTION,Curio Collection,Program,38.7007543,-9.4256602,"Av. 25 de Abril 528, 2750-511 Cascais, Portugal",google_places,PLACE_DETAILS,ChIJp2r01iTEHg0Rg3DqraYyo38,establishment;lodging;point_of_interest;spa,False,CACHED
"Harbor Club St. Lucia, Curio Collection by Hilton",https://www.americanexpress.com/en-us/travel/discover/property/Saint-Lucia/Castries/Harbor-Club-St-Lucia-Curio-Collection-By-Hilton?intlink=US-travel-discover-property-results-propertyCard-Harbor-Club-St-Lucia-Curio-Collection-By-Hilton,"Castries, Saint Lucia",THE HOTEL COLLECTION,Curio Collection,Program,14.0733749,-60.94774229999999,"Rodney Bay Marina, Gros Islet, St Lucia",google_places,PLACE_DETAILS,ChIJTbLvb4RCQIwR7vQu04tRyAY,establishment;lodging;point_of_interest,False,CACHED
"Mills House Charleston, Curio Collection by Hilton",https://www.americanexpress.com/en-us/travel/discover/property/South-Carolina-US/Charleston/Mills-House-Charleston-Curio-Collection-By-Hilton?intlink=US-travel-discover-property-results-propertyCard-Mills-House-Charleston-Curio-Collection-By-Hilton,"Charleston, South Carolina US",THE HOTEL COLLECTION,Curio Collection,Program,32.7778205,-79.9315443,"115 Meeting St, Charleston, SC 29401, USA",google_places,PLACE_DETAILS,ChIJw6nAxBF6_ogRpNBGzKwGGz4,establishment;lodging;point_of_interest,False,CACHED
"Sunseeker Resort Florida Gulf Coast, Curio by Hilton",https://www.americanexpress.com/en-us/travel/discover/property/Florida-US/Charlotte-Harbor/Sunseeker-Resort-Florida-Gulf-Coast-Curio-By-Hilton?intlink=US-travel-discover-property-results-propertyCard-Sunseeker-Resort-Florida-Gulf-Coast-Curio-By-Hilton,"Charlotte Harbor, Florida US",THE HOTEL COLLECTION,Curio Collection,Program,26.9543247,-82.0643425,"5500 Sunseeker Way, Charlotte Harbor, FL 33980, USA",google_places,PLACE_DETAILS,ChIJYXKIC8Wp3IgRNXsR0tfjoFQ,establishment;lodging;point_of_interest,False,CACHED
"Sunsuites Villas at Sunseeker Resort, Curio by Hilton",https://www.americanexpress.com/en-us/travel/discover/property/Florida-US/Charlotte-Harbor/Sunsuites-Villas-At-Sunseeker-Resort-Curio-By-Hilton?intlink=US-travel-discover-property-results-propertyCard-Sunsuites-Villas-At-Sunseeker-Resort-Curio-By-Hilton,"Charlotte Harbor, Florida US",THE HOTEL COLLECTION,Curio Collection,Program,26.9529423,-82.0630089,"5600 Sunseeker Way, Punta Gorda, FL 33980, USA",google_places,PLACE_DETAILS,ChIJaTmdVQCp3IgRH1rOOE6RUzI,establishment;lodging;point_of_interest,False,CACHED
"Sable at Navy Pier Chicago, Curio Collection by Hilton",https://www.americanexpress.com/en-us/travel/discover/property/Illinois-US/Chicago/Sable-At-Navy-Pier-Chicago-Curio-Collection-By-Hilton?intlink=US-travel-discover-property-results-propertyCard-Sable-At-Navy-Pier-Chicago-Curio-Collection-By-Hilton,"Chicago, Illinois US",THE HOTEL COLLECTION,Curio Collection,Program,41.89178630000001,-87.6035443,"900 E Grand Ave, Chicago, IL 60611, USA",google_places,PLACE_DETAILS,ChIJdYOdBNorDogRV2PUh5HdHdk,establishment;lodging;point_of_interest,False,CACHED
"The Hiatus Clearwater Beach, Curio Collection by Hilton",https://www.americanexpress.com/en-us/travel/discover/property/Florida-US/Clearwater-Beach/The-Hiatus-Clearwater-Beach-Curio-Collection-By-Hilton?intlink=US-travel-discover-property-results-propertyCard-The-Hiatus-Clearwater-Beach-Curio-Collection-By-Hilton,"Clearwater Beach, Florida US",THE HOTEL COLLECTION,Curio Collection,Program,27.971479,-82.8294739,"385 S Gulfview Blvd, Clearwater Beach, FL 33767, USA",google_places,PLACE_DETAILS,ChIJuSNaKBL3wogRqUzHcbCBNTQ,establishment;lodging;point_of_interest,False,CACHED
"Thesis Hotel Miami Coral Gables, Curio Collection by Hilton",https://www.americanexpress.com/en-us/travel/discover/property/Florida-US/Coral-Gables/Thesis-Hotel-Miami-Coral-Gables-Curio-Collection-By-Hilton?intlink=US-travel-discover-property-results-propertyCard-Thesis-Hotel-Miami-Coral-Gables-Curio-Collection-By-Hilton,"Coral Gables, Florida US",THE HOTEL COLLECTION,Curio Collection,Program,25.7127169,-80.278579,"1350 S Dixie Hwy, Coral Gables, FL 33146, USA",google_places,PLACE_DETAILS,ChIJZedU8wDH2YgRGPpYIONie2s,establishment;lodging;point_of_interest,False,CACHED
Hotel del Coronado,https://www.americanexpress.com/en-us/travel/discover/property/California-US/Coronado/Hotel-Del-Coronado?intlink=US-travel-discover-property-results-propertyCard-Hotel-Del-Coronado,"Coronado, California US",THE HOTEL COLLECTION,Curio Collection,Program,32.6805447,-117.178224,"1500 Orange Ave, Coronado, CA 92118, USA",google_places,PLACE_DETAILS,ChIJfX-aw82s3oARR6xrvVBVJXY,establishment;lodging;point_of_interest,False,CACHED
"HALL Arts Hotel, Dallas, Autograph Collection",https://www.americanexpress.com/en-us/travel/discover/property/Texas-US/Dallas/Hall-Arts-Hotel-Dallas-Autograph-Collection?intlink=US-travel-discover-property-results-propertyCard-Hall-Arts-Hotel-Dallas-Autograph-Collection,"Dallas, Texas US",THE HOTEL COLLECTION,Curio Collection,Program,32.789486,-96.796595,"1717 Leonard St, Dallas, TX 75201, USA",google_places,PLACE_DETAILS,ChIJj7lVkSaZToYRZGFYQZW0S48,establishment;lodging;point_of_interest,False,CACHED
"The Statler Dallas, Curio Collection by Hilton",https://www.americanexpress.com/en-us/travel/discover/property/Texas-US/Dallas/The-Statler-Dallas-Curio-Collection-By-Hilton?intlink=US-travel-discover-property-results-propertyCard-The-Statler-Dallas-Curio-Collection-By-Hilton,"Dallas, Texas US",THE HOTEL COLLECTION,Curio Collection,Program,32.7806384,-96.7948988,"1914 Commerce St, Dallas, TX 75201, USA",google_places,PLACE_DETAILS,ChIJ6W-QgheZToYR8kV9xxYEErY,establishment;lodging;point_of_interest,False,CACHED
"The Ray Hotel Delray Beach, Curio Collection by Hilton",https://www.americanexpress.com/en-us/travel/discover/property/Florida-US/Delray-Beach/The-Ray-Hotel-Delray-Beach-Curio-Collection-By-Hilton?intlink=US-travel-discover-property-results-propertyCard-The-Ray-Hotel-Delray-Beach-Curio-Collection-By-Hilton,"Delray Beach, Florida US",THE HOTEL COLLECTION,Curio Collection,Program,26.4659288,-80.07099199999999,"233 NE 2nd Ave, Delray Beach, FL 33444, USA",google_places,PLACE_DETAILS,ChIJk3EhjsPf2IgRxtDCbV9hlhU,establishment;lodging;point_of_interest,False,CACHED
"The Godfrey Detroit, Curio Collection by Hilton",https://www.americanexpress.com/en-us/travel/discover/property/Michigan-US/Detroit/The-Godfrey-Detroit-Curio-Collection-By-Hilton?intlink=US-travel-discover-property-results-propertyCard-The-Godfrey-Detroit-Curio-Collection-By-Hilton,"Detroit, Michigan US",THE HOTEL COLLECTION,Curio Collection,Program,42.3310296,-83.0654335,"1401 Michigan Ave, Detroit, MI 48216, USA",google_places,PLACE_DETAILS,ChIJ1X-xTNwtO4gRYNi_GWNpkkE,establishment;lodging;point_of_interest,False,CACHED
"The Morrison Dublin, Curio Collection by Hilton",https://www.americanexpress.com/en-us/travel/discover/property/Ireland/Dublin/The-Morrison-Dublin-Curio-Collection-By-Hilton?intlink=US-travel-discover-property-results-propertyCard-The-Morrison-Dublin-Curio-Collection-By-Hilton,"Dublin, Ireland",THE HOTEL COLLECTION,Curio Collection,Program,53.3466514,-6.2659595,"Ormond Quay Lower, North City, Dublin, D01 K5X5, Ireland",google_places,PLACE_DETAILS,ChIJ1ZIUQIMOZ0gROwv_wx9rVdw,establishment;lodging;point_of_interest,False,CACHED
"Domes Aulus Elounda Resort, Curio Collection by Hilton",https://www.americanexpress.com/en-us/travel/discover/property/Greece/Elounda/Domes-Aulus-Elounda-Resort-Curio-Collection-By-Hilton?intlink=US-travel-discover-property-results-propertyCard-Domes-Aulus-Elounda-Resort-Curio-Collection-By-Hilton,"Elounda, Greece",THE HOTEL COLLECTION,Curio Collection,Program,35.277694,25.7232969,"Aghia Paraskevi, Schisma Elountas 720 53, Greece",google_places,PLACE_DETAILS,ChIJH2FY6TGDkBQRK8M-D8ZrGrM,establishment;lodging;point_of_interest;spa,False,CACHED
"Anglo American Hotel Florence, Curio Collection by Hilton",https://www.americanexpress.com/en-us/travel/discover/property/Italy/Florence/Anglo-American-Hotel-Florence-Curio-Collection-By-Hilton?intlink=US-travel-discover-property-results-propertyCard-Anglo-American-Hotel-Florence-Curio-Collection-By-Hilton,"Florence, Italy",THE HOTEL COLLECTION,Curio Collection,Program,43.7751835,11.240398,"Via Solferino, 6, 50123 Firenze FI, Italy",google_places,PLACE_DETAILS,ChIJ8e0d37FWKhMRG7vTzZujKe8,establishment;lodging;point_of_interest,False,CACHED
"Hotel Maren Fort Lauderdale Beach, Curio Collection by Hilton",https://www.americanexpress.com/en-us/travel/discover/property/Florida-US/Fort-Lauderdale/Hotel-Maren-Fort-Lauderdale-Beach-Curio-Collection-By-Hilton?intlink=US-travel-discover-property-results-propertyCard-Hotel-Maren-Fort-Lauderdale-Beach-Curio-Collection-By-Hilton,"Fort Lauderdale, Florida US",THE HOTEL COLLECTION,Curio Collection,Program,26.1158213,-80.1052631,"525 S Fort Lauderdale Beach Blvd, Fort Lauderdale, FL 33316, USA",google_places,PLACE_DETAILS,ChIJMygtZy8A2YgRN24gA8Rb-vg,establishment;lodging;point_of_interest,False,CACHED
"The Harpeth Franklin Downtown, Curio Collection by Hilton",https://www.americanexpress.com/en-us/travel/discover/property/Tennessee-US/Franklin/The-Harpeth-Franklin-Downtown-Curio-Collection-By-Hilton?intlink=US-travel-discover-property-results-propertyCard-The-Harpeth-Franklin-Downtown-Curio-Collection-By-Hilton,"Franklin, Tennessee US",THE HOTEL COLLECTION,Curio Collection,Program,35.9267092,-86.8680487,"130 2nd Ave N, Franklin, TN 37064, USA",google_places,PLACE_DETAILS,ChIJ5TPoJoZ_ZIgRetQtGmAxud4,establishment;lodging;point_of_interest,False,CACHED
"Valley Hotel Homewood Birmingham, Curio Collection by Hilton",https://www.americanexpress.com/en-us/travel/discover/property/Alabama-US/Homewood/Valley-Hotel-Homewood-Birmingham-Curio-Collection-By-Hilton?intlink=US-travel-discover-property-results-propertyCard-Valley-Hotel-Homewood-Birmingham-Curio-Collection-By-Hilton,"Homewood, Alabama US",THE HOTEL COLLECTION,Curio Collection,Program,33.4814956,-86.79144699999999,"2727 18th St S, Homewood, AL 35209, USA",google_places,PLACE_DETAILS,ChIJL4ADnsMZiYgR7xXVxk__V8w,establishment;lodging;point_of_interest,False,CACHED
"C. Baldwin, Curio Collection by Hilton",https://www.americanexpress.com/en-us/travel/discover/property/Texas-US/Houston/C-Baldwin-Curio-Collection-By-Hilton?intlink=US-travel-discover-property-results-propertyCard-C-Baldwin-Curio-Collection-By-Hilton,"Houston, Texas US",THE HOTEL COLLECTION,Curio Collection,Program,29.7578478,-95.3710462,"400 Dallas St, Houston, TX 77002, USA",google_places,PLACE_DETAILS,ChIJ5dEM6iq_QIYRBfS8yJ6qvj0,establishment;lodging;point_of_interest,False,CACHED
"106 Jefferson Huntsville, Curio Collection by Hilton",https://www.americanexpress.com/en-us/travel/discover/property/Alabama-US/Huntsville/106-Jefferson-Huntsville-Curio-Collection-By-Hilton?intlink=US-travel-discover-property-results-propertyCard-106-Jefferson-Huntsville-Curio-Collection-By-Hilton,"Huntsville, Alabama US",THE HOTEL COLLECTION,Curio Collection,Program,34.7307341,-86.58633119999999,"106 Jefferson St S, Huntsville, AL 35801, USA",google_places,PLACE_DETAILS,ChIJ4-K5v1ZrYogRqXaGQyXvQ0o,establishment;lodging;point_of_interest,False,CACHED
"Altunizade Suites Istanbul, Curio Collection by Hilton",https://www.americanexpress.com/en-us/travel/discover/property/Turkey/Istanbul/Altunizade-Suites-Istanbul-Curio-Collection-By-Hilton?intlink=US-travel-discover-property-results-propertyCard-Altunizade-Suites-Istanbul-Curio-Collection-By-Hilton,"Istanbul, Turkey",THE HOTEL COLLECTION,Curio Collection,Program,41.0252844,29.04338319999999,"Altunizade Kisikli Caddesi, Altunizade, Oymacı Sk. No:20, 34662 Üsküdar/İstanbul, Türkiye",google_places,PLACE_DETAILS,ChIJVWW8EeO3yhQR5qoUQ55lsc8,establishment;lodging;point_of_interest;spa,False,"PLACES:Altunizade Suites Istanbul, Curio Collection by Hilton Curio Collection Hotel"
"Baker's Cay Resort Key Largo, Curio Collection by Hilton",https://www.americanexpress.com/en-us/travel/discover/property/Florida-US/Key-Largo/Bakers-Cay-Resort-Key-Largo-Curio-Collection-By-Hilton?intlink=US-travel-discover-property-results-propertyCard-Bakers-Cay-Resort-Key-Largo-Curio-Collection-By-Hilton,"Key Largo, Florida US",THE HOTEL COLLECTION,Curio Collection,Program,25.0666838,-80.47214579999999,"97000 Overseas Hwy, Key Largo, FL 33037, USA",google_places,PLACE_DETAILS,ChIJmYfmx35B14gRlyQZig4LeYU,establishment;lodging;point_of_interest,False,CACHED
"The Reach Key West, Curio Collection by Hilton",https://www.americanexpress.com/en-us/travel/discover/property/Florida-US/Key-West/The-Reach-Key-West-Curio-Collection-By-Hilton?intlink=US-travel-discover-property-results-propertyCard-The-Reach-Key-West-Curio-Collection-By-Hilton,"Key West, Florida US",THE HOTEL COLLECTION,Curio Collection,Program,24.547537,-81.794242,"1435 Simonton St, Key West, FL 33040, USA",google_places,PLACE_DETAILS,ChIJxUn7FfG30YgRIE2azecE-n0,establishment;lodging;point_of_interest,False,CACHED
"Hotel Saski Krakow, Curio Collection by Hilton",https://www.americanexpress.com/en-us/travel/discover/property/Poland/Krakow/Hotel-Saski-Krakow-Curio-Collection-By-Hilton?intlink=US-travel-discover-property-results-propertyCard-Hotel-Saski-Krakow-Curio-Collection-By-Hilton,"Krakow, Poland",THE HOTEL COLLECTION,Curio Collection,Program,50.063337,19.937422,"Sławkowska 3, 31-014 Kraków, Poland",google_places,PLACE_DETAILS,ChIJm5beKEpbFkcREF8fPtOblUs,establishment;lodging;point_of_interest;spa,False,CACHED
"Hotel La Jolla, Curio Collection by Hilton",https://www.americanexpress.com/en-us/travel/discover/property/California-US/La-Jolla/Hotel-La-Jolla-Curio-Collection-By-Hilton?intlink=US-travel-discover-property-results-propertyCard-Hotel-La-Jolla-Curio-Collection-By-Hilton,"La Jolla, California US",THE HOTEL COLLECTION,Curio Collection,Program,32.851203,-117.2532338,"7955 La Jolla Shores Dr, La Jolla, CA 92037, USA",google_places,PLACE_DETAILS,ChIJm4U1uU8B3IARlBUTSMlC8F8,establishment;lodging;point_of_interest,False,CACHED
"La Quinta Resort & Club, Curio Collection by Hilton",https://www.americanexpress.com/en-us/travel/discover/property/California-US/La-Quinta/La-Quinta-Resort--Club-Curio-Collection-By-Hilton?intlink=US-travel-discover-property-results-propertyCard-La-Quinta-Resort--Club-Curio-Collection-By-Hilton,"La Quinta, California US",THE HOTEL COLLECTION,Curio Collection,Program,33.688009,-116.3105508,"49-499 Eisenhower Dr, La Quinta, CA 92253, USA",google_places,PLACE_DETAILS,ChIJNwsbrqT42oARVELD3TNEVmc,establishment;lodging;point_of_interest,False,CACHED
"Aulus Lindos Rhodes Resort, Curio Collection by Hilton",https://www.americanexpress.com/en-us/travel/discover/property/Greece/Lardos/Aulus-Lindos-Rhodes-Resort-Curio-Collection-By-Hilton?intlink=US-travel-discover-property-results-propertyCard-Aulus-Lindos-Rhodes-Resort-Curio-Collection-By-Hilton,"Lardos, Greece",THE HOTEL COLLECTION,Curio Collection,Program,36.0666332,27.9915476,"Beach, Λάρδος 851 09, Greece",google_places,PLACE_DETAILS,ChIJO801WgMJlRQRagIXAPOqxxs,establishment;lodging;point_of_interest;spa,False,CACHED
"Virgin Hotels Las Vegas, Curio Collection by Hilton",https://www.americanexpress.com/en-us/travel/discover/property/Nevada-US/Las-Vegas/Virgin-Hotels-Las-Vegas-Curio-Collection-By-Hilton?intlink=US-travel-discover-property-results-propertyCard-Virgin-Hotels-Las-Vegas-Curio-Collection-By-Hilton,"Las Vegas, Nevada US",THE HOTEL COLLECTION,Curio Collection,Program,36.1087736,-115.1537273,"4455 Paradise Rd, Las Vegas, NV 89169, USA",google_places,PLACE_DETAILS,ChIJA2HmDz7FyIARzKm2AQzPr6U,establishment;lodging;point_of_interest,False,CACHED
"DUO Hotel Lisbon, Curio Collection by Hilton",https://www.americanexpress.com/en-us/travel/discover/property/Portugal/Lisbon/Duo-Hotel-Lisbon-Curio-Collection-By-Hilton?intlink=US-travel-discover-property-results-propertyCard-Duo-Hotel-Lisbon-Curio-Collection-By-Hilton,"Lisbon, Portugal",THE HOTEL COLLECTION,Curio Collection,Program,38.7076778,-9.1495511,"Rua Dom Luís I 18, 1200-151 Lisboa, Portugal",google_places,PLACE_DETAILS,ChIJfQyp9_81GQ0RzZ6AMiMAdCU,establishment;lodging;point_of_interest,False,CACHED
"The Emerald House Lisbon, Curio Collection by Hilton",https://www.americanexpress.com/en-us/travel/discover/property/Portugal/Lisbon/The-Emerald-House-Lisbon-Curio-Collection-By-Hilton?intlink=US-travel-discover-property-results-propertyCard-The-Emerald-House-Lisbon-Curio-Collection-By-Hilton,"Lisbon, Portugal",THE HOTEL COLLECTION,Curio Collection,Program,38.7047996,-9.162092099999999,"R. das Janelas Verdes 130, 1200-690 Lisboa, Portugal",google_places,PLACE_DETAILS,ChIJR9UvyAY1GQ0Rtvz4S7aBXfU,establishment;lodging;point_of_interest,False,CACHED
"100 Queen's Gate Hotel London Kensington, Curio Collection by Hilton",https://www.americanexpress.com/en-us/travel/discover/property/England/London/100-Queens-Gate-Hotel-London-Kensington-Curio-Collection-By-Hilton?intlink=US-travel-discover-property-results-propertyCard-100-Queens-Gate-Hotel-London-Kensington-Curio-Collection-By-Hilton,"London, England",THE HOTEL COLLECTION,Curio Collection,Program,51.4923839,-0.1786389,"100 Queen's Gate, South Kensington, London SW7 5AG, UK",google_places,PLACE_DETAILS,ChIJo8TNqMMFdkgRTKaSnWpr-II,establishment;lodging;point_of_interest,False,CACHED
"Hart Shoreditch Hotel London, Curio Collection by Hilton",https://www.americanexpress.com/en-us/travel/discover/property/England/London/Hart-Shoreditch-Hotel-London-Curio-Collection-By-Hilton?intlink=US-travel-discover-property-results-propertyCard-Hart-Shoreditch-Hotel-London-Curio-Collection-By-Hilton,"London, England",THE HOTEL COLLECTION,Curio Collection,Program,51.5248857,-0.0815446,"61 - 67 Great Eastern St, London EC2A 3HU, UK",google_places,PLACE_DETAILS,ChIJXZ6ImfMddkgRwdvB5DTxcoE,establishment;lodging;point_of_interest,False,CACHED
"The BoTree London, Curio Collection by Hilton",https://www.americanexpress.com/en-us/travel/discover/property/England/London/The-Botree-London-Curio-Collection-By-Hilton?intlink=US-travel-discover-property-results-propertyCard-The-Botree-London-Curio-Collection-By-Hilton,"London, England",THE HOTEL COLLECTION,Curio Collection,Program,51.5154495,-0.1488392,"30 Marylebone Ln, London W1U 2DR, UK",google_places,PLACE_DETAILS,ChIJd4PpoNMbdkgRBe2pZ5k9apI,establishment;lodging;point_of_interest,False,CACHED
"The Trafalgar St. James London, Curio Collection by Hilton",https://www.americanexpress.com/en-us/travel/discover/property/England/London/The-Trafalgar-St-James-London-Curio-Collection-By-Hilton?intlink=US-travel-discover-property-results-propertyCard-The-Trafalgar-St-James-London-Curio-Collection-By-Hilton,"London, England",THE HOTEL COLLECTION,Curio Collection,Program,51.507321,-0.1291272,"2 Spring Gardens, Trafalgar Sq, London SW1A 2TS, UK",google_places,PLACE_DETAILS,ChIJt2xYKc4EdkgRiSOCe1hI2zU,establishment;lodging;point_of_interest,False,CACHED
"Hotel Bourre Bonne Louisville, Curio Collection by Hilton",https://www.americanexpress.com/en-us/travel/discover/property/Kentucky-US/Louisville/Hotel-Bourre-Bonne-Louisville-Curio-Collection-By-Hilton?intlink=US-travel-discover-property-results-propertyCard-Hotel-Bourre-Bonne-Louisville-Curio-Collection-By-Hilton,"Louisville, Kentucky US",THE HOTEL COLLECTION,Curio Collection,Program,38.255096,-85.753159,"133 W Market St, Louisville, KY 40202, USA",google_places,PLACE_DETAILS,ChIJ_0hxkLtyaYgRZowJDPjD1N8,establishment;lodging;point_of_interest,False,CACHED
"The Virginian Lynchburg, Curio Collection by Hilton",https://www.americanexpress.com/en-us/travel/discover/property/Virginia-US/Lynchburg/The-Virginian-Lynchburg-Curio-Collection-By-Hilton?intlink=US-travel-discover-property-results-propertyCard-The-Virginian-Lynchburg-Curio-Collection-By-Hilton,"Lynchburg, Virginia US",THE HOTEL COLLECTION,Curio Collection,Program,37.4154581,-79.14406699999999,"712 Church St, Lynchburg, VA 24504, USA",google_places,PLACE_DETAILS,ChIJYVl4Xg3ZsokRbh3JAaUS84s,establishment;lodging;point_of_interest,False,CACHED
"Madison Beach Hotel, Curio Collection by Hilton",https://www.americanexpress.com/en-us/travel/discover/property/Connecticut-US/Madison/Madison-Beach-Hotel-Curio-Collection-By-Hilton?intlink=US-travel-discover-property-results-propertyCard-Madison-Beach-Hotel-Curio-Collection-By-Hilton,"Madison, Connecticut US",THE HOTEL COLLECTION,Curio Collection,Program,41.2709877,-72.60827859999999,"94 W Wharf Rd, Madison, CT 06443, USA",google_places,PLACE_DETAILS,ChIJC2dCbGQp5okRm1Pw4erH9wY,establishment;lodging;point_of_interest,False,CACHED
"Hotel Montera Madrid, Curio Collection by Hilton",https://www.americanexpress.com/en-us/travel/discover/property/Spain/Madrid/Hotel-Montera-Madrid-Curio-Collection-By-Hilton?intlink=US-travel-discover-property-results-propertyCard-Hotel-Montera-Madrid-Curio-Collection-By-Hilton,"Madrid, Spain",THE HOTEL COLLECTION,Curio Collection,Program,40.419645,-3.7019,"C. de la Montera, 47, Centro, 28013 Madrid, Spain",google_places,PLACE_DETAILS,ChIJAQA0bIcoQg0RjxIbctnEhO4,establishment;lodging;point_of_interest,False,CACHED
"The Central Station Memphis, Curio Collection by Hilton",https://www.americanexpress.com/en-us/travel/discover/property/Tennessee-US/Memphis/The-Central-Station-Memphis-Curio-Collection-By-Hilton?intlink=US-travel-discover-property-results-propertyCard-The-Central-Station-Memphis-Curio-Collection-By-Hilton,"Memphis, Tennessee US",THE HOTEL COLLECTION,Curio Collection,Program,35.1320698,-90.0593765,"545 S Main St, Memphis, TN 38103, USA",google_places,PLACE_DETAILS,ChIJvznW0Op_1YcRygVe4ss1N7k,establishment;lodging;point_of_interest,False,CACHED
"Umbral, Curio Collection by Hilton",https://www.americanexpress.com/en-us/travel/discover/property/Mexico-City-MX/Mexico-City/Umbral-Curio-Collection-By-Hilton?intlink=US-travel-discover-property-results-propertyCard-Umbral-Curio-Collection-By-Hilton,"Mexico City, Mexico City MX",THE HOTEL COLLECTION,Curio Collection,Program,19.431152,-99.1356869,"C. de Venustiano Carranza 69, Centro Histórico de la Cdad. de México, Centro, Cuauhtémoc, 06000 Ciudad de México, CDMX, Mexico",google_places,PLACE_DETAILS,ChIJvZK0jpr90YURdHL9W4c38J0,establishment;lodging;point_of_interest,False,CACHED
"Zemi Miches Punta Cana All-Inclusive Resort, Curio Collection by Hilton",https://www.americanexpress.com/en-us/travel/discover/property/Dominican-Republic/Miches/Zemi-Miches-Punta-Cana-All-inclusive-Resort-Curio-Collection-By-Hilton?intlink=US-travel-discover-property-results-propertyCard-Zemi-Miches-Punta-Cana-All-inclusive-Resort-Curio-Collection-By-Hilton,"Miches, Dominican Republic",THE HOTEL COLLECTION,Curio Collection,Program,19.005306,-69.0041248,"Carretera Playa Costa Esmeralda Km7, Miches 24000, Dominican Republic",google_places,PLACE_DETAILS,ChIJSylFVlgpr44RdXY4RnvEXEk,establishment;lodging;point_of_interest,False,CACHED
"The Marquette Hotel, Curio Collection by Hilton",https://www.americanexpress.com/en-us/travel/discover/property/Minnesota-US/Minneapolis/The-Marquette-Hotel-Curio-Collection-By-Hilton?intlink=US-travel-discover-property-results-propertyCard-The-Marquette-Hotel-Curio-Collection-By-Hilton,"Minneapolis, Minnesota US",THE HOTEL COLLECTION,Curio Collection,Program,44.976259,-93.271479,"710 S Marquette Ave, Minneapolis, MN 55402, USA",google_places,PLACE_DETAILS,ChIJJUjq_Zkys1IRgfGNc72KSuQ,establishment;lodging;point_of_interest,False,CACHED
"Columbus Hotel Monte-Carlo, Curio Collection by Hilton",https://www.americanexpress.com/en-us/travel/discover/property/Monaco/Monaco/Columbus-Hotel-Monte-carlo-Curio-Collection-By-Hilton?intlink=US-travel-discover-property-results-propertyCard-Columbus-Hotel-Monte-carlo-Curio-Collection-By-Hilton,"Monaco, Monaco",THE HOTEL COLLECTION,Curio Collection,Program,43.7275494,7.4200205,"23 Av. des Papalins, 98000 Monaco",google_places,PLACE_DETAILS,ChIJ2SPK34jCzRIR9Adfyg5mVUk,establishment;lodging;point_of_interest,False,CACHED
"Semeli Coast Mykonos, Curio Collection by Hilton",https://www.americanexpress.com/en-us/travel/discover/property/Greece/Mykonos/Semeli-Coast-Mykonos-Curio-Collection-By-Hilton?intlink=US-travel-discover-property-results-propertyCard-Semeli-Coast-Mykonos-Curio-Collection-By-Hilton,"Mykonos, Greece",THE HOTEL COLLECTION,Curio Collection,Program,37.4731318,25.4277428,"Merchia Beach, Mikonos 846 00, Greece",google_places,PLACE_DETAILS,ChIJM6lfdhHHohQRrWO8TDYCpfw,establishment;lodging;point_of_interest;spa,False,CACHED
"Kwetu Nairobi, Curio Collection by Hilton",https://www.americanexpress.com/en-us/travel/discover/property/Kenya/Nairobi/Kwetu-Nairobi-Curio-Collection-By-Hilton?intlink=US-travel-discover-property-results-propertyCard-Kwetu-Nairobi-Curio-Collection-By-Hilton,"Nairobi, Kenya",THE HOTEL COLLECTION,Curio Collection,Program,-1.2429764,36.79209290000001,"Peponi Rd, Nairobi, Kenya",google_places,PLACE_DETAILS,ChIJG7VZIk0XLxgRJ4JfpEIucec,establishment;lodging;point_of_interest,False,CACHED
"Casa Mani Resort Napa, Curio Collection by Hilton",https://www.americanexpress.com/en-us/travel/discover/property/California-US/Napa/Casa-Mani-Resort-Napa-Curio-Collection-By-Hilton?intlink=US-travel-discover-property-results-propertyCard-Casa-Mani-Resort-Napa-Curio-Collection-By-Hilton,"Napa, California US",THE HOTEL COLLECTION,Curio Collection,Program,38.3003264,-122.3013016,"1075 California Blvd, Napa, CA 94559, USA",google_places,PLACE_DETAILS,ChIJlxgg-VgHhYARqI9xhyIEQ6M,establishment;lodging;point_of_interest,False,CACHED
"de Bonart Naples, Curio Collection by Hilton",https://www.americanexpress.com/en-us/travel/discover/property/Italy/Naples/De-Bonart-Naples-Curio-Collection-By-Hilton?intlink=US-travel-discover-property-results-propertyCard-De-Bonart-Naples-Curio-Collection-By-Hilton,"Naples, Italy",THE HOTEL COLLECTION,Curio Collection,Program,40.8369474,14.229702,"C.so Vittorio Emanuele, 133, 80121 Napoli NA, Italy",google_places,PLACE_DETAILS,ChIJC9xjav0IOxMR0rtGmsNL0rw,establishment;lodging;point_of_interest,False,CACHED
"Hotel Fraye Nashville, Curio Collection by Hilton",https://www.americanexpress.com/en-us/travel/discover/property/Tennessee-US/Nashville/Hotel-Fraye-Nashville-Curio-Collection-By-Hilton?intlink=US-travel-discover-property-results-propertyCard-Hotel-Fraye-Nashville-Curio-Collection-By-Hilton,"Nashville, Tennessee US",THE HOTEL COLLECTION,Curio Collection,Program,36.151578,-86.7962842,"1810 Broadway, Nashville, TN 37203, USA",google_places,PLACE_DETAILS,ChIJAWVT_dlnZIgR5HNuWgVkkMs,establishment;lodging;point_of_interest,False,CACHED
"The Peregrine Omaha Downtown, Curio Collection by Hilton",https://www.americanexpress.com/en-us/travel/discover/property/Nebraska-US/Omaha/The-Peregrine-Omaha-Downtown-Curio-Collection-By-Hilton?intlink=US-travel-discover-property-results-propertyCard-The-Peregrine-Omaha-Downtown-Curio-Collection-By-Hilton,"Omaha, Nebraska US",THE HOTEL COLLECTION,Curio Collection,Program,41.2582888,-95.93951129999999,"203 S 18th St, Omaha, NE 68102, USA",google_places,PLACE_DETAILS,ChIJkTqYn7KPk4cRlzwm8PrMuy0,establishment;lodging;point_of_interest,False,CACHED
"Keight Hotel Opatija, Curio Collection by Hilton",https://www.americanexpress.com/en-us/travel/discover/property/Croatia/Opatija/Keight-Hotel-Opatija-Curio-Collection-By-Hilton?intlink=US-travel-discover-property-results-propertyCard-Keight-Hotel-Opatija-Curio-Collection-By-Hilton,"Opatija, Croatia",THE HOTEL COLLECTION,Curio Collection,Program,45.3332713,14.3018543,"Ul. Velog Jože 2, 51410, Opatija, Croatia",google_places,PLACE_DETAILS,ChIJX2JetvWpZEcR7celQHOTTN0,establishment;lodging;point_of_interest;spa,False,CACHED
"Maison Astor Paris, Curio Collection by Hilton",https://www.americanexpress.com/en-us/travel/discover/property/France/Paris/Maison-Astor-Paris-Curio-Collection-By-Hilton?intlink=US-travel-discover-property-results-propertyCard-Maison-Astor-Paris-Curio-Collection-By-Hilton,"Paris, France",THE HOTEL COLLECTION,Curio Collection,Program,48.8728518,2.3194228,"11 Rue d'Astorg, 75008 Paris, France",google_places,PLACE_DETAILS,ChIJndFslMtv5kcRvUUPXR6PEvk,establishment;lodging;point_of_interest,False,CACHED
"La Festa Phu Quoc, Curio Collection by Hilton",https://www.americanexpress.com/en-us/travel/discover/property/Vietnam/Phu-Quoc/La-Festa-Phu-Quoc-Curio-Collection-By-Hilton?intlink=US-travel-discover-property-results-propertyCard-La-Festa-Phu-Quoc-Curio-Collection-By-Hilton,"Phu Quoc, Vietnam",THE HOTEL COLLECTION,Curio Collection,Program,10.0295567,104.0075604,"Sunset Town, An Thới, Phú Quốc, Kiên Giang 91000, Vietnam",google_places,PLACE_DETAILS,ChIJc4_lgKCWpzERfX9ic42Xi-s,establishment;lodging;point_of_interest;spa,False,CACHED
"Inn at the Pier Pismo Beach, Curio Collection by Hilton",https://www.americanexpress.com/en-us/travel/discover/property/California-US/Pismo-Beach/Inn-At-The-Pier-Pismo-Beach-Curio-Collection-By-Hilton?intlink=US-travel-discover-property-results-propertyCard-Inn-At-The-Pier-Pismo-Beach-Curio-Collection-By-Hilton,"Pismo Beach, California US",THE HOTEL COLLECTION,Curio Collection,Program,35.1394134,-120.642382,"601 Cypress St, Pismo Beach, CA 93449, USA",google_places,PLACE_DETAILS,ChIJxZfi7N1Y7IAR8kYTGRGcNCo,establishment;lodging;point_of_interest,False,CACHED
"Cala San Miguel Ibiza Resort, Curio Collection by Hilton",https://www.americanexpress.com/en-us/travel/discover/property/Spain/Port-de-Sant-Miguel/Cala-San-Miguel-Ibiza-Resort-Curio-Collection-By-Hilton?intlink=US-travel-discover-property-results-propertyCard-Cala-San-Miguel-Ibiza-Resort-Curio-Collection-By-Hilton,"Port de Sant Miguel, Spain",THE HOTEL COLLECTION,Curio Collection,Program,39.08010780000001,1.4416864,"Puerto San Miguel, 26, 07815 Sant Joan de Labritja, Illes Balears, Spain",google_places,PLACE_DETAILS,ChIJH-4cyPU7mRIR-YzoCH8AoE0,establishment;lodging;point_of_interest,False,CACHED
"Sulia House Porto Rotondo, Curio Collection by Hilton",https://www.americanexpress.com/en-us/travel/discover/property/Italy/Porto-Rotondo/Sulia-House-Porto-Rotondo-Curio-Collection-By-Hilton?intlink=US-travel-discover-property-results-propertyCard-Sulia-House-Porto-Rotondo-Curio-Collection-By-Hilton,"Porto Rotondo, Italy",THE HOTEL COLLECTION,Curio Collection,Program,41.0057474,9.5354467,"Via Monte Ladu, 36, 07026 Porto Rotondo Provincia della Gallura Nord-Est Sardegna, Italy",google_places,PLACE_DETAILS,ChIJDUWKPM1J2RIRzeTS2pJawW0,establishment;lodging;point_of_interest;spa,False,CACHED
"Cenica Porto Hotel, Curio Collection by Hilton",https://www.americanexpress.com/en-us/travel/discover/property/Portugal/Porto/Cenica-Porto-Hotel-Curio-Collection-By-Hilton?intlink=US-travel-discover-property-results-propertyCard-Cenica-Porto-Hotel-Curio-Collection-By-Hilton,"Porto, Portugal",THE HOTEL COLLECTION,Curio Collection,Program,41.1536979,-8.6080794,"R. de Gonçalo Cristóvão 156, 4000-265 Porto, Portugal",google_places,PLACE_DETAILS,ChIJy34rSttlJA0RUyMvhxzcKFY,establishment;lodging;point_of_interest;spa,False,CACHED
"Botanika Osa Peninsula Costa Rica Resort, Curio Collection by Hilton",https://www.americanexpress.com/en-us/travel/discover/property/Costa-Rica/Puerto-Jimenez/Botanika-Osa-Peninsula-Costa-Rica-Resort-Curio-Collection-By-Hilton?intlink=US-travel-discover-property-results-propertyCard-Botanika-Osa-Peninsula-Costa-Rica-Resort-Curio-Collection-By-Hilton,"Puerto Jimenez, Costa Rica",THE HOTEL COLLECTION,Curio Collection,Program,8.527225999999999,-83.30671699999999,"Costado Este del aeropuerto, Aeropuerto Oeste, Puntarenas Province, Puerto Jiménez, 61301, Costa Rica",google_places,PLACE_DETAILS,ChIJCS1QT-ZmpI8RiaOwW3E5U38,establishment;lodging;point_of_interest,False,CACHED
"The Royal Senses Resort Crete, Curio Collection by Hilton",https://www.americanexpress.com/en-us/travel/discover/property/Greece/Rethymnon/The-Royal-Senses-Resort-Crete-Curio-Collection-By-Hilton?intlink=US-travel-discover-property-results-propertyCard-The-Royal-Senses-Resort-Crete-Curio-Collection-By-Hilton,"Rethymnon, Greece",THE HOTEL COLLECTION,Curio Collection,Program,35.4192171,24.6599806,"Panormo Geropotamou, Geropotamos 740 57, Greece",google_places,PLACE_DETAILS,ChIJ9bZuLWymmxQRHvk8ZdYDDD0,establishment;lodging;point_of_interest;spa,False,CACHED
"Iceland Parliament Hotel, Curio Collection by Hilton",https://www.americanexpress.com/en-us/travel/discover/property/Iceland/Reykjavik/Iceland-Parliament-Hotel-Curio-Collection-By-Hilton?intlink=US-travel-discover-property-results-propertyCard-Iceland-Parliament-Hotel-Curio-Collection-By-Hilton,"Reykjavik, Iceland",THE HOTEL COLLECTION,Curio Collection,Program,64.1472172,-21.9407127,"Thorvaldsenstræti 2-6, 101 Reykjavík, Iceland",google_places,PLACE_DETAILS,ChIJlexuDS0L1kgR-NNSf0qPOOs,establishment;lodging;point_of_interest;spa,False,CACHED
"Cloudland at McLemore Resort Lookout Mountain, Curio by Hilton",https://www.americanexpress.com/en-us/travel/discover/property/Georgia-US/Rising-Fawn/Cloudland-At-Mclemore-Resort-Lookout-Mountain-Curio-By-Hilton?intlink=US-travel-discover-property-results-propertyCard-Cloudland-At-Mclemore-Resort-Lookout-Mountain-Curio-By-Hilton,"Rising Fawn, Georgia US",THE HOTEL COLLECTION,Curio Collection,Program,34.7391923,-85.4451267,"243 Cloudland Dr, Rising Fawn, GA 30738, USA",google_places,PLACE_DETAILS,ChIJmUoQOEA3YIgRaE5OX4dEm-o,establishment;lodging;point_of_interest,False,CACHED
"The Singer Oceanfront Resort Singer Island, Curio by Hilton",https://www.americanexpress.com/en-us/travel/discover/property/Florida-US/Riviera-Beach/The-Singer-Oceanfront-Resort-Singer-Island-Curio-By-Hilton?intlink=US-travel-discover-property-results-propertyCard-The-Singer-Oceanfront-Resort-Singer-Island-Curio-By-Hilton,"Riviera Beach, Florida US",THE HOTEL COLLECTION,Curio Collection,Program,26.7910535,-80.03306959999999,"3700 N Ocean Dr, Riviera Beach, FL 33404, USA",google_geocoding,ROOFTOP,ChIJ7_YlkOzU2IgRI_h_VJyHP2o,establishment;lodging;point_of_interest,True,CACHED
"Aleph Rome Hotel, Curio Collection by Hilton",https://www.americanexpress.com/en-us/travel/discover/property/Italy/Rome/Aleph-Rome-Hotel-Curio-Collection-By-Hilton?intlink=US-travel-discover-property-results-propertyCard-Aleph-Rome-Hotel-Curio-Collection-By-Hilton,"Rome, Italy",THE HOTEL COLLECTION,Curio Collection,Program,41.9053317,12.4900433,"Via di S. Basilio, 15, 00187 Roma RM, Italy",google_places,PLACE_DETAILS,ChIJYSErMuOHJRMRfWKphL_JLrU,establishment;lodging;point_of_interest;spa,False,CACHED
"The Exchange Sacramento, Curio Collection by Hilton",https://www.americanexpress.com/en-us/travel/discover/property/California-US/Sacramento/The-Exchange-Sacramento-Curio-Collection-By-Hilton?intlink=US-travel-discover-property-results-propertyCard-The-Exchange-Sacramento-Curio-Collection-By-Hilton,"Sacramento, California US",THE HOTEL COLLECTION,Curio Collection,Program,38.582216,-121.501828,"1006 4th St, Sacramento, CA 95814, USA",google_places,PLACE_DETAILS,ChIJN63euhPRmoARQq-cDFijbSY,establishment;lodging;point_of_interest,False,CACHED
"The Monarch San Antonio, Curio Collection by Hilton",https://www.americanexpress.com/en-us/travel/discover/property/Texas-US/San-Antonio/The-Monarch-San-Antonio-Curio-Collection-By-Hilton?intlink=US-travel-discover-property-results-propertyCard-The-Monarch-San-Antonio-Curio-Collection-By-Hilton,"San Antonio, Texas US",THE HOTEL COLLECTION,Curio Collection,Program,29.4222047,-98.48713219999999,"222 S Alamo St, San Antonio, TX 78205, USA",google_places,PLACE_DETAILS,ChIJxan4ZOFZXIYR5sTWwmNhh60,establishment;lodging;point_of_interest,False,CACHED
"Carte Hotel San Diego Downtown, Curio Collection by Hilton",https://www.americanexpress.com/en-us/travel/discover/property/California-US/San-Diego/Carte-Hotel-San-Diego-Downtown-Curio-Collection-By-Hilton?intlink=US-travel-discover-property-results-propertyCard-Carte-Hotel-San-Diego-Downtown-Curio-Collection-By-Hilton,"San Diego, California US",THE HOTEL COLLECTION,Curio Collection,Program,32.7197261,-117.1667704,"401 W Ash St, San Diego, CA 92101, USA",google_places,PLACE_DETAILS,ChIJaTi-s2RV2YARY-Mq2hOjLDg,establishment;lodging;point_of_interest,False,CACHED
"Gran Hotel Costa Rica, Curio Collection by Hilton",https://www.americanexpress.com/en-us/travel/discover/property/Costa-Rica/San-Jose/Gran-Hotel-Costa-Rica-Curio-Collection-By-Hilton?intlink=US-travel-discover-property-results-propertyCard-Gran-Hotel-Costa-Rica-Curio-Collection-By-Hilton,"San Jose, Costa Rica",THE HOTEL COLLECTION,Curio Collection,Program,9.9334486,-84.07757099999999,"WWMC+GXH, Av. Central, San José, El Carmen, Costa Rica",google_places,PLACE_DETAILS,ChIJqXsh1WDjoI8RZxQy3P29xQQ,establishment;lodging;point_of_interest,False,CACHED
"Palacio Provincial San Juan, Curio Collection by Hilton",https://www.americanexpress.com/en-us/travel/discover/property/Puerto-Rico/San-Juan/Palacio-Provincial-San-Juan-Curio-Collection-By-Hilton?intlink=US-travel-discover-property-results-propertyCard-Palacio-Provincial-San-Juan-Curio-Collection-By-Hilton,"San Juan, Puerto Rico",THE HOTEL COLLECTION,Curio Collection,Program,18.4653589,-66.1176728,"103 C. de San Francisco, San Juan, 00901, Puerto Rico",google_places,PLACE_DETAILS,ChIJLc18ARpvA4wRwqGp90O4XgA,establishment;lodging;point_of_interest,False,CACHED
"Hotel Santiago, Curio Collection by Hilton",https://www.americanexpress.com/en-us/travel/discover/property/Dominican-Republic/Santiago-de-los-Caballeros/Hotel-Santiago-Curio-Collection-By-Hilton?intlink=US-travel-discover-property-results-propertyCard-Hotel-Santiago-Curio-Collection-By-Hilton,"Santiago de los Caballeros, Dominican Republic",THE HOTEL COLLECTION,Curio Collection,Program,19.4582173,-70.6865897,"Av. Juan Pablo Duarte, Santiago de los Caballeros 51000, Dominican Republic",google_places,PLACE_DETAILS,ChIJAT2ZjZvFsY4RvfnkY6sr3SE,establishment;lodging;point_of_interest,False,CACHED
"Sea Breeze Santorini Beach Resort, Curio Collection by Hilton",https://www.americanexpress.com/en-us/travel/discover/property/Greece/Santorini/Sea-Breeze-Santorini-Beach-Resort-Curio-Collection-By-Hilton?intlink=US-travel-discover-property-results-propertyCard-Sea-Breeze-Santorini-Beach-Resort-Curio-Collection-By-Hilton,"Santorini, Greece",THE HOTEL COLLECTION,Curio Collection,Program,36.3347252,25.4424381,"Agios Georgios, Perivolos, Exomitis 847 03, Greece",google_places,PLACE_DETAILS,ChIJRSE2qY_PmRQRApfXMU-bKpM,establishment;lodging;point_of_interest;spa,False,CACHED
"Hotel Saranac, Curio Collection by Hilton",https://www.americanexpress.com/en-us/travel/discover/property/New-York-US/Saranac-Lake/Hotel-Saranac-Curio-Collection-By-Hilton?intlink=US-travel-discover-property-results-propertyCard-Hotel-Saranac-Curio-Collection-By-Hilton,"Saranac Lake, New York US",THE HOTEL COLLECTION,Curio Collection,Program,44.3268817,-74.13048239999999,"100 Main St, Saranac Lake, NY 12983, USA",google_places,PLACE_DETAILS,ChIJH6u-I9gay0wRH-mIN3WZ-cs,establishment;lodging;point_of_interest,False,CACHED
"The Drayton Hotel Savannah, Curio Collection by Hilton",https://www.americanexpress.com/en-us/travel/discover/property/Georgia-US/Savannah/The-Drayton-Hotel-Savannah-Curio-Collection-By-Hilton?intlink=US-travel-discover-property-results-propertyCard-The-Drayton-Hotel-Savannah-Curio-Collection-By-Hilton,"Savannah, Georgia US",THE HOTEL COLLECTION,Curio Collection,Program,32.0804682,-81.0903331,"7 Drayton St, Savannah, GA 31401, USA",google_places,PLACE_DETAILS,ChIJOVTxQWSe-4gR5bmsIPKLoxs,establishment;lodging;point_of_interest,False,CACHED
"Senna House Hotel Scottsdale, Curio Collection by Hilton",https://www.americanexpress.com/en-us/travel/discover/property/Arizona-US/Scottsdale/Senna-House-Hotel-Scottsdale-Curio-Collection-By-Hilton?intlink=US-travel-discover-property-results-propertyCard-Senna-House-Hotel-Scottsdale-Curio-Collection-By-Hilton,"Scottsdale, Arizona US",THE HOTEL COLLECTION,Curio Collection,Program,33.5019178,-111.9199943,"7501 E Camelback Rd, Scottsdale, AZ 85251, USA",google_places,PLACE_DETAILS,ChIJwcy9AWMLK4cR6rMmC_yOiWc,establishment;lodging;point_of_interest,False,CACHED
"The Scottsdale Resort and Spa, Curio Collection by Hilton",https://www.americanexpress.com/en-us/travel/discover/property/Arizona-US/Scottsdale/The-Scottsdale-Resort-And-Spa-Curio-Collection-By-Hilton?intlink=US-travel-discover-property-results-propertyCard-The-Scottsdale-Resort-And-Spa-Curio-Collection-By-Hilton,"Scottsdale, Arizona US",THE HOTEL COLLECTION,Curio Collection,Program,33.5484573,-111.9162323,"7700 E McCormick Pkwy, Scottsdale, AZ 85258, USA",google_places,PLACE_DETAILS,ChIJ3zVm7y8LK4cReLvdQvyQkqA,establishment;lodging;point_of_interest,False,CACHED
"The Charter Hotel Seattle, Curio Collection by Hilton",https://www.americanexpress.com/en-us/travel/discover/property/Washington-US/Seattle/The-Charter-Hotel-Seattle-Curio-Collection-By-Hilton?intlink=US-travel-discover-property-results-propertyCard-The-Charter-Hotel-Seattle-Curio-Collection-By-Hilton,"Seattle, Washington US",THE HOTEL COLLECTION,Curio Collection,Program,47.6109383,-122.3400693,"1610 2nd Ave, Seattle, WA 98101, USA",google_places,PLACE_DETAILS,ChIJQaSqYnVrkFQRslO74UY2aWA,establishment;lodging;point_of_interest,False,CACHED
"Skaneateles Fields Resort & Spa, Curio Collection by Hilton",https://www.americanexpress.com/en-us/travel/discover/property/New-York-US/Skaneateles/Skaneateles-Fields-Resort--Spa-Curio-Collection-By-Hilton?intlink=US-travel-discover-property-results-propertyCard-Skaneateles-Fields-Resort--Spa-Curio-Collection-By-Hilton,"Skaneateles, New York US",THE HOTEL COLLECTION,Curio Collection,Program,42.973683,-76.431214,"1000 Mottville Rd, Skaneateles, NY 13152, USA",google_places,PLACE_DETAILS,ChIJ3RSGNqQB2okR4D0uusKphyg,establishment;lodging;point_of_interest,False,CACHED
"SAii Lagoon Maldives, Curio Collection by Hilton",https://www.americanexpress.com/en-us/travel/discover/property/Maldives/South-Malé-Atoll/Saii-Lagoon-Maldives-Curio-Collection-By-Hilton?intlink=US-travel-discover-property-results-propertyCard-Saii-Lagoon-Maldives-Curio-Collection-By-Hilton,"South Malé Atoll, Maldives",THE HOTEL COLLECTION,Curio Collection,Program,4.1205428,73.4675091,"Eh`mafushi South, Malé, Maldives",google_places,PLACE_DETAILS,ChIJR9rfAfV9PzsRVfw0W6mLTD8,establishment;lodging;point_of_interest;spa,False,CACHED
"Revery Toronto Downtown, Curio Collection by Hilton",https://www.americanexpress.com/en-us/travel/discover/property/Ontario-CA/Toronto/Revery-Toronto-Downtown-Curio-Collection-By-Hilton?intlink=US-travel-discover-property-results-propertyCard-Revery-Toronto-Downtown-Curio-Collection-By-Hilton,"Toronto, Ontario CA",THE HOTEL COLLECTION,Curio Collection,Program,43.6469903,-79.39323619999999,"92 Peter St, Toronto, ON M5V 2G5, Canada",google_places,PLACE_DETAILS,ChIJd2daaNo0K4gRELhObMfXhiw,establishment;lodging;point_of_interest,False,CACHED
"Tulsa Club Hotel, Curio Collection by Hilton",https://www.americanexpress.com/en-us/travel/discover/property/Oklahoma-US/Tulsa/Tulsa-Club-Hotel-Curio-Collection-By-Hilton?intlink=US-travel-discover-property-results-propertyCard-Tulsa-Club-Hotel-Curio-Collection-By-Hilton,"Tulsa, Oklahoma US",THE HOTEL COLLECTION,Curio Collection,Program,36.1523897,-95.9881252,"115 E 5th St, Tulsa, OK 74103, USA",google_places,PLACE_DETAILS,ChIJheM_ZCDrtocRUbh-0CVjX-U,establishment;lodging;point_of_interest,False,CACHED
"Boeira Garden Hotel Porto Gaia, Curio Collection by Hilton",https://www.americanexpress.com/en-us/travel/discover/property/Portugal/Vila-Nova-de-Gaia/Boeira-Garden-Hotel-Porto-Gaia-Curio-Collection-By-Hilton?intlink=US-travel-discover-property-results-propertyCard-Boeira-Garden-Hotel-Porto-Gaia-Curio-Collection-By-Hilton,"Vila Nova de Gaia, Portugal",THE HOTEL COLLECTION,Curio Collection,Program,41.1277638,-8.612802,"R. Teixeira Lopes 114, 4400-320 Vila Nova de Gaia, Portugal",google_places,PLACE_DETAILS,ChIJY7HMVkllJA0RHl1amxQRX2I,establishment;lodging;point_of_interest;spa,False,CACHED
"The Morrow Washington DC, Curio by Hilton",https://www.americanexpress.com/en-us/travel/discover/property/District-of-Columbia-US/Washington/The-Morrow-Washington-Dc-Curio-By-Hilton?intlink=US-travel-discover-property-results-propertyCard-The-Morrow-Washington-Dc-Curio-By-Hilton,"Washington, District of Columbia US",THE HOTEL COLLECTION,Curio Collection,Program,38.9165712,-77.0454106,"1919 Connecticut Ave NW, Washington, DC 20009, USA",google_places,PLACE_DETAILS,ChIJpRVYacW3t4kRdfwMBb3fwLY,establishment;lodging;point_of_interest,False,CACHED
"The Valorian Los Angeles, Curio Collection by Hilton",https://www.americanexpress.com/en-us/travel/discover/property/California-US/West-Hollywood/The-Valorian-Los-Angeles-Curio-Collection-By-Hilton?intlink=US-travel-discover-property-results-propertyCard-The-Valorian-Los-Angeles-Curio-Collection-By-Hilton,"West Hollywood, California US",THE HOTEL COLLECTION,Curio Collection,Program,34.0945542,-118.3741965,"8440 Sunset Blvd, West Hollywood, CA 90069, USA",google_places,PLACE_DETAILS,ChIJNVvaZb6-woAR6cPPdx0dR5A,establishment;lodging;point_of_interest,False,CACHED
"Mangrove Beach Corendon Curacao All-Inclusive Resort, Curio by Hilton",https://www.americanexpress.com/en-us/travel/discover/property/Curacao/Willemstad/Mangrove-Beach-Corendon-Curacao-All-inclusive-Resort-Curio-By-Hilton?intlink=US-travel-discover-property-results-propertyCard-Mangrove-Beach-Corendon-Curacao-All-inclusive-Resort-Curio-By-Hilton,"Willemstad, Curacao",THE HOTEL COLLECTION,Curio Collection,Program,12.1089459,-68.9463276,"31 Pater Euwensweg, Willemstad, Curaçao",google_places,PLACE_DETAILS,ChIJiVv73fiChI4REgECl1BzOGw,establishment;lodging;point_of_interest,False,CACHED
"The Rif at Mangrove Beach Corendon Curacao All-Inclusive, Curio by Hilton",https://www.americanexpress.com/en-us/travel/discover/property/Curacao/Willemstad/The-Rif-At-Mangrove-Beach-Corendon-Curacao-All-inclusive-Curio-By-Hilton?intlink=US-travel-discover-property-results-propertyCard-The-Rif-At-Mangrove-Beach-Corendon-Curacao-All-inclusive-Curio-By-Hilton,"Willemstad, Curacao",THE HOTEL COLLECTION,Curio Collection,Program,12.1085467,-68.94525,"Pater Euwenswegs, 0000 Netherlands, 31A Antill, Willemstad, Curaçao",google_places,PLACE_DETAILS,ChIJ_-7xGvmChI4RMpAOkAYfHlY,establishment;lodging;point_of_interest,False,CACHED
Hospes Amerigo,https://www.americanexpress.com/en-us/travel/discover/property/Spain/Alicante/Hospes-Amerigo?intlink=US-travel-discover-property-results-propertyCard-Hospes-Amerigo,"Alicante, Spain",THE HOTEL COLLECTION,Design Hotels,Program,38.3446234,-0.4824616,"C. Rafael Altamira, 7, 03002 Alicante (Alacant), Alicante, Spain",google_places,PLACE_DETAILS,ChIJNwE6drE3Yg0R2ZIVehiAA5g,establishment;food;lodging;point_of_interest;restaurant;spa,False,CACHED
NEW Hotel,https://www.americanexpress.com/en-us/travel/discover/property/Greece/Athens/New-Hotel?intlink=US-travel-discover-property-results-propertyCard-New-Hotel,"Athens, Greece",THE HOTEL COLLECTION,Design Hotels,Program,37.9733621,23.7335136,"Filellinon 16, Athina 105 57, Greece",google_places,PLACE_DETAILS,ChIJqS90CT69oRQRIUK8eMngc2c,establishment;lodging;point_of_interest,False,CACHED
"Ulysses Hotel, an Ash Hotel",https://www.americanexpress.com/en-us/travel/discover/property/Maryland-US/Baltimore/Ulysses-Hotel-An-Ash-Hotel?intlink=US-travel-discover-property-results-propertyCard-Ulysses-Hotel-An-Ash-Hotel,"Baltimore, Maryland US",THE HOTEL COLLECTION,Design Hotels,Program,39.2997315,-76.6154777,"2 E Read St #6, Baltimore, MD 21202, USA",google_places,PLACE_DETAILS,ChIJmao6oZcEyIkRaiEkhFLrmMQ,establishment;lodging;point_of_interest,False,CACHED
The Mandala Hotel,https://www.americanexpress.com/en-us/travel/discover/property/Germany/Berlin/The-Mandala-Hotel?intlink=US-travel-discover-property-results-propertyCard-The-Mandala-Hotel,"Berlin, Germany",THE HOTEL COLLECTION,Design Hotels,Program,52.5089801,13.3736812,"Potsdamer Str. 3, 10785 Berlin, Germany",google_places,PLACE_DETAILS,ChIJA-K5lEpQqEcRNkR2Chr-WMc,establishment;lodging;point_of_interest;spa,False,CACHED
The Dominican,https://www.americanexpress.com/en-us/travel/discover/property/Belgium/Brussels/The-Dominican?intlink=US-travel-discover-property-results-propertyCard-The-Dominican,"Brussels, Belgium",THE HOTEL COLLECTION,Design Hotels,Program,50.8492581,4.3547629,"Rue Léopold 9, 1000 Bruxelles, Belgium",google_places,PLACE_DETAILS,ChIJsXxX7IDDw0cRYzRU0IPZPBc,bar;establishment;food;lodging;night_club;point_of_interest;restaurant,False,CACHED
Five Seas Hotel Cannes,https://www.americanexpress.com/en-us/travel/discover/property/France/Cannes/Five-Seas-Hotel-Cannes?intlink=US-travel-discover-property-results-propertyCard-Five-Seas-Hotel-Cannes,"Cannes, France",THE HOTEL COLLECTION,Design Hotels,Program,43.55191019999999,7.018648,"1 Rue Notre Dame, 06400 Cannes, France",google_places,PLACE_DETAILS,ChIJsRfkIJKBzhIR67K9jABNB1Y,bar;establishment;food;lodging;point_of_interest;restaurant;spa,False,CACHED
Nobis Hotel Copenhagen,https://www.americanexpress.com/en-us/travel/discover/property/Denmark/Copenhagen/Nobis-Hotel-Copenhagen?intlink=US-travel-discover-property-results-propertyCard-Nobis-Hotel-Copenhagen,"Copenhagen, Denmark",THE HOTEL COLLECTION,Design Hotels,Program,55.6724553,12.5734737,"Niels Brocks Gade 1, 1574 København, Denmark",google_places,PLACE_DETAILS,ChIJfXY1EhNTUkYR9JTN38WMUZk,establishment;food;lodging;point_of_interest;restaurant,False,CACHED
The Ramble Hotel,https://www.americanexpress.com/en-us/travel/discover/property/Colorado-US/Denver/The-Ramble-Hotel?intlink=US-travel-discover-property-results-propertyCard-The-Ramble-Hotel,"Denver, Colorado US",THE HOTEL COLLECTION,Design Hotels,Program,39.75734509999999,-104.9865894,"1280 25th St, Denver, CO 80205, USA",google_places,PLACE_DETAILS,ChIJtXbl7d94bIcRmDyPp2VT1p0,bar;establishment;lodging;point_of_interest,False,CACHED
Hospes Palacio de los Patos,https://www.americanexpress.com/en-us/travel/discover/property/Spain/Granada/Hospes-Palacio-De-Los-Patos?intlink=US-travel-discover-property-results-propertyCard-Hospes-Palacio-De-Los-Patos,"Granada, Spain",THE HOTEL COLLECTION,Design Hotels,Program,37.1720171,-3.6031624,"C. Solarillo de Gracia, 1, Centro, 18002 Granada, Spain",google_places,PLACE_DETAILS,ChIJ1Z8Wa5b8cQ0Rc6zI_zYlKpg,establishment;food;lodging;point_of_interest;restaurant;spa,False,CACHED
Hotel Healdsburg,https://www.americanexpress.com/en-us/travel/discover/property/California-US/Healdsburg/Hotel-Healdsburg?intlink=US-travel-discover-property-results-propertyCard-Hotel-Healdsburg,"Healdsburg, California US",THE HOTEL COLLECTION,Design Hotels,Program,38.6103819,-122.8714075,"25 Matheson St, Healdsburg, CA 95448, USA",google_places,PLACE_DETAILS,ChIJmzw5qjYXhIARRWLwa_K9vpY,establishment;lodging;point_of_interest,False,CACHED
Scribner's Catskill Lodge,https://www.americanexpress.com/en-us/travel/discover/property/New-York-US/Hunter/Scribners-Catskill-Lodge?intlink=US-travel-discover-property-results-propertyCard-Scribners-Catskill-Lodge,"Hunter, New York US",THE HOTEL COLLECTION,Design Hotels,Program,42.2033881,-74.1966977,"13 Scribner Hollow Rd, Hunter, NY 12442, USA",google_places,PLACE_DETAILS,ChIJn-N_sT2t3YkR6yWm3-aD8Ss,bar;establishment;food;lodging;point_of_interest;restaurant,False,CACHED
"The Bank Hotel Istanbul, a Member of Design Hotels",https://www.americanexpress.com/en-us/travel/discover/property/Turkey/Istanbul/The-Bank-Hotel-Istanbul-a-Member-Of-Design-Hotels?intlink=US-travel-discover-property-results-propertyCard-The-Bank-Hotel-Istanbul-a-Member-Of-Design-Hotels,"Istanbul, Turkey",THE HOTEL COLLECTION,Design Hotels,Program,41.0236513,28.9743875,"Arap Cami, Bankalar Cd. No:5 D:1, 34421 Beyoğlu/İstanbul, Türkiye",google_places,PLACE_DETAILS,ChIJMcSt2I25yhQRuehbtlb4he8,establishment;lodging;point_of_interest,False,"PLACES:The Bank Hotel Istanbul, a Member of Design Hotels Design Hotels Hotel"
Timber Cove Resort,https://www.americanexpress.com/en-us/travel/discover/property/California-US/Jenner/Timber-Cove-Resort?intlink=US-travel-discover-property-results-propertyCard-Timber-Cove-Resort,"Jenner, California US",THE HOTEL COLLECTION,Design Hotels,Program,38.5332889,-123.277175,"21780 Coast Hwy #1, Jenner, CA 95450, USA",google_places,PLACE_DETAILS,ChIJy3_KS8O6hoARphd2N_jQhC0,establishment;lodging;point_of_interest,False,CACHED
The Soho Hotel,https://www.americanexpress.com/en-us/travel/discover/property/England/London/The-Soho-Hotel?intlink=US-travel-discover-property-results-propertyCard-The-Soho-Hotel,"London, England",THE HOTEL COLLECTION,Design Hotels,Program,51.5139885,-0.1337476,"Soho Hotel, 4 Richmond Mews, London W1D 3DH, UK",google_places,PLACE_DETAILS,ChIJE4E1QdMEdkgRSpJ-bmPNffY,establishment;lodging;point_of_interest,False,CACHED
Hospes Puerta de Alcala,https://www.americanexpress.com/en-us/travel/discover/property/Spain/Madrid/Hospes-Puerta-De-Alcala?intlink=US-travel-discover-property-results-propertyCard-Hospes-Puerta-De-Alcala,"Madrid, Spain",THE HOTEL COLLECTION,Design Hotels,Program,40.4206199,-3.6892813,"Pl. de la Independencia, 3, Salamanca, 28001 Madrid, Spain",google_places,PLACE_DETAILS,ChIJ6ZjCSpooQg0RkGtrp-n0exY,establishment;food;lodging;point_of_interest;restaurant;spa,False,CACHED
Hotel VIU Milan,https://www.americanexpress.com/en-us/travel/discover/property/Italy/Milan/Hotel-Viu-Milan?intlink=US-travel-discover-property-results-propertyCard-Hotel-Viu-Milan,"Milan, Italy",THE HOTEL COLLECTION,Design Hotels,Program,45.4832876,9.177568599999999,"Via Aristotile Fioravanti, 6, 20154 Milano MI, Italy",google_places,PLACE_DETAILS,ChIJjY0RBTrBhkcRbWqhW8LaTzw,establishment;lodging;point_of_interest,False,CACHED
STRAF Hotel Milano,https://www.americanexpress.com/en-us/travel/discover/property/Italy/Milan/Straf-Hotel-Milano?intlink=US-travel-discover-property-results-propertyCard-Straf-Hotel-Milano,"Milan, Italy",THE HOTEL COLLECTION,Design Hotels,Program,45.4651658,9.191192,"Via S. Raffaele, 3, 20121 Milano MI, Italy",google_places,PLACE_DETAILS,ChIJ5wx4X67GhkcRve69j0nZ-5U,establishment;lodging;point_of_interest,False,CACHED
Cortiina Hotel,https://www.americanexpress.com/en-us/travel/discover/property/Germany/Munich/Cortiina-Hotel?intlink=US-travel-discover-property-results-propertyCard-Cortiina-Hotel,"Munich, Germany",THE HOTEL COLLECTION,Design Hotels,Program,48.1368017,11.5794795,"Ledererstraße 8, 80331 München, Germany",google_places,PLACE_DETAILS,ChIJZyLWSop1nkcRnQW0FofT8bU,bar;establishment;lodging;point_of_interest,False,CACHED
Louis Hotel,https://www.americanexpress.com/en-us/travel/discover/property/Germany/Munich/Louis-Hotel?intlink=US-travel-discover-property-results-propertyCard-Louis-Hotel,"Munich, Germany",THE HOTEL COLLECTION,Design Hotels,Program,48.1359729,11.5758069,"Viktualienmarkt 6, 80331 München, Germany",google_places,PLACE_DETAILS,ChIJF-xkv4p1nkcRW57u5Bw0jgY,establishment;food;lodging;point_of_interest;restaurant,False,CACHED
11 Howard,https://www.americanexpress.com/en-us/travel/discover/property/New-York-US/New-York/11-Howard?intlink=US-travel-discover-property-results-propertyCard-11-Howard,"New York, New York US",THE HOTEL COLLECTION,Design Hotels,Program,40.719181,-74.000106,"11 Howard St, New York, NY 10013, USA",google_places,PLACE_DETAILS,ChIJJ8Cu8olZwokRP0gu7bI_PHs,establishment;lodging;point_of_interest,False,CACHED
Esh Hotel & Spa,https://www.americanexpress.com/en-us/travel/discover/property/Costa-Rica/Nosara/Esh-Hotel--Spa?intlink=US-travel-discover-property-results-propertyCard-Esh-Hotel--Spa,"Nosara, Costa Rica",THE HOTEL COLLECTION,Design Hotels,Program,,,,google_places_first,,,,,NO_RESULT:CACHED:NO_RESULT
Avalon Palm Springs,https://www.americanexpress.com/en-us/travel/discover/property/California-US/Palm-Springs/Avalon-Palm-Springs?intlink=US-travel-discover-property-results-propertyCard-Avalon-Palm-Springs,"Palm Springs, California US",THE HOTEL COLLECTION,Design Hotels,Program,33.8176863,-116.5481991,"415 S Belardo Rd, Palm Springs, CA 92262, USA",google_places,PLACE_DETAILS,ChIJlYo0LqYb24ARljyWYC0zaAs,establishment;lodging;point_of_interest,False,CACHED
Concepcio by Nobis,https://www.americanexpress.com/en-us/travel/discover/property/Spain/Palma/Concepcio-By-Nobis?intlink=US-travel-discover-property-results-propertyCard-Concepcio-By-Nobis,"Palma, Spain",THE HOTEL COLLECTION,Design Hotels,Program,39.574501,2.6456798,"C/ de la Concepció, 34, Centre, 07012 Palma, Illes Balears, Spain",google_places,PLACE_DETAILS,ChIJ1fTcYyqTlxIRa4SNeVWTLuI,bar;establishment;food;lodging;night_club;point_of_interest;restaurant,False,CACHED
Rastrello,https://www.americanexpress.com/en-us/travel/discover/property/Italy/Panicale/Rastrello?intlink=US-travel-discover-property-results-propertyCard-Rastrello,"Panicale, Italy",THE HOTEL COLLECTION,Design Hotels,Program,43.029455,12.09878,"V.le Guglielmo Marconi, 18, 06064 Panicale PG, Italy",google_places,PLACE_DETAILS,ChIJMXXp0NOtLhMR3bhEzfjiiCs,establishment;lodging;point_of_interest,False,CACHED
Le Roch Hotel and Spa,https://www.americanexpress.com/en-us/travel/discover/property/France/Paris/Le-Roch-Hotel-And-Spa?intlink=US-travel-discover-property-results-propertyCard-Le-Roch-Hotel-And-Spa,"Paris, France",THE HOTEL COLLECTION,Design Hotels,Program,48.8661957,2.3328756,"28 Rue Saint-Roch, 75001 Paris, France",google_places,PLACE_DETAILS,ChIJsagz4S9u5kcRxvJ5eKKVkyU,bar;establishment;food;lodging;point_of_interest;restaurant;spa,False,CACHED
Sir Prague,https://www.americanexpress.com/en-us/travel/discover/property/Czech-Republic/Prague/Sir-Prague?intlink=US-travel-discover-property-results-propertyCard-Sir-Prague,"Prague, Czech Republic",THE HOTEL COLLECTION,Design Hotels,Program,50.0768308,14.4153481,"Náplavní 6/120 00, Nové Město, 120 00 Praha-Praha 2, Czechia",google_places,PLACE_DETAILS,ChIJwZJ21QeVC0cRbu-e9hKyvIw,establishment;lodging;point_of_interest,False,PLACES:Sir Prague Design Hotels Hotel
Hospes Palacio de San Esteban,https://www.americanexpress.com/en-us/travel/discover/property/Spain/Salamanca/Hospes-Palacio-De-San-Esteban?intlink=US-travel-discover-property-results-propertyCard-Hospes-Palacio-De-San-Esteban,"Salamanca, Spain",THE HOTEL COLLECTION,Design Hotels,Program,40.9597389,-5.6628715,"Arroyo de Santo Domingo, 3, 37008 Salamanca, Spain",google_places,PLACE_DETAILS,ChIJMU9RGGsmPw0RAHNiEfj4ep0,establishment;food;lodging;point_of_interest;restaurant,False,CACHED
"Granger Hotel Gaslamp Quarter, a Member of Design Hotels",https://www.americanexpress.com/en-us/travel/discover/property/California-US/San-Diego/Granger-Hotel-Gaslamp-Quarter-a-Member-Of-Design-Hotels?intlink=US-travel-discover-property-results-propertyCard-Granger-Hotel-Gaslamp-Quarter-a-Member-Of-Design-Hotels,"San Diego, California US",THE HOTEL COLLECTION,Design Hotels,Program,32.715386,-117.1604515,"964 Fifth Ave, San Diego, CA 92101, USA",google_geocoding,ROOFTOP,ChIJC2_68qdU2YARQjU-5SfA1aE,bar;establishment;lodging;point_of_interest,True,CACHED
Hotel Matilda,https://www.americanexpress.com/en-us/travel/discover/property/Guanajuato-MX/San-Miguel-de-Allende/Hotel-Matilda?intlink=US-travel-discover-property-results-propertyCard-Hotel-Matilda,"San Miguel de Allende, Guanajuato MX",THE HOTEL COLLECTION,Design Hotels,Program,20.9105209,-100.7436561,"Aldama 53, Zona Centro, 37700 San Miguel de Allende, Gto., Mexico",google_places,PLACE_DETAILS,ChIJw37sdbBRK4QRPWQMxWlINvg,bar;establishment;food;lodging;point_of_interest;restaurant;spa,False,CACHED
Municipal Grand,https://www.americanexpress.com/en-us/travel/discover/property/Georgia-US/Savannah/Municipal-Grand?intlink=US-travel-discover-property-results-propertyCard-Municipal-Grand,"Savannah, Georgia US",THE HOTEL COLLECTION,Design Hotels,Program,32.0787062,-81.089688,"45 Abercorn St, Savannah, GA 31401, USA",google_places,PLACE_DETAILS,ChIJN90frGWe-4gRseompFRpHC0,establishment;lodging;point_of_interest,False,CACHED
Rabot Hotel from Hotel Chocolat,https://www.americanexpress.com/en-us/travel/discover/property/Saint-Lucia/Soufriere/Rabot-Hotel-From-Hotel-Chocolat?intlink=US-travel-discover-property-results-propertyCard-Rabot-Hotel-From-Hotel-Chocolat,"Soufriere, Saint Lucia",THE HOTEL COLLECTION,Design Hotels,Program,13.8334113,-61.05054519999999,"Hotel Chocolat Estates Ltd., Soufriere, St Lucia",google_places,PLACE_DETAILS,ChIJOSgx9C-KQIwRLTQkkiBqCYE,establishment;lodging;point_of_interest,False,CACHED
Giardino Mountain,https://www.americanexpress.com/en-us/travel/discover/property/Switzerland/St.-Moritz/Giardino-Mountain?intlink=US-travel-discover-property-results-propertyCard-Giardino-Mountain,"St. Moritz, Switzerland",THE HOTEL COLLECTION,Design Hotels,Program,46.4776534,9.8110204,"Via Maistra 3, 7512 San Maurizio, Switzerland",google_places,PLACE_DETAILS,ChIJgw-1uOp9g0cRKJZDP57ykDY,establishment;food;lodging;point_of_interest;restaurant;spa,False,CACHED
Hotel Skeppsholmen,https://www.americanexpress.com/en-us/travel/discover/property/Sweden/Stockholm/Hotel-Skeppsholmen?intlink=US-travel-discover-property-results-propertyCard-Hotel-Skeppsholmen,"Stockholm, Sweden",THE HOTEL COLLECTION,Design Hotels,Program,59.3247597,18.087685,"Gröna gången 1, 111 49 Stockholm, Sweden",google_places,PLACE_DETAILS,ChIJtenOqRxxX0YRpiZ0bJ1z7vg,establishment;food;lodging;point_of_interest;restaurant,False,CACHED
Miss Clara by Nobis,https://www.americanexpress.com/en-us/travel/discover/property/Sweden/Stockholm/Miss-Clara-By-Nobis?intlink=US-travel-discover-property-results-propertyCard-Miss-Clara-By-Nobis,"Stockholm, Sweden",THE HOTEL COLLECTION,Design Hotels,Program,59.33759320000001,18.0619045,"Sveavägen 48, 111 34 Stockholm, Sweden",google_places,PLACE_DETAILS,ChIJE1lVvmedX0YRY3xcRq7mqyc,bar;establishment;food;lodging;point_of_interest;restaurant,False,CACHED
Nobis Hotel Stockholm,https://www.americanexpress.com/en-us/travel/discover/property/Sweden/Stockholm/Nobis-Hotel-Stockholm?intlink=US-travel-discover-property-results-propertyCard-Nobis-Hotel-Stockholm,"Stockholm, Sweden",THE HOTEL COLLECTION,Design Hotels,Program,59.33348480000001,18.0738338,"Norrmalmstorg 2-4, 111 46 Stockholm, Sweden",google_places,PLACE_DETAILS,ChIJZU6ilFudX0YRMWleWAQ6VkQ,bar;establishment;food;lodging;point_of_interest;restaurant,False,CACHED
Wild Dunes Resort,https://www.americanexpress.com/en-us/travel/discover/property/South-Carolina-US/Isle-of-Palms/Wild-Dunes-Resort?intlink=US-travel-discover-property-results-propertyCard-Wild-Dunes-Resort,"Isle of Palms, South Carolina US",THE HOTEL COLLECTION,Destination by Hyatt,Program,32.8035623,-79.74081509999999,"5757 Palm Blvd, Isle of Palms, SC 29451, USA",google_places,PLACE_DETAILS,ChIJX--dWc1y_ogRi2gSg8YzoBA,establishment;lodging;point_of_interest,False,CACHED
Tempe Mission Palms,https://www.americanexpress.com/en-us/travel/discover/property/Arizona-US/Tempe/Tempe-Mission-Palms?intlink=US-travel-discover-property-results-propertyCard-Tempe-Mission-Palms,"Tempe, Arizona US",THE HOTEL COLLECTION,Destination by Hyatt,Program,33.4260667,-111.9388799,"60 E 5th St, Tempe, AZ 85281, USA",google_places,PLACE_DETAILS,ChIJo5zyDNgIK4cRzhBIJbVdDAQ,establishment;lodging;point_of_interest,False,CACHED
The Abu Dhabi EDITION,https://www.americanexpress.com/en-us/travel/discover/property/United-Arab-Emirates/Abu-Dhabi/The-Abu-Dhabi-Edition?intlink=US-travel-discover-property-results-propertyCard-The-Abu-Dhabi-Edition,"Abu Dhabi, United Arab Emirates",THE HOTEL COLLECTION,EDITION Hotels,Program,24.452391,54.33656000000001,Marina - Al Bateen - W35 - Abu Dhabi - United Arab Emirates,google_places,PLACE_DETAILS,ChIJF_VJMfhlXj4RJPVubti3bL0,establishment;lodging;point_of_interest,False,CACHED
The Times Square EDITION,https://www.americanexpress.com/en-us/travel/discover/property/New-York-US/New-York/The-Times-Square-Edition?intlink=US-travel-discover-property-results-propertyCard-The-Times-Square-Edition,"New York, New York US",THE HOTEL COLLECTION,EDITION Hotels,Program,40.759149,-73.98416399999999,"701 7th Ave, New York, NY 10036, USA",google_places,PLACE_DETAILS,ChIJ0zMGg5BZwokRmuMvKn7Fwz4,establishment;lodging;point_of_interest,False,CACHED
Our Habitas Bacalar,https://www.americanexpress.com/en-us/travel/discover/property/Quintana-Roo-MX/Bacalar/Our-Habitas-Bacalar?intlink=US-travel-discover-property-results-propertyCard-Our-Habitas-Bacalar,"Bacalar, Quintana Roo MX",THE HOTEL COLLECTION,Ennismore,Program,18.6164999,-88.4324851,"Carretera Federal 307 Xul Ha, 77963 Bacalar, Q.R., Mexico",google_places,PLACE_DETAILS,ChIJC_3RejexW48R_5Ix2wqoNTs,establishment;lodging;point_of_interest,False,CACHED
25hours Hotel Paper Island,https://www.americanexpress.com/en-us/travel/discover/property/Denmark/Copenhagen/25hours-Hotel-Paper-Island?intlink=US-travel-discover-property-results-propertyCard-25hours-Hotel-Paper-Island,"Copenhagen, Denmark",THE HOTEL COLLECTION,Ennismore,Program,55.6792372,12.5996747,"Papirøen 25, 1436 København, Denmark",google_places,PLACE_DETAILS,ChIJ6QnsMjtTUkYRU8ww-ghl6Bc,establishment;lodging;point_of_interest,False,CACHED
Hyde London City,https://www.americanexpress.com/en-us/travel/discover/property/England/London/Hyde-London-City?intlink=US-travel-discover-property-results-propertyCard-Hyde-London-City,"London, England",THE HOTEL COLLECTION,Ennismore,Program,51.51626030000001,-0.1024244,"15 Old Bailey, London EC4M 7EF, UK",google_places,PLACE_DETAILS,ChIJBXyzv0MbdkgRdBphXs2gLZc,establishment;lodging;point_of_interest,False,CACHED
St Martins Lane London,https://www.americanexpress.com/en-us/travel/discover/property/England/London/St-Martins-Lane-London?intlink=US-travel-discover-property-results-propertyCard-St-Martins-Lane-London,"London, England",THE HOTEL COLLECTION,Ennismore,Program,51.510458,-0.1266947,"45 St Martin's Ln, London WC2N 4HX, UK",google_places,PLACE_DETAILS,ChIJF4PizM0EdkgRRMPLsE5qX_0,establishment;lodging;point_of_interest,False,CACHED
Hyde Melbourne Place,https://www.americanexpress.com/en-us/travel/discover/property/Australia/Melbourne/Hyde-Melbourne-Place?intlink=US-travel-discover-property-results-propertyCard-Hyde-Melbourne-Place,"Melbourne, Australia",THE HOTEL COLLECTION,Ennismore,Program,-37.8132786,144.9685245,"130 Russell St, Melbourne VIC 3000, Australia",google_places,PLACE_DETAILS,ChIJs4eaEgND1moROJeo-atWcXo,establishment;lodging;point_of_interest,False,CACHED
25hours Hotel Sydney The Olympia,https://www.americanexpress.com/en-us/travel/discover/property/Australia/Paddington/25hours-Hotel-Sydney-The-Olympia?intlink=US-travel-discover-property-results-propertyCard-25hours-Hotel-Sydney-The-Olympia,"Paddington, Australia",THE HOTEL COLLECTION,Ennismore,Program,-33.8818077,151.2192239,"1 Oxford St, Paddington NSW 2021, Australia",google_places,PLACE_DETAILS,ChIJ08YHJxqtEmsRPGRLOWAOU48,establishment;lodging;point_of_interest,False,CACHED
"Fairmont Bab Al Bahr, Abu Dhabi",https://www.americanexpress.com/en-us/travel/discover/property/United-Arab-Emirates/Abu-Dhabi/Fairmont-Bab-Al-Bahr-Abu-Dhabi?intlink=US-travel-discover-property-results-propertyCard-Fairmont-Bab-Al-Bahr-Abu-Dhabi,"Abu Dhabi, United Arab Emirates",THE HOTEL COLLECTION,Fairmont,Program,24.4151188,54.49032219999999,Khor Al Maqta - Rabdan - RB2 - Abu Dhabi - United Arab Emirates,google_places,PLACE_DETAILS,ChIJN7DjcttDXj4RsEdsGhMIrZU,establishment;food;lodging;point_of_interest;restaurant,False,CACHED
Fairmont Austin,https://www.americanexpress.com/en-us/travel/discover/property/Texas-US/Austin/Fairmont-Austin?intlink=US-travel-discover-property-results-propertyCard-Fairmont-Austin,"Austin, Texas US",THE HOTEL COLLECTION,Fairmont,Program,30.262079,-97.738217,"101 Red River St, Austin, TX 78701, USA",google_places,PLACE_DETAILS,ChIJ_6fT_6i1RIYRkQNSGuLZsLA,establishment;food;lodging;point_of_interest;restaurant,False,CACHED
Fairmont Beijing,https://www.americanexpress.com/en-us/travel/discover/property/China/Beijing/Fairmont-Beijing?intlink=US-travel-discover-property-results-propertyCard-Fairmont-Beijing,"Beijing, China",THE HOTEL COLLECTION,Fairmont,Program,39.905531,116.452054,"China, Bei Jing Shi, Chao Yang Qu, 建国门外大街永安东里 邮政编码: 100020",google_places,PLACE_DETAILS,ChIJwziNYhCt8TUR1vfdKh4qmb4,establishment;lodging;point_of_interest,False,CACHED
Fairmont Copley Plaza,https://www.americanexpress.com/en-us/travel/discover/property/Massachusetts-US/Boston/Fairmont-Copley-Plaza?intlink=US-travel-discover-property-results-propertyCard-Fairmont-Copley-Plaza,"Boston, Massachusetts US",THE HOTEL COLLECTION,Fairmont,Program,42.3490335,-71.076239,"138 St James Ave, Boston, MA 02116, USA",google_places,PLACE_DETAILS,ChIJ99tZ9Ax644kRF96OnpZdQY8,establishment;food;lodging;point_of_interest;restaurant,False,CACHED
Fairmont Nile City Cairo,https://www.americanexpress.com/en-us/travel/discover/property/Egypt/Cairo/Fairmont-Nile-City-Cairo?intlink=US-travel-discover-property-results-propertyCard-Fairmont-Nile-City-Cairo,"Cairo, Egypt",THE HOTEL COLLECTION,Fairmont,Program,30.07179009999999,31.2277359,"Nile City Towers 2005 B، Nile Corniche, Boulaq Num.1, Bulaq, Cairo Governorate 11311, Egypt",google_places,PLACE_DETAILS,ChIJxxh4BfpAWBQR_OrLU6EDfj8,establishment;food;lodging;point_of_interest;restaurant,False,CACHED
Fairmont El San Juan Hotel,https://www.americanexpress.com/en-us/travel/discover/property/Puerto-Rico/Carolina/Fairmont-El-San-Juan-Hotel?intlink=US-travel-discover-property-results-propertyCard-Fairmont-El-San-Juan-Hotel,"Carolina, Puerto Rico",THE HOTEL COLLECTION,Fairmont,Program,18.4433598,-66.01772249999999,"6063 Av. Isla Verde, Carolina, 00979, Puerto Rico",google_places,PLACE_DETAILS,ChIJX1t5_NtlA4wRuLwgT7A_evo,establishment;lodging;point_of_interest,False,CACHED
Fairmont Chicago Millennium Park,https://www.americanexpress.com/en-us/travel/discover/property/Illinois-US/Chicago/Fairmont-Chicago-Millennium-Park?intlink=US-travel-discover-property-results-propertyCard-Fairmont-Chicago-Millennium-Park,"Chicago, Illinois US",THE HOTEL COLLECTION,Fairmont,Program,41.8860915,-87.62089089999999,"200 N Columbus Dr, Chicago, IL 60601, USA",google_places,PLACE_DETAILS,ChIJv1DlfKQsDogRhm8x60TVJyo,establishment;food;lodging;point_of_interest;restaurant,False,CACHED
Fairmont Hotel Macdonald,https://www.americanexpress.com/en-us/travel/discover/property/Alberta-CA/Edmonton/Fairmont-Hotel-Macdonald?intlink=US-travel-discover-property-results-propertyCard-Fairmont-Hotel-Macdonald,"Edmonton, Alberta CA",THE HOTEL COLLECTION,Fairmont,Program,53.54024709999999,-113.4895554,"10065 100 St NW, Edmonton, AB T5J 0N6, Canada",google_places,PLACE_DETAILS,ChIJ25aWN0QioFMRYVMbSvZ56tY,establishment;food;lodging;point_of_interest;restaurant,False,CACHED
Fairmont Windsor Park,https://www.americanexpress.com/en-us/travel/discover/property/England/Egham/Fairmont-Windsor-Park?intlink=US-travel-discover-property-results-propertyCard-Fairmont-Windsor-Park,"Egham, England",THE HOTEL COLLECTION,Fairmont,Program,51.4351599,-0.5899321,"Bishopsgate Rd, Windsor, Englefield Green, Egham TW20 0YL, UK",google_places,PLACE_DETAILS,ChIJYe60oqJ7dkgRXMwTRV_FIm8,establishment;lodging;point_of_interest,False,CACHED
Fairmont Jakarta,https://www.americanexpress.com/en-us/travel/discover/property/Indonesia/Jakarta/Fairmont-Jakarta?intlink=US-travel-discover-property-results-propertyCard-Fairmont-Jakarta,"Jakarta, Indonesia",THE HOTEL COLLECTION,Fairmont,Program,-6.222038599999999,106.7990167,"Jl. Asia Afrika No.8, Gelora, Kecamatan Tanah Abang, JAKARTA, Daerah Khusus Ibukota Jakarta 10270, Indonesia",google_places,PLACE_DETAILS,ChIJG_EnXEnxaS4R0gikKv_y6GM,establishment;food;lodging;point_of_interest;restaurant,False,CACHED
Fairmont Le Manoir Richelieu,https://www.americanexpress.com/en-us/travel/discover/property/Québec-CA/La-Malbaie/Fairmont-Le-Manoir-Richelieu?intlink=US-travel-discover-property-results-propertyCard-Fairmont-Le-Manoir-Richelieu,"La Malbaie, Québec CA",THE HOTEL COLLECTION,Fairmont,Program,47.6205104,-70.1455833,"181 Rue Richelieu, La Malbaie, QC G5A 1X7, Canada",google_places,PLACE_DETAILS,ChIJYwSzugqqv0wRUOX2Ciyd5TI,establishment;food;lodging;point_of_interest;restaurant,False,CACHED
Fairmont Century Plaza Los Angeles at Beverly Hills,https://www.americanexpress.com/en-us/travel/discover/property/California-US/Los-Angeles/Fairmont-Century-Plaza-Los-Angeles-At-Beverly-Hills?intlink=US-travel-discover-property-results-propertyCard-Fairmont-Century-Plaza-Los-Angeles-At-Beverly-Hills,"Los Angeles, California US",THE HOTEL COLLECTION,Fairmont,Program,34.0575352,-118.4157956,"2025 Ave of the Stars, Los Angeles, CA 90067, USA",google_places,PLACE_DETAILS,ChIJMbEnKoW7woARurfV59RdBKY,establishment;lodging;point_of_interest,False,CACHED
Fairmont Makati Manila,https://www.americanexpress.com/en-us/travel/discover/property/Philippines/Makati-City/Fairmont-Makati-Manila?intlink=US-travel-discover-property-results-propertyCard-Fairmont-Makati-Manila,"Makati City, Philippines",THE HOTEL COLLECTION,Fairmont,Program,14.5511976,121.023375,"1, Raffles Drive, Makati Ave, Makati City, 1224 Metro Manila, Philippines",google_places,PLACE_DETAILS,ChIJ5WJcjxrJlzMR8IlHE9qnVc4,establishment;food;lodging;point_of_interest;restaurant,False,CACHED
Fairmont Royal Palm Marrakech,https://www.americanexpress.com/en-us/travel/discover/property/Morocco/Marrakech/Fairmont-Royal-Palm-Marrakech?intlink=US-travel-discover-property-results-propertyCard-Fairmont-Royal-Palm-Marrakech,"Marrakech, Morocco",THE HOTEL COLLECTION,Fairmont,Program,31.513214,-8.052152399999999,"Km 12 Route D'Amizmiz, Marrakech 40000, Morocco",google_places,PLACE_DETAILS,ChIJEbwRN3zmrw0RQFkRK8M270w,establishment;food;lodging;point_of_interest;restaurant,False,CACHED
Fairmont Monte Carlo,https://www.americanexpress.com/en-us/travel/discover/property/Monaco/Monte-Carlo/Fairmont-Monte-Carlo?intlink=US-travel-discover-property-results-propertyCard-Fairmont-Monte-Carlo,"Monte-Carlo, Monaco",THE HOTEL COLLECTION,Fairmont,Program,43.739931,7.4300314,"12 Av. des Spélugues, 98000 Monaco",google_places,PLACE_DETAILS,ChIJvy5c613YtRIR1FdK2I_FRgs,establishment;food;lodging;point_of_interest;restaurant,False,CACHED
"Fairmont The Queen Elizabeth, Montreal",https://www.americanexpress.com/en-us/travel/discover/property/Québec-CA/Montréal/Fairmont-The-Queen-Elizabeth-Montreal?intlink=US-travel-discover-property-results-propertyCard-Fairmont-The-Queen-Elizabeth-Montreal,"Montréal, Québec CA",THE HOTEL COLLECTION,Fairmont,Program,45.5004048,-73.5680407,"900 Boul. René-Lévesque O, Montréal, QC H3B 4A5, Canada",google_places,PLACE_DETAILS,ChIJL2VjW0MayUwR_N3bF4qMfTM,establishment;food;lodging;point_of_interest;restaurant,False,CACHED
Fairmont Chateau Laurier,https://www.americanexpress.com/en-us/travel/discover/property/Ontario-CA/Ottawa/Fairmont-Chateau-Laurier?intlink=US-travel-discover-property-results-propertyCard-Fairmont-Chateau-Laurier,"Ottawa, Ontario CA",THE HOTEL COLLECTION,Fairmont,Program,45.4250783,-75.6947675,"1 Rideau St, Ottawa, ON K1N 8S7, Canada",google_places,PLACE_DETAILS,ChIJRZDfKP4EzkwRBRK0cMq74no,establishment;food;lodging;point_of_interest;restaurant,False,CACHED
Fairmont Pittsburgh,https://www.americanexpress.com/en-us/travel/discover/property/Pennsylvania-US/Pittsburgh/Fairmont-Pittsburgh?intlink=US-travel-discover-property-results-propertyCard-Fairmont-Pittsburgh,"Pittsburgh, Pennsylvania US",THE HOTEL COLLECTION,Fairmont,Program,40.4415866,-80.00169530000001,"510 Market St, Pittsburgh, PA 15222, USA",google_places,PLACE_DETAILS,ChIJ8YrAjVbxNIgRzyKm6e_bL8o,establishment;food;lodging;point_of_interest;restaurant,False,CACHED
Fairmont Scottsdale Princess,https://www.americanexpress.com/en-us/travel/discover/property/Arizona-US/Scottsdale/Fairmont-Scottsdale-Princess?intlink=US-travel-discover-property-results-propertyCard-Fairmont-Scottsdale-Princess,"Scottsdale, Arizona US",THE HOTEL COLLECTION,Fairmont,Program,33.645177,-111.917526,"7575 E Princess Dr, Scottsdale, AZ 85255, USA",google_places,PLACE_DETAILS,ChIJsShHPZ12K4cRpSH0Hj3Zedc,establishment;food;lodging;point_of_interest;restaurant,False,CACHED
Fairmont Singapore,https://www.americanexpress.com/en-us/travel/discover/property/Singapore/Singapore/Fairmont-Singapore?intlink=US-travel-discover-property-results-propertyCard-Fairmont-Singapore,"Singapore, Singapore",THE HOTEL COLLECTION,Fairmont,Program,1.2942639,103.8537619,"80 Bras Basah Rd, Singapore 189560",google_places,PLACE_DETAILS,ChIJ-Uph06UZ2jERjKQsyQgfltg,establishment;food;lodging;point_of_interest;restaurant,False,CACHED
Fairmont Sonoma Mission Inn & Spa,https://www.americanexpress.com/en-us/travel/discover/property/California-US/Sonoma/Fairmont-Sonoma-Mission-Inn--Spa?intlink=US-travel-discover-property-results-propertyCard-Fairmont-Sonoma-Mission-Inn--Spa,"Sonoma, California US",THE HOTEL COLLECTION,Fairmont,Program,38.3126489,-122.4828941,"100 Boyes Blvd, Sonoma, CA 95476, USA",google_places,PLACE_DETAILS,ChIJfayGP1CshYARn_G8bmSC2BQ,establishment;food;lodging;point_of_interest;restaurant,False,CACHED
Fairmont St Andrews,https://www.americanexpress.com/en-us/travel/discover/property/Scotland/St-Andrews/Fairmont-St-Andrews?intlink=US-travel-discover-property-results-propertyCard-Fairmont-St-Andrews,"St Andrews, Scotland",THE HOTEL COLLECTION,Fairmont,Program,56.3208007,-2.7312597,"Kingask House, St Andrews KY16 8PN, UK",google_places,PLACE_DETAILS,ChIJtX5DRIJXhkgRIr6T_9CSFRY,establishment;food;lodging;point_of_interest;restaurant,False,CACHED
Fairmont Royal Pavilion,https://www.americanexpress.com/en-us/travel/discover/property/Barbados/St.-James/Fairmont-Royal-Pavilion?intlink=US-travel-discover-property-results-propertyCard-Fairmont-Royal-Pavilion,"St. James, Barbados",THE HOTEL COLLECTION,Fairmont,Program,13.2023662,-59.640486,"Highway 1, Holetown, Saint James BB24051Barbados",google_places,PLACE_DETAILS,ChIJ-5iuOBrwQ4wRXh-CD8-8llU,establishment;food;lodging;point_of_interest;restaurant,False,CACHED
Fairmont Royal York,https://www.americanexpress.com/en-us/travel/discover/property/Ontario-CA/Toronto/Fairmont-Royal-York?intlink=US-travel-discover-property-results-propertyCard-Fairmont-Royal-York,"Toronto, Ontario CA",THE HOTEL COLLECTION,Fairmont,Program,43.6460303,-79.381388,"100 Front St W, Toronto, ON M5J 1E3, Canada",google_places,PLACE_DETAILS,ChIJYY4qFdM0K4gRDydzDiP-VAE,establishment;food;lodging;point_of_interest;restaurant,False,CACHED
Fairmont Hotel Vancouver,https://www.americanexpress.com/en-us/travel/discover/property/British-Columbia-CA/Vancouver/Fairmont-Hotel-Vancouver?intlink=US-travel-discover-property-results-propertyCard-Fairmont-Hotel-Vancouver,"Vancouver, British Columbia CA",THE HOTEL COLLECTION,Fairmont,Program,49.2837112,-123.1211176,"900 W Georgia St, Vancouver, BC V6C 2W6, Canada",google_places,PLACE_DETAILS,ChIJHbH93TGoqEwRMwrQGCOk9B4,establishment;food;lodging;point_of_interest;restaurant,False,CACHED
Fairmont Washington DC,https://www.americanexpress.com/en-us/travel/discover/property/District-of-Columbia-US/Washington/Fairmont-Washington-Dc?intlink=US-travel-discover-property-results-propertyCard-Fairmont-Washington-Dc,"Washington, District of Columbia US",THE HOTEL COLLECTION,Fairmont,Program,38.9058213,-77.0517041,"2401 M St NW, Washington, DC 20037, USA",google_places,PLACE_DETAILS,ChIJAzK1zbW3t4kRgK5znx8Y0KA,establishment;food;lodging;point_of_interest;restaurant,False,CACHED
"Hotel Victoria, a Gran Melia Hotel",https://www.americanexpress.com/en-us/travel/discover/property/Spain/Palma/Hotel-Victoria-a-Gran-Melia-Hotel?intlink=US-travel-discover-property-results-propertyCard-Hotel-Victoria-a-Gran-Melia-Hotel,"Palma, Spain",THE HOTEL COLLECTION,Gran Meliá Hotels & Resorts,Program,39.5635716,2.6267103,"Avinguda de Joan Miró, 21, Ponent, 07014 Palma, Illes Balears, Spain",google_places,PLACE_DETAILS,ChIJo7MOtnOSlxIRbkRKzD42cww,establishment;lodging;point_of_interest,False,CACHED
Grand Hyatt Atlanta,https://www.americanexpress.com/en-us/travel/discover/property/Georgia-US/Atlanta/Grand-Hyatt-Atlanta?intlink=US-travel-discover-property-results-propertyCard-Grand-Hyatt-Atlanta,"Atlanta, Georgia US",THE HOTEL COLLECTION,Grand Hyatt,Program,33.8448541,-84.3700497,"3300 Peachtree Rd NE, Atlanta, GA 30305, USA",google_places,PLACE_DETAILS,ChIJab2B3vUF9YgR4LbKUZFUTcw,establishment;lodging;point_of_interest,False,CACHED
Grand Hyatt Goa,https://www.americanexpress.com/en-us/travel/discover/property/India/Bambolim/Grand-Hyatt-Goa?intlink=US-travel-discover-property-results-propertyCard-Grand-Hyatt-Goa,"Bambolim, India",THE HOTEL COLLECTION,Grand Hyatt,Program,15.4513855,73.85236139999999,"P.O, Goa University, Aldeia de Goa, Bambolim, Goa 403206, India",google_places,PLACE_DETAILS,ChIJVVVVkam4vzsRmi-UvmKNI7k,establishment;lodging;point_of_interest,False,CACHED
Grand Hyatt Erawan Bangkok,https://www.americanexpress.com/en-us/travel/discover/property/Thailand/Bangkok/Grand-Hyatt-Erawan-Bangkok?intlink=US-travel-discover-property-results-propertyCard-Grand-Hyatt-Erawan-Bangkok,"Bangkok, Thailand",THE HOTEL COLLECTION,Grand Hyatt,Program,13.7433304,100.5406026,"494 Thanon Ratchadamri, Khwaeng Lumphini, Pathum Wan, Krung Thep Maha Nakhon 10330, Thailand",google_places,PLACE_DETAILS,ChIJ_VRiedCe4jAROVhWzyN8hJ4,establishment;lodging;point_of_interest,False,CACHED
Grand Hyatt Barcelona,https://www.americanexpress.com/en-us/travel/discover/property/Spain/Barcelona/Grand-Hyatt-Barcelona?intlink=US-travel-discover-property-results-propertyCard-Grand-Hyatt-Barcelona,"Barcelona, Spain",THE HOTEL COLLECTION,Grand Hyatt,Program,41.386314,2.1232095,"Pl. de Pius XII, 4, Les Corts, 08028 Barcelona, Spain",google_places,PLACE_DETAILS,ChIJge8tgF6YpBIRnnji3iCojlI,establishment;lodging;point_of_interest,False,CACHED
Grand Hyatt Beijing,https://www.americanexpress.com/en-us/travel/discover/property/China/Beijing/Grand-Hyatt-Beijing?intlink=US-travel-discover-property-results-propertyCard-Grand-Hyatt-Beijing,"Beijing, China",THE HOTEL COLLECTION,Grand Hyatt,Program,39.909802,116.414521,"1 Dong Chang An Jie, Dong Cheng Qu, China, 100006",google_places,PLACE_DETAILS,ChIJ-7gW7stS8DURblr9-SmV9kA,establishment;lodging;point_of_interest,False,CACHED
Grand Hyatt Berlin,https://www.americanexpress.com/en-us/travel/discover/property/Germany/Berlin/Grand-Hyatt-Berlin?intlink=US-travel-discover-property-results-propertyCard-Grand-Hyatt-Berlin,"Berlin, Germany",THE HOTEL COLLECTION,Grand Hyatt,Program,52.5082844,13.3724007,"Marlene-Dietrich-Platz 2, 10785 Berlin, Germany",google_places,PLACE_DETAILS,ChIJTYcTLspRqEcRhPC8FM17zrA,establishment;lodging;point_of_interest,False,CACHED
Grand Hyatt La Manga Club Golf and Spa,https://www.americanexpress.com/en-us/travel/discover/property/Spain/Cartagena/Grand-Hyatt-La-Manga-Club-Golf-And-Spa?intlink=US-travel-discover-property-results-propertyCard-Grand-Hyatt-La-Manga-Club-Golf-And-Spa,"Cartagena, Spain",THE HOTEL COLLECTION,Grand Hyatt,Program,37.604292,-0.8027289999999999,"1 Golf St La Manga Club Resort, 30389 Cartagena, Murcia, Spain",google_places,PLACE_DETAILS,ChIJHSqHY7I9Yw0Rl5IsVRfaW1s,establishment;lodging;point_of_interest,False,CACHED
Grand Hyatt Fukuoka,https://www.americanexpress.com/en-us/travel/discover/property/Japan/Fukuoka/Grand-Hyatt-Fukuoka?intlink=US-travel-discover-property-results-propertyCard-Grand-Hyatt-Fukuoka,"Fukuoka, Japan",THE HOTEL COLLECTION,Grand Hyatt,Program,33.589743,130.4105681,"1-chōme-2-82 Sumiyoshi, Hakata Ward, Fukuoka, 812-0018, Japan",google_places,PLACE_DETAILS,ChIJ6WkfjZWRQTURwRQoB0njLT8,establishment;lodging;point_of_interest,False,CACHED
Grand Hyatt Jakarta,https://www.americanexpress.com/en-us/travel/discover/property/Indonesia/Jakarta/Grand-Hyatt-Jakarta?intlink=US-travel-discover-property-results-propertyCard-Grand-Hyatt-Jakarta,"Jakarta, Indonesia",THE HOTEL COLLECTION,Grand Hyatt,Program,-6.193650799999999,106.8221703,"Jl. M.H. Thamrin No.Kav. 28-30, Gondangdia, Kec. Menteng, Jakarta, Daerah Khusus Ibukota Jakarta 10350, Indonesia",google_places,PLACE_DETAILS,ChIJAw2NESH0aS4RfAgTLfW9Mo4,establishment;lodging;point_of_interest,False,CACHED
Grand Hyatt Melbourne,https://www.americanexpress.com/en-us/travel/discover/property/Australia/Melbourne/Grand-Hyatt-Melbourne?intlink=US-travel-discover-property-results-propertyCard-Grand-Hyatt-Melbourne,"Melbourne, Australia",THE HOTEL COLLECTION,Grand Hyatt,Program,-37.8152075,144.9698275,"123 Collins St, Melbourne VIC 3000, Australia",google_places,PLACE_DETAILS,ChIJYSmyK8hC1moReCu7N75RjlM,establishment;lodging;point_of_interest,False,CACHED
Grand Hyatt Mumbai,https://www.americanexpress.com/en-us/travel/discover/property/India/Mumbai/Grand-Hyatt-Mumbai?intlink=US-travel-discover-property-results-propertyCard-Grand-Hyatt-Mumbai,"Mumbai, India",THE HOTEL COLLECTION,Grand Hyatt,Program,19.0768067,72.8511248,"Bandra Kurla Complex, Siddharath Nagar, Vakola, Vicinity, Mumbai, Maharashtra 400055, India",google_places,PLACE_DETAILS,ChIJicI_AALJ5zsRrMFrgB6LMEA,establishment;lodging;point_of_interest,False,CACHED
Grand Hyatt Nashville,https://www.americanexpress.com/en-us/travel/discover/property/Tennessee-US/Nashville/Grand-Hyatt-Nashville?intlink=US-travel-discover-property-results-propertyCard-Grand-Hyatt-Nashville,"Nashville, Tennessee US",THE HOTEL COLLECTION,Grand Hyatt,Program,36.1582445,-86.78506709999999,"1000 Broadway, Nashville, TN 37203, USA",google_places,PLACE_DETAILS,ChIJled8q_VmZIgRP4CB841hDxU,establishment;lodging;point_of_interest,False,CACHED
Grand Hyatt Baha Mar,https://www.americanexpress.com/en-us/travel/discover/property/The-Bahamas/Nassau/Grand-Hyatt-Baha-Mar?intlink=US-travel-discover-property-results-propertyCard-Grand-Hyatt-Baha-Mar,"Nassau, The Bahamas",THE HOTEL COLLECTION,Grand Hyatt,Program,25.0702379,-77.3966614,"1 Baha Mar Blvd, Nassau, The Bahamas",google_places,PLACE_DETAILS,ChIJr46EJZ9jL4kRREJJKJBWrbU,establishment;lodging;point_of_interest,False,CACHED
Grand Hyatt Shanghai,https://www.americanexpress.com/en-us/travel/discover/property/China/Shanghai/Grand-Hyatt-Shanghai?intlink=US-travel-discover-property-results-propertyCard-Grand-Hyatt-Shanghai,"Shanghai, China",THE HOTEL COLLECTION,Grand Hyatt,Program,31.2353438,121.5057797,"88 Shi Ji Da Dao, Lujiazui, Pu Dong Xin Qu, Shang Hai Shi, China, 200120",google_places,PLACE_DETAILS,ChIJMeVGKyhcmjURD-EhMJM7NHo,establishment;lodging;point_of_interest,False,CACHED
Grand Hyatt Singapore,https://www.americanexpress.com/en-us/travel/discover/property/Singapore/Singapore/Grand-Hyatt-Singapore?intlink=US-travel-discover-property-results-propertyCard-Grand-Hyatt-Singapore,"Singapore, Singapore",THE HOTEL COLLECTION,Grand Hyatt,Program,1.3065838,103.8331003,"10 Scotts Rd, Singapore 228211",google_places,PLACE_DETAILS,ChIJq0Qrde0Z2jERcHFh2aaynck,establishment;lodging;point_of_interest,False,CACHED
Grand Hyatt Sao Paulo,https://www.americanexpress.com/en-us/travel/discover/property/Brazil/São-Paulo/Grand-Hyatt-Sao-Paulo?intlink=US-travel-discover-property-results-propertyCard-Grand-Hyatt-Sao-Paulo,"São Paulo, Brazil",THE HOTEL COLLECTION,Grand Hyatt,Program,-23.6164831,-46.6981244,"Av. das Nações Unidas, 13.301 - Vila Leopoldina, São Paulo - SP, 04578-000, Brazil",google_places,PLACE_DETAILS,ChIJPYscz89QzpQREQ7mqYPQEkg,establishment;lodging;point_of_interest,False,CACHED
Grand Hyatt Tampa Bay,https://www.americanexpress.com/en-us/travel/discover/property/Florida-US/Tampa/Grand-Hyatt-Tampa-Bay?intlink=US-travel-discover-property-results-propertyCard-Grand-Hyatt-Tampa-Bay,"Tampa, Florida US",THE HOTEL COLLECTION,Grand Hyatt,Program,27.9651962,-82.55008579999999,"2900 Bayport Dr, Tampa, FL 33607, USA",google_places,PLACE_DETAILS,ChIJoaNvaGPCwogRa7EVtzV5nd8,establishment;lodging;point_of_interest,False,CACHED
Graduate by Hilton Annapolis,https://www.americanexpress.com/en-us/travel/discover/property/Maryland-US/Annapolis/Graduate-By-Hilton-Annapolis?intlink=US-travel-discover-property-results-propertyCard-Graduate-By-Hilton-Annapolis,"Annapolis, Maryland US",THE HOTEL COLLECTION,Hilton Hotels & Resorts,Program,38.97823899999999,-76.49822089999999,"126 West St, Annapolis, MD 21401, USA",google_places,PLACE_DETAILS,ChIJJVNvU-H3t4kRi4gU_e80uZc,establishment;lodging;point_of_interest,False,CACHED
"Graduate by Hilton Auburn, AL",https://www.americanexpress.com/en-us/travel/discover/property/Alabama-US/Auburn/Graduate-By-Hilton-Auburn-Al?intlink=US-travel-discover-property-results-propertyCard-Graduate-By-Hilton-Auburn-Al,"Auburn, Alabama US",THE HOTEL COLLECTION,Hilton Hotels & Resorts,Program,32.6068604,-85.4833591,"202 W Magnolia Ave, Auburn, AL 36830, USA",google_places,PLACE_DETAILS,ChIJjWE9ZRzzjIgRHUVj0Uc-4VM,establishment;food;lodging;point_of_interest;restaurant,False,CACHED
Hilton Auckland,https://www.americanexpress.com/en-us/travel/discover/property/New-Zealand/Auckland/Hilton-Auckland?intlink=US-travel-discover-property-results-propertyCard-Hilton-Auckland,"Auckland, New Zealand",THE HOTEL COLLECTION,Hilton Hotels & Resorts,Program,-36.83968369999999,174.7657468,"147 Quay Street, Auckland Central, Auckland 1010, New Zealand",google_places,PLACE_DETAILS,ChIJfTk-uPlHDW0RdJhvcFyvl8c,establishment;lodging;point_of_interest,False,CACHED
Hilton Diagonal Mar Barcelona,https://www.americanexpress.com/en-us/travel/discover/property/Spain/Barcelona/Hilton-Diagonal-Mar-Barcelona?intlink=US-travel-discover-property-results-propertyCard-Hilton-Diagonal-Mar-Barcelona,"Barcelona, Spain",THE HOTEL COLLECTION,Hilton Hotels & Resorts,Program,41.4086954,2.2174479,"Pg. del Taulat, 262, 264, Sant Martí, 08019 Barcelona, Spain",google_places,PLACE_DETAILS,ChIJ5yWyElqjpBIRb_6EZFj_3NM,establishment;lodging;point_of_interest,False,CACHED
Hilton Berlin,https://www.americanexpress.com/en-us/travel/discover/property/Germany/Berlin/Hilton-Berlin?intlink=US-travel-discover-property-results-propertyCard-Hilton-Berlin,"Berlin, Germany",THE HOTEL COLLECTION,Hilton Hotels & Resorts,Program,52.51219709999999,13.3929252,"Anton-Wilhelm-Amo-Straße 30, 10117 Berlin, Germany",google_places,PLACE_DETAILS,ChIJCQNXddpRqEcRYM7pVt99ibw,establishment;lodging;point_of_interest;spa,False,CACHED
Hilton Bogota Corferias,https://www.americanexpress.com/en-us/travel/discover/property/Colombia/Bogota/Hilton-Bogota-Corferias?intlink=US-travel-discover-property-results-propertyCard-Hilton-Bogota-Corferias,"Bogota, Colombia",THE HOTEL COLLECTION,Hilton Hotels & Resorts,Program,4.628780799999999,-74.0906014,"Cra. 37 #24 29, Teusaquillo, Bogotá, Cundinamarca, Colombia",google_places,PLACE_DETAILS,ChIJW_eQldebP44Rjk7-RiL2u_Q,establishment;lodging;point_of_interest,False,CACHED
Graduate by Hilton Cambridge,https://www.americanexpress.com/en-us/travel/discover/property/England/Cambridge/Graduate-By-Hilton-Cambridge?intlink=US-travel-discover-property-results-propertyCard-Graduate-By-Hilton-Cambridge,"Cambridge, England",THE HOTEL COLLECTION,Hilton Hotels & Resorts,Program,52.200411,0.116627,"Granta Pl, Mill Ln, Cambridge CB2 1RT, UK",google_places,PLACE_DETAILS,ChIJaf65O6Nw2EcR3cexxXf5GJM,establishment;lodging;point_of_interest,False,CACHED
Hilton Cancun Mar Caribe All-Inclusive Resort,https://www.americanexpress.com/en-us/travel/discover/property/Quintana-Roo-MX/Cancún/Hilton-Cancun-Mar-Caribe-All-inclusive-Resort?intlink=US-travel-discover-property-results-propertyCard-Hilton-Cancun-Mar-Caribe-All-inclusive-Resort,"Cancún, Quintana Roo MX",THE HOTEL COLLECTION,Hilton Hotels & Resorts,Program,21.071961,-86.77672129999999,"Blvd. Kukulcan Km 17, Zona Hotelera, 77500 Cancún, Q.R., Mexico",google_places,PLACE_DETAILS,ChIJA6fegS4oTI8R1a-DAf0LJmA,establishment;lodging;point_of_interest,False,CACHED
"Cape Rey Carlsbad Beach, a Hilton Resort and Spa",https://www.americanexpress.com/en-us/travel/discover/property/California-US/Carlsbad/Cape-Rey-Carlsbad-Beach-a-Hilton-Resort-And-Spa?intlink=US-travel-discover-property-results-propertyCard-Cape-Rey-Carlsbad-Beach-a-Hilton-Resort-And-Spa,"Carlsbad, California US",THE HOTEL COLLECTION,Hilton Hotels & Resorts,Program,33.097794,-117.315939,"1 Ponto Rd, Carlsbad, CA 92011, USA",google_places,PLACE_DETAILS,ChIJ9UqJRdVy3IARauvCTzRsNRI,establishment;lodging;point_of_interest,False,CACHED
Hilton Lake Como,https://www.americanexpress.com/en-us/travel/discover/property/Italy/Como/Hilton-Lake-Como?intlink=US-travel-discover-property-results-propertyCard-Hilton-Lake-Como,"Como, Italy",THE HOTEL COLLECTION,Hilton Hotels & Resorts,Program,45.8168805,9.064603199999999,"Via Borgo Vico, 241, 22100 Como CO, Italy",google_places,PLACE_DETAILS,ChIJ_QYfmqmdhkcRLMgfNxDXA-E,establishment;lodging;point_of_interest;spa,False,CACHED
Hilton Imperial Dubrovnik,https://www.americanexpress.com/en-us/travel/discover/property/Croatia/Dubrovnik/Hilton-Imperial-Dubrovnik?intlink=US-travel-discover-property-results-propertyCard-Hilton-Imperial-Dubrovnik,"Dubrovnik, Croatia",THE HOTEL COLLECTION,Hilton Hotels & Resorts,Program,42.6427287,18.1047568,"Ul. Marijana Blažića 2, 20000, Dubrovnik, Croatia",google_places,PLACE_DETAILS,ChIJb52fHy0LTBMR-jwCCUe_Uc4,establishment;lodging;point_of_interest;spa,False,CACHED
Hilton Guadalajara Midtown,https://www.americanexpress.com/en-us/travel/discover/property/Jalisco-MX/Guadalajara/Hilton-Guadalajara-Midtown?intlink=US-travel-discover-property-results-propertyCard-Hilton-Guadalajara-Midtown,"Guadalajara, Jalisco MX",THE HOTEL COLLECTION,Hilton Hotels & Resorts,Program,20.6941838,-103.3753063,"Av Adolfo López Mateos Nte 2405-300, Italia Providencia, 44648 Guadalajara, Jal., Mexico",google_places,PLACE_DETAILS,ChIJEyBeiT6uKIQR1JCbpa6HsEo,establishment;lodging;point_of_interest,False,CACHED
"The Waterfront Beach Resort, a Hilton Hotel",https://www.americanexpress.com/en-us/travel/discover/property/California-US/Huntington-Beach/The-Waterfront-Beach-Resort-a-Hilton-Hotel?intlink=US-travel-discover-property-results-propertyCard-The-Waterfront-Beach-Resort-a-Hilton-Hotel,"Huntington Beach, California US",THE HOTEL COLLECTION,Hilton Hotels & Resorts,Program,33.6533479,-117.9943552,"21100 Pacific Coast Hwy, Huntington Beach, CA 92648, USA",google_places,PLACE_DETAILS,ChIJNQZQzhQh3YAR2zI2lYm8Y7U,establishment;lodging;point_of_interest,False,CACHED
Hilton Istanbul Bosphorus,https://www.americanexpress.com/en-us/travel/discover/property/Turkey/Istanbul/Hilton-Istanbul-Bosphorus?intlink=US-travel-discover-property-results-propertyCard-Hilton-Istanbul-Bosphorus,"Istanbul, Turkey",THE HOTEL COLLECTION,Hilton Hotels & Resorts,Program,41.0444321,28.9891713,"Harbiye, Cumhuriyet Cd. No:50, 34367 Şişli/İstanbul, Türkiye",google_places,PLACE_DETAILS,ChIJTQwLWjuwyhQR6oeOewsgZOk,establishment;lodging;point_of_interest;spa,False,PLACES:Hilton Istanbul Bosphorus Hilton Hotels & Resorts Hotel
Hilton Key West Resort & Marina,https://www.americanexpress.com/en-us/travel/discover/property/Florida-US/Key-West/Hilton-Key-West-Resort--Marina?intlink=US-travel-discover-property-results-propertyCard-Hilton-Key-West-Resort--Marina,"Key West, Florida US",THE HOTEL COLLECTION,Hilton Hotels & Resorts,Program,24.5477352,-81.7901279,"1500 Reynolds St, Key West, FL 33040, USA",google_places,PLACE_DETAILS,ChIJOffyTNm30YgRJQ5EnobQkVE,establishment;lodging;point_of_interest,False,CACHED
Hilton Kyoto,https://www.americanexpress.com/en-us/travel/discover/property/Japan/Kyoto/Hilton-Kyoto?intlink=US-travel-discover-property-results-propertyCard-Hilton-Kyoto,"Kyoto, Japan",THE HOTEL COLLECTION,Hilton Hotels & Resorts,Program,35.0101428,135.769445,"416 Shimomaruyachō, Nakagyo Ward, Kyoto, 604-8006, Japan",google_places,PLACE_DETAILS,ChIJQcsJKTYJAWARrcWVH0Gu_aw,establishment;lodging;point_of_interest;spa,False,CACHED
London Hilton on Park Lane,https://www.americanexpress.com/en-us/travel/discover/property/England/London/London-Hilton-On-Park-Lane?intlink=US-travel-discover-property-results-propertyCard-London-Hilton-On-Park-Lane,"London, England",THE HOTEL COLLECTION,Hilton Hotels & Resorts,Program,51.5055096,-0.1503864,"22 Park Ln, London W1K 1BE, UK",google_places,PLACE_DETAILS,ChIJI7XXmS8FdkgRzcAHNqN3e0c,establishment;lodging;point_of_interest,False,CACHED
Hilton Melbourne Little Queen St,https://www.americanexpress.com/en-us/travel/discover/property/Australia/Melbourne/Hilton-Melbourne-Little-Queen-St?intlink=US-travel-discover-property-results-propertyCard-Hilton-Melbourne-Little-Queen-St,"Melbourne, Australia",THE HOTEL COLLECTION,Hilton Hotels & Resorts,Program,-37.8148474,144.9594977,"18 Little Queen St, Melbourne VIC 3000, Australia",google_places,PLACE_DETAILS,ChIJW3Tj5exd1moRi1YJgr_hu0k,establishment;lodging;point_of_interest,False,CACHED
Hilton Okinawa Miyako Island Resort,https://www.americanexpress.com/en-us/travel/discover/property/Japan/Miyakojima/Hilton-Okinawa-Miyako-Island-Resort?intlink=US-travel-discover-property-results-propertyCard-Hilton-Okinawa-Miyako-Island-Resort,"Miyakojima, Japan",THE HOTEL COLLECTION,Hilton Hotels & Resorts,Program,24.8009954,125.2593677,"Kugai-550-7 Hirara, Miyakojima, Okinawa 906-0015, Japan",google_places,PLACE_DETAILS,ChIJN_Qy5NRV9DQRwxzcwuf9Gec,establishment;lodging;point_of_interest;spa,False,CACHED
Hilton Monterrey Valle,https://www.americanexpress.com/en-us/travel/discover/property/Nuevo-León-MX/Monterrey/Hilton-Monterrey-Valle?intlink=US-travel-discover-property-results-propertyCard-Hilton-Monterrey-Valle,"Monterrey, Nuevo León MX",THE HOTEL COLLECTION,Hilton Hotels & Resorts,Program,25.6365721,-100.3142588,"Ave. Fundadores, C.P 1000 Col, Valle del Mirador, 64750 Monterrey, N.L., Mexico",google_places,PLACE_DETAILS,ChIJFUw1plS-YoYRAGtzVo9nfCc,establishment;lodging;point_of_interest,False,CACHED
Hilton Moorea Lagoon Resort and Spa,https://www.americanexpress.com/en-us/travel/discover/property/French-Polynesia/Moorea/Hilton-Moorea-Lagoon-Resort-And-Spa?intlink=US-travel-discover-property-results-propertyCard-Hilton-Moorea-Lagoon-Resort-And-Spa,"Moorea, French Polynesia",THE HOTEL COLLECTION,Hilton Hotels & Resorts,Program,-17.4853911,-149.8443651,"BP 1005, Moorea-Maiao 98729, French Polynesia",google_places,PLACE_DETAILS,ChIJkbraqnWKmXYR2nVFGdneXtI,establishment;lodging;point_of_interest,False,CACHED
Hilton Okinawa Sesoko Resort,https://www.americanexpress.com/en-us/travel/discover/property/Japan/Okinawa/Hilton-Okinawa-Sesoko-Resort?intlink=US-travel-discover-property-results-propertyCard-Hilton-Okinawa-Sesoko-Resort,"Okinawa, Japan",THE HOTEL COLLECTION,Hilton Hotels & Resorts,Program,26.6495817,127.8586859,"5750番地 Sesoko, Motobu, Kunigami District, Okinawa 905-0227, Japan",google_places,PLACE_DETAILS,ChIJPRvRkxf95DQRt4QgeMitRTU,establishment;lodging;point_of_interest;spa,False,CACHED
"Skirvin Oklahoma City, a Hilton Hotel",https://www.americanexpress.com/en-us/travel/discover/property/Oklahoma-US/Oklahoma-City/Skirvin-Oklahoma-City-a-Hilton-Hotel?intlink=US-travel-discover-property-results-propertyCard-Skirvin-Oklahoma-City-a-Hilton-Hotel,"Oklahoma City, Oklahoma US",THE HOTEL COLLECTION,Hilton Hotels & Resorts,Program,35.4690255,-97.5140356,"One Park Ave, Oklahoma City, OK 73102, USA",google_places,PLACE_DETAILS,ChIJpYRf-CUXsocRFX33IBN3h3o,establishment;lodging;point_of_interest,False,CACHED
Canopy by Hilton Osaka Umeda,https://www.americanexpress.com/en-us/travel/discover/property/Japan/Osaka/Canopy-By-Hilton-Osaka-Umeda?intlink=US-travel-discover-property-results-propertyCard-Canopy-By-Hilton-Osaka-Umeda,"Osaka, Japan",THE HOTEL COLLECTION,Hilton Hotels & Resorts,Program,34.7057149,135.4933388,"6-38 Ōfukachō, Kita Ward, Osaka, 530-0011, Japan",google_places,PLACE_DETAILS,ChIJeXrkr7znAGARuBJTD1TEhdo,establishment;lodging;point_of_interest,False,CACHED
"The Randolph Hotel Oxford, a Graduate by Hilton",https://www.americanexpress.com/en-us/travel/discover/property/England/Oxford/The-Randolph-Hotel-Oxford-a-Graduate-By-Hilton?intlink=US-travel-discover-property-results-propertyCard-The-Randolph-Hotel-Oxford-a-Graduate-By-Hilton,"Oxford, England",THE HOTEL COLLECTION,Hilton Hotels & Resorts,Program,51.75508749999999,-1.2596601,"Beaumont St, Oxford OX1 2LN, UK",google_places,PLACE_DETAILS,ChIJEbKH0qXGdkgRUulPBJvwFTo,establishment;lodging;point_of_interest;spa,False,CACHED
Hilton Hotel Tahiti,https://www.americanexpress.com/en-us/travel/discover/property/French-Polynesia/Papeete/Hilton-Hotel-Tahiti?intlink=US-travel-discover-property-results-propertyCard-Hilton-Hotel-Tahiti,"Papeete, French Polynesia",THE HOTEL COLLECTION,Hilton Hotels & Resorts,Program,-17.5456223,-149.5862572,"Auae Faaa, Papeete 98713, French Polynesia",google_places,PLACE_DETAILS,ChIJNW4hpww6mnYRQEzZ3-TecGA,establishment;lodging;point_of_interest,False,CACHED
Hilton Paris Opera,https://www.americanexpress.com/en-us/travel/discover/property/France/Paris/Hilton-Paris-Opera?intlink=US-travel-discover-property-results-propertyCard-Hilton-Paris-Opera,"Paris, France",THE HOTEL COLLECTION,Hilton Hotels & Resorts,Program,48.8756014,2.3255604,"108 Rue Saint-Lazare, 75008 Paris, France",google_places,PLACE_DETAILS,ChIJE6OnazVu5kcRksMPR9q_b-g,establishment;lodging;point_of_interest,False,CACHED
Hilton Portland Downtown,https://www.americanexpress.com/en-us/travel/discover/property/Oregon-US/Portland/Hilton-Portland-Downtown?intlink=US-travel-discover-property-results-propertyCard-Hilton-Portland-Downtown,"Portland, Oregon US",THE HOTEL COLLECTION,Hilton Hotels & Resorts,Program,45.5173584,-122.6797302,"921 SW 6th Ave, Portland, OR 97204, USA",google_places,PLACE_DETAILS,ChIJO-HvFgUKlVQRkpjrmSEZBkg,establishment;lodging;point_of_interest,False,CACHED
Hilton Prague Old Town,https://www.americanexpress.com/en-us/travel/discover/property/Czech-Republic/Prague/Hilton-Prague-Old-Town?intlink=US-travel-discover-property-results-propertyCard-Hilton-Prague-Old-Town,"Prague, Czech Republic",THE HOTEL COLLECTION,Hilton Hotels & Resorts,Program,50.0885837,14.4317812,"V Celnici 2079/7, 110 00 Praha 1-Nové Město, Czechia",google_places,PLACE_DETAILS,ChIJ24pIN5WUC0cRx501UKIHpGM,establishment;lodging;point_of_interest;spa,False,PLACES:Hilton Prague Old Town Hilton Hotels & Resorts Hotel
Graduate by Hilton Princeton,https://www.americanexpress.com/en-us/travel/discover/property/New-Jersey-US/Princeton/Graduate-By-Hilton-Princeton?intlink=US-travel-discover-property-results-propertyCard-Graduate-By-Hilton-Princeton,"Princeton, New Jersey US",THE HOTEL COLLECTION,Hilton Hotels & Resorts,Program,40.3494359,-74.6629828,"10 Chambers St, Princeton, NJ 08542, USA",google_places,PLACE_DETAILS,ChIJqfgKHwDnw4kRLIVc6k-EYtg,establishment;lodging;point_of_interest,False,CACHED
Hilton Rijeka Costabella Beach Resort & Spa,https://www.americanexpress.com/en-us/travel/discover/property/Croatia/Rijeka/Hilton-Rijeka-Costabella-Beach-Resort--Spa?intlink=US-travel-discover-property-results-propertyCard-Hilton-Rijeka-Costabella-Beach-Resort--Spa,"Rijeka, Croatia",THE HOTEL COLLECTION,Hilton Hotels & Resorts,Program,45.34704360000001,14.3504557,"Opatijska ul. 9, 51000, Rijeka, Croatia",google_places,PLACE_DETAILS,ChIJD0lT6VGnZEcRsKH5Ne7H56k,establishment;lodging;point_of_interest;spa,False,CACHED
Hilton Los Cabos,https://www.americanexpress.com/en-us/travel/discover/property/Baja-California-Sur-MX/San-Jose-del-Cabo/Hilton-Los-Cabos?intlink=US-travel-discover-property-results-propertyCard-Hilton-Los-Cabos,"San Jose del Cabo, Baja California Sur MX",THE HOTEL COLLECTION,Hilton Hotels & Resorts,Program,22.9814035,-109.7645158,"Carr. Transpeninsular, Tourist Corridor, 23400 Cabo San Lucas, B.C.S., Mexico",google_places,PLACE_DETAILS,ChIJqd7wrx5Or4YR5DAgkGszvyk,establishment;lodging;point_of_interest,False,CACHED
"Caesars Republic Scottsdale, a Hilton Hotel",https://www.americanexpress.com/en-us/travel/discover/property/Arizona-US/Scottsdale/Caesars-Republic-Scottsdale-a-Hilton-Hotel?intlink=US-travel-discover-property-results-propertyCard-Caesars-Republic-Scottsdale-a-Hilton-Hotel,"Scottsdale, Arizona US",THE HOTEL COLLECTION,Hilton Hotels & Resorts,Program,33.505308,-111.9290498,"4747 N Goldwater Blvd, Scottsdale, AZ 85251, USA",google_places,PLACE_DETAILS,ChIJfZg2d68LK4cRJZedV5S40nc,establishment;lodging;point_of_interest,False,CACHED
"Hotel Theodore Seattle Downtown, Tapestry by Hilton",https://www.americanexpress.com/en-us/travel/discover/property/Washington-US/Seattle/Hotel-Theodore-Seattle-Downtown-Tapestry-By-Hilton?intlink=US-travel-discover-property-results-propertyCard-Hotel-Theodore-Seattle-Downtown-Tapestry-By-Hilton,"Seattle, Washington US",THE HOTEL COLLECTION,Hilton Hotels & Resorts,Program,47.6124158,-122.3343585,"1531 7th Ave, Seattle, WA 98101, USA",google_places,PLACE_DETAILS,ChIJD78f2bRqkFQRUvJBT9_lSvU,establishment;lodging;point_of_interest,False,CACHED
Hilton Sydney,https://www.americanexpress.com/en-us/travel/discover/property/Australia/Sydney/Hilton-Sydney?intlink=US-travel-discover-property-results-propertyCard-Hilton-Sydney,"Sydney, Australia",THE HOTEL COLLECTION,Hilton Hotels & Resorts,Program,-33.8717731,151.2079742,"488 George St, Sydney NSW 2000, Australia",google_places,PLACE_DETAILS,ChIJ8SCH9D6uEmsRmLf5TRKGy-Q,establishment;lodging;point_of_interest;spa,False,CACHED
Hilton Tel Aviv,https://www.americanexpress.com/en-us/travel/discover/property/Israel/Tel-Aviv/Hilton-Tel-Aviv?intlink=US-travel-discover-property-results-propertyCard-Hilton-Tel-Aviv,"Tel Aviv, Israel",THE HOTEL COLLECTION,Hilton Hotels & Resorts,Program,32.0891109,34.7709242,"HaYarkon St 205, Tel Aviv-Yafo, 6340506, Israel",google_places,PLACE_DETAILS,ChIJTTKZgnZMHRURA7ZhchPQTdU,establishment;lodging;point_of_interest;spa,False,CACHED
Hilton Tokyo,https://www.americanexpress.com/en-us/travel/discover/property/Japan/Tokyo/Hilton-Tokyo?intlink=US-travel-discover-property-results-propertyCard-Hilton-Tokyo,"Tokyo, Japan",THE HOTEL COLLECTION,Hilton Hotels & Resorts,Program,35.6270749,139.8739812,"1-8 Maihama, Urayasu, Chiba 279-0031, Japan",google_places,PLACE_DETAILS,ChIJn9bhTxB9GGAR6XuwFBHgxmA,establishment;lodging;point_of_interest;spa,False,CACHED
Hilton Tulum Riviera Maya All-Inclusive Resort,https://www.americanexpress.com/en-us/travel/discover/property/Quintana-Roo-MX/Tulum/Hilton-Tulum-Riviera-Maya-All-inclusive-Resort?intlink=US-travel-discover-property-results-propertyCard-Hilton-Tulum-Riviera-Maya-All-inclusive-Resort,"Tulum, Quintana Roo MX",THE HOTEL COLLECTION,Hilton Hotels & Resorts,Program,20.3534,-87.33694,"Carr. Cancún - Tulum 307, Tulkal, 77774 Cdad. Chemuyil, Q.R., Mexico",google_places,PLACE_DETAILS,ChIJ4cbyvR4zTo8RljKUVmg2SkY,establishment;lodging;point_of_interest,False,CACHED
Hilton Molino Stucky Venice,https://www.americanexpress.com/en-us/travel/discover/property/Italy/Venice/Hilton-Molino-Stucky-Venice?intlink=US-travel-discover-property-results-propertyCard-Hilton-Molino-Stucky-Venice,"Venice, Italy",THE HOTEL COLLECTION,Hilton Hotels & Resorts,Program,45.4282189,12.3202931,"Giudecca, 810, 30133 Venezia VE, Italy",google_places,PLACE_DETAILS,ChIJzyTAXMuxfkcRMPT1a6-XCbw,establishment;lodging;point_of_interest;spa,False,CACHED
Hilton Vienna Plaza,https://www.americanexpress.com/en-us/travel/discover/property/Austria/Vienna/Hilton-Vienna-Plaza?intlink=US-travel-discover-property-results-propertyCard-Hilton-Vienna-Plaza,"Vienna, Austria",THE HOTEL COLLECTION,Hilton Hotels & Resorts,Program,48.2153818,16.3648795,"Schottenring 11, 1010 Wien, Austria",google_places,PLACE_DETAILS,ChIJu79cirwHbUcRWGUoYcyGe20,establishment;lodging;point_of_interest;spa,False,CACHED
Hilton Porto Gaia,https://www.americanexpress.com/en-us/travel/discover/property/Portugal/Vila-Nova-de-Gaia/Hilton-Porto-Gaia?intlink=US-travel-discover-property-results-propertyCard-Hilton-Porto-Gaia,"Vila Nova de Gaia, Portugal",THE HOTEL COLLECTION,Hilton Hotels & Resorts,Program,41.1357114,-8.6184595,"R. de Serpa Pinto 124, 4400-307 Vila Nova de Gaia, Portugal",google_places,PLACE_DETAILS,ChIJSeuZz3xlJA0R9dgcy15yUoM,establishment;lodging;point_of_interest;spa,False,CACHED
Hilton Waikoloa Village,https://www.americanexpress.com/en-us/travel/discover/property/Hawaii-US/Waikoloa/Hilton-Waikoloa-Village?intlink=US-travel-discover-property-results-propertyCard-Hilton-Waikoloa-Village,"Waikoloa, Hawaii US",THE HOTEL COLLECTION,Hilton Hotels & Resorts,Program,19.9239292,-155.8871765,"69-425 Waikōloa Beach Dr, Waikoloa Village, HI 96738, USA",google_places,PLACE_DETAILS,ChIJxZ2pxo53VHkRNqPqqSPHzmU,establishment;lodging;point_of_interest,False,CACHED
"One Washington Circle, Tapestry Collection by Hilton",https://www.americanexpress.com/en-us/travel/discover/property/District-of-Columbia-US/Washington/One-Washington-Circle-Tapestry-Collection-By-Hilton?intlink=US-travel-discover-property-results-propertyCard-One-Washington-Circle-Tapestry-Collection-By-Hilton,"Washington, District of Columbia US",THE HOTEL COLLECTION,Hilton Hotels & Resorts,Program,38.9165712,-77.0454106,"1919 Connecticut Ave NW, Washington, DC 20009, USA",google_places,PLACE_DETAILS,ChIJpRVYacW3t4kRdfwMBb3fwLY,establishment;lodging;point_of_interest,False,CACHED
Hotel Indigo Bintan Lagoi Beach,https://www.americanexpress.com/en-us/travel/discover/property/Indonesia/Bintan/Hotel-Indigo-Bintan-Lagoi-Beach?intlink=US-travel-discover-property-results-propertyCard-Hotel-Indigo-Bintan-Lagoi-Beach,"Bintan, Indonesia",THE HOTEL COLLECTION,Hotel Indigo,Program,1.1760658,104.3659607,"Gurindam Street 12 Plot B3-01, Sebong Lagoi, Tourism Area, Bintan Regency, Riau Islands 29155, Indonesia",google_places,PLACE_DETAILS,ChIJzwn0oPfV2zERU2c0fVTHdmk,establishment;lodging;point_of_interest,False,CACHED
Hotel Indigo Grand Cayman,https://www.americanexpress.com/en-us/travel/discover/property/Cayman-Islands/Grand-Cayman/Hotel-Indigo-Grand-Cayman?intlink=US-travel-discover-property-results-propertyCard-Hotel-Indigo-Grand-Cayman,"Grand Cayman, Cayman Islands",THE HOTEL COLLECTION,Hotel Indigo,Program,19.3494825,-81.38124479999999,"32 Seafire Way, Seven Mile Beach, KY1-1301, Cayman Islands",google_places,PLACE_DETAILS,ChIJbehDRZ2HJY8R3nNCvIBeUqU,establishment;lodging;point_of_interest,False,CACHED
Hotel Indigo Hakone Gora,https://www.americanexpress.com/en-us/travel/discover/property/Japan/Hakone/Hotel-Indigo-Hakone-Gora?intlink=US-travel-discover-property-results-propertyCard-Hotel-Indigo-Hakone-Gora,"Hakone, Japan",THE HOTEL COLLECTION,Hotel Indigo,Program,35.2526695,139.0504813,"924-1 Kiga, 木賀 箱根町 足柄下郡 神奈川県 250-0402, Japan",google_places,PLACE_DETAILS,ChIJsYPcvrOhGWARWcBWQgm_jdI,establishment;lodging;point_of_interest,False,CACHED
Hotel Indigo Karuizawa,https://www.americanexpress.com/en-us/travel/discover/property/Japan/Karuizawa/Hotel-Indigo-Karuizawa?intlink=US-travel-discover-property-results-propertyCard-Hotel-Indigo-Karuizawa,"Karuizawa, Japan",THE HOTEL COLLECTION,Hotel Indigo,Program,36.3242777,138.6278451,"Nagakura 18-39 Yashikizoe, 長倉 軽井沢町 北佐久郡 長野県 389-0111, Japan",google_places,PLACE_DETAILS,ChIJRWmOhTjTHWARsG7Xs_XVfSQ,establishment;lodging;point_of_interest,False,CACHED
Hotel Indigo Turks and Caicos,https://www.americanexpress.com/en-us/travel/discover/property/Turks-and-Caicos-Islands/Providenciales/Hotel-Indigo-Turks-And-Caicos?intlink=US-travel-discover-property-results-propertyCard-Hotel-Indigo-Turks-And-Caicos,"Providenciales, Turks and Caicos Islands",THE HOTEL COLLECTION,Hotel Indigo,Program,21.7832976,-72.2009966,"Forbes Rd, Grace Bay TKCA 1ZZ, Turks and Caicos Islands",google_places,PLACE_DETAILS,ChIJ6dB3_OZPS4kRlE7-IHVFIXk,establishment;lodging;point_of_interest,False,CACHED
Hotel Indigo Galapagos,https://www.americanexpress.com/en-us/travel/discover/property/Ecuador/Puerto-Baquerizo-Moreno/Hotel-Indigo-Galapagos?intlink=US-travel-discover-property-results-propertyCard-Hotel-Indigo-Galapagos,"Puerto Baquerizo Moreno, Ecuador",THE HOTEL COLLECTION,Hotel Indigo,Program,-0.9002000000000001,-89.60977799999999,"Sector Playa De Oro, Isabela Manzana 40 Solar 13, Puerto Baquerizo Moreno, Ecuador",google_places,PLACE_DETAILS,ChIJ1_Z4cqTpAJARfqaxgbr43Hk,establishment;gym;health;lodging;point_of_interest,False,CACHED
Hotel Indigo Bali Seminyak Beach,https://www.americanexpress.com/en-us/travel/discover/property/Indonesia/Seminyak/Hotel-Indigo-Bali-Seminyak-Beach?intlink=US-travel-discover-property-results-propertyCard-Hotel-Indigo-Bali-Seminyak-Beach,"Seminyak, Indonesia",THE HOTEL COLLECTION,Hotel Indigo,Program,-8.695053,115.1623939,"Jl. Camplung Tanduk No.10, Seminyak, Kec. Kuta, Kabupaten Badung, Bali 80361, Indonesia",google_places,PLACE_DETAILS,ChIJk6Zg2R1H0i0R3qSXgY5tnm8,establishment;lodging;point_of_interest,False,CACHED
Hotel ZaZa Austin,https://www.americanexpress.com/en-us/travel/discover/property/Texas-US/Austin/Hotel-Zaza-Austin?intlink=US-travel-discover-property-results-propertyCard-Hotel-Zaza-Austin,"Austin, Texas US",THE HOTEL COLLECTION,Hotel Zaza,Program,30.2671524,-97.7459817,"400 Lavaca St, Austin, TX 78701, USA",google_places,PLACE_DETAILS,ChIJy-WuW_i1RIYRlr7FmeRD7uk,establishment;lodging;point_of_interest,False,CACHED
Hotel ZaZa Dallas,https://www.americanexpress.com/en-us/travel/discover/property/Texas-US/Dallas/Hotel-Zaza-Dallas?intlink=US-travel-discover-property-results-propertyCard-Hotel-Zaza-Dallas,"Dallas, Texas US",THE HOTEL COLLECTION,Hotel Zaza,Program,32.794261,-96.80141599999999,"2332 Leonard St, Dallas, TX 75201, USA",google_places,PLACE_DETAILS,ChIJnepQlC-ZToYRKtPXZ6PyrxQ,establishment;lodging;point_of_interest,False,CACHED
Hotel ZaZa Memorial City,https://www.americanexpress.com/en-us/travel/discover/property/Texas-US/Houston/Hotel-Zaza-Memorial-City?intlink=US-travel-discover-property-results-propertyCard-Hotel-Zaza-Memorial-City,"Houston, Texas US",THE HOTEL COLLECTION,Hotel Zaza,Program,29.7826433,-95.53405049999999,"9787 Katy Fwy, Houston, TX 77024, USA",google_places,PLACE_DETAILS,ChIJxbHmZ5HEQIYRt2eCx7rSRwY,establishment;lodging;point_of_interest,False,CACHED
Hotel ZaZa Museum District,https://www.americanexpress.com/en-us/travel/discover/property/Texas-US/Houston/Hotel-Zaza-Museum-District?intlink=US-travel-discover-property-results-propertyCard-Hotel-Zaza-Museum-District,"Houston, Texas US",THE HOTEL COLLECTION,Hotel Zaza,Program,29.7244072,-95.3903381,"5701 Main St, Houston, TX 77005, USA",google_places,PLACE_DETAILS,ChIJTeRJv4G_QIYRi40tu_gfEsk,establishment;lodging;point_of_interest,False,CACHED
Secrets Akumal Riviera Maya,https://www.americanexpress.com/en-us/travel/discover/property/Quintana-Roo-MX/Akumal/Secrets-Akumal-Riviera-Maya?intlink=US-travel-discover-property-results-propertyCard-Secrets-Akumal-Riviera-Maya,"Akumal, Quintana Roo MX",THE HOTEL COLLECTION,Hyatt,Program,20.3961554,-87.3207343,"México 307 Km 254-+ 600, 77760 Akumal, Q.R., Mexico",google_places,PLACE_DETAILS,ChIJ6QSPK-czTo8RtGxnEVpyP_A,establishment;lodging;point_of_interest,False,CACHED
Carpenter Hotel,https://www.americanexpress.com/en-us/travel/discover/property/Texas-US/Austin/Carpenter-Hotel?intlink=US-travel-discover-property-results-propertyCard-Carpenter-Hotel,"Austin, Texas US",THE HOTEL COLLECTION,Hyatt,Program,30.2622123,-97.7587185,"400 Josephine St, Austin, TX 78704, USA",google_places,PLACE_DETAILS,ChIJqdWgNrK1RIYR-6WdufZSOaY,establishment;lodging;point_of_interest,False,CACHED
Hotel Magdalena,https://www.americanexpress.com/en-us/travel/discover/property/Texas-US/Austin/Hotel-Magdalena?intlink=US-travel-discover-property-results-propertyCard-Hotel-Magdalena,"Austin, Texas US",THE HOTEL COLLECTION,Hyatt,Program,30.2525556,-97.7478629,"1101 Music Ln, Austin, TX 78704, USA",google_places,PLACE_DETAILS,ChIJL2pgixy1RIYRMMnAGQnh0KY,establishment;lodging;point_of_interest,False,CACHED
Hotel Saint Cecilia,https://www.americanexpress.com/en-us/travel/discover/property/Texas-US/Austin/Hotel-Saint-Cecilia?intlink=US-travel-discover-property-results-propertyCard-Hotel-Saint-Cecilia,"Austin, Texas US",THE HOTEL COLLECTION,Hyatt,Program,30.2519247,-97.7468691,"112 Academy Dr, Austin, TX 78704, USA",google_places,PLACE_DETAILS,ChIJMwa24v20RIYRwTzsbtZmzww,establishment;lodging;point_of_interest,False,CACHED
Secrets Bahia Mita Surf and Spa Resort,https://www.americanexpress.com/en-us/travel/discover/property/Nayarit-MX/Bahia-de-Banderas/Secrets-Bahia-Mita-Surf-And-Spa-Resort?intlink=US-travel-discover-property-results-propertyCard-Secrets-Bahia-Mita-Surf-And-Spa-Resort,"Bahia de Banderas, Nayarit MX",THE HOTEL COLLECTION,Hyatt,Program,20.7565988,-105.4525319,"Carretera Cruz De Huanacaxtle Punta De Mita. 5 Bucerias, 63762 Nayarit, Nay., Mexico",google_places,PLACE_DETAILS,ChIJbYNdtqtrIYQRzDrtFcWVgeY,establishment;lodging;point_of_interest,False,CACHED
FirstName Bordeaux,https://www.americanexpress.com/en-us/travel/discover/property/France/Bordeaux/Firstname-Bordeaux?intlink=US-travel-discover-property-results-propertyCard-Firstname-Bordeaux,"Bordeaux, France",THE HOTEL COLLECTION,Hyatt,Program,44.8379828,-0.5834638999999999,"14 Rue Claude Bonnier, 33000 Bordeaux, France",google_places,PLACE_DETAILS,ChIJQcbs6HsnVQ0RvDy-wm9bvPk,establishment;lodging;point_of_interest,False,CACHED
Hyatt Ziva Cancun,https://www.americanexpress.com/en-us/travel/discover/property/Quintana-Roo-MX/Cancún/Hyatt-Ziva-Cancun?intlink=US-travel-discover-property-results-propertyCard-Hyatt-Ziva-Cancun,"Cancún, Quintana Roo MX",THE HOTEL COLLECTION,Hyatt,Program,21.1355082,-86.74230759999999,"Blvd. Kukulcan Lote 7-Mz 51, Punta Cancun, Zona Hotelera, 77500 Cancún, Q.R., Mexico",google_places,PLACE_DETAILS,ChIJi3kDdaAoTI8RqiF67h8HVFc,establishment;lodging;point_of_interest,False,CACHED
The Carolina Inn,https://www.americanexpress.com/en-us/travel/discover/property/North-Carolina-US/Chapel-Hill/The-Carolina-Inn?intlink=US-travel-discover-property-results-propertyCard-The-Carolina-Inn,"Chapel Hill, North Carolina US",THE HOTEL COLLECTION,Hyatt,Program,35.9097578,-79.0542753,"211 Pittsboro St, Chapel Hill, NC 27516, USA",google_places,PLACE_DETAILS,ChIJ8QLIa-bCrIkR3UfK1Z7K98U,establishment;lodging;point_of_interest,False,CACHED
The Shay,https://www.americanexpress.com/en-us/travel/discover/property/California-US/Culver-City/The-Shay?intlink=US-travel-discover-property-results-propertyCard-The-Shay,"Culver City, California US",THE HOTEL COLLECTION,Hyatt,Program,34.0283459,-118.387236,"8801 Washington Blvd, Culver City, CA 90232, USA",google_places,PLACE_DETAILS,ChIJDdEJTbu5woARGgWIJQcyjzA,establishment;lodging;point_of_interest,False,CACHED
Zoetry Agua Punta Cana,https://www.americanexpress.com/en-us/travel/discover/property/Dominican-Republic/Higuey/Zoetry-Agua-Punta-Cana?intlink=US-travel-discover-property-results-propertyCard-Zoetry-Agua-Punta-Cana,"Higuey, Dominican Republic",THE HOTEL COLLECTION,Hyatt,Program,18.8366987,-68.6110849,"Playas, Punta Cana 23300, Dominican Republic",google_places,PLACE_DETAILS,ChIJ8SxVM6fEqI4RQqDgbPrrsHY,establishment;lodging;point_of_interest,False,CACHED
Hotel Saint Augustine,https://www.americanexpress.com/en-us/travel/discover/property/Texas-US/Houston/Hotel-Saint-Augustine?intlink=US-travel-discover-property-results-propertyCard-Hotel-Saint-Augustine,"Houston, Texas US",THE HOTEL COLLECTION,Hyatt,Program,29.9165763,-81.293106,"117 Vilano Rd, St. Augustine, FL 32084, USA",google_places,PLACE_DETAILS,ChIJi4oxcsIn5IgR6lc3cwMYDYM,establishment;lodging;point_of_interest,False,CACHED
Hotel Kansas City,https://www.americanexpress.com/en-us/travel/discover/property/Missouri-US/Kansas-City/Hotel-Kansas-City?intlink=US-travel-discover-property-results-propertyCard-Hotel-Kansas-City,"Kansas City, Missouri US",THE HOTEL COLLECTION,Hyatt,Program,39.0989079,-94.58458150000001,"1228 Baltimore Ave, Kansas City, MO 64105, USA",google_places,PLACE_DETAILS,ChIJ2QVuSZzxwIcRcwbhbK0YwYU,establishment;lodging;point_of_interest,False,CACHED
Secrets La Romana Resort & Spa - Adults Only - All Inclusive,https://www.americanexpress.com/en-us/travel/discover/property/Dominican-Republic/La-Romana/Secrets-La-Romana-Resort--Spa---Adults-Only---All-Inclusive?intlink=US-travel-discover-property-results-propertyCard-Secrets-La-Romana-Resort--Spa---Adults-Only---All-Inclusive,"La Romana, Dominican Republic",THE HOTEL COLLECTION,Hyatt,Program,18.3764905,-68.8432346,"Playa Bayahibe, La Romana 23000, Dominican Republic",google_places,PLACE_DETAILS,ChIJXRSEV8qrqI4R-o9P4PIEPAM,establishment;lodging;point_of_interest,False,CACHED
Great Scotland Yard Hotel,https://www.americanexpress.com/en-us/travel/discover/property/England/London/Great-Scotland-Yard-Hotel?intlink=US-travel-discover-property-results-propertyCard-Great-Scotland-Yard-Hotel,"London, England",THE HOTEL COLLECTION,Hyatt,Program,51.5062776,-0.1262637,"3-5 Great Scotland Yard, London SW1A 2HN, UK",google_places,PLACE_DETAILS,ChIJ25EEdg8FdkgRLIukUGLVQc0,establishment;lodging;point_of_interest,False,CACHED
Dream Hollywood,https://www.americanexpress.com/en-us/travel/discover/property/California-US/Los-Angeles/Dream-Hollywood?intlink=US-travel-discover-property-results-propertyCard-Dream-Hollywood,"Los Angeles, California US",THE HOTEL COLLECTION,Hyatt,Program,34.0999975,-118.3301556,"6417 Selma Ave, Hollywood, CA 90028, USA",google_places,PLACE_DETAILS,ChIJKSpatTu_woARhr9tdk5zMAs,establishment;lodging;point_of_interest,False,CACHED
Brunfels Hotel,https://www.americanexpress.com/en-us/travel/discover/property/Germany/Mainz/Brunfels-Hotel?intlink=US-travel-discover-property-results-propertyCard-Brunfels-Hotel,"Mainz, Germany",THE HOTEL COLLECTION,Hyatt,Program,49.99842289999999,8.2655604,"Münsterstraße 11, 55116 Mainz, Germany",google_places,PLACE_DETAILS,ChIJpRe4kh2XvUcRjwKqeJmnXZM,establishment;lodging;point_of_interest,False,CACHED
The Pell,https://www.americanexpress.com/en-us/travel/discover/property/Rhode-Island-US/Middletown/The-Pell?intlink=US-travel-discover-property-results-propertyCard-The-Pell,"Middletown, Rhode Island US",THE HOTEL COLLECTION,Hyatt,Program,41.5204698,-71.2859797,"425 E Main Rd, Middletown, RI 02842, USA",google_places,PLACE_DETAILS,ChIJfzslSs2u5YkRDcTkj1Yen2Q,establishment;lodging;point_of_interest,False,CACHED
Dream Nashville,https://www.americanexpress.com/en-us/travel/discover/property/Tennessee-US/Nashville/Dream-Nashville?intlink=US-travel-discover-property-results-propertyCard-Dream-Nashville,"Nashville, Tennessee US",THE HOTEL COLLECTION,Hyatt,Program,36.1641107,-86.7790899,"210 4th Ave N, Nashville, TN 37219, USA",google_places,PLACE_DETAILS,ChIJxVwITVJnZIgR7WXBYjI0bYo,establishment;lodging;point_of_interest,False,CACHED
The Barnett by Hyatt,https://www.americanexpress.com/en-us/travel/discover/property/Louisiana-US/New-Orleans/The-Barnett-By-Hyatt?intlink=US-travel-discover-property-results-propertyCard-The-Barnett-By-Hyatt,"New Orleans, Louisiana US",THE HOTEL COLLECTION,Hyatt,Program,29.9481458,-90.0720327,"600 Carondelet St, New Orleans, LA 70130, USA",google_places,PLACE_DETAILS,ChIJ11du-XSmIIYReZjQOf3Qa1I,establishment;lodging;point_of_interest,False,CACHED
Dream Downtown,https://www.americanexpress.com/en-us/travel/discover/property/New-York-US/New-York/Dream-Downtown?intlink=US-travel-discover-property-results-propertyCard-Dream-Downtown,"New York, New York US",THE HOTEL COLLECTION,Hyatt,Program,40.7423311,-74.00347909999999,"355 W 16th St, New York, NY 10011, USA",google_places,PLACE_DETAILS,ChIJ__zF2L5ZwokRMbXNYfOoiX8,establishment;lodging;point_of_interest,False,CACHED
Grayson Hotel,https://www.americanexpress.com/en-us/travel/discover/property/New-York-US/New-York/Grayson-Hotel?intlink=US-travel-discover-property-results-propertyCard-Grayson-Hotel,"New York, New York US",THE HOTEL COLLECTION,Hyatt,Program,40.7520979,-73.9838551,"30 W 39th St, New York, NY 10018, USA",google_places,PLACE_DETAILS,ChIJE-y9fvRZwokRGIvIPB1eBIk,establishment;lodging;point_of_interest,False,CACHED
The Manner,https://www.americanexpress.com/en-us/travel/discover/property/New-York-US/New-York/The-Manner?intlink=US-travel-discover-property-results-propertyCard-The-Manner,"New York, New York US",THE HOTEL COLLECTION,Hyatt,Program,40.723944,-74.0033097,"58 Thompson St, New York, NY 10012, USA",google_places,PLACE_DETAILS,ChIJoQx_SPxZwokRL34SHZ4JHKY,establishment;lodging;point_of_interest,False,CACHED
Kissel Uptown Oakland,https://www.americanexpress.com/en-us/travel/discover/property/California-US/Oakland/Kissel-Uptown-Oakland?intlink=US-travel-discover-property-results-propertyCard-Kissel-Uptown-Oakland,"Oakland, California US",THE HOTEL COLLECTION,Hyatt,Program,37.8136064,-122.265624,"2455 Broadway, Oakland, CA 94612, USA",google_places,PLACE_DETAILS,ChIJ16fETFOHj4ARnUKyCYApB9Y,establishment;lodging;point_of_interest,False,CACHED
Secrets Moxche Playa del Carmen,https://www.americanexpress.com/en-us/travel/discover/property/Quintana-Roo-MX/Playa-del-Carmen/Secrets-Moxche-Playa-Del-Carmen?intlink=US-travel-discover-property-results-propertyCard-Secrets-Moxche-Playa-Del-Carmen,"Playa del Carmen, Quintana Roo MX",THE HOTEL COLLECTION,Hyatt,Program,20.6295977,-87.0676773,"Av. Constituyentes 2, Gonzalo Guerrero, 77710 Playa del Carmen, Q.R., Mexico",google_places,PLACE_DETAILS,ChIJY72OiS5DTo8RaQJ_Ppe1oYQ,establishment;lodging;point_of_interest,False,CACHED
Hyatt Zilara Cap Cana,https://www.americanexpress.com/en-us/travel/discover/property/Dominican-Republic/Punta-Cana/Hyatt-Zilara-Cap-Cana?intlink=US-travel-discover-property-results-propertyCard-Hyatt-Zilara-Cap-Cana,"Punta Cana, Dominican Republic",THE HOTEL COLLECTION,Hyatt,Program,18.4808053,-68.39645759999999,"Playa Juanillo, Blvd. Zona Hotelera, Punta Cana 23302, Dominican Republic",google_places,PLACE_DETAILS,ChIJDdKRsK6RqI4R2nW8KTMT5L0,establishment;lodging;point_of_interest,False,CACHED
Hyatt Ziva Cap Cana,https://www.americanexpress.com/en-us/travel/discover/property/Dominican-Republic/Punta-Cana/Hyatt-Ziva-Cap-Cana?intlink=US-travel-discover-property-results-propertyCard-Hyatt-Ziva-Cap-Cana,"Punta Cana, Dominican Republic",THE HOTEL COLLECTION,Hyatt,Program,18.4823946,-68.39561739999999,"Playa Juanillo, Blvd. Zona Hotelera, Punta Cana 23302, Dominican Republic",google_places,PLACE_DETAILS,ChIJxYSCdGORqI4R-6UqCvJTKi8,establishment;lodging;point_of_interest,False,CACHED
Secrets Cap Cana Resort and Spa,https://www.americanexpress.com/en-us/travel/discover/property/Dominican-Republic/Punta-Cana/Secrets-Cap-Cana-Resort-And-Spa?intlink=US-travel-discover-property-results-propertyCard-Secrets-Cap-Cana-Resort-And-Spa,"Punta Cana, Dominican Republic",THE HOTEL COLLECTION,Hyatt,Program,18.4848125,-68.3965625,"Punta Cana 23000, Dominican Republic",google_places,PLACE_DETAILS,ChIJlaY2HQCRqI4RzRWT1vBYg5M,establishment;lodging;point_of_interest,False,CACHED
Secrets Tides Punta Cana,https://www.americanexpress.com/en-us/travel/discover/property/Dominican-Republic/Punta-Cana/Secrets-Tides-Punta-Cana?intlink=US-travel-discover-property-results-propertyCard-Secrets-Tides-Punta-Cana,"Punta Cana, Dominican Republic",THE HOTEL COLLECTION,Hyatt,Program,18.8107165,-68.5807157,"Playas, Punta Cana 23000, Dominican Republic",google_places,PLACE_DETAILS,ChIJ0-Q2ilPDqI4RskQQzT-y7Eg,establishment;lodging;point_of_interest,False,CACHED
The Tribune Hotel,https://www.americanexpress.com/en-us/travel/discover/property/Italy/Rome/The-Tribune-Hotel?intlink=US-travel-discover-property-results-propertyCard-The-Tribune-Hotel,"Rome, Italy",THE HOTEL COLLECTION,Hyatt,Program,41.9096824,12.4908418,"Via Campania, 45, 00187 Roma RM, Italy",google_places,PLACE_DETAILS,ChIJydzj5gZhLxMRfgHIh-_fU_U,establishment;lodging;point_of_interest,False,CACHED
Hotel Reisen,https://www.americanexpress.com/en-us/travel/discover/property/Sweden/Stockholm/Hotel-Reisen?intlink=US-travel-discover-property-results-propertyCard-Hotel-Reisen,"Stockholm, Sweden",THE HOTEL COLLECTION,Hyatt,Program,59.3254337,18.0753632,"Skeppsbron 12, 111 30 Stockholm, Sweden",google_places,PLACE_DETAILS,ChIJCROhqeJ3X0YRB-bAbUDczMs,establishment;lodging;point_of_interest,False,CACHED
Hotel San Cristobal,https://www.americanexpress.com/en-us/travel/discover/property/Baja-California-Sur-MX/Todos-Santos/Hotel-San-Cristobal?intlink=US-travel-discover-property-results-propertyCard-Hotel-San-Cristobal,"Todos Santos, Baja California Sur MX",THE HOTEL COLLECTION,Hyatt,Program,23.4154322,-110.2297819,"N° Km 54+ 23300 800, México 19, 23300 Todos Santos, B.C.S., Mexico",google_places,PLACE_DETAILS,ChIJAZCRTw4Er4YRFhSUp5Wce_E,establishment;lodging;point_of_interest,False,CACHED
Hotel Toranomon Hills,https://www.americanexpress.com/en-us/travel/discover/property/Japan/Tokyo/Hotel-Toranomon-Hills?intlink=US-travel-discover-property-results-propertyCard-Hotel-Toranomon-Hills,"Tokyo, Japan",THE HOTEL COLLECTION,Hyatt,Program,35.6675784,139.7471366,"Japan, 〒105-0001 Tokyo, Minato City, Toranomon, 2-chōme−6−４ 虎ノ門ヒルズステーションタワー 1階",google_places,PLACE_DETAILS,ChIJozQeWWGLGGARcTAqsA7x6LE,establishment;lodging;point_of_interest,False,CACHED
Hyatt Centric Buckhead Atlanta,https://www.americanexpress.com/en-us/travel/discover/property/Georgia-US/Atlanta/Hyatt-Centric-Buckhead-Atlanta?intlink=US-travel-discover-property-results-propertyCard-Hyatt-Centric-Buckhead-Atlanta,"Atlanta, Georgia US",THE HOTEL COLLECTION,Hyatt Centric,Program,33.84350209999999,-84.36174249999999,"3301 Lenox Pkwy, Atlanta, GA 30326, USA",google_places,PLACE_DETAILS,ChIJa11hcqIP9YgRpfS5ySXyWqM,establishment;lodging;point_of_interest,False,CACHED
Hyatt Centric Congress Avenue Austin,https://www.americanexpress.com/en-us/travel/discover/property/Texas-US/Austin/Hyatt-Centric-Congress-Avenue-Austin?intlink=US-travel-discover-property-results-propertyCard-Hyatt-Centric-Congress-Avenue-Austin,"Austin, Texas US",THE HOTEL COLLECTION,Hyatt Centric,Program,30.2697029,-97.7419974,"721 Congress Ave., Austin, TX 78701, USA",google_places,PLACE_DETAILS,ChIJRdZ5_Am1RIYRkYrigiiEt7Q,establishment;lodging;point_of_interest,False,CACHED
Hyatt Centric Kanazawa,https://www.americanexpress.com/en-us/travel/discover/property/Japan/Kanazawa/Hyatt-Centric-Kanazawa?intlink=US-travel-discover-property-results-propertyCard-Hyatt-Centric-Kanazawa,"Kanazawa, Japan",THE HOTEL COLLECTION,Hyatt Centric,Program,36.5800473,136.6478362,"1-chōme-5-2 Hirooka, Kanazawa, Ishikawa 920-0031, Japan",google_places,PLACE_DETAILS,ChIJG38vCEEz-F8R_jlVrJksEfw,establishment;lodging;point_of_interest,False,CACHED
Hyatt Centric Gran Via Madrid,https://www.americanexpress.com/en-us/travel/discover/property/Spain/Madrid/Hyatt-Centric-Gran-Via-Madrid?intlink=US-travel-discover-property-results-propertyCard-Hyatt-Centric-Gran-Via-Madrid,"Madrid, Spain",THE HOTEL COLLECTION,Hyatt Centric,Program,40.4200081,-3.7036914,"Gran Vía, 31, Centro, 28013 Madrid, Spain",google_places,PLACE_DETAILS,ChIJmSRJmn0oQg0Rt5YwR1qpFLQ,establishment;lodging;point_of_interest,False,CACHED
Hyatt Centric Melbourne,https://www.americanexpress.com/en-us/travel/discover/property/Australia/Melbourne/Hyatt-Centric-Melbourne?intlink=US-travel-discover-property-results-propertyCard-Hyatt-Centric-Melbourne,"Melbourne, Australia",THE HOTEL COLLECTION,Hyatt Centric,Program,-37.8202336,144.9555669,"25 Downie St, Melbourne VIC 3000, Australia",google_places,PLACE_DETAILS,ChIJaxp09lFd1moRixjn1iU6cb8,establishment;lodging;point_of_interest,False,CACHED
Hyatt Centric Downtown Minneapolis,https://www.americanexpress.com/en-us/travel/discover/property/Minnesota-US/Minneapolis/Hyatt-Centric-Downtown-Minneapolis?intlink=US-travel-discover-property-results-propertyCard-Hyatt-Centric-Downtown-Minneapolis,"Minneapolis, Minnesota US",THE HOTEL COLLECTION,Hyatt Centric,Program,44.9759249,-93.268833,"615 2nd Ave S, Minneapolis, MN 55402, USA",google_places,PLACE_DETAILS,ChIJs6acm5kys1IRSf4rWUKrAvw,establishment;lodging;point_of_interest,False,CACHED
Hyatt Centric Downtown Nashville,https://www.americanexpress.com/en-us/travel/discover/property/Tennessee-US/Nashville/Hyatt-Centric-Downtown-Nashville?intlink=US-travel-discover-property-results-propertyCard-Hyatt-Centric-Downtown-Nashville,"Nashville, Tennessee US",THE HOTEL COLLECTION,Hyatt Centric,Program,36.159167,-86.77380509999999,"210 Molloy St, Nashville, TN 37201, USA",google_places,PLACE_DETAILS,ChIJWXOmjVxmZIgRLXO-6HjXkcY,establishment;lodging;point_of_interest,False,CACHED
Hyatt Centric French Quarter,https://www.americanexpress.com/en-us/travel/discover/property/Louisiana-US/New-Orleans/Hyatt-Centric-French-Quarter?intlink=US-travel-discover-property-results-propertyCard-Hyatt-Centric-French-Quarter,"New Orleans, Louisiana US",THE HOTEL COLLECTION,Hyatt Centric,Program,29.9549516,-90.06990189999999,"800 Iberville St, New Orleans, LA 70112, USA",google_places,PLACE_DETAILS,ChIJP4MmbwymIIYRbjaStVZbf0E,establishment;lodging;point_of_interest,False,CACHED
Hyatt Centric Times Square New York,https://www.americanexpress.com/en-us/travel/discover/property/New-York-US/New-York/Hyatt-Centric-Times-Square-New-York?intlink=US-travel-discover-property-results-propertyCard-Hyatt-Centric-Times-Square-New-York,"New York, New York US",THE HOTEL COLLECTION,Hyatt Centric,Program,40.7575283,-73.9840627,"135 W 45th St, New York, NY 10036, USA",google_places,PLACE_DETAILS,ChIJldZjdlVYwokRT_yKDywRlaw,establishment;lodging;point_of_interest,False,CACHED
Hyatt Centric Park City,https://www.americanexpress.com/en-us/travel/discover/property/Utah-US/Park-City/Hyatt-Centric-Park-City?intlink=US-travel-discover-property-results-propertyCard-Hyatt-Centric-Park-City,"Park City, Utah US",THE HOTEL COLLECTION,Hyatt Centric,Program,40.6826788,-111.5571395,"3551 N Escala Ct, Park City, UT 84098, USA",google_places,PLACE_DETAILS,ChIJO1DXXM1tUocRQsdnXdjhUFM,establishment;lodging;point_of_interest,False,CACHED
Hyatt Centric Rittenhouse Square Philadelphia,https://www.americanexpress.com/en-us/travel/discover/property/Pennsylvania-US/Philadelphia/Hyatt-Centric-Rittenhouse-Square-Philadelphia?intlink=US-travel-discover-property-results-propertyCard-Hyatt-Centric-Rittenhouse-Square-Philadelphia,"Philadelphia, Pennsylvania US",THE HOTEL COLLECTION,Hyatt Centric,Program,39.9493052,-75.1689368,"1620 Chancellor St, Philadelphia, PA 19103, USA",google_places,PLACE_DETAILS,ChIJA4VcK8vHxokR9_N1qHXarrU,establishment;lodging;point_of_interest,False,CACHED
Hyatt Centric Fisherman's Wharf San Francisco,https://www.americanexpress.com/en-us/travel/discover/property/California-US/San-Francisco/Hyatt-Centric-Fishermans-Wharf-San-Francisco?intlink=US-travel-discover-property-results-propertyCard-Hyatt-Centric-Fishermans-Wharf-San-Francisco,"San Francisco, California US",THE HOTEL COLLECTION,Hyatt Centric,Program,37.8059285,-122.4160784,"555 North Point St, San Francisco, CA 94133, USA",google_places,PLACE_DETAILS,ChIJpVWaeeSAhYARu4S3Sa4Jc20,establishment;lodging;point_of_interest,False,CACHED
Hyatt Centric Malta,https://www.americanexpress.com/en-us/travel/discover/property/Malta/St.-Julian's/Hyatt-Centric-Malta?intlink=US-travel-discover-property-results-propertyCard-Hyatt-Centric-Malta,"St. Julian's, Malta",THE HOTEL COLLECTION,Hyatt Centric,Program,35.9236659,14.4868607,"Triq Santu Wistin, San Ġiljan SWQ3312, Malta",google_places,PLACE_DETAILS,ChIJ82BC9QlFDhMRQ15Aid8NQy8,establishment;lodging;point_of_interest,False,CACHED
Hyatt Centric Murano Venice,https://www.americanexpress.com/en-us/travel/discover/property/Italy/Venice/Hyatt-Centric-Murano-Venice?intlink=US-travel-discover-property-results-propertyCard-Hyatt-Centric-Murano-Venice,"Venice, Italy",THE HOTEL COLLECTION,Hyatt Centric,Program,45.4564304,12.3554499,"Riva Longa, 49, 30141 Venezia VE, Italy",google_places,PLACE_DETAILS,ChIJzxKG0gOufkcRfS-34ik4hNs,establishment;lodging;point_of_interest,False,CACHED
Hyatt Regency Coconut Point,https://www.americanexpress.com/en-us/travel/discover/property/Florida-US/Bonita-Springs/Hyatt-Regency-Coconut-Point?intlink=US-travel-discover-property-results-propertyCard-Hyatt-Regency-Coconut-Point,"Bonita Springs, Florida US",THE HOTEL COLLECTION,Hyatt Regency,Program,26.3979937,-81.8381477,"5001 Coconut Rd, Bonita Springs, FL 34134, USA",google_places,PLACE_DETAILS,ChIJdXrfE5YX24gRGDeLXzfUPMg,establishment;lodging;point_of_interest,False,CACHED
Hyatt Regency Brisbane,https://www.americanexpress.com/en-us/travel/discover/property/Australia/Brisbane/Hyatt-Regency-Brisbane?intlink=US-travel-discover-property-results-propertyCard-Hyatt-Regency-Brisbane,"Brisbane, Australia",THE HOTEL COLLECTION,Hyatt Regency,Program,-27.4701524,153.0237921,"33 Burnett Ln, Brisbane City QLD 4000, Australia",google_places,PLACE_DETAILS,ChIJIXk7mq9bkWsRI_InBqGw1r0,establishment;lodging;point_of_interest,False,CACHED
Hyatt Regency Chesapeake Bay,https://www.americanexpress.com/en-us/travel/discover/property/Maryland-US/Cambridge/Hyatt-Regency-Chesapeake-Bay?intlink=US-travel-discover-property-results-propertyCard-Hyatt-Regency-Chesapeake-Bay,"Cambridge, Maryland US",THE HOTEL COLLECTION,Hyatt Regency,Program,38.5620367,-76.0483897,"100 Heron Blvd US-50, Cambridge, MD 21613, USA",google_places,PLACE_DETAILS,ChIJ69SE-ChKuIkR6-aMz1GhH60,establishment;lodging;point_of_interest,False,CACHED
Hyatt Regency Clearwater Beach Resort & Suites,https://www.americanexpress.com/en-us/travel/discover/property/Florida-US/Clearwater-Beach/Hyatt-Regency-Clearwater-Beach-Resort--Suites?intlink=US-travel-discover-property-results-propertyCard-Hyatt-Regency-Clearwater-Beach-Resort--Suites,"Clearwater Beach, Florida US",THE HOTEL COLLECTION,Hyatt Regency,Program,27.973469,-82.828971,"301 S Gulfview Blvd, Clearwater Beach, FL 33767, USA",google_places,PLACE_DETAILS,ChIJxySLtdf2wogRM62DpJN6IVg,establishment;lodging;point_of_interest,False,CACHED
Hyatt Regency Coral Gables,https://www.americanexpress.com/en-us/travel/discover/property/Florida-US/Coral-Gables/Hyatt-Regency-Coral-Gables?intlink=US-travel-discover-property-results-propertyCard-Hyatt-Regency-Coral-Gables,"Coral Gables, Florida US",THE HOTEL COLLECTION,Hyatt Regency,Program,25.7518784,-80.2558201,"50 Alhambra Plz, Coral Gables, FL 33134, USA",google_places,PLACE_DETAILS,ChIJs-YmZ5i32YgR7-3RF6zovCs,establishment;lodging;point_of_interest,False,CACHED
Hyatt Regency Danang Resort and Spa,https://www.americanexpress.com/en-us/travel/discover/property/Vietnam/Danang/Hyatt-Regency-Danang-Resort-And-Spa?intlink=US-travel-discover-property-results-propertyCard-Hyatt-Regency-Danang-Resort-And-Spa,"Danang, Vietnam",THE HOTEL COLLECTION,Hyatt Regency,Program,16.0130143,108.2641979,"5 Truong Sa Street, Ngu Hanh Son Ward, Hoà Hải, Danang, Đà Nẵng 550000, Vietnam",google_places,PLACE_DETAILS,ChIJWcFCas8QQjERQGJzK8w1ta4,establishment;lodging;point_of_interest,False,CACHED
Hyatt Regency Hakone Resort and Spa,https://www.americanexpress.com/en-us/travel/discover/property/Japan/Hakone/Hyatt-Regency-Hakone-Resort-And-Spa?intlink=US-travel-discover-property-results-propertyCard-Hyatt-Regency-Hakone-Resort-And-Spa,"Hakone, Japan",THE HOTEL COLLECTION,Hyatt Regency,Program,35.2501045,139.0373585,"1320 Gōra, Hakone, Ashigarashimo District, Kanagawa 250-0408, Japan",google_places,PLACE_DETAILS,ChIJbzuzKFafGWARx2ExTPwpj6k,establishment;lodging;point_of_interest,False,CACHED
Hyatt Regency Huntington Beach Resort and Spa,https://www.americanexpress.com/en-us/travel/discover/property/California-US/Huntington-Beach/Hyatt-Regency-Huntington-Beach-Resort-And-Spa?intlink=US-travel-discover-property-results-propertyCard-Hyatt-Regency-Huntington-Beach-Resort-And-Spa,"Huntington Beach, California US",THE HOTEL COLLECTION,Hyatt Regency,Program,33.651172,-117.9904259,"21500 Pacific Coast Hwy, Huntington Beach, CA 92648, USA",google_places,PLACE_DETAILS,ChIJ_wYW-REh3YARXI6LzmdSObE,establishment;lodging;point_of_interest,False,CACHED
Hyatt Regency Koh Samui,https://www.americanexpress.com/en-us/travel/discover/property/Thailand/Koh-Samui/Hyatt-Regency-Koh-Samui?intlink=US-travel-discover-property-results-propertyCard-Hyatt-Regency-Koh-Samui,"Koh Samui, Thailand",THE HOTEL COLLECTION,Hyatt Regency,Program,9.5560776,100.0791171,"99, North Chaweng, 11, Tambon Bo Put, Amphoe Ko Samui, Chang Wat Surat Thani 84320, Thailand",google_places,PLACE_DETAILS,ChIJn3iVtePxVDARHnQCFnB7Bfc,establishment;lodging;point_of_interest,False,CACHED
Hyatt Regency Kyoto,https://www.americanexpress.com/en-us/travel/discover/property/Japan/Kyoto/Hyatt-Regency-Kyoto?intlink=US-travel-discover-property-results-propertyCard-Hyatt-Regency-Kyoto,"Kyoto, Japan",THE HOTEL COLLECTION,Hyatt Regency,Program,34.9886172,135.7735468,"644-2 Sanjūsangendōmawari, Higashiyama Ward, Kyoto, 605-0941, Japan",google_places,PLACE_DETAILS,ChIJ_yycHcsIAWARO8pU_wZq320,establishment;lodging;point_of_interest,False,CACHED
Hyatt Regency Maui Resort & Spa,https://www.americanexpress.com/en-us/travel/discover/property/Hawaii-US/Lahaina/Hyatt-Regency-Maui-Resort--Spa?intlink=US-travel-discover-property-results-propertyCard-Hyatt-Regency-Maui-Resort--Spa,"Lahaina, Hawaii US",THE HOTEL COLLECTION,Hyatt Regency,Program,20.912971,-156.6921667,"200 Nohea Kai Dr, Lahaina, HI 96761, USA",google_places,PLACE_DETAILS,ChIJt3_PgmsrVXkRjssv_8JsT4s,establishment;lodging;point_of_interest,False,CACHED
Hyatt Regency Lisbon,https://www.americanexpress.com/en-us/travel/discover/property/Portugal/Lisbon/Hyatt-Regency-Lisbon?intlink=US-travel-discover-property-results-propertyCard-Hyatt-Regency-Lisbon,"Lisbon, Portugal",THE HOTEL COLLECTION,Hyatt Regency,Program,38.6985453,-9.1867144,"R. da Junqueira 65, 1300-343 Lisboa, Portugal",google_places,PLACE_DETAILS,ChIJUyEQES41GQ0RYWRwKTboYrI,establishment;lodging;point_of_interest,False,CACHED
Hyatt Regency London - The Churchill,https://www.americanexpress.com/en-us/travel/discover/property/England/London/Hyatt-Regency-London---The-Churchill?intlink=US-travel-discover-property-results-propertyCard-Hyatt-Regency-London---The-Churchill,"London, England",THE HOTEL COLLECTION,Hyatt Regency,Program,51.5155541,-0.1571349,"30 Portman Square, London W1H 7BH, UK",google_places,PLACE_DETAILS,ChIJqYRPtswadkgRDZptVDmbgn0,establishment;lodging;point_of_interest,False,CACHED
Hyatt Regency Lost Pines Resort and Spa,https://www.americanexpress.com/en-us/travel/discover/property/Texas-US/Lost-Pines/Hyatt-Regency-Lost-Pines-Resort-And-Spa?intlink=US-travel-discover-property-results-propertyCard-Hyatt-Regency-Lost-Pines-Resort-And-Spa,"Lost Pines, Texas US",THE HOTEL COLLECTION,Hyatt Regency,Program,30.1646481,-97.4448389,"575 Hyatt Lost Pines Rd, Cedar Creek, TX 78612, USA",google_places,PLACE_DETAILS,ChIJZwLvWmS9RIYR6-3MatGXeh8,establishment;lodging;point_of_interest,False,CACHED
Hyatt Regency Hesperia Madrid,https://www.americanexpress.com/en-us/travel/discover/property/Spain/Madrid/Hyatt-Regency-Hesperia-Madrid?intlink=US-travel-discover-property-results-propertyCard-Hyatt-Regency-Hesperia-Madrid,"Madrid, Spain",THE HOTEL COLLECTION,Hyatt Regency,Program,40.4388581,-3.6915108,"P.º de la Castellana, 57, Chamberí, 28046 Madrid, Spain",google_places,PLACE_DETAILS,ChIJERFPC-4oQg0RTC6ObBVd3UY,establishment;lodging;point_of_interest,False,CACHED
Hyatt Regency Mexico City,https://www.americanexpress.com/en-us/travel/discover/property/Mexico-City-MX/Mexico-City/Hyatt-Regency-Mexico-City?intlink=US-travel-discover-property-results-propertyCard-Hyatt-Regency-Mexico-City,"Mexico City, Mexico City MX",THE HOTEL COLLECTION,Hyatt Regency,Program,19.427554,-99.1927585,"Campos Elíseos 204, Polanco, Polanco Chapultepec, Miguel Hidalgo, 11560 Ciudad de México, CDMX, Mexico",google_places,PLACE_DETAILS,ChIJ2WU2Af8B0oURUFuAr-tjpHM,establishment;lodging;point_of_interest,False,CACHED
"Hyatt Regency Seragaki Island, Okinawa",https://www.americanexpress.com/en-us/travel/discover/property/Japan/Okinawa/Hyatt-Regency-Seragaki-Island-Okinawa?intlink=US-travel-discover-property-results-propertyCard-Hyatt-Regency-Seragaki-Island-Okinawa,"Okinawa, Japan",THE HOTEL COLLECTION,Hyatt Regency,Program,26.5120024,127.8689248,"Kunigami-gun, 1108 瀬良垣 恩納村 国頭郡 沖縄県 904-0404, Japan",google_places,PLACE_DETAILS,ChIJ14DEOL4D5TQRMfSOageNzrE,establishment;lodging;point_of_interest,False,CACHED
Hyatt Regency Grand Reserve Puerto Rico,https://www.americanexpress.com/en-us/travel/discover/property/Puerto-Rico/Rio-Grande/Hyatt-Regency-Grand-Reserve-Puerto-Rico?intlink=US-travel-discover-property-results-propertyCard-Hyatt-Regency-Grand-Reserve-Puerto-Rico,"Rio Grande, Puerto Rico",THE HOTEL COLLECTION,Hyatt Regency,Program,18.4179512,-65.7933158,"200 Coco Beach Blvd. Highway, 955-I, Río Grande, 00745, Puerto Rico",google_places,PLACE_DETAILS,ChIJNXOa0CScBIwRI9j79t4UnuM,establishment;lodging;point_of_interest,False,CACHED
Hyatt Regency Hill Country Resort,https://www.americanexpress.com/en-us/travel/discover/property/Texas-US/San-Antonio/Hyatt-Regency-Hill-Country-Resort?intlink=US-travel-discover-property-results-propertyCard-Hyatt-Regency-Hill-Country-Resort,"San Antonio, Texas US",THE HOTEL COLLECTION,Hyatt Regency,Program,29.4612057,-98.68137589999999,"9800 Hyatt Resort Dr, San Antonio, TX 78251, USA",google_places,PLACE_DETAILS,ChIJTdDx099CXIYR9nC-wE8_OoI,establishment;lodging;point_of_interest,False,CACHED
Hyatt Regency San Francisco Downtown SOMA,https://www.americanexpress.com/en-us/travel/discover/property/California-US/San-Francisco/Hyatt-Regency-San-Francisco-Downtown-Soma?intlink=US-travel-discover-property-results-propertyCard-Hyatt-Regency-San-Francisco-Downtown-Soma,"San Francisco, California US",THE HOTEL COLLECTION,Hyatt Regency,Program,37.7942169,-122.3956663,"5 Embarcadero Ctr, San Francisco, CA 94111, USA",google_places,PLACE_DETAILS,ChIJX2AfTWGAhYARK51ADFAMZoQ,establishment;lodging;point_of_interest,False,CACHED
Hyatt Regency Sydney,https://www.americanexpress.com/en-us/travel/discover/property/Australia/Sydney/Hyatt-Regency-Sydney?intlink=US-travel-discover-property-results-propertyCard-Hyatt-Regency-Sydney,"Sydney, Australia",THE HOTEL COLLECTION,Hyatt Regency,Program,-33.8698583,151.2033906,"161 Sussex St, Sydney NSW 2000, Australia",google_places,PLACE_DETAILS,ChIJB_E7ITmuEmsRvpaogmLagvc,establishment;lodging;point_of_interest,False,CACHED
Hyatt Regency Tokyo,https://www.americanexpress.com/en-us/travel/discover/property/Japan/Tokyo/Hyatt-Regency-Tokyo?intlink=US-travel-discover-property-results-propertyCard-Hyatt-Regency-Tokyo,"Tokyo, Japan",THE HOTEL COLLECTION,Hyatt Regency,Program,35.6912457,139.69126,"2-chōme-7-2 Nishishinjuku, Shinjuku City, Tokyo 160-0023, Japan",google_places,PLACE_DETAILS,ChIJR3s9zSrzGGARck5SsvgMA6Q,establishment;lodging;point_of_interest,False,CACHED
Hyatt Regency Vienna,https://www.americanexpress.com/en-us/travel/discover/property/Austria/Vienna/Hyatt-Regency-Vienna?intlink=US-travel-discover-property-results-propertyCard-Hyatt-Regency-Vienna,"Vienna, Austria",THE HOTEL COLLECTION,Hyatt Regency,Program,48.18527049999999,16.3833476,"Arsenalstraße 10, 1100 Wien, Austria",google_places,PLACE_DETAILS,ChIJE3iZz8qpbUcRmt0SBbWlSZo,establishment;lodging;point_of_interest,False,CACHED
Hyatt Regency Zadar,https://www.americanexpress.com/en-us/travel/discover/property/Croatia/Zadar/Hyatt-Regency-Zadar?intlink=US-travel-discover-property-results-propertyCard-Hyatt-Regency-Zadar,"Zadar, Croatia",THE HOTEL COLLECTION,Hyatt Regency,Program,44.1205002,15.2259659,"Obala kneza Trpimira 7, 23000, Zadar, Croatia",google_places,PLACE_DETAILS,ChIJk8wjlS_7YUcRm4gncUFVfPA,establishment;lodging;point_of_interest,False,CACHED
Athenaeum InterContinental Athens,https://www.americanexpress.com/en-us/travel/discover/property/Greece/Athens/Athenaeum-Intercontinental-Athens?intlink=US-travel-discover-property-results-propertyCard-Athenaeum-Intercontinental-Athens,"Athens, Greece",THE HOTEL COLLECTION,IHG Hotels & Resorts,Program,37.9595518,23.7217644,"Leof. Andrea Siggrou 89-93, Athina 117 45, Greece",google_places,PLACE_DETAILS,ChIJz8ZiXAC9oRQRnpA7gVHBxnE,establishment;lodging;point_of_interest,False,CACHED
InterContinental Bangkok,https://www.americanexpress.com/en-us/travel/discover/property/Thailand/Bangkok/Intercontinental-Bangkok?intlink=US-travel-discover-property-results-propertyCard-Intercontinental-Bangkok,"Bangkok, Thailand",THE HOTEL COLLECTION,IHG Hotels & Resorts,Program,13.7226935,100.5196642,"981 Si Lom Rd, Si Lom, Khet Bang Rak, Krung Thep Maha Nakhon 10500, Thailand",google_places,PLACE_DETAILS,ChIJwb3uUy2f4jARzZ5MaShGHUA,establishment;lodging;point_of_interest,False,CACHED
InterContinental Barcelona,https://www.americanexpress.com/en-us/travel/discover/property/Spain/Barcelona/Intercontinental-Barcelona?intlink=US-travel-discover-property-results-propertyCard-Intercontinental-Barcelona,"Barcelona, Spain",THE HOTEL COLLECTION,IHG Hotels & Resorts,Program,41.3728056,2.1549036,"Av. de Rius i Taulet, 1-3, Sants-Montjuïc, 08004 Barcelona, Spain",google_places,PLACE_DETAILS,ChIJ31LkMmWipBIRvU1d2GgkYec,establishment;lodging;point_of_interest,False,CACHED
InterContinental Seattle Bellevue,https://www.americanexpress.com/en-us/travel/discover/property/Washington-US/Bellevue/Intercontinental-Seattle-Bellevue?intlink=US-travel-discover-property-results-propertyCard-Intercontinental-Seattle-Bellevue,"Bellevue, Washington US",THE HOTEL COLLECTION,IHG Hotels & Resorts,Program,47.6177799,-122.2030349,"850 Ave Sq NE, Bellevue, WA 98004, USA",google_places,PLACE_DETAILS,ChIJG9jVpohtkFQRdIoyrUbGCgE,establishment;lodging;point_of_interest,False,CACHED
InterContinental Berlin,https://www.americanexpress.com/en-us/travel/discover/property/Germany/Berlin/Intercontinental-Berlin?intlink=US-travel-discover-property-results-propertyCard-Intercontinental-Berlin,"Berlin, Germany",THE HOTEL COLLECTION,IHG Hotels & Resorts,Program,52.5068868,13.3454928,"Budapester Str. 2, 10787 Berlin, Germany",google_places,PLACE_DETAILS,ChIJF6VjuqxRqEcRfShAqTgDfkU,establishment;lodging;point_of_interest,False,CACHED
InterContinental Boston,https://www.americanexpress.com/en-us/travel/discover/property/Massachusetts-US/Boston/Intercontinental-Boston?intlink=US-travel-discover-property-results-propertyCard-Intercontinental-Boston,"Boston, Massachusetts US",THE HOTEL COLLECTION,IHG Hotels & Resorts,Program,42.3536908,-71.0519125,"510 Atlantic Ave, Boston, MA 02210, USA",google_places,PLACE_DETAILS,ChIJLcN6-4Bw44kRlzDZcuoDSp8,establishment;lodging;point_of_interest,False,CACHED
The Alva Hotel Brisbane,https://www.americanexpress.com/en-us/travel/discover/property/Australia/Brisbane/The-Alva-Hotel-Brisbane?intlink=US-travel-discover-property-results-propertyCard-The-Alva-Hotel-Brisbane,"Brisbane, Australia",THE HOTEL COLLECTION,IHG Hotels & Resorts,Program,-27.46021,153.0376746,"458 Brunswick St, Fortitude Valley QLD 4006, Australia",google_places,PLACE_DETAILS,ChIJ87BHVYRZkWsRltVjzAA1nto,establishment;health;lodging;point_of_interest;spa,False,CACHED
InterContinental Chiang Mai The Mae Ping,https://www.americanexpress.com/en-us/travel/discover/property/Thailand/Chiang-Mai/Intercontinental-Chiang-Mai-The-Mae-Ping?intlink=US-travel-discover-property-results-propertyCard-Intercontinental-Chiang-Mai-The-Mae-Ping,"Chiang Mai, Thailand",THE HOTEL COLLECTION,IHG Hotels & Resorts,Program,18.78291,98.99801,"153 Sridonchai Rd, Tambon Chang Khlan, Amphoe Mueang Chiang Mai, Chang Wat Chiang Mai 50100, Thailand",google_places,PLACE_DETAILS,ChIJ1_yvEys72jARKyMakNIdEAM,establishment;food;lodging;point_of_interest;restaurant;spa,False,CACHED
InterContinental Chicago Magnificent Mile,https://www.americanexpress.com/en-us/travel/discover/property/Illinois-US/Chicago/Intercontinental-Chicago-Magnificent-Mile?intlink=US-travel-discover-property-results-propertyCard-Intercontinental-Chicago-Magnificent-Mile,"Chicago, Illinois US",THE HOTEL COLLECTION,IHG Hotels & Resorts,Program,41.8911399,-87.62387079999999,"505 N Michigan Ave, Chicago, IL 60611, USA",google_places,PLACE_DETAILS,ChIJuVcSDqwsDogR4y5g88HpjII,establishment;lodging;point_of_interest,False,CACHED
InterContinental Presidente Cozumel Resort Spa,https://www.americanexpress.com/en-us/travel/discover/property/Quintana-Roo-MX/Cozumel/Intercontinental-Presidente-Cozumel-Resort-Spa?intlink=US-travel-discover-property-results-propertyCard-Intercontinental-Presidente-Cozumel-Resort-Spa,"Cozumel, Quintana Roo MX",THE HOTEL COLLECTION,IHG Hotels & Resorts,Program,20.4647958,-86.9824215,"Carretera A Chankanaab Col-Km 6.5, Zona Hotelera sur, 77600 Cozumel, Q.R., Mexico",google_places,PLACE_DETAILS,ChIJazd0pzRXTo8R1otrMWTyJI4,establishment;lodging;point_of_interest,False,CACHED
InterContinental Dublin,https://www.americanexpress.com/en-us/travel/discover/property/Ireland/Dublin/Intercontinental-Dublin?intlink=US-travel-discover-property-results-propertyCard-Intercontinental-Dublin,"Dublin, Ireland",THE HOTEL COLLECTION,IHG Hotels & Resorts,Program,53.326698,-6.226029899999999,"Simmonscourt Rd, Ballsbridge, Dublin, Ireland",google_places,PLACE_DETAILS,ChIJPwgmOc8OZ0gRmaPw6hQnEvU,establishment;lodging;point_of_interest,False,CACHED
InterContinental Edinburgh The George,https://www.americanexpress.com/en-us/travel/discover/property/Scotland/Edinburgh/Intercontinental-Edinburgh-The-George?intlink=US-travel-discover-property-results-propertyCard-Intercontinental-Edinburgh-The-George,"Edinburgh, Scotland",THE HOTEL COLLECTION,IHG Hotels & Resorts,Program,55.9539457,-3.1963705,"19 - 21 George St, Edinburgh EH2 2PB, UK",google_places,PLACE_DETAILS,ChIJYVAQp5HHh0gRbbAdik0P6dM,establishment;lodging;point_of_interest,False,CACHED
InterContinental Geneve,https://www.americanexpress.com/en-us/travel/discover/property/Switzerland/Geneva/Intercontinental-Geneve?intlink=US-travel-discover-property-results-propertyCard-Intercontinental-Geneve,"Geneva, Switzerland",THE HOTEL COLLECTION,IHG Hotels & Resorts,Program,46.2245441,6.1326274,"7, Chem. du Petit-Saconnex 9, 1209 Genève, Switzerland",google_places,PLACE_DETAILS,ChIJN9Z5B-lkjEcRjvhLZ_3K4Pk,establishment;lodging;point_of_interest,False,CACHED
"Moire Hoi An, Vignette Collection",https://www.americanexpress.com/en-us/travel/discover/property/Vietnam/Hoi-An/Moire-Hoi-An-Vignette-Collection?intlink=US-travel-discover-property-results-propertyCard-Moire-Hoi-An-Vignette-Collection,"Hoi An, Vietnam",THE HOTEL COLLECTION,IHG Hotels & Resorts,Program,15.8754738,108.3375462,"Cồn Hến, Hội An, Quảng Nam 564040, Vietnam",google_places,PLACE_DETAILS,ChIJOcoNTysMQjERTo745Waqjzw,establishment;health;lodging;point_of_interest,False,CACHED
InterContinental Houston,https://www.americanexpress.com/en-us/travel/discover/property/Texas-US/Houston/Intercontinental-Houston?intlink=US-travel-discover-property-results-propertyCard-Intercontinental-Houston,"Houston, Texas US",THE HOTEL COLLECTION,IHG Hotels & Resorts,Program,29.7075266,-95.40466029999999,"6750 Main St, Houston, TX 77030, USA",google_places,PLACE_DETAILS,ChIJPXkW_3HAQIYRWT_Rhzj1oc8,establishment;lodging;point_of_interest,False,CACHED
InterContinental Indianapolis,https://www.americanexpress.com/en-us/travel/discover/property/Indiana-US/Indianapolis/Intercontinental-Indianapolis?intlink=US-travel-discover-property-results-propertyCard-Intercontinental-Indianapolis,"Indianapolis, Indiana US",THE HOTEL COLLECTION,IHG Hotels & Resorts,Program,39.768394,-86.1593132,"17 W Market St, Indianapolis, IN 46204, USA",google_places,PLACE_DETAILS,ChIJ5RjhBLxQa4gR0CsWk5qCU-8,establishment;gym;health;lodging;point_of_interest,False,CACHED
ANA InterContinental Ishigaki Resort,https://www.americanexpress.com/en-us/travel/discover/property/Japan/Ishigaki/Ana-Intercontinental-Ishigaki-Resort?intlink=US-travel-discover-property-results-propertyCard-Ana-Intercontinental-Ishigaki-Resort,"Ishigaki, Japan",THE HOTEL COLLECTION,IHG Hotels & Resorts,Program,24.3350373,124.1877001,"354-1 Maezato, Ishigaki, Okinawa 907-0002, Japan",google_places,PLACE_DETAILS,ChIJqefNd4MKYDQRr1Y25RGLo5M,establishment;lodging;point_of_interest,False,CACHED
"Convent Square Lisbon Hotel, Vignette Collection",https://www.americanexpress.com/en-us/travel/discover/property/Portugal/Lisbon/Convent-Square-Lisbon-Hotel-Vignette-Collection?intlink=US-travel-discover-property-results-propertyCard-Convent-Square-Lisbon-Hotel-Vignette-Collection,"Lisbon, Portugal",THE HOTEL COLLECTION,IHG Hotels & Resorts,Program,38.7143962,-9.1386404,"R. Dom Antão de Almada 4, 1100-373 Lisboa, Portugal",google_places,PLACE_DETAILS,ChIJ7bPgbOIzGQ0RiZExWwvX8Ww,establishment;lodging;point_of_interest,False,CACHED
InterContinental Lisbon,https://www.americanexpress.com/en-us/travel/discover/property/Portugal/Lisbon/Intercontinental-Lisbon?intlink=US-travel-discover-property-results-propertyCard-Intercontinental-Lisbon,"Lisbon, Portugal",THE HOTEL COLLECTION,IHG Hotels & Resorts,Program,38.726817,-9.1552236,"R. Castilho 149, 1070-050 Lisboa, Portugal",google_places,PLACE_DETAILS,ChIJAaH-63EzGQ0Rbe32toUfxFM,establishment;lodging;point_of_interest,False,CACHED
InterContinental London Park Lane,https://www.americanexpress.com/en-us/travel/discover/property/England/London/Intercontinental-London-Park-Lane?intlink=US-travel-discover-property-results-propertyCard-Intercontinental-London-Park-Lane,"London, England",THE HOTEL COLLECTION,IHG Hotels & Resorts,Program,51.5038788,-0.1504181,"One Hamilton Place, Park Ln, London W1J 7QY, UK",google_places,PLACE_DETAILS,ChIJPTReYyUFdkgRXxrDPxjNGsM,establishment;lodging;point_of_interest,False,CACHED
InterContinental Los Angeles Downtown,https://www.americanexpress.com/en-us/travel/discover/property/California-US/Los-Angeles/Intercontinental-Los-Angeles-Downtown?intlink=US-travel-discover-property-results-propertyCard-Intercontinental-Los-Angeles-Downtown,"Los Angeles, California US",THE HOTEL COLLECTION,IHG Hotels & Resorts,Program,34.049723,-118.2605551,"900 Wilshire Blvd, Los Angeles, CA 90017, USA",google_places,PLACE_DETAILS,ChIJ8TvIE7HHwoAR7W9Tr2zza6Q,establishment;lodging;point_of_interest,False,CACHED
InterContinental Madrid,https://www.americanexpress.com/en-us/travel/discover/property/Spain/Madrid/Intercontinental-Madrid?intlink=US-travel-discover-property-results-propertyCard-Intercontinental-Madrid,"Madrid, Spain",THE HOTEL COLLECTION,IHG Hotels & Resorts,Program,40.43651,-3.69006,"P.º de la Castellana, 49, Chamberí, 28046 Madrid, Spain",google_places,PLACE_DETAILS,ChIJq8ZdTOwoQg0RbYEUJvVKtMw,establishment;food;lodging;point_of_interest;restaurant,False,CACHED
InterContinental Melbourne the Rialto,https://www.americanexpress.com/en-us/travel/discover/property/Australia/Melbourne/Intercontinental-Melbourne-The-Rialto?intlink=US-travel-discover-property-results-propertyCard-Intercontinental-Melbourne-The-Rialto,"Melbourne, Australia",THE HOTEL COLLECTION,IHG Hotels & Resorts,Program,-37.8183605,144.9580642,"495 Collins St, Melbourne VIC 3000, Australia",google_places,PLACE_DETAILS,ChIJq4e4sU1d1moRmTYm28wHYnA,establishment;lodging;point_of_interest,False,CACHED
Presidente InterContinental Mexico City Hotel,https://www.americanexpress.com/en-us/travel/discover/property/Mexico-City-MX/Mexico-City/Presidente-Intercontinental-Mexico-City-Hotel?intlink=US-travel-discover-property-results-propertyCard-Presidente-Intercontinental-Mexico-City-Hotel,"Mexico City, Mexico City MX",THE HOTEL COLLECTION,IHG Hotels & Resorts,Program,19.4272658,-99.1933191,"Campos Elíseos 218, Polanco, Col. Chapultepec Polanco, Miguel Hidalgo, 11560 Ciudad de México, CDMX, Mexico",google_places,PLACE_DETAILS,ChIJt03gBP8B0oURI7yeaJs6GQk,establishment;gym;health;lodging;point_of_interest,False,CACHED
InterContinental Miami,https://www.americanexpress.com/en-us/travel/discover/property/Florida-US/Miami/Intercontinental-Miami?intlink=US-travel-discover-property-results-propertyCard-Intercontinental-Miami,"Miami, Florida US",THE HOTEL COLLECTION,IHG Hotels & Resorts,Program,25.7721907,-80.18590309999999,"100 Chopin Plaza, Miami, FL 33131, USA",google_places,PLACE_DETAILS,ChIJu914aCe02YgRPBfSQNj8sVs,establishment;food;lodging;point_of_interest;restaurant,False,CACHED
Real Intercontinental Lima Miraflores,https://www.americanexpress.com/en-us/travel/discover/property/Peru/Miraflores/Real-Intercontinental-Lima-Miraflores?intlink=US-travel-discover-property-results-propertyCard-Real-Intercontinental-Lima-Miraflores,"Miraflores, Peru",THE HOTEL COLLECTION,IHG Hotels & Resorts,Program,-12.1328964,-77.0292656,"And 767, Mal. de la Reserva 751, Miraflores 15074, Peru",google_places,PLACE_DETAILS,ChIJezzOg_y3BZERljRCq6ssYMw,establishment;lodging;point_of_interest,False,CACHED
InterContinental Fiji Golf Resort & Spa,https://www.americanexpress.com/en-us/travel/discover/property/Fiji/Natadola/Intercontinental-Fiji-Golf-Resort--Spa?intlink=US-travel-discover-property-results-propertyCard-Intercontinental-Fiji-Golf-Resort--Spa,"Natadola, Fiji",THE HOTEL COLLECTION,IHG Hotels & Resorts,Program,-18.1081325,177.321631,"Maro Road, Natadola Bay, Natadola, Fiji",google_places,PLACE_DETAILS,ChIJfdKmUZmzEG4RuSO8MduYilk,establishment;lodging;point_of_interest,False,CACHED
"InterContinental Times Square, New York",https://www.americanexpress.com/en-us/travel/discover/property/New-York-US/New-York/Intercontinental-Times-Square-New-York?intlink=US-travel-discover-property-results-propertyCard-Intercontinental-Times-Square-New-York,"New York, New York US",THE HOTEL COLLECTION,IHG Hotels & Resorts,Program,40.75866080000001,-73.9893761,"300 W 44th St, New York, NY 10036, USA",google_places,PLACE_DETAILS,ChIJmR9pnVNYwokRqHaZ7QNK4fE,establishment;gym;health;lodging;point_of_interest,False,CACHED
"Dinso Resort and Villas Phuket, Vignette Collection",https://www.americanexpress.com/en-us/travel/discover/property/Thailand/Phuket/Dinso-Resort-And-Villas-Phuket-Vignette-Collection?intlink=US-travel-discover-property-results-propertyCard-Dinso-Resort-And-Villas-Phuket-Vignette-Collection,"Phuket, Thailand",THE HOTEL COLLECTION,IHG Hotels & Resorts,Program,7.887817399999999,98.30388099999999,"117 Nanai Rd, Tambon Patong, Phuket, Chang Wat Phuket 83150, Thailand",google_places,PLACE_DETAILS,ChIJlY-3Ra86UDARqqRUeZ4eRjA,establishment;lodging;point_of_interest,False,CACHED
InterContinental Phuket Resort,https://www.americanexpress.com/en-us/travel/discover/property/Thailand/Phuket/Intercontinental-Phuket-Resort?intlink=US-travel-discover-property-results-propertyCard-Intercontinental-Phuket-Resort,"Phuket, Thailand",THE HOTEL COLLECTION,IHG Hotels & Resorts,Program,7.962529399999998,98.28518439999999,"333/3 Moo 3, Kamala Beach, 333, 3 กมลา อำเภอกะทู้ ภูเก็ต 83150, Thailand",google_places,PLACE_DETAILS,ChIJ2bNbHvM7UDARt0ScuDroPEs,establishment;lodging;point_of_interest,False,CACHED
"Casa da Companhia, Vignette Collection by IHG",https://www.americanexpress.com/en-us/travel/discover/property/Portugal/Porto/Casa-Da-Companhia-Vignette-Collection-By-Ihg?intlink=US-travel-discover-property-results-propertyCard-Casa-Da-Companhia-Vignette-Collection-By-Ihg,"Porto, Portugal",THE HOTEL COLLECTION,IHG Hotels & Resorts,Program,41.1440207,-8.6137313,"R. das Flores 69, 4050-416 Porto, Portugal",google_places,PLACE_DETAILS,ChIJW3l3zaJlJA0RK7qkbnuvV5Q,establishment;lodging;point_of_interest,False,CACHED
InterContinental Dominica Cabrits Resort & Spa,https://www.americanexpress.com/en-us/travel/discover/property/Dominica/Portsmouth/Intercontinental-Dominica-Cabrits-Resort--Spa?intlink=US-travel-discover-property-results-propertyCard-Intercontinental-Dominica-Cabrits-Resort--Spa,"Portsmouth, Dominica",THE HOTEL COLLECTION,IHG Hotels & Resorts,Program,15.5905953,-61.4649186,"Douglas Bay Cabrits National Park, Bellhall Road, Portsmouth, Dominica",google_places,PLACE_DETAILS,ChIJC9MiZADJFIwREyZqYN3ODoE,establishment;lodging;point_of_interest,False,CACHED
InterContinental Hua Hin Resort,https://www.americanexpress.com/en-us/travel/discover/property/Thailand/Prachuap-Khiri-Khan/Intercontinental-Hua-Hin-Resort?intlink=US-travel-discover-property-results-propertyCard-Intercontinental-Hua-Hin-Resort,"Prachuap Khiri Khan, Thailand",THE HOTEL COLLECTION,IHG Hotels & Resorts,Program,12.5483059,99.96306539999999,"33, 33 Phet Kasem Rd, Tambon Hua Hin, Amphoe Hua Hin, Chang Wat Prachuap Khiri Khan 77110, Thailand",google_places,PLACE_DETAILS,ChIJbagPg5Gr_TARVl8H-Vc0t7c,establishment;lodging;point_of_interest,False,CACHED
InterContinental San Diego,https://www.americanexpress.com/en-us/travel/discover/property/California-US/San-Diego/Intercontinental-San-Diego?intlink=US-travel-discover-property-results-propertyCard-Intercontinental-San-Diego,"San Diego, California US",THE HOTEL COLLECTION,IHG Hotels & Resorts,Program,32.7165583,-117.1716381,"901 Bayfront Ct, San Diego, CA 92101, USA",google_places,PLACE_DETAILS,ChIJUxy0b6tU2YARfo20Z0GbOlA,establishment;lodging;point_of_interest,False,CACHED
InterContinental San Francisco,https://www.americanexpress.com/en-us/travel/discover/property/California-US/San-Francisco/Intercontinental-San-Francisco?intlink=US-travel-discover-property-results-propertyCard-Intercontinental-San-Francisco,"San Francisco, California US",THE HOTEL COLLECTION,IHG Hotels & Resorts,Program,37.78205,-122.404736,"888 Howard St, San Francisco, CA 94103, USA",google_places,PLACE_DETAILS,ChIJF1lX2oaAhYARuyWPqjE12Oo,establishment;lodging;point_of_interest,False,CACHED
InterContinental Sorrento Mornington Peninsula,https://www.americanexpress.com/en-us/travel/discover/property/Australia/Sorrento/Intercontinental-Sorrento-Mornington-Peninsula?intlink=US-travel-discover-property-results-propertyCard-Intercontinental-Sorrento-Mornington-Peninsula,"Sorrento, Australia",THE HOTEL COLLECTION,IHG Hotels & Resorts,Program,-38.339581,144.741705,"23 Constitution Hill Rd, Sorrento VIC 3943, Australia",google_places,PLACE_DETAILS,ChIJ26Hyjpg11GoRtmqYeiJkRp4,establishment;lodging;point_of_interest,False,CACHED
InterContinental Sydney Double Bay,https://www.americanexpress.com/en-us/travel/discover/property/Australia/Sydney/Intercontinental-Sydney-Double-Bay?intlink=US-travel-discover-property-results-propertyCard-Intercontinental-Sydney-Double-Bay,"Sydney, Australia",THE HOTEL COLLECTION,IHG Hotels & Resorts,Program,-33.8759855,151.243244,"33 Cross St, Double Bay NSW 2028, Australia",google_places,PLACE_DETAILS,ChIJVWBDct2tEmsR6topqEre0Eg,establishment;lodging;point_of_interest,False,CACHED
ANA InterContinental Tokyo,https://www.americanexpress.com/en-us/travel/discover/property/Japan/Tokyo/Ana-Intercontinental-Tokyo?intlink=US-travel-discover-property-results-propertyCard-Ana-Intercontinental-Tokyo,"Tokyo, Japan",THE HOTEL COLLECTION,IHG Hotels & Resorts,Program,35.6682896,139.7408307,"1-chōme-12-33 Akasaka, Minato City, Tokyo 107-0052, Japan",google_places,PLACE_DETAILS,ChIJSbSAbIWLGGARr4URtFXRlWk,establishment;lodging;point_of_interest,False,CACHED
The Strings by InterContinental Tokyo,https://www.americanexpress.com/en-us/travel/discover/property/Japan/Tokyo/The-Strings-By-Intercontinental-Tokyo?intlink=US-travel-discover-property-results-propertyCard-The-Strings-By-Intercontinental-Tokyo,"Tokyo, Japan",THE HOTEL COLLECTION,IHG Hotels & Resorts,Program,35.6278741,139.74077,"2-16, F Shinagawa East One Tower, 32, ２丁目-26-1 港南 港区 東京都 108-8282, Japan",google_places,PLACE_DETAILS,ChIJn_YF4VqKGGAROenyMwD_ico,establishment;lodging;point_of_interest,False,CACHED
InterContinental Washington D.C. - The Wharf,https://www.americanexpress.com/en-us/travel/discover/property/District-of-Columbia-US/Washington/Intercontinental-Washington-Dc---The-Wharf?intlink=US-travel-discover-property-results-propertyCard-Intercontinental-Washington-Dc---The-Wharf,"Washington, District of Columbia US",THE HOTEL COLLECTION,IHG Hotels & Resorts,Program,38.8793442,-77.02497149999999,"801 Wharf St SW, Washington, DC 20024, USA",google_places,PLACE_DETAILS,ChIJzeVByHC3t4kRhpsSiau5uTw,establishment;food;lodging;point_of_interest;restaurant;spa,False,CACHED
"Yours Truly DC, Vignette Collection by IHG",https://www.americanexpress.com/en-us/travel/discover/property/District-of-Columbia-US/Washington/Yours-Truly-Dc-Vignette-Collection-By-Ihg?intlink=US-travel-discover-property-results-propertyCard-Yours-Truly-Dc-Vignette-Collection-By-Ihg,"Washington, District of Columbia US",THE HOTEL COLLECTION,IHG Hotels & Resorts,Program,38.9048095,-77.04758629999999,"1143 New Hampshire Ave NW, Washington, DC 20037, USA",google_places,PLACE_DETAILS,ChIJ13PA3123t4kRzeDA41CDqCI,establishment;lodging;point_of_interest,False,CACHED
Jumeirah Beach Hotel,https://www.americanexpress.com/en-us/travel/discover/property/United-Arab-Emirates/Dubai/Jumeirah-Beach-Hotel?intlink=US-travel-discover-property-results-propertyCard-Jumeirah-Beach-Hotel,"Dubai, United Arab Emirates",THE HOTEL COLLECTION,Jumeirah Hotels & Resorts,Program,25.1415843,55.19127770000001,Jumeira St - Umm Suqeim Third - Umm Suqeim 3 - Dubai - United Arab Emirates,google_places,PLACE_DETAILS,ChIJlbJpDVRqXz4RdilKOU6M90c,establishment;lodging;point_of_interest,False,CACHED
Jumeirah Mina Al Salam,https://www.americanexpress.com/en-us/travel/discover/property/United-Arab-Emirates/Dubai/Jumeirah-Mina-Al-Salam?intlink=US-travel-discover-property-results-propertyCard-Jumeirah-Mina-Al-Salam,"Dubai, United Arab Emirates",THE HOTEL COLLECTION,Jumeirah Hotels & Resorts,Program,25.135127,55.185968,45PP+39 - Jumeira St - Madinat Jumeirah - Umm Suqeim 3 - Dubai - United Arab Emirates,google_places,PLACE_DETAILS,ChIJORSp9gBCXz4RPBHkpF9_gtA,establishment;lodging;point_of_interest,False,CACHED
The Lowndes London,https://www.americanexpress.com/en-us/travel/discover/property/England/London/The-Lowndes-London?intlink=US-travel-discover-property-results-propertyCard-The-Lowndes-London,"London, England",THE HOTEL COLLECTION,Jumeirah Hotels & Resorts,Program,51.49933,-0.1577604,"21 Lowndes St, London SW1X 9ES, UK",google_places,PLACE_DETAILS,ChIJ0YvOBzwFdkgRS9vkRK2Vop0,establishment;lodging;point_of_interest,False,CACHED
"JW Marriott, Anaheim Resort",https://www.americanexpress.com/en-us/travel/discover/property/California-US/Anaheim/Jw-Marriott-Anaheim-Resort?intlink=US-travel-discover-property-results-propertyCard-Jw-Marriott-Anaheim-Resort,"Anaheim, California US",THE HOTEL COLLECTION,JW Marriott,Program,33.8043725,-117.9104409,"1775 S Clementine St, Anaheim, CA 92802, USA",google_places,PLACE_DETAILS,ChIJszIeG7LX3IARH-Sn48S-LhU,establishment;lodging;point_of_interest,False,CACHED
JW Marriott Hotel Bangkok,https://www.americanexpress.com/en-us/travel/discover/property/Thailand/Bangkok/Jw-Marriott-Hotel-Bangkok?intlink=US-travel-discover-property-results-propertyCard-Jw-Marriott-Hotel-Bangkok,"Bangkok, Thailand",THE HOTEL COLLECTION,JW Marriott,Program,13.7414841,100.5520936,"4 Sukhumvit Rd, Khwaeng Khlong Toei, Khet Khlong Toei, Krung Thep Maha Nakhon 10110, Thailand",google_places,PLACE_DETAILS,ChIJW3-qd-ae4jAR30PJVskg6Q0,establishment;lodging;point_of_interest,False,CACHED
JW Marriott Bengaluru Prestige Golfshire Resort and Spa,https://www.americanexpress.com/en-us/travel/discover/property/India/Bengaluru/Jw-Marriott-Bengaluru-Prestige-Golfshire-Resort-And-Spa?intlink=US-travel-discover-property-results-propertyCard-Jw-Marriott-Bengaluru-Prestige-Golfshire-Resort-And-Spa,"Bengaluru, India",THE HOTEL COLLECTION,JW Marriott,Program,13.3090165,77.6902861,"Nandi Hills Road Karahalli Post, Kundana Hobli, Taluk, Devanahalli, Bengaluru, Kodalagurki, Karnataka 562164, India",google_places,PLACE_DETAILS,ChIJBy8b5FzjsTsRe2tLnScUWqo,establishment;lodging;point_of_interest,False,CACHED
JW Marriott Cancun Resort & Spa,https://www.americanexpress.com/en-us/travel/discover/property/Quintana-Roo-MX/Cancún/Jw-Marriott-Cancun-Resort--Spa?intlink=US-travel-discover-property-results-propertyCard-Jw-Marriott-Cancun-Resort--Spa,"Cancún, Quintana Roo MX",THE HOTEL COLLECTION,JW Marriott,Program,21.088236,-86.7706319,"Km 14.5, Blvd. Kukulcan Lote 40-A, Zona Hotelera, 77500 Cancún, Q.R., Mexico",google_places,PLACE_DETAILS,ChIJ26Pc60coTI8RKMZMyVyZYt8,establishment;lodging;point_of_interest,False,CACHED
JW Marriott Cannes,https://www.americanexpress.com/en-us/travel/discover/property/France/Cannes/Jw-Marriott-Cannes?intlink=US-travel-discover-property-results-propertyCard-Jw-Marriott-Cannes,"Cannes, France",THE HOTEL COLLECTION,JW Marriott,Program,43.549942,7.0252895,"50 Bd de la Croisette, 06400 Cannes, France",google_places,PLACE_DETAILS,ChIJYeBM9JaBzhIRX5PUdKCmH_o,establishment;lodging;point_of_interest,False,CACHED
JW Marriott Dallas Arts District,https://www.americanexpress.com/en-us/travel/discover/property/Texas-US/Dallas/Jw-Marriott-Dallas-Arts-District?intlink=US-travel-discover-property-results-propertyCard-Jw-Marriott-Dallas-Arts-District,"Dallas, Texas US",THE HOTEL COLLECTION,JW Marriott,Program,32.7864698,-96.7980564,"800 N Harwood St, Dallas, TX 75201, USA",google_places,PLACE_DETAILS,ChIJ6V0h-V-ZToYRj4eV7K58AEQ,establishment;lodging;point_of_interest,False,CACHED
JW Marriott Hotel Frankfurt,https://www.americanexpress.com/en-us/travel/discover/property/Germany/Frankfurt/Jw-Marriott-Hotel-Frankfurt?intlink=US-travel-discover-property-results-propertyCard-Jw-Marriott-Hotel-Frankfurt,"Frankfurt, Germany",THE HOTEL COLLECTION,JW Marriott,Program,50.1153194,8.6803837,"Thurn-und-Taxis-Platz 2, 60313 Frankfurt am Main, Germany",google_places,PLACE_DETAILS,ChIJp5mUyq8OvUcRmPrugMFpyUM,establishment;lodging;point_of_interest,False,CACHED
JW Marriott Hanoi,https://www.americanexpress.com/en-us/travel/discover/property/Vietnam/Hanoi/Jw-Marriott-Hanoi?intlink=US-travel-discover-property-results-propertyCard-Jw-Marriott-Hanoi,"Hanoi, Vietnam",THE HOTEL COLLECTION,JW Marriott,Program,21.0069564,105.783168,"No 8 Do Duc Duc Road Tu Liem Ward, Từ Liêm, Hà Nội 100000, Vietnam",google_places,PLACE_DETAILS,ChIJMRpiu6ysNTERYNlM-EHSuQY,establishment;lodging;point_of_interest,False,CACHED
JW Marriott Hotel Hong Kong,https://www.americanexpress.com/en-us/travel/discover/property/China/Hong-Kong/Jw-Marriott-Hotel-Hong-Kong?intlink=US-travel-discover-property-results-propertyCard-Jw-Marriott-Hotel-Hong-Kong,"Hong Kong, China",THE HOTEL COLLECTION,JW Marriott,Program,22.277509,114.166341,"88 Queensway, Admiralty, Hong Kong",google_places,PLACE_DETAILS,ChIJMVx-sGcABDQRvPUO-7oodm8,establishment;lodging;point_of_interest,False,CACHED
JW Marriott Houston by the Galleria,https://www.americanexpress.com/en-us/travel/discover/property/Texas-US/Houston/Jw-Marriott-Houston-By-The-Galleria?intlink=US-travel-discover-property-results-propertyCard-Jw-Marriott-Houston-By-The-Galleria,"Houston, Texas US",THE HOTEL COLLECTION,JW Marriott,Program,29.7583321,-95.3640592,"806 Main St, Houston, TX 77002, USA",google_places,PLACE_DETAILS,ChIJ0Rh_Hju_QIYRaJoxeqETHd8,establishment;lodging;point_of_interest,False,CACHED
JW Marriott Houston Downtown,https://www.americanexpress.com/en-us/travel/discover/property/Texas-US/Houston/Jw-Marriott-Houston-Downtown?intlink=US-travel-discover-property-results-propertyCard-Jw-Marriott-Houston-Downtown,"Houston, Texas US",THE HOTEL COLLECTION,JW Marriott,Program,29.7583321,-95.3640592,"806 Main St, Houston, TX 77002, USA",google_places,PLACE_DETAILS,ChIJ0Rh_Hju_QIYRaJoxeqETHd8,establishment;lodging;point_of_interest,False,CACHED
JW Marriott Istanbul Bosphorus,https://www.americanexpress.com/en-us/travel/discover/property/Turkey/Istanbul/Jw-Marriott-Istanbul-Bosphorus?intlink=US-travel-discover-property-results-propertyCard-Jw-Marriott-Istanbul-Bosphorus,"Istanbul, Turkey",THE HOTEL COLLECTION,JW Marriott,Program,41.0241112,28.9792252,"Kemankeş Karamustafa Paşa, Kemankeş Cd. 49/8, 34425 Beyoğlu/İstanbul, Türkiye",google_places,PLACE_DETAILS,ChIJ2yS6mp-5yhQRQAqCu7M_-kU,establishment;lodging;point_of_interest,False,PLACES:JW Marriott Istanbul Bosphorus JW Marriott Hotel
JW Marriott Cam Ranh Bay Resort & Spa,https://www.americanexpress.com/en-us/travel/discover/property/Vietnam/Khanh-Hoa/Jw-Marriott-Cam-Ranh-Bay-Resort--Spa?intlink=US-travel-discover-property-results-propertyCard-Jw-Marriott-Cam-Ranh-Bay-Resort--Spa,"Khanh Hoa, Vietnam",THE HOTEL COLLECTION,JW Marriott,Program,12.0937532,109.1904073,"Lot No D4C, Cam Hải Đông, Cam Lâm, Khánh Hòa 57000, Vietnam",google_places,PLACE_DETAILS,ChIJ086newCLcDERwsGzUJ5QdJE,establishment;lodging;point_of_interest,False,CACHED
JW Marriott Las Vegas Resort & Spa,https://www.americanexpress.com/en-us/travel/discover/property/Nevada-US/Las-Vegas/Jw-Marriott-Las-Vegas-Resort--Spa?intlink=US-travel-discover-property-results-propertyCard-Jw-Marriott-Las-Vegas-Resort--Spa,"Las Vegas, Nevada US",THE HOTEL COLLECTION,JW Marriott,Program,36.1758508,-115.2911168,"221 N Rampart Blvd, Las Vegas, NV 89145, USA",google_places,PLACE_DETAILS,ChIJJ4gNeYy_yIAR0ggUAavcT3g,establishment;lodging;point_of_interest,False,CACHED
JW Marriott Lima,https://www.americanexpress.com/en-us/travel/discover/property/Peru/Lima/Jw-Marriott-Lima?intlink=US-travel-discover-property-results-propertyCard-Jw-Marriott-Lima,"Lima, Peru",THE HOTEL COLLECTION,JW Marriott,Program,-12.1315143,-77.0293086,"Mal. de la Reserva 615, Miraflores Lima 18, Peru",google_places,PLACE_DETAILS,ChIJkTBRyuG3BZERLsLxxiXydAk,establishment;lodging;point_of_interest,False,CACHED
JW Marriott Grosvenor House London,https://www.americanexpress.com/en-us/travel/discover/property/England/London/Jw-Marriott-Grosvenor-House-London?intlink=US-travel-discover-property-results-propertyCard-Jw-Marriott-Grosvenor-House-London,"London, England",THE HOTEL COLLECTION,JW Marriott,Program,51.509674,-0.1552706,"86-90 Park Ln, London W1K 7TN, UK",google_places,PLACE_DETAILS,ChIJZcFL1TMFdkgRZcciwfX0gr0,establishment;lodging;point_of_interest,False,CACHED
JW Marriott L.A. Live,https://www.americanexpress.com/en-us/travel/discover/property/California-US/Los-Angeles/Jw-Marriott-La-Live?intlink=US-travel-discover-property-results-propertyCard-Jw-Marriott-La-Live,"Los Angeles, California US",THE HOTEL COLLECTION,JW Marriott,Program,34.0452408,-118.2664713,"900 W Olympic Blvd, Los Angeles, CA 90015, USA",google_places,PLACE_DETAILS,ChIJj-D-ernHwoARkgbstU1Zt24,establishment;lodging;point_of_interest,False,CACHED
JW Marriott Hotel Madrid,https://www.americanexpress.com/en-us/travel/discover/property/Spain/Madrid/Jw-Marriott-Hotel-Madrid?intlink=US-travel-discover-property-results-propertyCard-Jw-Marriott-Hotel-Madrid,"Madrid, Spain",THE HOTEL COLLECTION,JW Marriott,Program,40.4168934,-3.7000976,"C. de Sevilla, 2, Centro, 28014 Madrid, Spain",google_places,PLACE_DETAILS,ChIJu3reIYEoQg0R03nKcrehefU,establishment;lodging;point_of_interest,False,CACHED
JW Marriott Nashville,https://www.americanexpress.com/en-us/travel/discover/property/Tennessee-US/Nashville/Jw-Marriott-Nashville?intlink=US-travel-discover-property-results-propertyCard-Jw-Marriott-Nashville,"Nashville, Tennessee US",THE HOTEL COLLECTION,JW Marriott,Program,36.1563362,-86.7810654,"201 8th Ave S, Nashville, TN 37203, USA",google_places,PLACE_DETAILS,ChIJUX-osHxnZIgRgSTKHNXInzg,establishment;lodging;point_of_interest,False,CACHED
JW Marriott New Orleans,https://www.americanexpress.com/en-us/travel/discover/property/Louisiana-US/New-Orleans/Jw-Marriott-New-Orleans?intlink=US-travel-discover-property-results-propertyCard-Jw-Marriott-New-Orleans,"New Orleans, Louisiana US",THE HOTEL COLLECTION,JW Marriott,Program,29.952226,-90.0690035,"614 Canal Street, Driveway Entrance on, 611 Common St, New Orleans, LA 70130, USA",google_places,PLACE_DETAILS,ChIJBUx76wymIIYR4PtoDtyLFnM,establishment;lodging;point_of_interest,False,CACHED
JW Marriott Essex House New York,https://www.americanexpress.com/en-us/travel/discover/property/New-York-US/New-York/Jw-Marriott-Essex-House-New-York?intlink=US-travel-discover-property-results-propertyCard-Jw-Marriott-Essex-House-New-York,"New York, New York US",THE HOTEL COLLECTION,JW Marriott,Program,40.7662802,-73.9785674,"160 Central Park S, New York, NY 10019, USA",google_places,PLACE_DETAILS,ChIJtVazIfdYwokRgdtzmjoI1zQ,establishment;lodging;point_of_interest,False,CACHED
"JW Marriott Orlando, Grande Lakes",https://www.americanexpress.com/en-us/travel/discover/property/Florida-US/Orlando/Jw-Marriott-Orlando-Grande-Lakes?intlink=US-travel-discover-property-results-propertyCard-Jw-Marriott-Orlando-Grande-Lakes,"Orlando, Florida US",THE HOTEL COLLECTION,JW Marriott,Program,28.4014678,-81.4282207,"4040 Central Florida Pkwy, Orlando, FL 32837, USA",google_places,PLACE_DETAILS,ChIJM-UaXgd-54gRiDCPgtQfUYM,establishment;lodging;point_of_interest,False,CACHED
JW Marriott Desert Springs Resort & Spa,https://www.americanexpress.com/en-us/travel/discover/property/California-US/Palm-Desert/Jw-Marriott-Desert-Springs-Resort--Spa?intlink=US-travel-discover-property-results-propertyCard-Jw-Marriott-Desert-Springs-Resort--Spa,"Palm Desert, California US",THE HOTEL COLLECTION,JW Marriott,Program,33.7554221,-116.3618692,"74-855 Country Club Dr, Palm Desert, CA 92260, USA",google_places,PLACE_DETAILS,ChIJhR2MRUj82oARTC5ru7idjlg,establishment;lodging;point_of_interest,False,CACHED
JW Marriott Phoenix Desert Ridge Resort and Spa,https://www.americanexpress.com/en-us/travel/discover/property/Arizona-US/Phoenix/Jw-Marriott-Phoenix-Desert-Ridge-Resort-And-Spa?intlink=US-travel-discover-property-results-propertyCard-Jw-Marriott-Phoenix-Desert-Ridge-Resort-And-Spa,"Phoenix, Arizona US",THE HOTEL COLLECTION,JW Marriott,Program,33.6832866,-111.9663192,"5350 E Marriott Dr, Phoenix, AZ 85054, USA",google_places,PLACE_DETAILS,ChIJ9XGvpMtwK4cRV9iXglsPFmk,establishment;lodging;point_of_interest,False,CACHED
"JW Marriott Phuket, Resort & Spa",https://www.americanexpress.com/en-us/travel/discover/property/Thailand/Phuket/Jw-Marriott-Phuket-Resort--Spa?intlink=US-travel-discover-property-results-propertyCard-Jw-Marriott-Phuket-Resort--Spa,"Phuket, Thailand",THE HOTEL COLLECTION,JW Marriott,Program,8.166333,98.295344,"231, Tambon Mai Khao, Amphoe Thalang, Chang Wat Phuket 83110, Thailand",google_places,PLACE_DETAILS,ChIJ607eaBpGUDARSGU3EpMVS0Q,establishment;lodging;point_of_interest,False,CACHED
JW Marriott San Antonio Hill Country Resort & Spa,https://www.americanexpress.com/en-us/travel/discover/property/Texas-US/San-Antonio/Jw-Marriott-San-Antonio-Hill-Country-Resort--Spa?intlink=US-travel-discover-property-results-propertyCard-Jw-Marriott-San-Antonio-Hill-Country-Resort--Spa,"San Antonio, Texas US",THE HOTEL COLLECTION,JW Marriott,Program,29.6663753,-98.4008875,"23808 Resort Pkwy, San Antonio, TX 78261, USA",google_places,PLACE_DETAILS,ChIJCSJ-DNSIXIYRg1iKmBOCzDA,establishment;lodging;point_of_interest,False,CACHED
JW Marriott San Francisco Union Square,https://www.americanexpress.com/en-us/travel/discover/property/California-US/San-Francisco/Jw-Marriott-San-Francisco-Union-Square?intlink=US-travel-discover-property-results-propertyCard-Jw-Marriott-San-Francisco-Union-Square,"San Francisco, California US",THE HOTEL COLLECTION,JW Marriott,Program,37.7883189,-122.4104901,"515 Mason St, San Francisco, CA 94102, USA",google_places,PLACE_DETAILS,ChIJrbjkZo6AhYARZpLDu1Jr2A8,establishment;lodging;point_of_interest,False,CACHED
JW Marriott Los Cabos Beach Resort & Spa,https://www.americanexpress.com/en-us/travel/discover/property/Baja-California-Sur-MX/San-Jose-del-Cabo/Jw-Marriott-Los-Cabos-Beach-Resort--Spa?intlink=US-travel-discover-property-results-propertyCard-Jw-Marriott-Los-Cabos-Beach-Resort--Spa,"San Jose del Cabo, Baja California Sur MX",THE HOTEL COLLECTION,JW Marriott,Program,23.0659401,-109.6554218,"Fraccion Hotelera Fh5-C1 Subdelegacion De La Playita, Puerto, 23403 San José del Cabo, B.C.S., Mexico",google_places,PLACE_DETAILS,ChIJAYTON1ZXr4YR5aKaR50js9M,establishment;lodging;point_of_interest,False,CACHED
JW Marriott Savannah Plant Riverside District,https://www.americanexpress.com/en-us/travel/discover/property/Georgia-US/Savannah/Jw-Marriott-Savannah-Plant-Riverside-District?intlink=US-travel-discover-property-results-propertyCard-Jw-Marriott-Savannah-Plant-Riverside-District,"Savannah, Georgia US",THE HOTEL COLLECTION,JW Marriott,Program,32.0833613,-81.0953474,"500 W River St, Savannah, GA 31401, USA",google_places,PLACE_DETAILS,ChIJWRlk2WCe-4gRYylHOb7Zczk,establishment;lodging;point_of_interest,False,CACHED
JW Marriott Scottsdale Camelback Inn Resort & Spa,https://www.americanexpress.com/en-us/travel/discover/property/Arizona-US/Scottsdale/Jw-Marriott-Scottsdale-Camelback-Inn-Resort--Spa?intlink=US-travel-discover-property-results-propertyCard-Jw-Marriott-Scottsdale-Camelback-Inn-Resort--Spa,"Scottsdale, Arizona US",THE HOTEL COLLECTION,JW Marriott,Program,33.5329326,-111.9642137,"5402 E Lincoln Dr, Scottsdale, AZ 85253, USA",google_places,PLACE_DETAILS,ChIJi2hRWbsMK4cRvgL5oEol20s,establishment;lodging;point_of_interest,False,CACHED
JW Marriott Hotel Seoul,https://www.americanexpress.com/en-us/travel/discover/property/South-Korea/Seoul/Jw-Marriott-Hotel-Seoul?intlink=US-travel-discover-property-results-propertyCard-Jw-Marriott-Hotel-Seoul,"Seoul, South Korea",THE HOTEL COLLECTION,JW Marriott,Program,37.5039018,127.0047481,"176 Sinbanpo-ro, Seocho District, Seoul, South Korea",google_places,PLACE_DETAILS,ChIJL1X9rHuhfDUR8egAvHo1-7A,establishment;lodging;point_of_interest,False,CACHED
JW Marriott Khao Lak Resort & Spa,https://www.americanexpress.com/en-us/travel/discover/property/Thailand/Takuapa/Jw-Marriott-Khao-Lak-Resort--Spa?intlink=US-travel-discover-property-results-propertyCard-Jw-Marriott-Khao-Lak-Resort--Spa,"Takuapa, Thailand",THE HOTEL COLLECTION,JW Marriott,Program,8.7016421,98.2405343,"41/12 Moo 3 Khuk Khak, Khao Lak, อำเภอตะกั่วป่า พังงา 82220, Thailand",google_places,PLACE_DETAILS,ChIJ5dIlcHXpUDAR1vOwPuNM2Jk,establishment;lodging;point_of_interest,False,CACHED
JW Marriott Guanacaste,https://www.americanexpress.com/en-us/travel/discover/property/Costa-Rica/Tamarindo/Jw-Marriott-Guanacaste?intlink=US-travel-discover-property-results-propertyCard-Jw-Marriott-Guanacaste,"Tamarindo, Costa Rica",THE HOTEL COLLECTION,JW Marriott,Program,10.2461403,-85.84576849999999,"Hacienda Pinilla, Provincia de Guanacaste, Guanacaste, 50309, Costa Rica",google_places,PLACE_DETAILS,ChIJk7zYLfg4no8R87Ye6FwAA9Q,establishment;lodging;point_of_interest,False,CACHED
JW Marriott Tampa Water Street,https://www.americanexpress.com/en-us/travel/discover/property/Florida-US/Tampa/Jw-Marriott-Tampa-Water-Street?intlink=US-travel-discover-property-results-propertyCard-Jw-Marriott-Tampa-Water-Street,"Tampa, Florida US",THE HOTEL COLLECTION,JW Marriott,Program,42.9659027,-85.67387169999999,"235 Louis St NW, Grand Rapids, MI 49503, USA",google_places,PLACE_DETAILS,ChIJCWnDMMWtGYgRt79DZX9NPUg,establishment;lodging;point_of_interest,False,CACHED
JW Marriott Hotel Tokyo,https://www.americanexpress.com/en-us/travel/discover/property/Japan/Tokyo/Jw-Marriott-Hotel-Tokyo?intlink=US-travel-discover-property-results-propertyCard-Jw-Marriott-Hotel-Tokyo,"Tokyo, Japan",THE HOTEL COLLECTION,JW Marriott,Program,35.6347309,139.7393849,"2-chōme-21-2 Takanawa, Minato City, Tokyo 108-0074, Japan",google_places,PLACE_DETAILS,ChIJMxOJOACLGGARp-vkqIaixL8,establishment;lodging;point_of_interest,False,CACHED
Kempinski Corvinus Budapest,https://www.americanexpress.com/en-us/travel/discover/property/Hungary/Budapest/Kempinski-Corvinus-Budapest?intlink=US-travel-discover-property-results-propertyCard-Kempinski-Corvinus-Budapest,"Budapest, Hungary",THE HOTEL COLLECTION,Kempinski Hotels,Program,47.497422,19.0522362,"Budapest, Erzsébet tér 7-8, 1051 Hungary",google_places,PLACE_DETAILS,ChIJS3lyakDcQUcRhHOxez3aqUA,bar;establishment;food;lodging;point_of_interest;restaurant;spa;store,False,CACHED
Kimpton Atlantico Algarve,https://www.americanexpress.com/en-us/travel/discover/property/Portugal/Albufeira/Kimpton-Atlantico-Algarve?intlink=US-travel-discover-property-results-propertyCard-Kimpton-Atlantico-Algarve,"Albufeira, Portugal",THE HOTEL COLLECTION,Kimpton Hotels & Restaurants,Program,37.077708,-8.281442799999999,"R. dos Corais, 8200-613 Albufeira, Portugal",google_places,PLACE_DETAILS,ChIJdRnZ48LNGg0R7-qktXgykfQ,establishment;lodging;point_of_interest,False,CACHED
Kimpton DeWitt Amsterdam,https://www.americanexpress.com/en-us/travel/discover/property/Netherlands/Amsterdam/Kimpton-Dewitt-Amsterdam?intlink=US-travel-discover-property-results-propertyCard-Kimpton-Dewitt-Amsterdam,"Amsterdam, Netherlands",THE HOTEL COLLECTION,Kimpton Hotels & Restaurants,Program,52.377196,4.895544,"Nieuwezijds Voorburgwal 5, 1012 RC Amsterdam, Netherlands",google_places,PLACE_DETAILS,ChIJGVvdB8gJxkcRA-vEwJgPdoU,establishment;lodging;point_of_interest,False,CACHED
Kimpton Shane Atlanta Midtown,https://www.americanexpress.com/en-us/travel/discover/property/Georgia-US/Atlanta/Kimpton-Shane-Atlanta-Midtown?intlink=US-travel-discover-property-results-propertyCard-Kimpton-Shane-Atlanta-Midtown,"Atlanta, Georgia US",THE HOTEL COLLECTION,Kimpton Hotels & Restaurants,Program,33.7908932,-84.38810819999999,"1340 W Peachtree St NW, Atlanta, GA 30309, USA",google_places,PLACE_DETAILS,ChIJ9wbAImAF9YgRx1GiAIroYPY,establishment;lodging;point_of_interest,False,CACHED
Kimpton Sylvan Hotel,https://www.americanexpress.com/en-us/travel/discover/property/Georgia-US/Atlanta/Kimpton-Sylvan-Hotel?intlink=US-travel-discover-property-results-propertyCard-Kimpton-Sylvan-Hotel,"Atlanta, Georgia US",THE HOTEL COLLECTION,Kimpton Hotels & Restaurants,Program,33.8392893,-84.3750024,"374 East Paces Ferry Rd NE, Atlanta, GA 30305, USA",google_places,PLACE_DETAILS,ChIJoaMTT-0F9YgRyFErUFKVwDU,establishment;lodging;point_of_interest,False,CACHED
Kimpton Vividora Barcelona,https://www.americanexpress.com/en-us/travel/discover/property/Spain/Barcelona/Kimpton-Vividora-Barcelona?intlink=US-travel-discover-property-results-propertyCard-Kimpton-Vividora-Barcelona,"Barcelona, Spain",THE HOTEL COLLECTION,Kimpton Hotels & Restaurants,Program,41.3846614,2.1728778,"Carrer del Duc, 15, Ciutat Vella, 08002 Barcelona, Spain",google_places,PLACE_DETAILS,ChIJGSe0PfeipBIR-sKI4VVSrSI,establishment;lodging;point_of_interest,False,CACHED
Kimpton Armory Hotel,https://www.americanexpress.com/en-us/travel/discover/property/Montana-US/Bozeman/Kimpton-Armory-Hotel?intlink=US-travel-discover-property-results-propertyCard-Kimpton-Armory-Hotel,"Bozeman, Montana US",THE HOTEL COLLECTION,Kimpton Hotels & Restaurants,Program,45.6800443,-111.038017,"24 W Mendenhall St, Bozeman, MT 59715, USA",google_places,PLACE_DETAILS,ChIJOTxWHKBFRVMRdbWGjihRu80,establishment;lodging;point_of_interest,False,CACHED
Kimpton BEM Budapest,https://www.americanexpress.com/en-us/travel/discover/property/Hungary/Budapest/Kimpton-Bem-Budapest?intlink=US-travel-discover-property-results-propertyCard-Kimpton-Bem-Budapest,"Budapest, Hungary",THE HOTEL COLLECTION,Kimpton Hotels & Restaurants,Program,47.51206310000001,19.0379298,"Budapest, Bem József tér 3, 1027 Hungary",google_places,PLACE_DETAILS,ChIJO3fFApbdQUcRmQCT-b90YEY,bar;establishment;food;lodging;point_of_interest;restaurant,False,CACHED
Kimpton Marlowe Hotel,https://www.americanexpress.com/en-us/travel/discover/property/Massachusetts-US/Cambridge/Kimpton-Marlowe-Hotel?intlink=US-travel-discover-property-results-propertyCard-Kimpton-Marlowe-Hotel,"Cambridge, Massachusetts US",THE HOTEL COLLECTION,Kimpton Hotels & Restaurants,Program,42.3678671,-71.0749374,"25 Edwin H Land Blvd, Cambridge, MA 02141, USA",google_places,PLACE_DETAILS,ChIJ9Q-Gzml344kR0AyGrPPMqX0,establishment;lodging;point_of_interest,False,CACHED
Kimpton Tryon Park Hotel,https://www.americanexpress.com/en-us/travel/discover/property/North-Carolina-US/Charlotte/Kimpton-Tryon-Park-Hotel?intlink=US-travel-discover-property-results-propertyCard-Kimpton-Tryon-Park-Hotel,"Charlotte, North Carolina US",THE HOTEL COLLECTION,Kimpton Hotels & Restaurants,Program,35.22624,-80.84652899999999,"303 S Church St, Charlotte, NC 28202, USA",google_places,PLACE_DETAILS,ChIJjVB05C6gVogRbyhmQaKI3hg,establishment;food;lodging;point_of_interest;restaurant,False,CACHED
Kimpton The Forum Hotel,https://www.americanexpress.com/en-us/travel/discover/property/Virginia-US/Charlottesville/Kimpton-The-Forum-Hotel?intlink=US-travel-discover-property-results-propertyCard-Kimpton-The-Forum-Hotel,"Charlottesville, Virginia US",THE HOTEL COLLECTION,Kimpton Hotels & Restaurants,Program,38.052231,-78.511506,"540 Massie Rd, Charlottesville, VA 22903, USA",google_places,PLACE_DETAILS,ChIJDwY4eK6Hs4kRm-DSDEBzrp4,establishment;lodging;point_of_interest,False,CACHED
Kimpton Gray Hotel,https://www.americanexpress.com/en-us/travel/discover/property/Illinois-US/Chicago/Kimpton-Gray-Hotel?intlink=US-travel-discover-property-results-propertyCard-Kimpton-Gray-Hotel,"Chicago, Illinois US",THE HOTEL COLLECTION,Kimpton Hotels & Restaurants,Program,41.8807674,-87.631813,"122 W Monroe St, Chicago, IL 60603, USA",google_places,PLACE_DETAILS,ChIJtxb-jrssDogRubDS-V9pyWQ,establishment;lodging;point_of_interest,False,CACHED
Kimpton Schofield Hotel,https://www.americanexpress.com/en-us/travel/discover/property/Ohio-US/Cleveland/Kimpton-Schofield-Hotel?intlink=US-travel-discover-property-results-propertyCard-Kimpton-Schofield-Hotel,"Cleveland, Ohio US",THE HOTEL COLLECTION,Kimpton Hotels & Restaurants,Program,41.4996117,-81.68673609999999,"2000 E 9th St, Cleveland, OH 44115, USA",google_places,PLACE_DETAILS,ChIJowjHoID6MIgRYkqUBQC5bmk,establishment;lodging;point_of_interest,False,CACHED
The Kimpton Pittman Hotel,https://www.americanexpress.com/en-us/travel/discover/property/Texas-US/Dallas/The-Kimpton-Pittman-Hotel?intlink=US-travel-discover-property-results-propertyCard-The-Kimpton-Pittman-Hotel,"Dallas, Texas US",THE HOTEL COLLECTION,Kimpton Hotels & Restaurants,Program,32.7844615,-96.7873115,"2551 Elm St, Dallas, TX 75226, USA",google_places,PLACE_DETAILS,ChIJH9lUwqeZToYR9quEPWAemVg,establishment;lodging;point_of_interest,False,CACHED
Kimpton Claret Hotel,https://www.americanexpress.com/en-us/travel/discover/property/Colorado-US/Denver/Kimpton-Claret-Hotel?intlink=US-travel-discover-property-results-propertyCard-Kimpton-Claret-Hotel,"Denver, Colorado US",THE HOTEL COLLECTION,Kimpton Hotels & Restaurants,Program,39.6257018,-104.905627,"6985 E Chenango Ave, Denver, CO 80237, USA",google_places,PLACE_DETAILS,ChIJ61ln2U-HbIcR6K-Y7LaeiL0,establishment;lodging;point_of_interest,False,CACHED
Kimpton Hotel Monaco Denver,https://www.americanexpress.com/en-us/travel/discover/property/Colorado-US/Denver/Kimpton-Hotel-Monaco-Denver?intlink=US-travel-discover-property-results-propertyCard-Kimpton-Hotel-Monaco-Denver,"Denver, Colorado US",THE HOTEL COLLECTION,Kimpton Hotels & Restaurants,Program,39.7478609,-104.9926254,"1717 Champa St, Denver, CO 80202, USA",google_places,PLACE_DETAILS,ChIJ6_4_Cdp4bIcRo3pkxV1T3KQ,establishment;lodging;point_of_interest;spa,False,CACHED
Kimpton Mas Olas Resort And Spa,https://www.americanexpress.com/en-us/travel/discover/property/Baja-California-Sur-MX/El-Pescadero/Kimpton-Mas-Olas-Resort-And-Spa?intlink=US-travel-discover-property-results-propertyCard-Kimpton-Mas-Olas-Resort-And-Spa,"El Pescadero, Baja California Sur MX",THE HOTEL COLLECTION,Kimpton Hotels & Restaurants,Program,23.35958,-110.19285,"Camino Sin Nombre Lote 545, 23310 El Pescadero, B.C.S., Mexico",google_places,PLACE_DETAILS,ChIJj7gPWGX-0YUR6Z76Efbn-Oo,establishment;lodging;point_of_interest;spa,False,CACHED
Kimpton Harper,https://www.americanexpress.com/en-us/travel/discover/property/Texas-US/Fort-Worth/Kimpton-Harper?intlink=US-travel-discover-property-results-propertyCard-Kimpton-Harper,"Fort Worth, Texas US",THE HOTEL COLLECTION,Kimpton Hotels & Restaurants,Program,32.7528367,-97.3302992,"714 Main St, Fort Worth, TX 76102, USA",google_places,PLACE_DETAILS,ChIJPdnnCEBxToYR7ahMp6v8OEM,establishment;lodging;point_of_interest,False,CACHED
Kimpton Main Frankfurt,https://www.americanexpress.com/en-us/travel/discover/property/Germany/Frankfurt-am-Main/Kimpton-Main-Frankfurt?intlink=US-travel-discover-property-results-propertyCard-Kimpton-Main-Frankfurt,"Frankfurt am Main, Germany",THE HOTEL COLLECTION,Kimpton Hotels & Restaurants,Program,50.112689,8.6744221,"Junghofstraße 7, 60315 Frankfurt am Main, Germany",google_places,PLACE_DETAILS,ChIJwwV8u-kPvUcRgqSBTc-tabw,establishment;lodging;point_of_interest,False,CACHED
Kimpton Blythswood Square Hotel and Spa,https://www.americanexpress.com/en-us/travel/discover/property/Scotland/Glasgow/Kimpton-Blythswood-Square-Hotel-And-Spa?intlink=US-travel-discover-property-results-propertyCard-Kimpton-Blythswood-Square-Hotel-And-Spa,"Glasgow, Scotland",THE HOTEL COLLECTION,Kimpton Hotels & Restaurants,Program,55.8634196,-4.2620373,"11 Blythswood Square, Glasgow G2 4AD, UK",google_places,PLACE_DETAILS,ChIJYfAqCCdEiEgR6GjULmxuqEg,establishment;food;lodging;point_of_interest;restaurant;spa,False,CACHED
Kimpton Tsim Sha Tsui Hong Kong,https://www.americanexpress.com/en-us/travel/discover/property/China/Hong-Kong/Kimpton-Tsim-Sha-Tsui-Hong-Kong?intlink=US-travel-discover-property-results-propertyCard-Kimpton-Tsim-Sha-Tsui-Hong-Kong,"Hong Kong, China",THE HOTEL COLLECTION,Kimpton Hotels & Restaurants,Program,22.2957628,114.1737312,"11 Middle Rd, Tsim Sha Tsui, Hong Kong",google_places,PLACE_DETAILS,ChIJoapdqMYBBDQRkGK50zj_Jko,establishment;lodging;point_of_interest,False,CACHED
Kimpton Shorebreak Resort,https://www.americanexpress.com/en-us/travel/discover/property/California-US/Huntington-Beach/Kimpton-Shorebreak-Resort?intlink=US-travel-discover-property-results-propertyCard-Kimpton-Shorebreak-Resort,"Huntington Beach, California US",THE HOTEL COLLECTION,Kimpton Hotels & Restaurants,Program,33.6579992,-118.0028981,"500 Pacific Coast Hwy, Huntington Beach, CA 92648, USA",google_places,PLACE_DETAILS,ChIJ3etRt0Mh3YARh_oREjrw1Xc,establishment;lodging;point_of_interest,False,CACHED
Palomar Los Angeles Kimpton Hotel,https://www.americanexpress.com/en-us/travel/discover/property/California-US/Los-Angeles/Palomar-Los-Angeles-Kimpton-Hotel?intlink=US-travel-discover-property-results-propertyCard-Palomar-Los-Angeles-Kimpton-Hotel,"Los Angeles, California US",THE HOTEL COLLECTION,Kimpton Hotels & Restaurants,Program,34.0602295,-118.4374393,"10740 Wilshire Blvd, Los Angeles, CA 90024, USA",google_places,PLACE_DETAILS,ChIJ1wQRiH-8woARMa28iOAJQiM,establishment;lodging;point_of_interest,False,CACHED
Kimpton Taconic Hotel,https://www.americanexpress.com/en-us/travel/discover/property/Vermont-US/Manchester-Village/Kimpton-Taconic-Hotel?intlink=US-travel-discover-property-results-propertyCard-Kimpton-Taconic-Hotel,"Manchester Village, Vermont US",THE HOTEL COLLECTION,Kimpton Hotels & Restaurants,Program,43.1656725,-73.0705682,"3835 Main St, Manchester, VT 05254, USA",google_places,PLACE_DETAILS,ChIJ4YipDMxf4IkRxGXyixfPqVw,establishment;lodging;point_of_interest,False,CACHED
Kimpton Clocktower Hotel,https://www.americanexpress.com/en-us/travel/discover/property/England/Manchester/Kimpton-Clocktower-Hotel?intlink=US-travel-discover-property-results-propertyCard-Kimpton-Clocktower-Hotel,"Manchester, England",THE HOTEL COLLECTION,Kimpton Hotels & Restaurants,Program,53.4743182,-2.2403695,"Kimpton Clocktower Hotel, Oxford St, Manchester M60 7HA, UK",google_places,PLACE_DETAILS,ChIJ0-uSBuuxe0gR0HlIHAlilAw,bar;establishment;lodging;point_of_interest,False,CACHED
Kimpton Virgilio Mexico City,https://www.americanexpress.com/en-us/travel/discover/property/Mexico-City-MX/Mexico-City/Kimpton-Virgilio-Mexico-City?intlink=US-travel-discover-property-results-propertyCard-Kimpton-Virgilio-Mexico-City,"Mexico City, Mexico City MX",THE HOTEL COLLECTION,Kimpton Hotels & Restaurants,Program,19.4307845,-99.1976061,"Anatole France 79, Polanco, Polanco III Secc, Miguel Hidalgo, 11540 Ciudad de México, CDMX, Mexico",google_places,PLACE_DETAILS,ChIJgeP6lvED0oURIDVITp_z084,establishment;lodging;point_of_interest,False,CACHED
Kimpton Surfcomber,https://www.americanexpress.com/en-us/travel/discover/property/Florida-US/Miami-Beach/Kimpton-Surfcomber?intlink=US-travel-discover-property-results-propertyCard-Kimpton-Surfcomber,"Miami Beach, Florida US",THE HOTEL COLLECTION,Kimpton Hotels & Restaurants,Program,25.7928502,-80.1293924,"1717 Collins Ave, Miami Beach, FL 33139, USA",google_places,PLACE_DETAILS,ChIJqVoHd5u02YgREY2u2yRDZWM,establishment;lodging;point_of_interest,False,CACHED
Kimpton EPIC Miami,https://www.americanexpress.com/en-us/travel/discover/property/Florida-US/Miami/Kimpton-Epic-Miami?intlink=US-travel-discover-property-results-propertyCard-Kimpton-Epic-Miami,"Miami, Florida US",THE HOTEL COLLECTION,Kimpton Hotels & Restaurants,Program,25.7705215,-80.18933919999999,"270 Biscayne Blvd Way, Miami, FL 33131, USA",google_places,PLACE_DETAILS,ChIJlWF1Gp222YgRkg_v_MAt_Sc,establishment;lodging;point_of_interest,False,CACHED
Kimpton Journeyman Hotel,https://www.americanexpress.com/en-us/travel/discover/property/Wisconsin-US/Milwaukee/Kimpton-Journeyman-Hotel?intlink=US-travel-discover-property-results-propertyCard-Kimpton-Journeyman-Hotel,"Milwaukee, Wisconsin US",THE HOTEL COLLECTION,Kimpton Hotels & Restaurants,Program,43.0328018,-87.9067168,"310 E Chicago St, Milwaukee, WI 53202, USA",google_places,PLACE_DETAILS,ChIJqeeoTaQZBYgRAy6v4ocLFmk,establishment;food;lodging;point_of_interest;restaurant,False,CACHED
Kimpton Aertson Hotel,https://www.americanexpress.com/en-us/travel/discover/property/Tennessee-US/Nashville/Kimpton-Aertson-Hotel?intlink=US-travel-discover-property-results-propertyCard-Kimpton-Aertson-Hotel,"Nashville, Tennessee US",THE HOTEL COLLECTION,Kimpton Hotels & Restaurants,Program,36.1485666,-86.7986591,"2021 Broadway, Nashville, TN 37203, USA",google_places,PLACE_DETAILS,ChIJyUce8pZmZIgRZcZ1XbaxB00,establishment;lodging;point_of_interest,False,CACHED
Kimpton Hotel Fontenot,https://www.americanexpress.com/en-us/travel/discover/property/Louisiana-US/New-Orleans/Kimpton-Hotel-Fontenot?intlink=US-travel-discover-property-results-propertyCard-Kimpton-Hotel-Fontenot,"New Orleans, Louisiana US",THE HOTEL COLLECTION,Kimpton Hotels & Restaurants,Program,29.9485409,-90.0673398,"501 Tchoupitoulas St, New Orleans, LA 70130, USA",google_places,PLACE_DETAILS,ChIJw_uSLpSnIIYR1Fa4jpe3Myo,establishment;lodging;point_of_interest,False,CACHED
Kimpton Hotel Eventi,https://www.americanexpress.com/en-us/travel/discover/property/New-York-US/New-York/Kimpton-Hotel-Eventi?intlink=US-travel-discover-property-results-propertyCard-Kimpton-Hotel-Eventi,"New York, New York US",THE HOTEL COLLECTION,Kimpton Hotels & Restaurants,Program,40.7470222,-73.9900333,"851 6th Ave, New York, NY 10001, USA",google_places,PLACE_DETAILS,ChIJ_U_NR69ZwokRkOaA92AjJ4U,establishment;food;lodging;point_of_interest;restaurant,False,CACHED
Kimpton Theta New York - Times Square,https://www.americanexpress.com/en-us/travel/discover/property/New-York-US/New-York/Kimpton-Theta-New-York---Times-Square?intlink=US-travel-discover-property-results-propertyCard-Kimpton-Theta-New-York---Times-Square,"New York, New York US",THE HOTEL COLLECTION,Kimpton Hotels & Restaurants,Program,40.76136899999999,-73.9864794,"790 8th Ave, New York, NY 10019, USA",google_places,PLACE_DETAILS,ChIJF7SBgaJZwokR3zna0VgcbHI,establishment;lodging;point_of_interest,False,CACHED
Kimpton Mirador Pacific Grove,https://www.americanexpress.com/en-us/travel/discover/property/California-US/Pacific-Grove/Kimpton-Mirador-Pacific-Grove?intlink=US-travel-discover-property-results-propertyCard-Kimpton-Mirador-Pacific-Grove,"Pacific Grove, California US",THE HOTEL COLLECTION,Kimpton Hotels & Restaurants,Program,36.6218128,-121.9165031,"150 Fountain Ave, Pacific Grove, CA 93950, USA",google_places,PLACE_DETAILS,ChIJaXhe9U7hjYAR0ZKrs-ltrqw,establishment;lodging;point_of_interest,False,CACHED
Kimpton Rowan Palm Springs Hotel,https://www.americanexpress.com/en-us/travel/discover/property/California-US/Palm-Springs/Kimpton-Rowan-Palm-Springs-Hotel?intlink=US-travel-discover-property-results-propertyCard-Kimpton-Rowan-Palm-Springs-Hotel,"Palm Springs, California US",THE HOTEL COLLECTION,Kimpton Hotels & Restaurants,Program,33.8232822,-116.5476896,"100 W Tahquitz Canyon Way, Palm Springs, CA 92262, USA",google_places,PLACE_DETAILS,ChIJh9y8oKUb24ARwReRcIVfaE8,establishment;lodging;point_of_interest,False,CACHED
Kimpton Hotel Monaco Philadelphia,https://www.americanexpress.com/en-us/travel/discover/property/Pennsylvania-US/Philadelphia/Kimpton-Hotel-Monaco-Philadelphia?intlink=US-travel-discover-property-results-propertyCard-Kimpton-Hotel-Monaco-Philadelphia,"Philadelphia, Pennsylvania US",THE HOTEL COLLECTION,Kimpton Hotels & Restaurants,Program,39.9491415,-75.1488833,"433 Chestnut St, Philadelphia, PA 19106, USA",google_places,PLACE_DETAILS,ChIJN5P3moTIxokREvdtKFMo3Sk,establishment;lodging;point_of_interest,False,CACHED
Kimpton Hotel Palomar Phoenix,https://www.americanexpress.com/en-us/travel/discover/property/Arizona-US/Phoenix/Kimpton-Hotel-Palomar-Phoenix?intlink=US-travel-discover-property-results-propertyCard-Kimpton-Hotel-Palomar-Phoenix,"Phoenix, Arizona US",THE HOTEL COLLECTION,Kimpton Hotels & Restaurants,Program,33.447393,-112.073269,"2 E Jefferson St, Phoenix, AZ 85004, USA",google_places,PLACE_DETAILS,ChIJHVv2ryESK4cRd4AGmCWnl4g,establishment;lodging;point_of_interest,False,CACHED
Kimpton Hotel Monaco Pittsburgh,https://www.americanexpress.com/en-us/travel/discover/property/Pennsylvania-US/Pittsburgh/Kimpton-Hotel-Monaco-Pittsburgh?intlink=US-travel-discover-property-results-propertyCard-Kimpton-Hotel-Monaco-Pittsburgh,"Pittsburgh, Pennsylvania US",THE HOTEL COLLECTION,Kimpton Hotels & Restaurants,Program,40.4414152,-79.9963274,"620 William Penn Pl, Pittsburgh, PA 15219, USA",google_places,PLACE_DETAILS,ChIJlbtRylnxNIgRitsCzVjBaAg,establishment;lodging;point_of_interest,False,CACHED
Kimpton Hotel Vintage Portland,https://www.americanexpress.com/en-us/travel/discover/property/Oregon-US/Portland/Kimpton-Hotel-Vintage-Portland?intlink=US-travel-discover-property-results-propertyCard-Kimpton-Hotel-Vintage-Portland,"Portland, Oregon US",THE HOTEL COLLECTION,Kimpton Hotels & Restaurants,Program,45.5207857,-122.6785139,"422 SW Broadway, Portland, OR 97205, USA",google_places,PLACE_DETAILS,ChIJRWPybAQKlVQR5n-bbuHT3FM,establishment;lodging;point_of_interest,False,CACHED
Kimpton Sawyer Hotel,https://www.americanexpress.com/en-us/travel/discover/property/California-US/Sacramento/Kimpton-Sawyer-Hotel?intlink=US-travel-discover-property-results-propertyCard-Kimpton-Sawyer-Hotel,"Sacramento, California US",THE HOTEL COLLECTION,Kimpton Hotels & Restaurants,Program,38.5816844,-121.4994812,"500 J St, Sacramento, CA 95814, USA",google_places,PLACE_DETAILS,ChIJbXhq5SzRmoAR3sHmxdgHBjw,establishment;lodging;point_of_interest,False,CACHED
Kimpton Hotel Monaco Salt Lake City,https://www.americanexpress.com/en-us/travel/discover/property/Utah-US/Salt-Lake-City/Kimpton-Hotel-Monaco-Salt-Lake-City?intlink=US-travel-discover-property-results-propertyCard-Kimpton-Hotel-Monaco-Salt-Lake-City,"Salt Lake City, Utah US",THE HOTEL COLLECTION,Kimpton Hotels & Restaurants,Program,40.7646936,-111.892256,"15 W 200 S, Salt Lake City, UT 84101, USA",google_places,PLACE_DETAILS,ChIJrSCHnQ_1UocR-QPIMuWT8Zk,establishment;lodging;point_of_interest,False,CACHED
Kimpton Santo San Antonio-Riverwalk,https://www.americanexpress.com/en-us/travel/discover/property/Texas-US/San-Antonio/Kimpton-Santo-San-Antonio-riverwalk?intlink=US-travel-discover-property-results-propertyCard-Kimpton-Santo-San-Antonio-riverwalk,"San Antonio, Texas US",THE HOTEL COLLECTION,Kimpton Hotels & Restaurants,Program,29.4193395,-98.48870409999999,"431 S Alamo St, San Antonio, TX 78205, USA",google_places,PLACE_DETAILS,ChIJTV1INHZZXIYR_UksDWFLXes,establishment;lodging;point_of_interest,False,CACHED
Kimpton Alton Hotel Fisherman's Wharf,https://www.americanexpress.com/en-us/travel/discover/property/California-US/San-Francisco/Kimpton-Alton-Hotel-Fishermans-Wharf?intlink=US-travel-discover-property-results-propertyCard-Kimpton-Alton-Hotel-Fishermans-Wharf,"San Francisco, California US",THE HOTEL COLLECTION,Kimpton Hotels & Restaurants,Program,37.8068583,-122.4171185,"2700 Jones St, San Francisco, CA 94133, USA",google_places,PLACE_DETAILS,ChIJH423N-mBhYARCJ7uGVt5PjY,establishment;lodging;point_of_interest,False,CACHED
Kimpton Hotel Enso,https://www.americanexpress.com/en-us/travel/discover/property/California-US/San-Francisco/Kimpton-Hotel-Enso?intlink=US-travel-discover-property-results-propertyCard-Kimpton-Hotel-Enso,"San Francisco, California US",THE HOTEL COLLECTION,Kimpton Hotels & Restaurants,Program,37.7867304,-122.4302558,"1800 Sutter St, San Francisco, CA 94115, USA",google_places,PLACE_DETAILS,ChIJDSPUybiAhYARHcLkUulXSkE,establishment;lodging;point_of_interest,False,CACHED
Kimpton Canary Hotel,https://www.americanexpress.com/en-us/travel/discover/property/California-US/Santa-Barbara/Kimpton-Canary-Hotel?intlink=US-travel-discover-property-results-propertyCard-Kimpton-Canary-Hotel,"Santa Barbara, California US",THE HOTEL COLLECTION,Kimpton Hotels & Restaurants,Program,34.4204398,-119.7026533,"31 W Carrillo St, Santa Barbara, CA 93101, USA",google_places,PLACE_DETAILS,ChIJj4oQBXwU6YARZ93NzVVjolY,establishment;lodging;point_of_interest,False,CACHED
Kimpton Aysla Mallorca,https://www.americanexpress.com/en-us/travel/discover/property/Spain/Santa-Ponsa/Kimpton-Aysla-Mallorca?intlink=US-travel-discover-property-results-propertyCard-Kimpton-Aysla-Mallorca,"Santa Ponsa, Spain",THE HOTEL COLLECTION,Kimpton Hotels & Restaurants,Program,39.5091003,2.5030252,"Avinguda del Golf, 37, 07180 Santa Ponça, Illes Balears, Spain",google_places,PLACE_DETAILS,ChIJbxHJ0gmJlxIRlBhbBwUfx48,establishment;lodging;point_of_interest,False,CACHED
Kimpton Las Mercedes,https://www.americanexpress.com/en-us/travel/discover/property/Dominican-Republic/Santo-Domingo/Kimpton-Las-Mercedes?intlink=US-travel-discover-property-results-propertyCard-Kimpton-Las-Mercedes,"Santo Domingo, Dominican Republic",THE HOTEL COLLECTION,Kimpton Hotels & Restaurants,Program,18.4751815,-69.88614919999999,"C. Benito Monción 155, Santo Domingo 10212, Dominican Republic",google_places,PLACE_DETAILS,ChIJ80HtGApipY4R8NGZ3ygYSZo,establishment;lodging;point_of_interest,False,CACHED
"The BRICE, a Kimpton Hotel",https://www.americanexpress.com/en-us/travel/discover/property/Georgia-US/Savannah/The-Brice-a-Kimpton-Hotel?intlink=US-travel-discover-property-results-propertyCard-The-Brice-a-Kimpton-Hotel,"Savannah, Georgia US",THE HOTEL COLLECTION,Kimpton Hotels & Restaurants,Program,32.078895,-81.08502039999999,"601 E Bay St, Savannah, GA 31401, USA",google_places,PLACE_DETAILS,ChIJF4vFBHue-4gR28SyVTUza8Q,establishment;lodging;point_of_interest,False,CACHED
Kimpton Miralina Resort & Villas,https://www.americanexpress.com/en-us/travel/discover/property/Arizona-US/Scottsdale/Kimpton-Miralina-Resort--Villas?intlink=US-travel-discover-property-results-propertyCard-Kimpton-Miralina-Resort--Villas,"Scottsdale, Arizona US",THE HOTEL COLLECTION,Kimpton Hotels & Restaurants,Program,33.5415116,-111.9261462,"7200 N Scottsdale Rd, Scottsdale, AZ 85253, USA",google_places,PLACE_DETAILS,ChIJ3wi6OD8LK4cRmXdKJ7P9Qu8,establishment;lodging;point_of_interest,False,CACHED
Kimpton Palladian Hotel,https://www.americanexpress.com/en-us/travel/discover/property/Washington-US/Seattle/Kimpton-Palladian-Hotel?intlink=US-travel-discover-property-results-propertyCard-Kimpton-Palladian-Hotel,"Seattle, Washington US",THE HOTEL COLLECTION,Kimpton Hotels & Restaurants,Program,47.6120205,-122.3417987,"2000 2nd Ave #100, Seattle, WA 98121, USA",google_places,PLACE_DETAILS,ChIJx8nBw0wVkFQRYUPRS9Vdd3s,establishment;food;lodging;point_of_interest;restaurant;travel_agency,False,CACHED
Monaco Seattle a Kimpton Hotel,https://www.americanexpress.com/en-us/travel/discover/property/Washington-US/Seattle/Monaco-Seattle-a-Kimpton-Hotel?intlink=US-travel-discover-property-results-propertyCard-Monaco-Seattle-a-Kimpton-Hotel,"Seattle, Washington US",THE HOTEL COLLECTION,Kimpton Hotels & Restaurants,Program,47.6068879,-122.3341301,"1101 4th Ave, Seattle, WA 98101, USA",google_places,PLACE_DETAILS,ChIJQXeJQ7FqkFQRwlNZ4OS87bs,establishment;lodging;point_of_interest,False,CACHED
Kimpton Margot Sydney,https://www.americanexpress.com/en-us/travel/discover/property/Australia/Sydney/Kimpton-Margot-Sydney?intlink=US-travel-discover-property-results-propertyCard-Kimpton-Margot-Sydney,"Sydney, Australia",THE HOTEL COLLECTION,Kimpton Hotels & Restaurants,Program,-33.87489910000001,151.2078403,"339 Pitt St, Sydney NSW 2000, Australia",google_places,PLACE_DETAILS,ChIJw5_qtT2uEmsRj_BRgKBVATs,establishment;lodging;point_of_interest,False,CACHED
Kimpton Shinjuku Tokyo,https://www.americanexpress.com/en-us/travel/discover/property/Japan/Tokyo/Kimpton-Shinjuku-Tokyo?intlink=US-travel-discover-property-results-propertyCard-Kimpton-Shinjuku-Tokyo,"Tokyo, Japan",THE HOTEL COLLECTION,Kimpton Hotels & Restaurants,Program,35.6855827,139.6922513,"3-chōme-4-7 Nishishinjuku, Shinjuku City, Tokyo 160-0023, Japan",google_places,PLACE_DETAILS,ChIJV2joV2ONGGAR2Dk9bw-zKJg,establishment;lodging;point_of_interest,False,CACHED
Kimpton Vero Beach Hotel and Spa,https://www.americanexpress.com/en-us/travel/discover/property/Florida-US/Vero-Beach/Kimpton-Vero-Beach-Hotel-And-Spa?intlink=US-travel-discover-property-results-propertyCard-Kimpton-Vero-Beach-Hotel-And-Spa,"Vero Beach, Florida US",THE HOTEL COLLECTION,Kimpton Hotels & Restaurants,Program,27.6559603,-80.356528,"3500 Ocean Dr, Vero Beach, FL 32963, USA",google_places,PLACE_DETAILS,ChIJ8wDZCTdZ3ogRE-lp1VchH3w,establishment;food;lodging;point_of_interest;restaurant;spa,False,CACHED
Live By Loews - Arlington,https://www.americanexpress.com/en-us/travel/discover/property/Texas-US/Arlington/Live-By-Loews---Arlington?intlink=US-travel-discover-property-results-propertyCard-Live-By-Loews---Arlington,"Arlington, Texas US",THE HOTEL COLLECTION,Loews Hotels,Program,32.7495004,-97.0857001,"1600 E Randol Mill Rd, Arlington, TX 76011, USA",google_places,PLACE_DETAILS,ChIJMzwS8XuHToYRlFXoTw8Tun8,establishment;lodging;point_of_interest,False,CACHED
Loews Arlington Hotel,https://www.americanexpress.com/en-us/travel/discover/property/Texas-US/Arlington/Loews-Arlington-Hotel?intlink=US-travel-discover-property-results-propertyCard-Loews-Arlington-Hotel,"Arlington, Texas US",THE HOTEL COLLECTION,Loews Hotels,Program,32.7495004,-97.0857001,"1600 E Randol Mill Rd, Arlington, TX 76011, USA",google_places,PLACE_DETAILS,ChIJMzwS8XuHToYRlFXoTw8Tun8,establishment;lodging;point_of_interest,False,CACHED
Loews Chicago Downtown,https://www.americanexpress.com/en-us/travel/discover/property/Illinois-US/Chicago/Loews-Chicago-Downtown?intlink=US-travel-discover-property-results-propertyCard-Loews-Chicago-Downtown,"Chicago, Illinois US",THE HOTEL COLLECTION,Loews Hotels,Program,41.8901907,-87.61908079999999,"455 N Park Dr, Chicago, IL 60611, USA",google_places,PLACE_DETAILS,ChIJkxZI_6ksDogR7OPMcT6N4Xs,establishment;lodging;point_of_interest,False,CACHED
Loews Coronado Bay Resort,https://www.americanexpress.com/en-us/travel/discover/property/California-US/Coronado/Loews-Coronado-Bay-Resort?intlink=US-travel-discover-property-results-propertyCard-Loews-Coronado-Bay-Resort,"Coronado, California US",THE HOTEL COLLECTION,Loews Hotels,Program,32.6314432,-117.135046,"4000 Coronado Bay Rd, Coronado, CA 92118, USA",google_places,PLACE_DETAILS,ChIJzYyIjXtN2YARCEo59SkInGA,establishment;lodging;point_of_interest,False,CACHED
Loews Kansas City Hotel,https://www.americanexpress.com/en-us/travel/discover/property/Missouri-US/Kansas-City/Loews-Kansas-City-Hotel?intlink=US-travel-discover-property-results-propertyCard-Loews-Kansas-City-Hotel,"Kansas City, Missouri US",THE HOTEL COLLECTION,Loews Hotels,Program,39.0956159,-94.5850904,"1515 Wyandotte St, Kansas City, MO 64108, USA",google_places,PLACE_DETAILS,ChIJmeQk1ELwwIcRNKV6JCBbArY,bar;establishment;lodging;point_of_interest,False,CACHED
Loews Hollywood Hotel,https://www.americanexpress.com/en-us/travel/discover/property/California-US/Los-Angeles/Loews-Hollywood-Hotel?intlink=US-travel-discover-property-results-propertyCard-Loews-Hollywood-Hotel,"Los Angeles, California US",THE HOTEL COLLECTION,Loews Hotels,Program,34.1032806,-118.339338,"1755 Highland Ave, Los Angeles, CA 90028, USA",google_places,PLACE_DETAILS,ChIJt7LZSiK_woARBaWxpdQbeYU,establishment;lodging;point_of_interest,False,CACHED
Loews Miami Beach Hotel,https://www.americanexpress.com/en-us/travel/discover/property/Florida-US/Miami-Beach/Loews-Miami-Beach-Hotel?intlink=US-travel-discover-property-results-propertyCard-Loews-Miami-Beach-Hotel,"Miami Beach, Florida US",THE HOTEL COLLECTION,Loews Hotels,Program,25.7891661,-80.12969079999999,"1601 Collins Ave, Miami Beach, FL 33139, USA",google_places,PLACE_DETAILS,ChIJ31A585q02YgRtlqXCm80yAY,establishment;lodging;point_of_interest,False,CACHED
Loews New Orleans,https://www.americanexpress.com/en-us/travel/discover/property/Louisiana-US/New-Orleans/Loews-New-Orleans?intlink=US-travel-discover-property-results-propertyCard-Loews-New-Orleans,"New Orleans, Louisiana US",THE HOTEL COLLECTION,Loews Hotels,Program,29.9481217,-90.06613829999999,"300 Poydras St, New Orleans, LA 70130, USA",google_places,PLACE_DETAILS,ChIJW_dJAkME9YgR0YtJl5nOuUw,establishment;lodging;point_of_interest,False,CACHED
Loews Philadelphia Hotel,https://www.americanexpress.com/en-us/travel/discover/property/Pennsylvania-US/Philadelphia/Loews-Philadelphia-Hotel?intlink=US-travel-discover-property-results-propertyCard-Loews-Philadelphia-Hotel,"Philadelphia, Pennsylvania US",THE HOTEL COLLECTION,Loews Hotels,Program,39.9515991,-75.1602673,"1200 Market St, Philadelphia, PA 19107, USA",google_places,PLACE_DETAILS,ChIJ6bNuLSnGxokR29Oj-g9Tojo,establishment;lodging;point_of_interest,False,CACHED
Live by Loews - St Louis,https://www.americanexpress.com/en-us/travel/discover/property/Missouri-US/St.-Louis/Live-By-Loews---St-Louis?intlink=US-travel-discover-property-results-propertyCard-Live-By-Loews---St-Louis,"St. Louis, Missouri US",THE HOTEL COLLECTION,Loews Hotels,Program,38.6242777,-90.1935542,"799 Clark Ave, St. Louis, MO 63102, USA",google_places,PLACE_DETAILS,ChIJv0BEAgmz2IcRTliMc3ernbk,establishment;lodging;point_of_interest,False,CACHED
L7 Chicago by Lotte,https://www.americanexpress.com/en-us/travel/discover/property/Illinois-US/Chicago/L7-Chicago-By-Lotte?intlink=US-travel-discover-property-results-propertyCard-L7-Chicago-By-Lotte,"Chicago, Illinois US",THE HOTEL COLLECTION,Lotte Hotels & Resorts,Program,41.8866272,-87.6260811,"225 N Wabash Ave, Chicago, IL 60601, USA",google_places,PLACE_DETAILS,ChIJFQmOzY4tDogRmsV7K4xZdoA,establishment;lodging;point_of_interest,False,CACHED
Lotte New York Palace,https://www.americanexpress.com/en-us/travel/discover/property/New-York-US/New-York/Lotte-New-York-Palace?intlink=US-travel-discover-property-results-propertyCard-Lotte-New-York-Palace,"New York, New York US",THE HOTEL COLLECTION,Lotte Hotels & Resorts,Program,40.758019,-73.9749745,"455 Madison Ave, New York, NY 10022, USA",google_places,PLACE_DETAILS,ChIJu6kY43RawokRnmczCmSH-_s,establishment;lodging;point_of_interest;spa,False,CACHED
Lotte Hotel Seoul,https://www.americanexpress.com/en-us/travel/discover/property/South-Korea/Seoul/Lotte-Hotel-Seoul?intlink=US-travel-discover-property-results-propertyCard-Lotte-Hotel-Seoul,"Seoul, South Korea",THE HOTEL COLLECTION,Lotte Hotels & Resorts,Program,37.5653,126.980979,"30 Eulji-ro, Jung District, Seoul, South Korea",google_places,PLACE_DETAILS,ChIJ92BD_-2ifDURWdfj5R8TWjs,establishment;lodging;point_of_interest,False,CACHED
"Sandblu Santorini, LXR Hotels & Resorts",https://www.americanexpress.com/en-us/travel/discover/property/Greece/Kamari/Sandblu-Santorini-Lxr-Hotels--Resorts?intlink=US-travel-discover-property-results-propertyCard-Sandblu-Santorini-Lxr-Hotels--Resorts,"Kamari, Greece",THE HOTEL COLLECTION,LXR Hotels & Resorts,Program,,,,google_places_first,,,,,NO_RESULT:CACHED:NO_RESULT
Emeline,https://www.americanexpress.com/en-us/travel/discover/property/South-Carolina-US/Charleston/Emeline?intlink=US-travel-discover-property-results-propertyCard-Emeline,"Charleston, South Carolina US",THE HOTEL COLLECTION,Makeready,Program,32.7815015,-79.929833,"181 Church St, Charleston, SC 29401, USA",google_places,PLACE_DETAILS,ChIJ9fLBezZ7_ogRHH6eXKpZ2PY,establishment;lodging;point_of_interest,False,CACHED
The Ryder,https://www.americanexpress.com/en-us/travel/discover/property/South-Carolina-US/Charleston/The-Ryder?intlink=US-travel-discover-property-results-propertyCard-The-Ryder,"Charleston, South Carolina US",THE HOTEL COLLECTION,Makeready,Program,32.7891281,-96.81751,"1202 Dragon St, Dallas, TX 75207, USA",google_places,PLACE_DETAILS,ChIJq6rulEaZToYRPalWC8ZkOII,establishment;point_of_interest,False,CACHED
The Junto,https://www.americanexpress.com/en-us/travel/discover/property/Ohio-US/Columbus/The-Junto?intlink=US-travel-discover-property-results-propertyCard-The-Junto,"Columbus, Ohio US",THE HOTEL COLLECTION,Makeready,Program,39.9594687,-83.0091039,"77 Belle St, Columbus, OH 43215, USA",google_places,PLACE_DETAILS,ChIJ2_etNA2POIgRiwFW6GRZ4Go,establishment;lodging;point_of_interest,False,CACHED
"Clayton Hotel & Members Club - Cherry Creek, Denver",https://www.americanexpress.com/en-us/travel/discover/property/Colorado-US/Denver/Clayton-Hotel--Members-Club---Cherry-Creek-Denver?intlink=US-travel-discover-property-results-propertyCard-Clayton-Hotel--Members-Club---Cherry-Creek-Denver,"Denver, Colorado US",THE HOTEL COLLECTION,Makeready,Program,39.7203064,-104.9561798,"233 Clayton St, Denver, CO 80206, USA",google_places,PLACE_DETAILS,ChIJ53STNcd_bIcRLrum86VKCyY,establishment;lodging;point_of_interest,False,CACHED
"Halcyon, a hotel in Cherry Creek, Denver",https://www.americanexpress.com/en-us/travel/discover/property/Colorado-US/Denver/Halcyon-a-Hotel-In-Cherry-Creek-Denver?intlink=US-travel-discover-property-results-propertyCard-Halcyon-a-Hotel-In-Cherry-Creek-Denver,"Denver, Colorado US",THE HOTEL COLLECTION,Makeready,Program,39.7203341,-104.9573003,"245 Columbine St, Denver, CO 80206, USA",google_places,PLACE_DETAILS,ChIJJ2qBw5V-bIcRNiFnEsf004A,establishment;lodging;point_of_interest,False,CACHED
Noelle,https://www.americanexpress.com/en-us/travel/discover/property/Tennessee-US/Nashville/Noelle?intlink=US-travel-discover-property-results-propertyCard-Noelle,"Nashville, Tennessee US",THE HOTEL COLLECTION,Makeready,Program,36.1640057,-86.778751,"200 4th Ave N, Nashville, TN 37219, USA",google_places,PLACE_DETAILS,ChIJ0fpZt1lmZIgRl-CAIHGXdQM,establishment;lodging;point_of_interest,False,CACHED
"The Ritz-Carlton, Pentagon City",https://www.americanexpress.com/en-us/travel/discover/property/Virginia-US/Arlington/The-Ritz-carlton-Pentagon-City?intlink=US-travel-discover-property-results-propertyCard-The-Ritz-carlton-Pentagon-City,"Arlington, Virginia US",THE HOTEL COLLECTION,Marriott,Program,38.8625791,-77.0605463,"1250 S Hayes St, Arlington, VA 22202, USA",google_places,PLACE_DETAILS,ChIJazpmLNm2t4kRy0ux2qdYc48,establishment;lodging;point_of_interest,False,CACHED
Le Meridien Barcelona,https://www.americanexpress.com/en-us/travel/discover/property/Spain/Barcelona/Le-Meridien-Barcelona?intlink=US-travel-discover-property-results-propertyCard-Le-Meridien-Barcelona,"Barcelona, Spain",THE HOTEL COLLECTION,Marriott,Program,41.3836088,2.1705219,"La Rambla 111, Carrer del Pintor Fortuny, 4-6, Ciutat Vella, 08001 Barcelona, Spain",google_places,PLACE_DETAILS,ChIJfx2I8vaipBIRApE_R6GP-XI,establishment;lodging;point_of_interest,False,CACHED
"ITC Gardenia, Bengaluru",https://www.americanexpress.com/en-us/travel/discover/property/India/Bengaluru/Itc-Gardenia-Bengaluru?intlink=US-travel-discover-property-results-propertyCard-Itc-Gardenia-Bengaluru,"Bengaluru, India",THE HOTEL COLLECTION,Marriott,Program,12.9669848,77.59555209999999,"1, Residency Rd, Ashok Nagar, Bengaluru, Karnataka 560025, India",google_places,PLACE_DETAILS,ChIJ0xbyLN12AjoR8oTQ7QgMPlI,establishment;lodging;point_of_interest,False,CACHED
Moxy Brooklyn Williamsburg,https://www.americanexpress.com/en-us/travel/discover/property/New-York-US/Brooklyn/Moxy-Brooklyn-Williamsburg?intlink=US-travel-discover-property-results-propertyCard-Moxy-Brooklyn-Williamsburg,"Brooklyn, New York US",THE HOTEL COLLECTION,Marriott,Program,40.7116132,-73.9630335,"353 Bedford Ave, Brooklyn, NY 11211, USA",google_places,PLACE_DETAILS,ChIJMUSTc99bwokRYdhLTL_58pU,establishment;lodging;point_of_interest,False,CACHED
Park Tower Buenos Aires,https://www.americanexpress.com/en-us/travel/discover/property/Argentina/Buenos-Aires/Park-Tower-Buenos-Aires?intlink=US-travel-discover-property-results-propertyCard-Park-Tower-Buenos-Aires,"Buenos Aires, Argentina",THE HOTEL COLLECTION,Marriott,Program,-34.5935597,-58.3728628,"Av. Leandro N. Alem 1193, C1001 Cdad. Autónoma de Buenos Aires, Argentina",google_places,PLACE_DETAILS,ChIJ8aO2y8rKvJURLql2a9Dl5yI,establishment;lodging;point_of_interest,False,CACHED
ITC Grand Goa Resort & Spa,https://www.americanexpress.com/en-us/travel/discover/property/India/Cansaulim/Itc-Grand-Goa-Resort--Spa?intlink=US-travel-discover-property-results-propertyCard-Itc-Grand-Goa-Resort--Spa,"Cansaulim, India",THE HOTEL COLLECTION,Marriott,Program,15.3277954,73.8988772,"Arossim Beach Rd, Arossim, Goa 403712, India",google_places,PLACE_DETAILS,ChIJ7xqSgim3vzsRmNubqZI8nPI,establishment;lodging;point_of_interest,False,CACHED
The Lytle Park Hotel,https://www.americanexpress.com/en-us/travel/discover/property/Ohio-US/Cincinnati/The-Lytle-Park-Hotel?intlink=US-travel-discover-property-results-propertyCard-The-Lytle-Park-Hotel,"Cincinnati, Ohio US",THE HOTEL COLLECTION,Marriott,Program,39.1011862,-84.50338769999999,"311 Pike St, Cincinnati, OH 45202, USA",google_places,PLACE_DETAILS,ChIJX3MSsV2xQYgRgQjj-ryU6BI,establishment;lodging;point_of_interest,False,CACHED
Clearwater Beach Marriott Resort on Sand Key,https://www.americanexpress.com/en-us/travel/discover/property/Florida-US/Clearwater-Beach/Clearwater-Beach-Marriott-Resort-On-Sand-Key?intlink=US-travel-discover-property-results-propertyCard-Clearwater-Beach-Marriott-Resort-On-Sand-Key,"Clearwater Beach, Florida US",THE HOTEL COLLECTION,Marriott,Program,27.9534504,-82.8283239,"1201 Gulf Blvd, Clearwater, FL 33767, USA",google_places,PLACE_DETAILS,ChIJj1Md3Db3wogRUY08SzL1-rM,establishment;lodging;point_of_interest,False,CACHED
"Le Meridien Columbus, The Joseph",https://www.americanexpress.com/en-us/travel/discover/property/Ohio-US/Columbus/Le-Meridien-Columbus-The-Joseph?intlink=US-travel-discover-property-results-propertyCard-Le-Meridien-Columbus-The-Joseph,"Columbus, Ohio US",THE HOTEL COLLECTION,Marriott,Program,39.9751757,-83.00274329999999,"620 N High St, Columbus, OH 43215, USA",google_places,PLACE_DETAILS,ChIJVxTW4deOOIgRekHbd6pPM-Y,establishment;lodging;point_of_interest,False,CACHED
The Brown Palace Hotel and Spa,https://www.americanexpress.com/en-us/travel/discover/property/Colorado-US/Denver/The-Brown-Palace-Hotel-And-Spa?intlink=US-travel-discover-property-results-propertyCard-The-Brown-Palace-Hotel-And-Spa,"Denver, Colorado US",THE HOTEL COLLECTION,Marriott,Program,39.7439251,-104.9878805,"321 17th St, Denver, CO 80202, USA",google_places,PLACE_DETAILS,ChIJ9dBRb9Z4bIcRD9UXGYyDqvY,establishment;lodging;point_of_interest,False,CACHED
Fort Lauderdale Marriott Harbor Beach Resort & Spa,https://www.americanexpress.com/en-us/travel/discover/property/Florida-US/Fort-Lauderdale/Fort-Lauderdale-Marriott-Harbor-Beach-Resort--Spa?intlink=US-travel-discover-property-results-propertyCard-Fort-Lauderdale-Marriott-Harbor-Beach-Resort--Spa,"Fort Lauderdale, Florida US",THE HOTEL COLLECTION,Marriott,Program,26.1068736,-80.1057792,"3030 Holiday Dr, Fort Lauderdale, FL 33316, USA",google_places,PLACE_DETAILS,ChIJG_mKuiMA2YgR2V26_kiV9RU,establishment;lodging;point_of_interest,False,CACHED
The Dalmar Hotel,https://www.americanexpress.com/en-us/travel/discover/property/Florida-US/Fort-Lauderdale/The-Dalmar-Hotel?intlink=US-travel-discover-property-results-propertyCard-The-Dalmar-Hotel,"Fort Lauderdale, Florida US",THE HOTEL COLLECTION,Marriott,Program,26.1250181,-80.13776539999999,"299 N Federal Hwy, Fort Lauderdale, FL 33301, USA",google_places,PLACE_DETAILS,ChIJL1yXz7AB2YgRZhOJVX3kPBI,establishment;lodging;point_of_interest,False,CACHED
"Luminary Hotel & Co., Autograph Collection",https://www.americanexpress.com/en-us/travel/discover/property/Florida-US/Fort-Myers/Luminary-Hotel--Co-Autograph-Collection?intlink=US-travel-discover-property-results-propertyCard-Luminary-Hotel--Co-Autograph-Collection,"Fort Myers, Florida US",THE HOTEL COLLECTION,Marriott,Program,26.6452659,-81.8714904,"2200 Edwards Dr, Fort Myers, FL 33901, USA",google_places,PLACE_DETAILS,ChIJ2_Cz0XlB24gR_jg5VrcSwz4,establishment;lodging;point_of_interest,False,CACHED
Roomers Frankfurt,https://www.americanexpress.com/en-us/travel/discover/property/Germany/Frankfurt/Roomers-Frankfurt?intlink=US-travel-discover-property-results-propertyCard-Roomers-Frankfurt,"Frankfurt, Germany",THE HOTEL COLLECTION,Marriott,Program,50.1045988,8.6666867,"Gutleutstraße 85, 60329 Frankfurt am Main, Germany",google_places,PLACE_DETAILS,ChIJw5cDYgAMvUcR9NtN8LB1zQI,establishment;lodging;point_of_interest,False,CACHED
Grand Cayman Marriott Resort,https://www.americanexpress.com/en-us/travel/discover/property/Cayman-Islands/Grand-Cayman/Grand-Cayman-Marriott-Resort?intlink=US-travel-discover-property-results-propertyCard-Grand-Cayman-Marriott-Resort,"Grand Cayman, Cayman Islands",THE HOTEL COLLECTION,Marriott,Program,19.3174601,-81.3835374,"Seven Mile Beach, 389 W Bay Rd, KY1-1202, Cayman Islands",google_places,PLACE_DETAILS,ChIJhx0SqaqHJY8RaBgXRgAQwzA,establishment;lodging;point_of_interest,False,CACHED
Gaylord Texan Resort,https://www.americanexpress.com/en-us/travel/discover/property/Texas-US/Grapevine/Gaylord-Texan-Resort?intlink=US-travel-discover-property-results-propertyCard-Gaylord-Texan-Resort,"Grapevine, Texas US",THE HOTEL COLLECTION,Marriott,Program,32.9545544,-97.06447519999999,"1501 Gaylord Trail, Grapevine, TX 76051, USA",google_places,PLACE_DETAILS,ChIJm-TZH28rTIYRSt2VzFRg-uo,establishment;lodging;point_of_interest,False,CACHED
Sheraton Waikiki Beach Resort,https://www.americanexpress.com/en-us/travel/discover/property/Hawaii-US/Honolulu/Sheraton-Waikiki-Beach-Resort?intlink=US-travel-discover-property-results-propertyCard-Sheraton-Waikiki-Beach-Resort,"Honolulu, Hawaii US",THE HOTEL COLLECTION,Marriott,Program,21.2733659,-157.8225003,"2552 Kalākaua Ave, Honolulu, HI 96815, USA",google_places,PLACE_DETAILS,ChIJOyZOz3ByAHwRG_Deghah7xc,establishment;lodging;point_of_interest,False,CACHED
ITC Kohenur Hyderabad,https://www.americanexpress.com/en-us/travel/discover/property/India/Hyderabad/Itc-Kohenur-Hyderabad?intlink=US-travel-discover-property-results-propertyCard-Itc-Kohenur-Hyderabad,"Hyderabad, India",THE HOTEL COLLECTION,Marriott,Program,17.4320349,78.3852572,"Survey No, 83/1, Hyderabad Knowledge City, Plot No.5, Silpa Gram Craft Village, Madhapur, Hyderabad, Telangana 500032, India",google_places,PLACE_DETAILS,ChIJ9XmaoIiTyzsRnJ7stUGY-Z8,establishment;lodging;point_of_interest,False,CACHED
"Three Waters Resort and Marina, a Tribute Portfolio Resort",https://www.americanexpress.com/en-us/travel/discover/property/Florida-US/Islamorada/Three-Waters-Resort-And-Marina-a-Tribute-Portfolio-Resort?intlink=US-travel-discover-property-results-propertyCard-Three-Waters-Resort-And-Marina-a-Tribute-Portfolio-Resort,"Islamorada, Florida US",THE HOTEL COLLECTION,Marriott,Program,24.9416291,-80.6063904,"84001 Overseas Hwy, Islamorada, FL 33036, USA",google_places,PLACE_DETAILS,ChIJG0cbR74514gRrydOmPHlzSw,establishment;lodging;point_of_interest,False,CACHED
Gaylord Palms Resort,https://www.americanexpress.com/en-us/travel/discover/property/Florida-US/Kissimmee/Gaylord-Palms-Resort?intlink=US-travel-discover-property-results-propertyCard-Gaylord-Palms-Resort,"Kissimmee, Florida US",THE HOTEL COLLECTION,Marriott,Program,28.343152,-81.52601349999999,"6000 Osceola Pkwy, Kissimmee, FL 34746, USA",google_places,PLACE_DETAILS,ChIJl0CYCGZ_3YgRL05pG5wZSsE,establishment;lodging;point_of_interest,False,CACHED
The Westin Maui Resort & Spa,https://www.americanexpress.com/en-us/travel/discover/property/Hawaii-US/Lahaina/The-Westin-Maui-Resort--Spa?intlink=US-travel-discover-property-results-propertyCard-The-Westin-Maui-Resort--Spa,"Lahaina, Hawaii US",THE HOTEL COLLECTION,Marriott,Program,20.919752,-156.6950079,"2365 Kaanapali Pkwy, Lahaina, HI 96761, USA",google_places,PLACE_DETAILS,ChIJW8h2iUErVXkR_1-CkEVVPxc,establishment;lodging;point_of_interest,False,CACHED
Walt Disney World Dolphin,https://www.americanexpress.com/en-us/travel/discover/property/Florida-US/Lake-Buena-Vista/Walt-Disney-World-Dolphin?intlink=US-travel-discover-property-results-propertyCard-Walt-Disney-World-Dolphin,"Lake Buena Vista, Florida US",THE HOTEL COLLECTION,Marriott,Program,28.3674208,-81.56132310000001,"1500 Epcot Resorts Blvd, Lake Buena Vista, FL 32830, USA",google_places,PLACE_DETAILS,ChIJgUulalN-3YgREwn9nH_kADI,bar;establishment;lodging;point_of_interest;spa,False,CACHED
Walt Disney World Swan,https://www.americanexpress.com/en-us/travel/discover/property/Florida-US/Lake-Buena-Vista/Walt-Disney-World-Swan?intlink=US-travel-discover-property-results-propertyCard-Walt-Disney-World-Swan,"Lake Buena Vista, Florida US",THE HOTEL COLLECTION,Marriott,Program,28.3652056,-81.5592999,"1200 Epcot Resorts Blvd, Lake Buena Vista, FL 32830, USA",google_places,PLACE_DETAILS,ChIJM7IYziN_3YgRsB_vfQUPo58,bar;establishment;lodging;point_of_interest;spa,False,CACHED
Walt Disney World Swan Reserve,https://www.americanexpress.com/en-us/travel/discover/property/Florida-US/Lake-Buena-Vista/Walt-Disney-World-Swan-Reserve?intlink=US-travel-discover-property-results-propertyCard-Walt-Disney-World-Swan-Reserve,"Lake Buena Vista, Florida US",THE HOTEL COLLECTION,Marriott,Program,28.3645546,-81.56166549999999,"1255 Epcot Resorts Blvd, Lake Buena Vista, FL 32830, USA",google_places,PLACE_DETAILS,ChIJpy7jaS5_3YgRiO53rb4V3gU,bar;establishment;lodging;point_of_interest;spa,False,CACHED
London Marriott Hotel County Hall,https://www.americanexpress.com/en-us/travel/discover/property/England/London/London-Marriott-Hotel-County-Hall?intlink=US-travel-discover-property-results-propertyCard-London-Marriott-Hotel-County-Hall,"London, England",THE HOTEL COLLECTION,Marriott,Program,51.5010534,-0.119174,"County Hall, Westminster Bridge Rd, London SE1 7PB, UK",google_places,PLACE_DETAILS,ChIJLTMzFXqv2EcRVvwDkIeNh6k,establishment;lodging;point_of_interest,False,CACHED
London Marriott Hotel Park Lane,https://www.americanexpress.com/en-us/travel/discover/property/England/London/London-Marriott-Hotel-Park-Lane?intlink=US-travel-discover-property-results-propertyCard-London-Marriott-Hotel-Park-Lane,"London, England",THE HOTEL COLLECTION,Marriott,Program,51.51310729999999,-0.1577347,"140 Park Ln, London W1K 7AA, UK",google_places,PLACE_DETAILS,ChIJx_BjgDEFdkgRmYzr6cy2_5M,establishment;lodging;point_of_interest,False,CACHED
The Sheraton Grand London Park Lane,https://www.americanexpress.com/en-us/travel/discover/property/England/London/The-Sheraton-Grand-London-Park-Lane?intlink=US-travel-discover-property-results-propertyCard-The-Sheraton-Grand-London-Park-Lane,"London, England",THE HOTEL COLLECTION,Marriott,Program,51.5050061,-0.1472411,"Piccadilly, London W1J 7BX, UK",google_places,PLACE_DETAILS,ChIJL_095NMEdkgRCB1D6WxzpaI,establishment;lodging;point_of_interest,False,CACHED
Hotel Per La,https://www.americanexpress.com/en-us/travel/discover/property/California-US/Los-Angeles/Hotel-Per-La?intlink=US-travel-discover-property-results-propertyCard-Hotel-Per-La,"Los Angeles, California US",THE HOTEL COLLECTION,Marriott,Program,34.0470241,-118.2554664,"649 S Olive St, Los Angeles, CA 90014, USA",google_places,PLACE_DETAILS,ChIJj_fm_7THwoARBRtOffjdSUk,establishment;lodging;point_of_interest,False,CACHED
Moxy Downtown Los Angeles,https://www.americanexpress.com/en-us/travel/discover/property/California-US/Los-Angeles/Moxy-Downtown-Los-Angeles?intlink=US-travel-discover-property-results-propertyCard-Moxy-Downtown-Los-Angeles,"Los Angeles, California US",THE HOTEL COLLECTION,Marriott,Program,34.0405188,-118.267291,"1260 S Figueroa St, Los Angeles, CA 90015, USA",google_places,PLACE_DETAILS,ChIJOzFgNY3HwoARwdFXTVFI1fM,establishment;lodging;point_of_interest,False,CACHED
Hotel Nia,https://www.americanexpress.com/en-us/travel/discover/property/California-US/Menlo-Park/Hotel-Nia?intlink=US-travel-discover-property-results-propertyCard-Hotel-Nia,"Menlo Park, California US",THE HOTEL COLLECTION,Marriott,Program,37.4825107,-122.1771639,"200 Independence Dr, Menlo Park, CA 94025, USA",google_places,PLACE_DETAILS,ChIJa0fjuEqjj4ARdIn1gpYu2K0,establishment;lodging;point_of_interest,False,CACHED
"Nemi, Milan, A Tribute Portfolio Hotel",https://www.americanexpress.com/en-us/travel/discover/property/Italy/Milan/Nemi-Milan-A-Tribute-Portfolio-Hotel?intlink=US-travel-discover-property-results-propertyCard-Nemi-Milan-A-Tribute-Portfolio-Hotel,"Milan, Italy",THE HOTEL COLLECTION,Marriott,Program,45.463988,9.208947,"Via Benvenuto Cellini, 14, 20129 Milano MI, Italy",google_places,PLACE_DETAILS,ChIJxWdXWpjGhkcR8gEEghhN2aM,establishment;lodging;point_of_interest,False,CACHED
Nagasaki Marriott Hotel,https://www.americanexpress.com/en-us/travel/discover/property/Japan/Nagasaki/Nagasaki-Marriott-Hotel?intlink=US-travel-discover-property-results-propertyCard-Nagasaki-Marriott-Hotel,"Nagasaki, Japan",THE HOTEL COLLECTION,Marriott,Program,32.7519308,129.8694736,"1-1 Onouemachi, Nagasaki, 850-0058, Japan",google_places,PLACE_DETAILS,ChIJzRgZ2exTFTURophbVqp9Jlc,establishment;lodging;point_of_interest,False,CACHED
Gaylord Opryland Resort,https://www.americanexpress.com/en-us/travel/discover/property/Tennessee-US/Nashville/Gaylord-Opryland-Resort?intlink=US-travel-discover-property-results-propertyCard-Gaylord-Opryland-Resort,"Nashville, Tennessee US",THE HOTEL COLLECTION,Marriott,Program,36.2122412,-86.6946459,"2800 Opryland Dr, Nashville, TN 37214, USA",google_places,PLACE_DETAILS,ChIJ_5bAt9BpZIgRu1egin5QyTo,establishment;lodging;point_of_interest,False,CACHED
Le Meridien New Orleans,https://www.americanexpress.com/en-us/travel/discover/property/Louisiana-US/New-Orleans/Le-Meridien-New-Orleans?intlink=US-travel-discover-property-results-propertyCard-Le-Meridien-New-Orleans,"New Orleans, Louisiana US",THE HOTEL COLLECTION,Marriott,Program,29.9490896,-90.0667143,"333 Poydras St, New Orleans, LA 70130, USA",google_places,PLACE_DETAILS,ChIJo9u-knKmIIYR5oq2kUPZ8lk,establishment;lodging;point_of_interest,False,CACHED
New Orleans Marriott Warehouse Arts District Hotel,https://www.americanexpress.com/en-us/travel/discover/property/Louisiana-US/New-Orleans/New-Orleans-Marriott-Warehouse-Arts-District-Hotel?intlink=US-travel-discover-property-results-propertyCard-New-Orleans-Marriott-Warehouse-Arts-District-Hotel,"New Orleans, Louisiana US",THE HOTEL COLLECTION,Marriott,Program,29.9525211,-90.06757759999999,"555 Canal St, New Orleans, LA 70130, USA",google_places,PLACE_DETAILS,ChIJBUx76wymIIYR_NJrZU2kwwc,establishment;lodging;point_of_interest,False,CACHED
Moxy NYC East Village,https://www.americanexpress.com/en-us/travel/discover/property/New-York-US/New-York/Moxy-Nyc-East-Village?intlink=US-travel-discover-property-results-propertyCard-Moxy-Nyc-East-Village,"New York, New York US",THE HOTEL COLLECTION,Marriott,Program,40.7316,-73.98951,"112 E 11th St, New York, NY 10003, USA",google_places,PLACE_DETAILS,ChIJZ8wZIDX3wokRYfKHk8nI41Q,establishment;lodging;point_of_interest,False,CACHED
Moxy NYC Lower East Side,https://www.americanexpress.com/en-us/travel/discover/property/New-York-US/New-York/Moxy-Nyc-Lower-East-Side?intlink=US-travel-discover-property-results-propertyCard-Moxy-Nyc-Lower-East-Side,"New York, New York US",THE HOTEL COLLECTION,Marriott,Program,40.7316,-73.98951,"112 E 11th St, New York, NY 10003, USA",google_places,PLACE_DETAILS,ChIJZ8wZIDX3wokRYfKHk8nI41Q,establishment;lodging;point_of_interest,False,CACHED
"VEA Newport Beach, a Marriott Resort & Spa",https://www.americanexpress.com/en-us/travel/discover/property/California-US/Newport-Beach/Vea-Newport-Beach-a-Marriott-Resort--Spa?intlink=US-travel-discover-property-results-propertyCard-Vea-Newport-Beach-a-Marriott-Resort--Spa,"Newport Beach, California US",THE HOTEL COLLECTION,Marriott,Program,33.6163322,-117.879497,"900 Newport Center Dr, Newport Beach, CA 92660, USA",google_places,PLACE_DETAILS,ChIJO58U633g3IARu2ybcUmPQXk,establishment;lodging;point_of_interest,False,CACHED
Apartments By Marriott Bonvoy by Villatel Orlando Resort,https://www.americanexpress.com/en-us/travel/discover/property/Florida-US/Orlando/Apartments-By-Marriott-Bonvoy-By-Villatel-Orlando-Resort?intlink=US-travel-discover-property-results-propertyCard-Apartments-By-Marriott-Bonvoy-By-Villatel-Orlando-Resort,"Orlando, Florida US",THE HOTEL COLLECTION,Marriott,Program,28.463101,-81.446568,"5045 Hero Wy, Orlando, FL 32819, USA",google_places,PLACE_DETAILS,ChIJvSqzXW9_54gRDxABFoHiHHM,establishment;lodging;point_of_interest,False,CACHED
Grand Bohemian Orlando,https://www.americanexpress.com/en-us/travel/discover/property/Florida-US/Orlando/Grand-Bohemian-Orlando?intlink=US-travel-discover-property-results-propertyCard-Grand-Bohemian-Orlando,"Orlando, Florida US",THE HOTEL COLLECTION,Marriott,Program,28.5389083,-81.3782669,"325 S Orange Ave, Orlando, FL 32801, USA",google_places,PLACE_DETAILS,ChIJKwL9_gF754gRpAqJys_VQMo,establishment;lodging;point_of_interest,False,CACHED
Orlando World Center Marriott,https://www.americanexpress.com/en-us/travel/discover/property/Florida-US/Orlando/Orlando-World-Center-Marriott?intlink=US-travel-discover-property-results-propertyCard-Orlando-World-Center-Marriott,"Orlando, Florida US",THE HOTEL COLLECTION,Marriott,Program,28.3604749,-81.51006989999999,"8701 World Center Dr, Orlando, FL 32821, USA",google_places,PLACE_DETAILS,ChIJd8hASNOB3YgR2qh0S4MfrWI,establishment;lodging;point_of_interest,False,CACHED
Aruba Marriott Resort & Stellaris Casino,https://www.americanexpress.com/en-us/travel/discover/property/Aruba/Palm-Beach/Aruba-Marriott-Resort--Stellaris-Casino?intlink=US-travel-discover-property-results-propertyCard-Aruba-Marriott-Resort--Stellaris-Casino,"Palm Beach, Aruba",THE HOTEL COLLECTION,Marriott,Program,12.5808123,-70.0430763,"L.G. Smith Blvd 101, Noord, Aruba",google_places,PLACE_DETAILS,ChIJIzMtOgI4hY4RsrYLreXzQbg,establishment;lodging;point_of_interest,False,CACHED
Sheraton Grand at Wild Horse Pass,https://www.americanexpress.com/en-us/travel/discover/property/Arizona-US/Phoenix/Sheraton-Grand-At-Wild-Horse-Pass?intlink=US-travel-discover-property-results-propertyCard-Sheraton-Grand-At-Wild-Horse-Pass,"Phoenix, Arizona US",THE HOTEL COLLECTION,Marriott,Program,33.266258,-111.9930353,"5594 W Wild Horse Pass Blvd, Chandler, AZ 85226, USA",google_places,PLACE_DETAILS,ChIJ9cRbcKIDK4cR1tc2JL_TDio,establishment;lodging;point_of_interest,False,CACHED
Vespera Resort on Pismo Beach,https://www.americanexpress.com/en-us/travel/discover/property/California-US/Pismo-Beach/Vespera-Resort-On-Pismo-Beach?intlink=US-travel-discover-property-results-propertyCard-Vespera-Resort-On-Pismo-Beach,"Pismo Beach, California US",THE HOTEL COLLECTION,Marriott,Program,35.1382509,-120.641641,"147 Stimson Ave, Pismo Beach, CA 93449, USA",google_places,PLACE_DETAILS,ChIJ94ZDcudZ7IARhrBw4HkJhxY,establishment;lodging;point_of_interest,False,CACHED
Marriott Puerto Vallarta Resort & Spa,https://www.americanexpress.com/en-us/travel/discover/property/Jalisco-MX/Puerto-Vallarta/Marriott-Puerto-Vallarta-Resort--Spa?intlink=US-travel-discover-property-results-propertyCard-Marriott-Puerto-Vallarta-Resort--Spa,"Puerto Vallarta, Jalisco MX",THE HOTEL COLLECTION,Marriott,Program,20.6621535,-105.2566996,"Av Paseo de la Marina Nte 435, Marina Vallarta, 48335 Puerto Vallarta, Jal., Mexico",google_places,PLACE_DETAILS,ChIJawPINbdFIYQRX3JBSZ1WrWs,establishment;lodging;point_of_interest,False,CACHED
"Alma San Diego, A Tribute Portfolio Hotel",https://www.americanexpress.com/en-us/travel/discover/property/California-US/San-Diego/Alma-San-Diego-A-Tribute-Portfolio-Hotel?intlink=US-travel-discover-property-results-propertyCard-Alma-San-Diego-A-Tribute-Portfolio-Hotel,"San Diego, California US",THE HOTEL COLLECTION,Marriott,Program,32.7162139,-117.1598845,"1047 Fifth Ave, San Diego, CA 92101, USA",google_places,PLACE_DETAILS,ChIJ__9vlqdU2YARiZ4w2BVJQec,establishment;lodging;point_of_interest,False,CACHED
"Guild Hotel, A Marriott Tribute Portfolio Hotel",https://www.americanexpress.com/en-us/travel/discover/property/California-US/San-Diego/Guild-Hotel-A-Marriott-Tribute-Portfolio-Hotel?intlink=US-travel-discover-property-results-propertyCard-Guild-Hotel-A-Marriott-Tribute-Portfolio-Hotel,"San Diego, California US",THE HOTEL COLLECTION,Marriott,Program,32.7160035,-117.1678019,"500 W Broadway, San Diego, CA 92101, USA",google_places,PLACE_DETAILS,ChIJ-8tHrAlV2YAROk3KqdDheHQ,establishment;lodging;point_of_interest,False,CACHED
Hotel RioMar,https://www.americanexpress.com/en-us/travel/discover/property/Spain/Santa-Eulalia-del-Rio/Hotel-Riomar?intlink=US-travel-discover-property-results-propertyCard-Hotel-Riomar,"Santa Eulalia del Rio, Spain",THE HOTEL COLLECTION,Marriott,Program,38.9796973,1.5306814,"Calle Del Rio, 48, 07840 Santa Eulària des Riu, Illes Balears, Spain",google_places,PLACE_DETAILS,ChIJ-Vm7pmcVmRIR-mdcXVuAw1A,establishment;lodging;point_of_interest,False,CACHED
"The Alida Hotel, A Tribute Portfolio",https://www.americanexpress.com/en-us/travel/discover/property/Georgia-US/Savannah/The-Alida-Hotel-A-Tribute-Portfolio?intlink=US-travel-discover-property-results-propertyCard-The-Alida-Hotel-A-Tribute-Portfolio,"Savannah, Georgia US",THE HOTEL COLLECTION,Marriott,Program,32.0829466,-81.0954928,"412 Williamson St, Savannah, GA 31401, USA",google_places,PLACE_DETAILS,ChIJM7IRoIWf-4gRC0ekD2lsZwo,establishment;lodging;point_of_interest,False,CACHED
The REMI. Scottsdale,https://www.americanexpress.com/en-us/travel/discover/property/Arizona-US/Scottsdale/The-Remi-Scottsdale?intlink=US-travel-discover-property-results-propertyCard-The-Remi-Scottsdale,"Scottsdale, Arizona US",THE HOTEL COLLECTION,Marriott,Program,33.5011856,-111.9234042,"4415 N Buckboard Trail, Scottsdale, AZ 85251, USA",google_places,PLACE_DETAILS,ChIJcx2aE7sLK4cR4QKkILf7vtE,establishment;lodging;point_of_interest,False,CACHED
Palm Beach Marriott Singer Island Beach Resort & Spa,https://www.americanexpress.com/en-us/travel/discover/property/Florida-US/Singer-Island/Palm-Beach-Marriott-Singer-Island-Beach-Resort--Spa?intlink=US-travel-discover-property-results-propertyCard-Palm-Beach-Marriott-Singer-Island-Beach-Resort--Spa,"Singer Island, Florida US",THE HOTEL COLLECTION,Marriott,Program,26.7923613,-80.0335818,"3800 N Ocean Dr, Riviera Beach, FL 33404, USA",google_places,PLACE_DETAILS,ChIJUUqhhuvU2IgR7WL7IJsQ6Bs,establishment;lodging;point_of_interest,False,CACHED
Le Meridien Lav Split,https://www.americanexpress.com/en-us/travel/discover/property/Croatia/Split/Le-Meridien-Lav-Split?intlink=US-travel-discover-property-results-propertyCard-Le-Meridien-Lav-Split,"Split, Croatia",THE HOTEL COLLECTION,Marriott,Program,43.4926456,16.5383076,"Grljevacka, 2A, Podstrana, 21312, Split, Croatia",google_places,PLACE_DETAILS,ChIJ7UOPswGgShMRay8kH2fHd-8,establishment;lodging;point_of_interest,False,CACHED
Moxy St. Petersburg Downtown,https://www.americanexpress.com/en-us/travel/discover/property/Florida-US/St.-Petersburg/Moxy-St-Petersburg-Downtown?intlink=US-travel-discover-property-results-propertyCard-Moxy-St-Petersburg-Downtown,"St. Petersburg, Florida US",THE HOTEL COLLECTION,Marriott,Program,27.7709471,-82.65116340000002,"1234 Central Ave, St. Petersburg, FL 33705, USA",google_places,PLACE_DETAILS,ChIJ5wpc5fTjwogRbvxoU4DrmWI,establishment;lodging;point_of_interest,False,CACHED
The Leo Kent,https://www.americanexpress.com/en-us/travel/discover/property/Arizona-US/Tucson/The-Leo-Kent?intlink=US-travel-discover-property-results-propertyCard-The-Leo-Kent,"Tucson, Arizona US",THE HOTEL COLLECTION,Marriott,Program,32.2215422,-110.9721142,"1 S Church Ave, Tucson, AZ 85701, USA",google_places,PLACE_DETAILS,ChIJVVVlSeBw1oYRwuQMh5brgoI,establishment;lodging;point_of_interest,False,CACHED
Origine Porto Gaia,https://www.americanexpress.com/en-us/travel/discover/property/Portugal/Vila-Nova-de-Gaia/Origine-Porto-Gaia?intlink=US-travel-discover-property-results-propertyCard-Origine-Porto-Gaia,"Vila Nova de Gaia, Portugal",THE HOTEL COLLECTION,Marriott,Program,41.1370219,-8.6110246,"R. do Gen. Torres 219, 4430-108 Vila Nova de Gaia, Portugal",google_places,PLACE_DETAILS,ChIJvwm8qbplJA0RoXANQQ_SKRo,establishment;lodging;point_of_interest,False,CACHED
"Wailea Beach Resort - Marriott, Maui",https://www.americanexpress.com/en-us/travel/discover/property/Hawaii-US/Wailea/Wailea-Beach-Resort---Marriott-Maui?intlink=US-travel-discover-property-results-propertyCard-Wailea-Beach-Resort---Marriott-Maui,"Wailea, Hawaii US",THE HOTEL COLLECTION,Marriott,Program,20.6878874,-156.4428011,"3700 Wailea Alanui Dr, Wailea, HI 96753, USA",google_places,PLACE_DETAILS,ChIJTdphS9raVHkRW656iihdP-c,establishment;lodging;point_of_interest,False,CACHED
"The Madison Hotel, Washington DC",https://www.americanexpress.com/en-us/travel/discover/property/District-of-Columbia-US/Washington/The-Madison-Hotel-Washington-Dc?intlink=US-travel-discover-property-results-propertyCard-The-Madison-Hotel-Washington-Dc,"Washington, District of Columbia US",THE HOTEL COLLECTION,Marriott,Program,38.9052359,-77.0340823,"1177 15th St NW, Washington, DC 20005, USA",google_places,PLACE_DETAILS,ChIJFdkk7r-3t4kRbDrFEntEsN8,establishment;lodging;point_of_interest,False,CACHED
The Belgrove Resort & Spa,https://www.americanexpress.com/en-us/travel/discover/property/Florida-US/West-Palm-Beach/The-Belgrove-Resort--Spa?intlink=US-travel-discover-property-results-propertyCard-The-Belgrove-Resort--Spa,"West Palm Beach, Florida US",THE HOTEL COLLECTION,Marriott,Program,26.777317,-80.0329392,"71 S Ocean Ave, Palm Beach Shores, FL 33404, USA",google_places,PLACE_DETAILS,ChIJw7dDAvXU2IgRQeOUD4D7RHU,establishment;lodging;point_of_interest,False,CACHED
Curacao Marriott Beach Resort,https://www.americanexpress.com/en-us/travel/discover/property/Curacao/Willemstad/Curacao-Marriott-Beach-Resort?intlink=US-travel-discover-property-results-propertyCard-Curacao-Marriott-Beach-Resort,"Willemstad, Curacao",THE HOTEL COLLECTION,Marriott,Program,12.1184287,-68.96619799999999,"Piscadera Bay, 3 John F. Kennedy Boulevard, Willemstad, Curaçao",google_places,PLACE_DETAILS,ChIJX_MqGxCDhI4RrQH2eL4ZZ-g,establishment;lodging;point_of_interest,False,CACHED
The SOMM Hotel & Spa,https://www.americanexpress.com/en-us/travel/discover/property/Washington-US/Woodinville/The-Somm-Hotel--Spa?intlink=US-travel-discover-property-results-propertyCard-The-Somm-Hotel--Spa,"Woodinville, Washington US",THE HOTEL COLLECTION,Marriott,Program,47.731041,-122.141367,"14800 NE 144th St, Woodinville, WA 98072, USA",google_places,PLACE_DETAILS,ChIJf11z5LINkFQR67d7buhbeJg,establishment;lodging;point_of_interest,False,CACHED
Trailborn Surf and Sound Resort,https://www.americanexpress.com/en-us/travel/discover/property/North-Carolina-US/Wrightsville-Beach/Trailborn-Surf-And-Sound-Resort?intlink=US-travel-discover-property-results-propertyCard-Trailborn-Surf-And-Sound-Resort,"Wrightsville Beach, North Carolina US",THE HOTEL COLLECTION,Marriott,Program,34.2033801,-77.7984647,"275 Waynick Blvd, Wrightsville Beach, NC 28480, USA",google_places,PLACE_DETAILS,ChIJ25LxBqnzqYkRH3jw40kU4As,establishment;lodging;point_of_interest,False,CACHED
ME Sitges Terramar,https://www.americanexpress.com/en-us/travel/discover/property/Spain/Barcelona/Me-Sitges-Terramar?intlink=US-travel-discover-property-results-propertyCard-Me-Sitges-Terramar,"Barcelona, Spain",THE HOTEL COLLECTION,ME by Meliá,Program,41.22533,1.787509,"Passeig Marítim, 80, 08870 Sitges, Barcelona, Spain",google_places,PLACE_DETAILS,ChIJD6hbOwKBoxIRBXF6f9e2Q6g,establishment;lodging;point_of_interest,False,CACHED
ME Cabo By Melia,https://www.americanexpress.com/en-us/travel/discover/property/Baja-California-Sur-MX/Cabo-San-Lucas/Me-Cabo-By-Melia?intlink=US-travel-discover-property-results-propertyCard-Me-Cabo-By-Melia,"Cabo San Lucas, Baja California Sur MX",THE HOTEL COLLECTION,ME by Meliá,Program,22.889402,-109.904181,"Acuario, El Medano Ejidal, 23410 Cabo San Lucas, B.C.S., Mexico",google_places,PLACE_DETAILS,ChIJF5dO2H1Kr4YRkDse8stvr1M,establishment;lodging;point_of_interest,False,CACHED
ME London Hotel,https://www.americanexpress.com/en-us/travel/discover/property/England/London/Me-London-Hotel?intlink=US-travel-discover-property-results-propertyCard-Me-London-Hotel,"London, England",THE HOTEL COLLECTION,ME by Meliá,Program,51.511818,-0.118898,"336-337 Strand, London WC2R 1HA, UK",google_places,PLACE_DETAILS,ChIJ1YZwStYPbUgRZJyqw-hh_Vk,establishment;lodging;point_of_interest,False,CACHED
ME Marbella,https://www.americanexpress.com/en-us/travel/discover/property/Spain/Marbella/Me-Marbella?intlink=US-travel-discover-property-results-propertyCard-Me-Marbella,"Marbella, Spain",THE HOTEL COLLECTION,ME by Meliá,Program,36.495278,-4.946943999999999,"C/ Mario, C/ Vargas Llosa, Nueva Andalucía, 29660 Marbella, Málaga, Spain",google_places,PLACE_DETAILS,ChIJY5ONPcUpcw0RyGFdhA7AJ_k,establishment;lodging;point_of_interest,False,CACHED
ME Milan II Duca,https://www.americanexpress.com/en-us/travel/discover/property/Italy/Milan/Me-Milan-Ii-Duca?intlink=US-travel-discover-property-results-propertyCard-Me-Milan-Ii-Duca,"Milan, Italy",THE HOTEL COLLECTION,ME by Meliá,Program,45.479335,9.196297,"Piazza della Repubblica, 13, 20124 Milano MI, Italy",google_places,PLACE_DETAILS,ChIJx9LAD8nGhkcRmqwA3l1CZNc,establishment;lodging;point_of_interest,False,CACHED
Tenuta di Artimino,https://www.americanexpress.com/en-us/travel/discover/property/Italy/Artimino/Tenuta-Di-Artimino?intlink=US-travel-discover-property-results-propertyCard-Tenuta-Di-Artimino,"Artimino, Italy",THE HOTEL COLLECTION,Meliá Hotels & Resorts,Program,43.7825911,11.0432686,"Viale Papa Giovanni XXIII, 1, 59015 Artimino PO, Italy",google_places,PLACE_DETAILS,ChIJeyLevSVcKhMRf4yzOlRASfQ,establishment;lodging;point_of_interest,False,CACHED
Melia Bilbao,https://www.americanexpress.com/en-us/travel/discover/property/Spain/Bilbao/Melia-Bilbao?intlink=US-travel-discover-property-results-propertyCard-Melia-Bilbao,"Bilbao, Spain",THE HOTEL COLLECTION,Meliá Hotels & Resorts,Program,43.267566,-2.941851,"Leizaola Lehendakariaren Kalea, 29, Abando, 48009 Bilbao, Bizkaia, Spain",google_places,PLACE_DETAILS,ChIJS-vrLiFQTg0RLGpiomfQ96I,establishment;lodging;point_of_interest,False,CACHED
"Casa Lucia, member of Melia Collection",https://www.americanexpress.com/en-us/travel/discover/property/Argentina/Buenos-Aires/Casa-Lucia-Member-Of-Melia-Collection?intlink=US-travel-discover-property-results-propertyCard-Casa-Lucia-Member-Of-Melia-Collection,"Buenos Aires, Argentina",THE HOTEL COLLECTION,Meliá Hotels & Resorts,Program,-34.591835,-58.378913,"Arroyo 841, C1007AAB Cdad. Autónoma de Buenos Aires, Argentina",google_places,PLACE_DETAILS,ChIJcQwey7bKvJUR6QI1vHl7BKQ,establishment;lodging;point_of_interest,False,CACHED
Melia Chiang Mai,https://www.americanexpress.com/en-us/travel/discover/property/Thailand/Chiang-Mai/Melia-Chiang-Mai?intlink=US-travel-discover-property-results-propertyCard-Melia-Chiang-Mai,"Chiang Mai, Thailand",THE HOTEL COLLECTION,Meliá Hotels & Resorts,Program,18.7852997,99.0027877,"46, 48 Charoen Prathet Rd, Tambon Chang Khlan, Amphoe Mueang Chiang Mai, Chang Wat Chiang Mai 50100, Thailand",google_places,PLACE_DETAILS,ChIJ003nVK472jAR366QO3FQtE0,establishment;lodging;point_of_interest,False,CACHED
Melia Granada,https://www.americanexpress.com/en-us/travel/discover/property/Spain/Granada/Melia-Granada?intlink=US-travel-discover-property-results-propertyCard-Melia-Granada,"Granada, Spain",THE HOTEL COLLECTION,Meliá Hotels & Resorts,Program,37.173358,-3.598247,"C. Ángel Ganivet, 7, Centro, 18009 Granada, Spain",google_places,PLACE_DETAILS,ChIJa04QJLz8cQ0R_cvpNCB-IUA,establishment;lodging;point_of_interest,False,CACHED
Melia Hanoi Hotel,https://www.americanexpress.com/en-us/travel/discover/property/Vietnam/Hanoi/Melia-Hanoi-Hotel?intlink=US-travel-discover-property-results-propertyCard-Melia-Hanoi-Hotel,"Hanoi, Vietnam",THE HOTEL COLLECTION,Meliá Hotels & Resorts,Program,21.0243316,105.8475739,"44 P. Lý Thường Kiệt, Trần Hưng Đạo, Hoàn Kiếm, Hà Nội, Vietnam",google_places,PLACE_DETAILS,ChIJ2ehlkZOrNTERzL1Vpx8rlfM,establishment;lodging;point_of_interest,False,CACHED
Melia Koh Samui,https://www.americanexpress.com/en-us/travel/discover/property/Thailand/Koh-Samui/Melia-Koh-Samui?intlink=US-travel-discover-property-results-propertyCard-Melia-Koh-Samui,"Koh Samui, Thailand",THE HOTEL COLLECTION,Meliá Hotels & Resorts,Program,9.5689417,100.0834278,"H3CM+PJ9, 4171, Tambon Bo Put, Amphoe Ko Samui, Chang Wat Surat Thani 84320, Thailand",google_places,PLACE_DETAILS,ChIJ2zinNPzvVDARJ2wTF30QK_Q,establishment;lodging;point_of_interest,False,CACHED
"Casa de las Artes, a member of Melia Collection",https://www.americanexpress.com/en-us/travel/discover/property/Spain/Madrid/Casa-De-Las-Artes-a-Member-Of-Melia-Collection?intlink=US-travel-discover-property-results-propertyCard-Casa-De-Las-Artes-a-Member-Of-Melia-Collection,"Madrid, Spain",THE HOTEL COLLECTION,Meliá Hotels & Resorts,Program,40.411823,-3.697392,"C. de Atocha, 83, Centro, 28012 Madrid, Spain",google_places,PLACE_DETAILS,ChIJOSee9CkmQg0RSVDiagqgnpE,establishment;lodging;point_of_interest,False,CACHED
"Maison Colbert, Member of Melia Collection",https://www.americanexpress.com/en-us/travel/discover/property/France/Paris/Maison-Colbert-Member-Of-Melia-Collection?intlink=US-travel-discover-property-results-propertyCard-Maison-Colbert-Member-Of-Melia-Collection,"Paris, France",THE HOTEL COLLECTION,Meliá Hotels & Resorts,Program,48.851584,2.348678,"7 Rue de l'Hôtel Colbert, 75005 Paris, France",google_places,PLACE_DETAILS,ChIJI3vbSOFx5kcR84E4IeL2LqI,establishment;lodging;point_of_interest,False,CACHED
Melia Phuket Mai Khao,https://www.americanexpress.com/en-us/travel/discover/property/Thailand/Phuket/Melia-Phuket-Mai-Khao?intlink=US-travel-discover-property-results-propertyCard-Melia-Phuket-Mai-Khao,"Phuket, Thailand",THE HOTEL COLLECTION,Meliá Hotels & Resorts,Program,8.148989,98.300969,"233 Tambon Mai Khao, Amphur Thalang Chang Wat Phuket 83110, Thailand",google_places,PLACE_DETAILS,ChIJQZi2ZlZFUDARSFmBJGda5_o,establishment;lodging;point_of_interest,False,CACHED
Zel Punta Cana - All Suites,https://www.americanexpress.com/en-us/travel/discover/property/Dominican-Republic/Punta-Cana/Zel-Punta-Cana---All-Suites?intlink=US-travel-discover-property-results-propertyCard-Zel-Punta-Cana---All-Suites,"Punta Cana, Dominican Republic",THE HOTEL COLLECTION,Meliá Hotels & Resorts,Program,18.674547,-68.41643499999999,"Av. Alemania, Punta Cana 23000, Dominican Republic",google_places,PLACE_DETAILS,ChIJJ6RBbe7tqI4RTZHjoB549PE,establishment;lodging;point_of_interest,False,CACHED
Melia Shanghai Parkside,https://www.americanexpress.com/en-us/travel/discover/property/China/Shanghai/Melia-Shanghai-Parkside?intlink=US-travel-discover-property-results-propertyCard-Melia-Shanghai-Parkside,"Shanghai, China",THE HOTEL COLLECTION,Meliá Hotels & Resorts,Program,31.13384,121.65913,"China, Shang Hai Shi, Pu Dong Xin Qu, 818弄151号CN 上海市 浦东新区 申迪西路 818 邮政编码: 201205",google_places,PLACE_DETAILS,ChIJ3T4ht7uHrTURmvP_QgjQgR4,establishment;lodging;point_of_interest,False,CACHED
NIKO Seaside Resort Crete MGALLERY,https://www.americanexpress.com/en-us/travel/discover/property/Greece/Agios-Nikolaos/Niko-Seaside-Resort-Crete-Mgallery?intlink=US-travel-discover-property-results-propertyCard-Niko-Seaside-Resort-Crete-Mgallery,"Agios Nikolaos, Greece",THE HOTEL COLLECTION,MGallery Collection,Program,35.1948401,25.716614,"Akti Koundourou 20, Ag. Nikolaos 721 00, Greece",google_places,PLACE_DETAILS,ChIJhTHsRp6BkBQR8e8-1XAOXko,establishment;lodging;point_of_interest,False,CACHED
INK Hotel Amsterdam - MGallery Collection,https://www.americanexpress.com/en-us/travel/discover/property/Netherlands/Amsterdam/Ink-Hotel-Amsterdam---Mgallery-Collection?intlink=US-travel-discover-property-results-propertyCard-Ink-Hotel-Amsterdam---Mgallery-Collection,"Amsterdam, Netherlands",THE HOTEL COLLECTION,MGallery Collection,Program,52.3754828,4.8930435,"Nieuwezijds Voorburgwal 67, 1012 RE Amsterdam, Netherlands",google_places,PLACE_DETAILS,ChIJn37GsscJxkcRhWExbZMC1KA,establishment;food;lodging;point_of_interest;restaurant,False,CACHED
Athens Capital Hotel - MGallery Collection,https://www.americanexpress.com/en-us/travel/discover/property/Greece/Athens/Athens-Capital-Hotel---Mgallery-Collection?intlink=US-travel-discover-property-results-propertyCard-Athens-Capital-Hotel---Mgallery-Collection,"Athens, Greece",THE HOTEL COLLECTION,MGallery Collection,Program,37.9768061,23.7360782,"4 Eleftheriou Venizelou Avenue and, Syntagma Square, Kriezotou 2, Athina 105 64, Greece",google_places,PLACE_DETAILS,ChIJeVJ7chG9oRQRY33vBlTjyU8,establishment;lodging;point_of_interest,False,CACHED
Athens Capital Suites - MGallery Collection,https://www.americanexpress.com/en-us/travel/discover/property/Greece/Athens/Athens-Capital-Suites---Mgallery-Collection?intlink=US-travel-discover-property-results-propertyCard-Athens-Capital-Suites---Mgallery-Collection,"Athens, Greece",THE HOTEL COLLECTION,MGallery Collection,Program,37.97709529999999,23.7369364,"Syntagma Square, Zalokosta 7 9, Athina 106 71, Greece",google_places,PLACE_DETAILS,ChIJG9vVQLCjoRQRcrNCBzefmNU,establishment;lodging;point_of_interest,False,CACHED
Le Louise Hotel Brussels - MGallery Hotel Collection,https://www.americanexpress.com/en-us/travel/discover/property/Belgium/Brussels/Le-Louise-Hotel-Brussels---Mgallery-Hotel-Collection?intlink=US-travel-discover-property-results-propertyCard-Le-Louise-Hotel-Brussels---Mgallery-Hotel-Collection,"Brussels, Belgium",THE HOTEL COLLECTION,MGallery Collection,Program,50.836146,4.3570885,"Av. de la Toison d'Or 40, 1050 Bruxelles, Belgium",google_places,PLACE_DETAILS,ChIJXaBAH4jEw0cRPexo3JesmMM,bar;establishment;food;lodging;point_of_interest;restaurant,False,CACHED
Palazzo Tirso Cagliari MGallery,https://www.americanexpress.com/en-us/travel/discover/property/Italy/Cagliari/Palazzo-Tirso-Cagliari-Mgallery?intlink=US-travel-discover-property-results-propertyCard-Palazzo-Tirso-Cagliari-Mgallery,"Cagliari, Italy",THE HOTEL COLLECTION,MGallery Collection,Program,39.2113014,9.1161276,"Piazza Deffenu, 4, 09125 Cagliari CA, Italy",google_places,PLACE_DETAILS,ChIJTysMOA4z5xIRX8efJ_-bl2M,establishment;lodging;point_of_interest;spa,False,CACHED
Hotel des Arts Saigon - MGallery Hotel Collection,https://www.americanexpress.com/en-us/travel/discover/property/Vietnam/Ho-Chi-Minh-City/Hotel-Des-Arts-Saigon---Mgallery-Hotel-Collection?intlink=US-travel-discover-property-results-propertyCard-Hotel-Des-Arts-Saigon---Mgallery-Hotel-Collection,"Ho Chi Minh City, Vietnam",THE HOTEL COLLECTION,MGallery Collection,Program,10.7824611,106.6972784,"76 78 Nguyễn Thị Minh Khai, St, Quận 3, Thành phố Hồ Chí Minh, Vietnam",google_places,PLACE_DETAILS,ChIJSXwyXDYvdTERjIuhQKiCCqM,establishment;lodging;point_of_interest,False,CACHED
"The Municipal Hotel and Spa, Mgallery Liverpool",https://www.americanexpress.com/en-us/travel/discover/property/England/Liverpool/The-Municipal-Hotel-And-Spa-Mgallery-Liverpool?intlink=US-travel-discover-property-results-propertyCard-The-Municipal-Hotel-And-Spa-Mgallery-Liverpool,"Liverpool, England",THE HOTEL COLLECTION,MGallery Collection,Program,53.4086594,-2.9863117,"Municipal Building, Dale St, Liverpool L2 2DH, UK",google_places,PLACE_DETAILS,ChIJw3OxJRche0gRe2mfHOh4fcY,establishment;lodging;point_of_interest,False,CACHED
Molitor Hotel & Spa Paris MGallery Collection,https://www.americanexpress.com/en-us/travel/discover/property/France/Paris/Molitor-Hotel--Spa-Paris-Mgallery-Collection?intlink=US-travel-discover-property-results-propertyCard-Molitor-Hotel--Spa-Paris-Mgallery-Collection,"Paris, France",THE HOTEL COLLECTION,MGallery Collection,Program,48.8449724,2.2526346,"16 Av. de la Prte Molitor, 75016 Paris, France",google_places,PLACE_DETAILS,ChIJ1Z-HFcd65kcRzT3ZKuDSkW0,establishment;lodging;point_of_interest,False,CACHED
Santa Teresa Hotel Rio de Janeiro - MGallery Collection,https://www.americanexpress.com/en-us/travel/discover/property/Brazil/Rio-de-Janeiro/Santa-Teresa-Hotel-Rio-De-Janeiro---Mgallery-Collection?intlink=US-travel-discover-property-results-propertyCard-Santa-Teresa-Hotel-Rio-De-Janeiro---Mgallery-Collection,"Rio de Janeiro, Brazil",THE HOTEL COLLECTION,MGallery Collection,Program,-22.9216367,-43.187523,"R. Alm. Alexandrino, 660 - Santa Teresa, Rio de Janeiro - RJ, 20241-260, Brazil",google_places,PLACE_DETAILS,ChIJVdYBSLx_mQAR11XeXinIdZY,establishment;lodging;point_of_interest,False,CACHED
Hotel Sosei Sapporo - MGallery Collection,https://www.americanexpress.com/en-us/travel/discover/property/Japan/Sapporo/Hotel-Sosei-Sapporo---Mgallery-Collection?intlink=US-travel-discover-property-results-propertyCard-Hotel-Sosei-Sapporo---Mgallery-Collection,"Sapporo, Japan",THE HOTEL COLLECTION,MGallery Collection,Program,43.0650191,141.3606067,"Higashi, Sapporo Factory West Hall, ３丁目 Kita 2 Jo, 中央区 札幌市 北海道 060-0032, Japan",google_places,PLACE_DETAILS,ChIJkznq1HYpC18RsMTLivJZVH4,establishment;lodging;point_of_interest,False,CACHED
"The Porter House Hotel Sydney, MGallery",https://www.americanexpress.com/en-us/travel/discover/property/Australia/Sydney/The-Porter-House-Hotel-Sydney-Mgallery?intlink=US-travel-discover-property-results-propertyCard-The-Porter-House-Hotel-Sydney-Mgallery,"Sydney, Australia",THE HOTEL COLLECTION,MGallery Collection,Program,-33.8741708,151.2087977,"203 Castlereagh St, Sydney NSW 2000, Australia",google_places,PLACE_DETAILS,ChIJM5trThKvEmsRpuDI3iEtXi8,establishment;lodging;point_of_interest,False,CACHED
Elkonin Tel Aviv Hotel - MGallery Collection,https://www.americanexpress.com/en-us/travel/discover/property/Israel/Tel-Aviv/Elkonin-Tel-Aviv-Hotel---Mgallery-Collection?intlink=US-travel-discover-property-results-propertyCard-Elkonin-Tel-Aviv-Hotel---Mgallery-Collection,"Tel Aviv, Israel",THE HOTEL COLLECTION,MGallery Collection,Program,32.0621645,34.768552,"Lilienblum St 9, Tel Aviv-Yafo, 6513113, Israel",google_places,PLACE_DETAILS,ChIJASei4n9NHRURCh_HhUvNxYo,establishment;food;lodging;point_of_interest;restaurant;spa,False,CACHED
Cures Marines Hotel & Spa Trouville MGallery Collection,https://www.americanexpress.com/en-us/travel/discover/property/France/Trouville-Sur-Mer/Cures-Marines-Hotel--Spa-Trouville-Mgallery-Collection?intlink=US-travel-discover-property-results-propertyCard-Cures-Marines-Hotel--Spa-Trouville-Mgallery-Collection,"Trouville Sur Mer, France",THE HOTEL COLLECTION,MGallery Collection,Program,49.3659656,0.078042,"Bd de la Cahotte, 14360 Trouville-sur-Mer, France",google_places,PLACE_DETAILS,ChIJn0WN3VIr4EcRdNpRjgFRy1Y,establishment;lodging;point_of_interest,False,CACHED
ARIA Resort & Casino,https://www.americanexpress.com/en-us/travel/discover/property/Nevada-US/Las-Vegas/Aria-Resort--Casino?intlink=US-travel-discover-property-results-propertyCard-Aria-Resort--Casino,"Las Vegas, Nevada US",THE HOTEL COLLECTION,MGM Resorts International,Program,36.1073702,-115.1767526,"3730 S Las Vegas Blvd, Las Vegas, NV 89158, USA",google_places,PLACE_DETAILS,ChIJhWQVHS7EyIARbwWzRC-I8y4,casino;establishment;lodging;point_of_interest,False,CACHED
Mandalay Bay Resort & Casino,https://www.americanexpress.com/en-us/travel/discover/property/Nevada-US/Las-Vegas/Mandalay-Bay-Resort--Casino?intlink=US-travel-discover-property-results-propertyCard-Mandalay-Bay-Resort--Casino,"Las Vegas, Nevada US",THE HOTEL COLLECTION,MGM Resorts International,Program,36.1036224,-115.1675744,"3799 S Las Vegas Blvd, Las Vegas, NV 89109, USA",google_places,PLACE_DETAILS,ChIJJQ6Ck8zFyIARfxB2vQVF2Z0,casino;establishment;lodging;point_of_interest,False,CACHED
MGM Grand Hotel & Casino,https://www.americanexpress.com/en-us/travel/discover/property/Nevada-US/Las-Vegas/Mgm-Grand-Hotel--Casino?intlink=US-travel-discover-property-results-propertyCard-Mgm-Grand-Hotel--Casino,"Las Vegas, Nevada US",THE HOTEL COLLECTION,MGM Resorts International,Program,36.1036224,-115.1675744,"3799 S Las Vegas Blvd, Las Vegas, NV 89109, USA",google_places,PLACE_DETAILS,ChIJJQ6Ck8zFyIARfxB2vQVF2Z0,casino;establishment;lodging;point_of_interest,False,CACHED
Park MGM Las Vegas,https://www.americanexpress.com/en-us/travel/discover/property/Nevada-US/Las-Vegas/Park-Mgm-Las-Vegas?intlink=US-travel-discover-property-results-propertyCard-Park-Mgm-Las-Vegas,"Las Vegas, Nevada US",THE HOTEL COLLECTION,MGM Resorts International,Program,36.1044046,-115.1766692,"3770 S Las Vegas Blvd, Las Vegas, NV 89109, USA",google_places,PLACE_DETAILS,ChIJnTYOcDLEyIARyBsR3myo3eI,casino;establishment;lodging;point_of_interest,False,CACHED
The Reserve at Park MGM,https://www.americanexpress.com/en-us/travel/discover/property/Nevada-US/Las-Vegas/The-Reserve-At-Park-Mgm?intlink=US-travel-discover-property-results-propertyCard-The-Reserve-At-Park-Mgm,"Las Vegas, Nevada US",THE HOTEL COLLECTION,MGM Resorts International,Program,36.1044046,-115.1766692,"3770 S Las Vegas Blvd, Las Vegas, NV 89109, USA",google_places,PLACE_DETAILS,ChIJnTYOcDLEyIARyBsR3myo3eI,casino;establishment;lodging;point_of_interest,False,CACHED
W Las Vegas,https://www.americanexpress.com/en-us/travel/discover/property/Nevada-US/Las-Vegas/W-Las-Vegas?intlink=US-travel-discover-property-results-propertyCard-W-Las-Vegas,"Las Vegas, Nevada US",THE HOTEL COLLECTION,MGM Resorts International,Program,36.1036224,-115.1675744,"3799 S Las Vegas Blvd, Las Vegas, NV 89109, USA",google_places,PLACE_DETAILS,ChIJJQ6Ck8zFyIARfxB2vQVF2Z0,casino;establishment;lodging;point_of_interest,False,CACHED
Mondrian Cannes,https://www.americanexpress.com/en-us/travel/discover/property/France/Cannes/Mondrian-Cannes?intlink=US-travel-discover-property-results-propertyCard-Mondrian-Cannes,"Cannes, France",THE HOTEL COLLECTION,Mondrian,Program,43.5511056,7.0247533,"45 Bd de la Croisette, 06400 Cannes, France",google_places,PLACE_DETAILS,ChIJ3b03vK-BzhIR4-kww0wCwDg,establishment;lodging;point_of_interest,False,CACHED
Mondrian Doha,https://www.americanexpress.com/en-us/travel/discover/property/Qatar/Doha/Mondrian-Doha?intlink=US-travel-discover-property-results-propertyCard-Mondrian-Doha,"Doha, Qatar",THE HOTEL COLLECTION,Mondrian,Program,25.3763701,51.52147859999999,"West Bay Lagoon, Doha, Qatar",google_places,PLACE_DETAILS,ChIJwZGl0CjDRT4RzUJqArbZwo0,establishment;lodging;point_of_interest,False,CACHED
Mondrian Hong Kong,https://www.americanexpress.com/en-us/travel/discover/property/China/Hong-Kong/Mondrian-Hong-Kong?intlink=US-travel-discover-property-results-propertyCard-Mondrian-Hong-Kong,"Hong Kong, China",THE HOTEL COLLECTION,Mondrian,Program,22.29772,114.17476,"8A Hart Ave, Tsim Sha Tsui, Hong Kong",google_places,PLACE_DETAILS,ChIJ81aqEO4ABDQRqIqSBPP--Yg,establishment;lodging;point_of_interest,False,CACHED
Mondrian Mexico City Condesa,https://www.americanexpress.com/en-us/travel/discover/property/Mexico-City-MX/Mexico-City/Mondrian-Mexico-City-Condesa?intlink=US-travel-discover-property-results-propertyCard-Mondrian-Mexico-City-Condesa,"Mexico City, Mexico City MX",THE HOTEL COLLECTION,Mondrian,Program,19.4078276,-99.1687242,"Aguascalientes 156, Colonia Condesa, Cuauhtémoc, 06100 Ciudad de México, CDMX, Mexico",google_places,PLACE_DETAILS,ChIJ1Qr-1aH_0YURK9bEfxCa9Ng,establishment;lodging;point_of_interest,False,CACHED
Mondrian Ibiza,https://www.americanexpress.com/en-us/travel/discover/property/Spain/Santa-Eulalia-del-Rio/Mondrian-Ibiza?intlink=US-travel-discover-property-results-propertyCard-Mondrian-Ibiza,"Santa Eulalia del Rio, Spain",THE HOTEL COLLECTION,Mondrian,Program,38.9539637,1.5206404,"Carrer de sa Talaia, 20, 07849 Cala Llonga, Illes Balears, Spain",google_places,PLACE_DETAILS,ChIJP-jlPGBBmRIRVgDY8IBkI1o,establishment;lodging;point_of_interest,False,CACHED
Mondrian Seoul Itaewon,https://www.americanexpress.com/en-us/travel/discover/property/South-Korea/Seoul/Mondrian-Seoul-Itaewon?intlink=US-travel-discover-property-results-propertyCard-Mondrian-Seoul-Itaewon,"Seoul, South Korea",THE HOTEL COLLECTION,Mondrian,Program,37.5285106,126.9931163,"23 Jangmun-ro, Yongsan District, Seoul, South Korea",google_places,PLACE_DETAILS,ChIJbbjhu1ijfDURyEhttIL8YIo,establishment;lodging;point_of_interest,False,CACHED
Mondrian Singapore Duxton,https://www.americanexpress.com/en-us/travel/discover/property/Singapore/Singapore/Mondrian-Singapore-Duxton?intlink=US-travel-discover-property-results-propertyCard-Mondrian-Singapore-Duxton,"Singapore, Singapore",THE HOTEL COLLECTION,Mondrian,Program,1.2787133,103.8426546,"16A Duxton Hl, 16A, Singapore 089970",google_places,PLACE_DETAILS,ChIJZVxhVDsZ2jERaRXJqklVqHI,establishment;lodging;point_of_interest,False,CACHED
NH Collection Barcelona Gran Hotel Calderon,https://www.americanexpress.com/en-us/travel/discover/property/Spain/Barcelona/Nh-Collection-Barcelona-Gran-Hotel-Calderon?intlink=US-travel-discover-property-results-propertyCard-Nh-Collection-Barcelona-Gran-Hotel-Calderon,"Barcelona, Spain",THE HOTEL COLLECTION,NH Collection Hotels,Program,41.3893025,2.16604,"Rambla de Catalunya, 26, Eixample, 08007 Barcelona, Spain",google_places,PLACE_DETAILS,ChIJCYJu6fKipBIRXT_peg0A9-8,establishment;lodging;point_of_interest,False,CACHED
NH Collection Villa de Bilbao,https://www.americanexpress.com/en-us/travel/discover/property/Spain/Bilbao/Nh-Collection-Villa-De-Bilbao?intlink=US-travel-discover-property-results-propertyCard-Nh-Collection-Villa-De-Bilbao,"Bilbao, Spain",THE HOTEL COLLECTION,NH Collection Hotels,Program,43.264975,-2.944575,"Diego Lopez Haroko Kale Nagusia, 87, Abando, 48011 Bilbao, Bizkaia, Spain",google_places,PLACE_DETAILS,ChIJrWoHrSVQTg0RZNNJkrVMGJY,establishment;lodging;point_of_interest,False,CACHED
NH Collection Brussels Grand Sablon,https://www.americanexpress.com/en-us/travel/discover/property/Belgium/Brussels/Nh-Collection-Brussels-Grand-Sablon?intlink=US-travel-discover-property-results-propertyCard-Nh-Collection-Brussels-Grand-Sablon,"Brussels, Belgium",THE HOTEL COLLECTION,NH Collection Hotels,Program,50.8409472,4.3559028,"Rue Bodenbroek 2, 1000 Bruxelles, Belgium",google_places,PLACE_DETAILS,ChIJv2q9vX3Ew0cRbvrOdGkUQr0,establishment;lodging;point_of_interest,False,CACHED
NH Collection Buenos Aires Jousten,https://www.americanexpress.com/en-us/travel/discover/property/Argentina/Buenos-Aires/Nh-Collection-Buenos-Aires-Jousten?intlink=US-travel-discover-property-results-propertyCard-Nh-Collection-Buenos-Aires-Jousten,"Buenos Aires, Argentina",THE HOTEL COLLECTION,NH Collection Hotels,Program,-34.603003,-58.370866,"Av. Corrientes 280, C1043AAP Cdad. Autónoma de Buenos Aires, Argentina",google_places,PLACE_DETAILS,ChIJk6q-xzI1o5URGxac3FQzIDM,establishment;lodging;point_of_interest,False,CACHED
NH Collection Copenhagen,https://www.americanexpress.com/en-us/travel/discover/property/Denmark/Copenhagen/Nh-Collection-Copenhagen?intlink=US-travel-discover-property-results-propertyCard-Nh-Collection-Copenhagen,"Copenhagen, Denmark",THE HOTEL COLLECTION,NH Collection Hotels,Program,55.67395,12.587911,"Strandgade 7, 1401 København, Denmark",google_places,PLACE_DETAILS,ChIJH10OMRJTUkYR2rq-pf_MlDs,establishment;lodging;point_of_interest,False,CACHED
NH Collection Ibiza,https://www.americanexpress.com/en-us/travel/discover/property/Spain/Eivissa/Nh-Collection-Ibiza?intlink=US-travel-discover-property-results-propertyCard-Nh-Collection-Ibiza,"Eivissa, Spain",THE HOTEL COLLECTION,NH Collection Hotels,Program,38.9172878,1.4382591,"Passeig Joan Carles I, 1, 07800 Eivissa, Illes Balears, Spain",google_places,PLACE_DETAILS,ChIJDTfX88lGmRIRLZ0oK602Nq8,establishment;lodging;point_of_interest,False,CACHED
"Porta Rossa Hotel Firenze, Colbert Collection",https://www.americanexpress.com/en-us/travel/discover/property/Italy/Florence/Porta-Rossa-Hotel-Firenze-Colbert-Collection?intlink=US-travel-discover-property-results-propertyCard-Porta-Rossa-Hotel-Firenze-Colbert-Collection,"Florence, Italy",THE HOTEL COLLECTION,NH Collection Hotels,Program,43.7701176,11.2519848,"Via Porta Rossa, 19, 50123 Firenze FI, Italy",google_places,PLACE_DETAILS,ChIJYdW_LABUKhMRAUMUVqfxIZw,establishment;lodging;point_of_interest,False,CACHED
Avani Frankfurt City,https://www.americanexpress.com/en-us/travel/discover/property/Germany/Frankfurt/Avani-Frankfurt-City?intlink=US-travel-discover-property-results-propertyCard-Avani-Frankfurt-City,"Frankfurt, Germany",THE HOTEL COLLECTION,NH Collection Hotels,Program,50.11728,8.687249999999999,"Vilbeler Straße 2, 60313 Frankfurt am Main, Germany",google_places,PLACE_DETAILS,ChIJ7_5FPLsOvUcRJVe1_SqWgoo,establishment;lodging;point_of_interest,False,CACHED
NH Collection Frankfurt Spin Tower,https://www.americanexpress.com/en-us/travel/discover/property/Germany/Frankfurt/Nh-Collection-Frankfurt-Spin-Tower?intlink=US-travel-discover-property-results-propertyCard-Nh-Collection-Frankfurt-Spin-Tower,"Frankfurt, Germany",THE HOTEL COLLECTION,NH Collection Hotels,Program,50.10771,8.65519,"Güterpl. 1, 60327 Frankfurt am Main, Germany",google_places,PLACE_DETAILS,ChIJI-e4gTELvUcRt8sfuQ-YZrE,establishment;lodging;point_of_interest,False,CACHED
NH Collection Gent,https://www.americanexpress.com/en-us/travel/discover/property/Belgium/Gent/Nh-Collection-Gent?intlink=US-travel-discover-property-results-propertyCard-Nh-Collection-Gent,"Gent, Belgium",THE HOTEL COLLECTION,NH Collection Hotels,Program,51.05474900000001,3.725495,"Hoogpoort 63, 9000 Gent, Belgium",google_places,PLACE_DETAILS,ChIJx_yfTEZxw0cRMvSYNiMm8oM,establishment;lodging;point_of_interest,False,CACHED
NH Collection Guadalajara,https://www.americanexpress.com/en-us/travel/discover/property/Jalisco-MX/Guadalajara/Nh-Collection-Guadalajara?intlink=US-travel-discover-property-results-propertyCard-Nh-Collection-Guadalajara,"Guadalajara, Jalisco MX",THE HOTEL COLLECTION,NH Collection Hotels,Program,20.7016847,-103.3765005,"São Paulo 2334, Providencia, 44630 Guadalajara, Jal., Mexico",google_places,PLACE_DETAILS,ChIJiV5E2zauKIQRuJ7izp4_oOY,establishment;lodging;point_of_interest,False,CACHED
NH Collection Helsinki Grand Hansa,https://www.americanexpress.com/en-us/travel/discover/property/Finland/Helsinki/Nh-Collection-Helsinki-Grand-Hansa?intlink=US-travel-discover-property-results-propertyCard-Nh-Collection-Helsinki-Grand-Hansa,"Helsinki, Finland",THE HOTEL COLLECTION,NH Collection Hotels,Program,60.1692853,24.9402958,"Mannerheimintie 5, 00100 Helsinki, Finland",google_places,PLACE_DETAILS,ChIJt6Y20P4LkkYR455vBeIGDZw,establishment;lodging;point_of_interest,False,CACHED
NH Collection Madrid Palacio de Tepa,https://www.americanexpress.com/en-us/travel/discover/property/Spain/Madrid/Nh-Collection-Madrid-Palacio-De-Tepa?intlink=US-travel-discover-property-results-propertyCard-Nh-Collection-Madrid-Palacio-De-Tepa,"Madrid, Spain",THE HOTEL COLLECTION,NH Collection Hotels,Program,40.413835,-3.701617,"C. de San Sebastián, 2, Centro, 28012 Madrid, Spain",google_places,PLACE_DETAILS,ChIJxw_vPYAoQg0RpusVRzoPyuQ,establishment;lodging;point_of_interest,False,CACHED
NH Collection Munchen Bavaria,https://www.americanexpress.com/en-us/travel/discover/property/Germany/Munich/Nh-Collection-Munchen-Bavaria?intlink=US-travel-discover-property-results-propertyCard-Nh-Collection-Munchen-Bavaria,"Munich, Germany",THE HOTEL COLLECTION,NH Collection Hotels,Program,48.141604,11.560147,"Arnulfstraße 2, 80335 München, Germany",google_places,PLACE_DETAILS,ChIJw9w80_t1nkcRfoGstZfgt4k,establishment;lodging;point_of_interest,False,CACHED
NH Collection Porto Batalha,https://www.americanexpress.com/en-us/travel/discover/property/Portugal/Porto/Nh-Collection-Porto-Batalha?intlink=US-travel-discover-property-results-propertyCard-Nh-Collection-Porto-Batalha,"Porto, Portugal",THE HOTEL COLLECTION,NH Collection Hotels,Program,41.1450452,-8.6065727,"Praça da Batalha 60, 4000-171 Porto, Portugal",google_places,PLACE_DETAILS,ChIJnY_PxeVkJA0RfmJ6XjOpHOU,establishment;lodging;point_of_interest,False,CACHED
NH Collection Prague Carlo IV,https://www.americanexpress.com/en-us/travel/discover/property/Czech-Republic/Prague/Nh-Collection-Prague-Carlo-Iv?intlink=US-travel-discover-property-results-propertyCard-Nh-Collection-Prague-Carlo-Iv,"Prague, Czech Republic",THE HOTEL COLLECTION,NH Collection Hotels,Program,50.086599,14.433888,"Senovážné nám. 13/991, Nové Město, 110 00 Praha-Praha 1, Czechia",google_places,PLACE_DETAILS,ChIJK6TBkhCVC0cR0sz-CEYoqjE,establishment;lodging;point_of_interest,False,PLACES:NH Collection Prague Carlo IV NH Collection Hotels Hotel
NH Collection Royal Quito,https://www.americanexpress.com/en-us/travel/discover/property/Ecuador/Quito/Nh-Collection-Royal-Quito?intlink=US-travel-discover-property-results-propertyCard-Nh-Collection-Royal-Quito,"Quito, Ecuador",THE HOTEL COLLECTION,NH Collection Hotels,Program,-0.2052995,-78.4848863,"Luis Cordero 444, Quito 170143, Ecuador",google_places,PLACE_DETAILS,ChIJzTgymA2a1ZERtzmdspa44sg,establishment;lodging;point_of_interest,False,CACHED
NH Collection Fori Imperiali,https://www.americanexpress.com/en-us/travel/discover/property/Italy/Rome/Nh-Collection-Fori-Imperiali?intlink=US-travel-discover-property-results-propertyCard-Nh-Collection-Fori-Imperiali,"Rome, Italy",THE HOTEL COLLECTION,NH Collection Hotels,Program,41.8961373,12.484797,"Via di S. Eufemia, 19, 00187 Roma RM, Italy",google_places,PLACE_DETAILS,ChIJ6weMmo5hLxMRWK7vkBGv75o,establishment;lodging;point_of_interest,False,CACHED
NH Collection Roma Giustiniano,https://www.americanexpress.com/en-us/travel/discover/property/Italy/Rome/Nh-Collection-Roma-Giustiniano?intlink=US-travel-discover-property-results-propertyCard-Nh-Collection-Roma-Giustiniano,"Rome, Italy",THE HOTEL COLLECTION,NH Collection Hotels,Program,41.9069303,12.4656925,"Via Virgilio, 1 E/F/G, 00193 Roma RM, Italy",google_places,PLACE_DETAILS,ChIJlXhv215gLxMRqdJdqrFjI_4,establishment;lodging;point_of_interest,False,CACHED
NH Collection Rome Palazzo Cinquecento,https://www.americanexpress.com/en-us/travel/discover/property/Italy/Rome/Nh-Collection-Rome-Palazzo-Cinquecento?intlink=US-travel-discover-property-results-propertyCard-Nh-Collection-Rome-Palazzo-Cinquecento,"Rome, Italy",THE HOTEL COLLECTION,NH Collection Hotels,Program,41.9025231,12.5016612,"Piazza dei Cinquecento, 90, 00185 Roma RM, Italy",google_places,PLACE_DETAILS,ChIJHaDeGKRhLxMRleqtldzTYOQ,establishment;lodging;point_of_interest,False,CACHED
nhow Rotterdam,https://www.americanexpress.com/en-us/travel/discover/property/Netherlands/Rotterdam/Nhow-Rotterdam?intlink=US-travel-discover-property-results-propertyCard-Nhow-Rotterdam,"Rotterdam, Netherlands",THE HOTEL COLLECTION,NH Collection Hotels,Program,51.907017,4.488659,"Wilhelminakade 137, 3072 AP Rotterdam, Netherlands",google_places,PLACE_DETAILS,ChIJfdhKhm8zxEcRq3tEphMGXvI,establishment;lodging;point_of_interest,False,CACHED
NH Collection San Sebastian Aranzazu,https://www.americanexpress.com/en-us/travel/discover/property/Spain/San-Sebastian/Nh-Collection-San-Sebastian-Aranzazu?intlink=US-travel-discover-property-results-propertyCard-Nh-Collection-San-Sebastian-Aranzazu,"San Sebastian, Spain",THE HOTEL COLLECTION,NH Collection Hotels,Program,43.312891,-2.007086,"Vitoria-Gasteiz Kalea, 1, 20018 Donostia / San Sebastián, Gipuzkoa, Spain",google_places,PLACE_DETAILS,ChIJfc7-GaC6UQ0R5c72z17Kejc,establishment;lodging;point_of_interest,False,CACHED
NH Collection Plaza Santiago,https://www.americanexpress.com/en-us/travel/discover/property/Chile/Santiago/Nh-Collection-Plaza-Santiago?intlink=US-travel-discover-property-results-propertyCard-Nh-Collection-Plaza-Santiago,"Santiago, Chile",THE HOTEL COLLECTION,NH Collection Hotels,Program,-33.416844,-70.60485,"Av Vitacura 2610, 7550098 Santiago, Las Condes, Región Metropolitana, Chile",google_places,PLACE_DETAILS,ChIJSX3UCULPYpYRL0xK_9HOOjI,establishment;lodging;point_of_interest,False,CACHED
NH Collection Taormina,https://www.americanexpress.com/en-us/travel/discover/property/Italy/Taormina/Nh-Collection-Taormina?intlink=US-travel-discover-property-results-propertyCard-Nh-Collection-Taormina,"Taormina, Italy",THE HOTEL COLLECTION,NH Collection Hotels,Program,37.85367,15.287338,"Via Circonvallazione, 11, 98039 Taormina ME, Italy",google_places,PLACE_DETAILS,ChIJOzUsvKERFBMR02a3sLut-Uw,establishment;lodging;point_of_interest,False,CACHED
NH Collection Valencia Colon,https://www.americanexpress.com/en-us/travel/discover/property/Spain/Valencia/Nh-Collection-Valencia-Colon?intlink=US-travel-discover-property-results-propertyCard-Nh-Collection-Valencia-Colon,"Valencia, Spain",THE HOTEL COLLECTION,NH Collection Hotels,Program,39.4684428,-0.3725369,"Carrer de Colón, 32, L'Eixample, 46004 València, Valencia, Spain",google_places,PLACE_DETAILS,ChIJdZQNWLRIYA0R_KHzMUQ2_DM,establishment;lodging;point_of_interest,False,CACHED
NH Collection Murano Villa,https://www.americanexpress.com/en-us/travel/discover/property/Italy/Venice/Nh-Collection-Murano-Villa?intlink=US-travel-discover-property-results-propertyCard-Nh-Collection-Murano-Villa,"Venice, Italy",THE HOTEL COLLECTION,NH Collection Hotels,Program,45.4565878,12.3574361,"Fondamenta Andrea Navagero, 29, 30141 Venezia VE, Italy",google_places,PLACE_DETAILS,ChIJk7GZwvOvfkcR-e_KX4PeXBw,establishment;lodging;point_of_interest,False,CACHED
NH Collection Venice Grand Hotel Palazzo Dei Dogi,https://www.americanexpress.com/en-us/travel/discover/property/Italy/Venice/Nh-Collection-Venice-Grand-Hotel-Palazzo-Dei-Dogi?intlink=US-travel-discover-property-results-propertyCard-Nh-Collection-Venice-Grand-Hotel-Palazzo-Dei-Dogi,"Venice, Italy",THE HOTEL COLLECTION,NH Collection Hotels,Program,45.446729,12.331022,"Fondamenta Madona de l'Orto, 3500, 30121 Venezia VE, Italy",google_places,PLACE_DETAILS,ChIJd5Lgt-mxfkcRk9S2dknzR84,establishment;lodging;point_of_interest,False,CACHED
NH Collection Palazzo Verona,https://www.americanexpress.com/en-us/travel/discover/property/Italy/Verona/Nh-Collection-Palazzo-Verona?intlink=US-travel-discover-property-results-propertyCard-Nh-Collection-Palazzo-Verona,"Verona, Italy",THE HOTEL COLLECTION,NH Collection Hotels,Program,45.4424603,10.9937148,"Via Adua, 6, 37121 Verona VR, Italy",google_places,PLACE_DETAILS,ChIJudqV4U5ff0cRhw0MXAltuW8,establishment;lodging;point_of_interest,False,CACHED
Corazon Cabo Resort and Spa,https://www.americanexpress.com/en-us/travel/discover/property/Baja-California-Sur-MX/Cabo-San-Lucas/Corazon-Cabo-Resort-And-Spa?intlink=US-travel-discover-property-results-propertyCard-Corazon-Cabo-Resort-And-Spa,"Cabo San Lucas, Baja California Sur MX",THE HOTEL COLLECTION,Noble House Hotels & Resorts,Program,22.8872517,-109.9066858,"Pelicanos 225, El Medano Ejidal, 23453 Cabo San Lucas, B.C.S., Mexico",google_places,PLACE_DETAILS,ChIJo7JWI-NKr4YRnAUcTj4vhvQ,establishment;lodging;point_of_interest,False,CACHED
Pelican Grand Beach Resort,https://www.americanexpress.com/en-us/travel/discover/property/Florida-US/Fort-Lauderdale/Pelican-Grand-Beach-Resort?intlink=US-travel-discover-property-results-propertyCard-Pelican-Grand-Beach-Resort,"Fort Lauderdale, Florida US",THE HOTEL COLLECTION,Noble House Hotels & Resorts,Program,26.153842,-80.1007462,"2000 N Ocean Blvd, Fort Lauderdale, FL 33305, USA",google_places,PLACE_DETAILS,ChIJB0cneeEB2YgR-eiGy7c_kkU,establishment;lodging;point_of_interest,False,CACHED
Jekyll Island Club,https://www.americanexpress.com/en-us/travel/discover/property/Georgia-US/Jekyll-Island/Jekyll-Island-Club?intlink=US-travel-discover-property-results-propertyCard-Jekyll-Island-Club,"Jekyll Island, Georgia US",THE HOTEL COLLECTION,Noble House Hotels & Resorts,Program,31.03371899999999,-81.41607599999999,"200 S Beachview Dr, Jekyll Island, GA 31527, USA",google_places,PLACE_DETAILS,ChIJ92X8ADDc5IgRXlbpalSderI,establishment;lodging;point_of_interest,False,CACHED
Jekyll Ocean Club,https://www.americanexpress.com/en-us/travel/discover/property/Georgia-US/Jekyll-Island/Jekyll-Ocean-Club?intlink=US-travel-discover-property-results-propertyCard-Jekyll-Ocean-Club,"Jekyll Island, Georgia US",THE HOTEL COLLECTION,Noble House Hotels & Resorts,Program,31.03371899999999,-81.41607599999999,"200 S Beachview Dr, Jekyll Island, GA 31527, USA",google_places,PLACE_DETAILS,ChIJ92X8ADDc5IgRXlbpalSderI,establishment;lodging;point_of_interest,False,CACHED
Ocean Key Resort and Spa,https://www.americanexpress.com/en-us/travel/discover/property/Florida-US/Key-West/Ocean-Key-Resort-And-Spa?intlink=US-travel-discover-property-results-propertyCard-Ocean-Key-Resort-And-Spa,"Key West, Florida US",THE HOTEL COLLECTION,Noble House Hotels & Resorts,Program,24.5606141,-81.8071022,"0 Duval St, Key West, FL 33040, USA",google_places,PLACE_DETAILS,ChIJB9_ik-y20YgRnjquCInfRD0,establishment;lodging;point_of_interest,False,CACHED
Inn on Fifth,https://www.americanexpress.com/en-us/travel/discover/property/Florida-US/Naples/Inn-On-Fifth?intlink=US-travel-discover-property-results-propertyCard-Inn-On-Fifth,"Naples, Florida US",THE HOTEL COLLECTION,Noble House Hotels & Resorts,Program,26.1416953,-81.7978688,"699 5th Ave S, Naples, FL 34102, USA",google_places,PLACE_DETAILS,ChIJz3AX_p7h2ogRO0n2eVlAWTs,establishment;lodging;point_of_interest,False,CACHED
LaPlaya Beach and Golf Resort,https://www.americanexpress.com/en-us/travel/discover/property/Florida-US/Naples/Laplaya-Beach-And-Golf-Resort?intlink=US-travel-discover-property-results-propertyCard-Laplaya-Beach-And-Golf-Resort,"Naples, Florida US",THE HOTEL COLLECTION,Noble House Hotels & Resorts,Program,26.2610472,-81.8243509,"9891 Gulf Shore Dr, Naples, FL 34108, USA",google_places,PLACE_DETAILS,ChIJMdTE7yAf24gRwuFSZ2wo87w,establishment;lodging;point_of_interest,False,CACHED
The Portofino Hotel and Marina,https://www.americanexpress.com/en-us/travel/discover/property/California-US/Redondo-Beach/The-Portofino-Hotel-And-Marina?intlink=US-travel-discover-property-results-propertyCard-The-Portofino-Hotel-And-Marina,"Redondo Beach, California US",THE HOTEL COLLECTION,Noble House Hotels & Resorts,Program,33.8454878,-118.3974902,"260 Portofino Way, Redondo Beach, CA 90277, USA",google_places,PLACE_DETAILS,ChIJOWA1JF6zwoARh74VizTM6bg,establishment;lodging;point_of_interest,False,CACHED
Kona Kai San Diego Resort,https://www.americanexpress.com/en-us/travel/discover/property/California-US/San-Diego/Kona-Kai-San-Diego-Resort?intlink=US-travel-discover-property-results-propertyCard-Kona-Kai-San-Diego-Resort,"San Diego, California US",THE HOTEL COLLECTION,Noble House Hotels & Resorts,Program,32.7093498,-117.2320611,"1551 Shelter Island Dr, San Diego, CA 92106, USA",google_places,PLACE_DETAILS,ChIJh9BCkZqr3oARyJuxNCxr0T4,establishment;lodging;point_of_interest,False,CACHED
Argonaut Hotel,https://www.americanexpress.com/en-us/travel/discover/property/California-US/San-Francisco/Argonaut-Hotel?intlink=US-travel-discover-property-results-propertyCard-Argonaut-Hotel,"San Francisco, California US",THE HOTEL COLLECTION,Noble House Hotels & Resorts,Program,37.8075184,-122.4203909,"495 Jefferson St, San Francisco, CA 94109, USA",google_places,PLACE_DETAILS,ChIJJ__3qOGAhYAR1YzR-QVD4WY,establishment;lodging;point_of_interest,False,CACHED
The Edgewater,https://www.americanexpress.com/en-us/travel/discover/property/Washington-US/Seattle/The-Edgewater?intlink=US-travel-discover-property-results-propertyCard-The-Edgewater,"Seattle, Washington US",THE HOTEL COLLECTION,Noble House Hotels & Resorts,Program,47.6123593,-122.3522372,"2411 Alaskan Wy Pier 67, Seattle, WA 98121, USA",google_places,PLACE_DETAILS,ChIJhdZMaVIVkFQR2USwWqzU5bA,establishment;lodging;point_of_interest,False,CACHED
Hotel Terra Jackson Hole,https://www.americanexpress.com/en-us/travel/discover/property/Wyoming-US/Teton-Village/Hotel-Terra-Jackson-Hole?intlink=US-travel-discover-property-results-propertyCard-Hotel-Terra-Jackson-Hole,"Teton Village, Wyoming US",THE HOTEL COLLECTION,Noble House Hotels & Resorts,Program,43.5865582,-110.8288415,"3335 Village Dr, Teton Village, WY 83025, USA",google_places,PLACE_DETAILS,ChIJAbGhEtcFU1MRY3-UxWs98i4,establishment;lodging;point_of_interest,False,CACHED
Teton Mountain Lodge and Spa,https://www.americanexpress.com/en-us/travel/discover/property/Wyoming-US/Teton-Village/Teton-Mountain-Lodge-And-Spa?intlink=US-travel-discover-property-results-propertyCard-Teton-Mountain-Lodge-And-Spa,"Teton Village, Wyoming US",THE HOTEL COLLECTION,Noble House Hotels & Resorts,Program,43.589801,-110.826799,"7680 Granite Loop Rd, Teton Village, WY 83025, USA",google_places,PLACE_DETAILS,ChIJ5b3HFNYFU1MRZs4NFlgaX8A,establishment;health;lodging;point_of_interest;spa,False,CACHED
Omni Amelia Island Resort,https://www.americanexpress.com/en-us/travel/discover/property/Florida-US/Amelia-Island/Omni-Amelia-Island-Resort?intlink=US-travel-discover-property-results-propertyCard-Omni-Amelia-Island-Resort,"Amelia Island, Florida US",THE HOTEL COLLECTION,Omni Hotels & Resorts,Program,30.5548859,-81.4449396,"39 Beach Lagoon Rd, Fernandina Beach, FL 32034, USA",google_places,PLACE_DETAILS,ChIJIU_PARFU5IgR1BUK642d7Xc,establishment;lodging;point_of_interest,False,CACHED
The Omni Grove Park Inn Resort and Spa,https://www.americanexpress.com/en-us/travel/discover/property/North-Carolina-US/Asheville/The-Omni-Grove-Park-Inn-Resort-And-Spa?intlink=US-travel-discover-property-results-propertyCard-The-Omni-Grove-Park-Inn-Resort-And-Spa,"Asheville, North Carolina US",THE HOTEL COLLECTION,Omni Hotels & Resorts,Program,35.62063759999999,-82.54229769999999,"290 Macon Ave, Asheville, NC 28804, USA",google_places,PLACE_DETAILS,ChIJnUqFRMD0WYgRpRODdtBy5Gc,establishment;lodging;point_of_interest,False,CACHED
Omni Hotel at The Battery Atlanta,https://www.americanexpress.com/en-us/travel/discover/property/Georgia-US/Atlanta/Omni-Hotel-At-The-Battery-Atlanta?intlink=US-travel-discover-property-results-propertyCard-Omni-Hotel-At-The-Battery-Atlanta,"Atlanta, Georgia US",THE HOTEL COLLECTION,Omni Hotels & Resorts,Program,33.8894393,-84.4676812,"2625 Cir 75 Pkwy SE, Atlanta, GA 30339, USA",google_places,PLACE_DETAILS,ChIJ9ZhAS1AQ9YgRbVVkos3LBUU,establishment;lodging;point_of_interest,False,CACHED
Omni Austin Hotel Downtown,https://www.americanexpress.com/en-us/travel/discover/property/Texas-US/Austin/Omni-Austin-Hotel-Downtown?intlink=US-travel-discover-property-results-propertyCard-Omni-Austin-Hotel-Downtown,"Austin, Texas US",THE HOTEL COLLECTION,Omni Hotels & Resorts,Program,30.268867,-97.740425,"700 San Jacinto At, E 8th St, Austin, TX 78701, USA",google_places,PLACE_DETAILS,ChIJA_kgPKe1RIYRKianXVVflKo,establishment;lodging;point_of_interest,False,CACHED
Omni Barton Creek Resort,https://www.americanexpress.com/en-us/travel/discover/property/Texas-US/Austin/Omni-Barton-Creek-Resort?intlink=US-travel-discover-property-results-propertyCard-Omni-Barton-Creek-Resort,"Austin, Texas US",THE HOTEL COLLECTION,Omni Hotels & Resorts,Program,30.291258,-97.8583,"8212 Barton Club Dr, Austin, TX 78735, USA",google_places,PLACE_DETAILS,ChIJTxUL5_c1W4YRwUFv11WTBzA,establishment;lodging;point_of_interest,False,CACHED
Omni Bedford Springs Resort and Spa,https://www.americanexpress.com/en-us/travel/discover/property/Pennsylvania-US/Bedford/Omni-Bedford-Springs-Resort-And-Spa?intlink=US-travel-discover-property-results-propertyCard-Omni-Bedford-Springs-Resort-And-Spa,"Bedford, Pennsylvania US",THE HOTEL COLLECTION,Omni Hotels & Resorts,Program,39.9964376,-78.5077549,"2198 Sweet Root Rd, Bedford, PA 15522, USA",google_places,PLACE_DETAILS,ChIJjdSUKTpSyokRpw17Aj9OFZ8,establishment;lodging;point_of_interest,False,CACHED
Omni Boston Hotel at the Seaport,https://www.americanexpress.com/en-us/travel/discover/property/Massachusetts-US/Boston/Omni-Boston-Hotel-At-The-Seaport?intlink=US-travel-discover-property-results-propertyCard-Omni-Boston-Hotel-At-The-Seaport,"Boston, Massachusetts US",THE HOTEL COLLECTION,Omni Hotels & Resorts,Program,42.3470497,-71.0421624,"450 Summer St, Boston, MA 02210, USA",google_places,PLACE_DETAILS,ChIJzS6jes1744kRN-ZVC0NAV8U,establishment;lodging;point_of_interest,False,CACHED
Omni Parker House,https://www.americanexpress.com/en-us/travel/discover/property/Massachusetts-US/Boston/Omni-Parker-House?intlink=US-travel-discover-property-results-propertyCard-Omni-Parker-House,"Boston, Massachusetts US",THE HOTEL COLLECTION,Omni Hotels & Resorts,Program,42.3577637,-71.06010599999999,"60 School St, Boston, MA 02108, USA",google_places,PLACE_DETAILS,ChIJoZacmYRw44kRz81praiJwLI,establishment;lodging;point_of_interest,False,CACHED
Omni Mount Washington Resort and Spa,https://www.americanexpress.com/en-us/travel/discover/property/New-Hampshire-US/Bretton-Woods/Omni-Mount-Washington-Resort-And-Spa?intlink=US-travel-discover-property-results-propertyCard-Omni-Mount-Washington-Resort-And-Spa,"Bretton Woods, New Hampshire US",THE HOTEL COLLECTION,Omni Hotels & Resorts,Program,44.2573768,-71.4395591,"310 Mount Washington Hotel Rd, Bretton Woods, NH 03575, USA",google_places,PLACE_DETAILS,ChIJexo-vWues0wRK_ihq2Nggk4,establishment;food;lodging;point_of_interest;restaurant;spa;tourist_attraction,False,CACHED
Omni Interlocken,https://www.americanexpress.com/en-us/travel/discover/property/Colorado-US/Broomfield/Omni-Interlocken?intlink=US-travel-discover-property-results-propertyCard-Omni-Interlocken,"Broomfield, Colorado US",THE HOTEL COLLECTION,Omni Hotels & Resorts,Program,39.9275466,-105.1186476,"500 Interlocken Blvd, Broomfield, CO 80021, USA",google_places,PLACE_DETAILS,ChIJYRa06HuLa4cRYYkN5d2d0bk,establishment;lodging;point_of_interest,False,CACHED
Omni La Costa Resort & Spa,https://www.americanexpress.com/en-us/travel/discover/property/California-US/Carlsbad/Omni-La-Costa-Resort--Spa?intlink=US-travel-discover-property-results-propertyCard-Omni-La-Costa-Resort--Spa,"Carlsbad, California US",THE HOTEL COLLECTION,Omni Hotels & Resorts,Program,33.0921088,-117.2647212,"2100 Costa Del Mar Rd, Carlsbad, CA 92009, USA",google_places,PLACE_DETAILS,ChIJ2WHJUKcM3IARhsdTHpXr1Rg,establishment;lodging;point_of_interest;spa,False,CACHED
Omni Orlando Resort at Championsgate,https://www.americanexpress.com/en-us/travel/discover/property/Florida-US/Championsgate/Omni-Orlando-Resort-At-Championsgate?intlink=US-travel-discover-property-results-propertyCard-Omni-Orlando-Resort-At-Championsgate,"Championsgate, Florida US",THE HOTEL COLLECTION,Omni Hotels & Resorts,Program,28.2618097,-81.62709319999999,"1500 Masters Blvd, Championsgate, FL 33896, USA",google_places,PLACE_DETAILS,ChIJtdT-ATl63YgRVrvPfarcWHU,establishment;lodging;point_of_interest,False,CACHED
Omni Charlotte Hotel,https://www.americanexpress.com/en-us/travel/discover/property/North-Carolina-US/Charlotte/Omni-Charlotte-Hotel?intlink=US-travel-discover-property-results-propertyCard-Omni-Charlotte-Hotel,"Charlotte, North Carolina US",THE HOTEL COLLECTION,Omni Hotels & Resorts,Program,35.2265484,-80.8426556,"132 E Trade St, Charlotte, NC 28202, USA",google_places,PLACE_DETAILS,ChIJk2CotiSgVogRcVR-x9bwl68,establishment;lodging;point_of_interest,False,CACHED
Omni Charlottesville Hotel,https://www.americanexpress.com/en-us/travel/discover/property/Virginia-US/Charlottesville/Omni-Charlottesville-Hotel?intlink=US-travel-discover-property-results-propertyCard-Omni-Charlottesville-Hotel,"Charlottesville, Virginia US",THE HOTEL COLLECTION,Omni Hotels & Resorts,Program,38.0313879,-78.48387679999999,"212 Ridge McIntire Rd, Charlottesville, VA 22903, USA",google_places,PLACE_DETAILS,ChIJ5yKlCCWGs4kRouLz0Yayj3E,establishment;lodging;point_of_interest,False,CACHED
"Omni Dallas Hotel, Downtown",https://www.americanexpress.com/en-us/travel/discover/property/Texas-US/Dallas/Omni-Dallas-Hotel-Downtown?intlink=US-travel-discover-property-results-propertyCard-Omni-Dallas-Hotel-Downtown,"Dallas, Texas US",THE HOTEL COLLECTION,Omni Hotels & Resorts,Program,32.775117,-96.80429409999999,"555 S Lamar St, Dallas, TX 75202, USA",google_places,PLACE_DETAILS,ChIJpd-cqxCZToYR5_W8NBXdULQ,establishment;lodging;point_of_interest,False,CACHED
Omni Fort Lauderdale,https://www.americanexpress.com/en-us/travel/discover/property/Florida-US/Fort-Lauderdale/Omni-Fort-Lauderdale?intlink=US-travel-discover-property-results-propertyCard-Omni-Fort-Lauderdale,"Fort Lauderdale, Florida US",THE HOTEL COLLECTION,Omni Hotels & Resorts,Program,26.1285006,-80.1041804,"401 N Fort Lauderdale Beach Blvd, Fort Lauderdale, FL 33304, USA",google_places,PLACE_DETAILS,ChIJGUenndMB2YgRXAv5v3k3YPg,establishment;lodging;point_of_interest,False,CACHED
Omni Fort Worth Hotel,https://www.americanexpress.com/en-us/travel/discover/property/Texas-US/Fort-Worth/Omni-Fort-Worth-Hotel?intlink=US-travel-discover-property-results-propertyCard-Omni-Fort-Worth-Hotel,"Fort Worth, Texas US",THE HOTEL COLLECTION,Omni Hotels & Resorts,Program,32.748526,-97.32834899999999,"1300 Houston St, Fort Worth, TX 76102, USA",google_places,PLACE_DETAILS,ChIJqerq3RRxToYRSfX94bvKQiI,establishment;lodging;point_of_interest,False,CACHED
Omni Frisco Hotel at The Star,https://www.americanexpress.com/en-us/travel/discover/property/Texas-US/Frisco/Omni-Frisco-Hotel-At-The-Star?intlink=US-travel-discover-property-results-propertyCard-Omni-Frisco-Hotel-At-The-Star,"Frisco, Texas US",THE HOTEL COLLECTION,Omni Hotels & Resorts,Program,33.1095886,-96.8276815,"11 Cowboys Way, Frisco, TX 75034, USA",google_places,PLACE_DETAILS,ChIJNddZUoQ8TIYRuTLLsMU4SrY,establishment;lodging;point_of_interest,False,CACHED
Omni PGA Frisco Resort,https://www.americanexpress.com/en-us/travel/discover/property/Texas-US/Frisco/Omni-Pga-Frisco-Resort?intlink=US-travel-discover-property-results-propertyCard-Omni-Pga-Frisco-Resort,"Frisco, Texas US",THE HOTEL COLLECTION,Omni Hotels & Resorts,Program,33.2130025,-96.8493623,"4341 PGA Pkwy, Frisco, TX 75033, USA",google_places,PLACE_DETAILS,ChIJF7qogBI5TIYRLhiY1oy11f0,establishment;lodging;point_of_interest,False,CACHED
Omni Hilton Head Oceanfront Resort,https://www.americanexpress.com/en-us/travel/discover/property/South-Carolina-US/Hilton-Head-Island/Omni-Hilton-Head-Oceanfront-Resort?intlink=US-travel-discover-property-results-propertyCard-Omni-Hilton-Head-Oceanfront-Resort,"Hilton Head Island, South Carolina US",THE HOTEL COLLECTION,Omni Hotels & Resorts,Program,32.162669,-80.72223760000001,"23 Ocean Ln, Hilton Head Island, SC 29928, USA",google_places,PLACE_DETAILS,ChIJHzqd9Cd6_IgRgyiQY9y6LT4,establishment;lodging;point_of_interest,False,CACHED
The Omni Homestead Resort and Spa,https://www.americanexpress.com/en-us/travel/discover/property/Virginia-US/Hot-Springs/The-Omni-Homestead-Resort-And-Spa?intlink=US-travel-discover-property-results-propertyCard-The-Omni-Homestead-Resort-And-Spa,"Hot Springs, Virginia US",THE HOTEL COLLECTION,Omni Hotels & Resorts,Program,37.99712359999999,-79.8302696,"7696 Sam Snead Hwy, Hot Springs, VA 24445, USA",google_places,PLACE_DETAILS,ChIJ49sjWSuRTIgRxOPHqI6dDJQ,establishment;lodging;point_of_interest,False,CACHED
Omni Houston Hotel,https://www.americanexpress.com/en-us/travel/discover/property/Texas-US/Houston/Omni-Houston-Hotel?intlink=US-travel-discover-property-results-propertyCard-Omni-Houston-Hotel,"Houston, Texas US",THE HOTEL COLLECTION,Omni Hotels & Resorts,Program,29.7613035,-95.4593725,"4 Riverway Dr, Houston, TX 77056, USA",google_places,PLACE_DETAILS,ChIJ01CO_UjBQIYRkIIPxqlpUoU,establishment;lodging;point_of_interest,False,CACHED
Omni Las Colinas Hotel,https://www.americanexpress.com/en-us/travel/discover/property/Texas-US/Irving/Omni-Las-Colinas-Hotel?intlink=US-travel-discover-property-results-propertyCard-Omni-Las-Colinas-Hotel,"Irving, Texas US",THE HOTEL COLLECTION,Omni Hotels & Resorts,Program,32.8676779,-96.9378491,"221 Las Colinas Blvd E, Irving, TX 75039, USA",google_places,PLACE_DETAILS,ChIJGTOa4r6CToYRcxo6BG7dDr4,establishment;lodging;point_of_interest,False,CACHED
Omni Louisville Hotel,https://www.americanexpress.com/en-us/travel/discover/property/Kentucky-US/Louisville/Omni-Louisville-Hotel?intlink=US-travel-discover-property-results-propertyCard-Omni-Louisville-Hotel,"Louisville, Kentucky US",THE HOTEL COLLECTION,Omni Hotels & Resorts,Program,38.2521739,-85.75439340000001,"400 S 2nd St, Louisville, KY 40202, USA",google_places,PLACE_DETAILS,ChIJ1wKf8rpyaYgRBQ6Nm8MhtW8,establishment;lodging;point_of_interest,False,CACHED
Hotel Omni Mont-Royal,https://www.americanexpress.com/en-us/travel/discover/property/Québec-CA/Montréal/Hotel-Omni-Mont-royal?intlink=US-travel-discover-property-results-propertyCard-Hotel-Omni-Mont-royal,"Montréal, Québec CA",THE HOTEL COLLECTION,Omni Hotels & Resorts,Program,45.502076,-73.57604119999999,"1050 Rue Sherbrooke O, Montréal, QC H3A 2R6, Canada",google_places,PLACE_DETAILS,ChIJPwdZ1UYayUwRe1V-kDeADYs,establishment;lodging;point_of_interest,False,CACHED
Omni Nashville Hotel,https://www.americanexpress.com/en-us/travel/discover/property/Tennessee-US/Nashville/Omni-Nashville-Hotel?intlink=US-travel-discover-property-results-propertyCard-Omni-Nashville-Hotel,"Nashville, Tennessee US",THE HOTEL COLLECTION,Omni Hotels & Resorts,Program,36.1572862,-86.7757168,"250 Rep. John Lewis Way S, Nashville, TN 37203, USA",google_places,PLACE_DETAILS,ChIJxyAItV1mZIgR-7wmn013dU0,establishment;lodging;point_of_interest,False,CACHED
Omni Oklahoma City Hotel,https://www.americanexpress.com/en-us/travel/discover/property/Oklahoma-US/Oklahoma-City/Omni-Oklahoma-City-Hotel?intlink=US-travel-discover-property-results-propertyCard-Omni-Oklahoma-City-Hotel,"Oklahoma City, Oklahoma US",THE HOTEL COLLECTION,Omni Hotels & Resorts,Program,35.4620257,-97.5157976,"100 Oklahoma City Blvd, Oklahoma City, OK 73109, USA",google_places,PLACE_DETAILS,ChIJuz3FDTYXsocRyaGpjA-baro,establishment;lodging;point_of_interest,False,CACHED
Omni Scottsdale Resort & Spa at Montelucia,https://www.americanexpress.com/en-us/travel/discover/property/Arizona-US/Paradise-Valley/Omni-Scottsdale-Resort--Spa-At-Montelucia?intlink=US-travel-discover-property-results-propertyCard-Omni-Scottsdale-Resort--Spa-At-Montelucia,"Paradise Valley, Arizona US",THE HOTEL COLLECTION,Omni Hotels & Resorts,Program,33.5301347,-111.9727643,"4949 E Lincoln Dr, Scottsdale, AZ 85253, USA",google_places,PLACE_DETAILS,ChIJfb9RU74MK4cR_TQsCMSJXuk,establishment;lodging;point_of_interest,False,CACHED
Omni Rancho Las Palmas Resort,https://www.americanexpress.com/en-us/travel/discover/property/California-US/Rancho-Mirage/Omni-Rancho-Las-Palmas-Resort?intlink=US-travel-discover-property-results-propertyCard-Omni-Rancho-Las-Palmas-Resort,"Rancho Mirage, California US",THE HOTEL COLLECTION,Omni Hotels & Resorts,Program,33.7421655,-116.4071188,"41000 Bob Hope Dr, Rancho Mirage, CA 92270, USA",google_places,PLACE_DETAILS,ChIJxy8ICMD92oARTy5ywJ-VibA,establishment;lodging;point_of_interest,False,CACHED
Omni La Mansion del Rio,https://www.americanexpress.com/en-us/travel/discover/property/Texas-US/San-Antonio/Omni-La-Mansion-Del-Rio?intlink=US-travel-discover-property-results-propertyCard-Omni-La-Mansion-Del-Rio,"San Antonio, Texas US",THE HOTEL COLLECTION,Omni Hotels & Resorts,Program,29.4255095,-98.4904047,"112 College St, San Antonio, TX 78205, USA",google_places,PLACE_DETAILS,ChIJK8UsNlNfXIYRIqeTmH26wyw,establishment;lodging;point_of_interest,False,CACHED
Omni San Diego Hotel,https://www.americanexpress.com/en-us/travel/discover/property/California-US/San-Diego/Omni-San-Diego-Hotel?intlink=US-travel-discover-property-results-propertyCard-Omni-San-Diego-Hotel,"San Diego, California US",THE HOTEL COLLECTION,Omni Hotels & Resorts,Program,32.7070032,-117.1586944,"675 L St, San Diego, CA 92101, USA",google_places,PLACE_DETAILS,ChIJn103AVtT2YARn_JUxvZZLFY,establishment;lodging;point_of_interest,False,CACHED
Omni Tempe Hotel,https://www.americanexpress.com/en-us/travel/discover/property/Arizona-US/Tempe/Omni-Tempe-Hotel?intlink=US-travel-discover-property-results-propertyCard-Omni-Tempe-Hotel,"Tempe, Arizona US",THE HOTEL COLLECTION,Omni Hotels & Resorts,Program,33.4215105,-111.9397194,"7 E University Dr, Tempe, AZ 85281, USA",google_places,PLACE_DETAILS,ChIJy5pdIYcJK4cRxh6E2j7WZvE,establishment;lodging;point_of_interest,False,CACHED
The Omni King Edward Hotel,https://www.americanexpress.com/en-us/travel/discover/property/Ontario-CA/Toronto/The-Omni-King-Edward-Hotel?intlink=US-travel-discover-property-results-propertyCard-The-Omni-King-Edward-Hotel,"Toronto, Ontario CA",THE HOTEL COLLECTION,Omni Hotels & Resorts,Program,43.649245,-79.37604689999999,"37 King St E, Toronto, ON M5C 1E9, Canada",google_places,PLACE_DETAILS,ChIJ4z93DtkwK4gREn_Ps_Y7Cfs,establishment;lodging;point_of_interest,False,CACHED
Omni Tucson National Resort,https://www.americanexpress.com/en-us/travel/discover/property/Arizona-US/Tucson/Omni-Tucson-National-Resort?intlink=US-travel-discover-property-results-propertyCard-Omni-Tucson-National-Resort,"Tucson, Arizona US",THE HOTEL COLLECTION,Omni Hotels & Resorts,Program,32.3578826,-111.0255365,"2727 W Club Dr, Tucson, AZ 85742, USA",google_places,PLACE_DETAILS,ChIJ5drAPTkL1oYR72Qcz77-lmU,establishment;lodging;point_of_interest,False,CACHED
Pan Pacific Hanoi,https://www.americanexpress.com/en-us/travel/discover/property/Vietnam/Hanoi/Pan-Pacific-Hanoi?intlink=US-travel-discover-property-results-propertyCard-Pan-Pacific-Hanoi,"Hanoi, Vietnam",THE HOTEL COLLECTION,Pan Pacific Hotels Group,Program,21.0499731,105.839611,"1 Thanh Niên, Road, Ba Đình, Hà Nội 100000, Vietnam",google_places,PLACE_DETAILS,ChIJQ4nAa-qrNTERBXsFbSoi_iY,establishment;lodging;point_of_interest,False,CACHED
Pan Pacific Melbourne,https://www.americanexpress.com/en-us/travel/discover/property/Australia/Melbourne/Pan-Pacific-Melbourne?intlink=US-travel-discover-property-results-propertyCard-Pan-Pacific-Melbourne,"Melbourne, Australia",THE HOTEL COLLECTION,Pan Pacific Hotels Group,Program,-37.8251172,144.9510422,"2 Convention Centre Pl, South Wharf VIC 3006, Australia",google_places,PLACE_DETAILS,ChIJ9ZbSnVdd1moR6fwlk1SfPis,establishment;lodging;point_of_interest,False,CACHED
Pan Pacific Perth,https://www.americanexpress.com/en-us/travel/discover/property/Australia/Perth/Pan-Pacific-Perth?intlink=US-travel-discover-property-results-propertyCard-Pan-Pacific-Perth,"Perth, Australia",THE HOTEL COLLECTION,Pan Pacific Hotels Group,Program,-31.95909,115.8683165,"207 Adelaide Terrace, Perth WA 6000, Australia",google_places,PLACE_DETAILS,ChIJmRj-HyS7MioRsDd58rrw-Dc,bar;establishment;food;lodging;point_of_interest;restaurant;spa,False,CACHED
"Pan Pacific Orchard, Singapore",https://www.americanexpress.com/en-us/travel/discover/property/Singapore/Singapore/Pan-Pacific-Orchard-Singapore?intlink=US-travel-discover-property-results-propertyCard-Pan-Pacific-Orchard-Singapore,"Singapore, Singapore",THE HOTEL COLLECTION,Pan Pacific Hotels Group,Program,1.3075828,103.8298653,"10 Claymore Rd, Singapore 229540",google_places,PLACE_DETAILS,ChIJCTrU0IwZ2jERf5mkDPp1VmM,establishment;lodging;point_of_interest,False,CACHED
Pan Pacific Singapore,https://www.americanexpress.com/en-us/travel/discover/property/Singapore/Singapore/Pan-Pacific-Singapore?intlink=US-travel-discover-property-results-propertyCard-Pan-Pacific-Singapore,"Singapore, Singapore",THE HOTEL COLLECTION,Pan Pacific Hotels Group,Program,1.299782,103.860659,"7500A #03-301, Beach Rd, The Plaza, Singapore 199591",google_places,PLACE_DETAILS,ChIJF6TGcecZ2jERW7WrYF7sTaE,establishment;lodging;point_of_interest,False,CACHED
"PARKROYAL COLLECTION Pickering, Singapore",https://www.americanexpress.com/en-us/travel/discover/property/Singapore/Singapore/Parkroyal-Collection-Pickering-Singapore?intlink=US-travel-discover-property-results-propertyCard-Parkroyal-Collection-Pickering-Singapore,"Singapore, Singapore",THE HOTEL COLLECTION,Pan Pacific Hotels Group,Program,1.2856438,103.8464647,"3 Upper Pickering St, Singapore 058289",google_places,PLACE_DETAILS,ChIJo8cvPgsZ2jERzUp0v52SdI0,establishment;lodging;parking;point_of_interest;spa,False,CACHED
"Hotel Groove Shinjuku, A PARKROYAL Hotel",https://www.americanexpress.com/en-us/travel/discover/property/Japan/Tokyo/Hotel-Groove-Shinjuku-A-Parkroyal-Hotel?intlink=US-travel-discover-property-results-propertyCard-Hotel-Groove-Shinjuku-A-Parkroyal-Hotel,"Tokyo, Japan",THE HOTEL COLLECTION,Pan Pacific Hotels Group,Program,35.6958759,139.7004066,"東急歌舞伎町タワ, 1-chōme-29-1 Kabukichō, Shinjuku City, Tokyo 160-0021, Japan",google_places,PLACE_DETAILS,ChIJq23aFOSNGGARzmYvWLQVcME,establishment;lodging;point_of_interest,False,CACHED
Pan Pacific Vancouver,https://www.americanexpress.com/en-us/travel/discover/property/British-Columbia-CA/Vancouver/Pan-Pacific-Vancouver?intlink=US-travel-discover-property-results-propertyCard-Pan-Pacific-Vancouver,"Vancouver, British Columbia CA",THE HOTEL COLLECTION,Pan Pacific Hotels Group,Program,49.2878274,-123.1134453,"999 Canada Pl #300, Vancouver, BC V6C 3B5, Canada",google_places,PLACE_DETAILS,ChIJ18-j2oJxhlQRnsW7wcnQG1E,establishment;lodging;point_of_interest,False,CACHED
Paradisus Palma Real,https://www.americanexpress.com/en-us/travel/discover/property/Dominican-Republic/Bavaro/Paradisus-Palma-Real?intlink=US-travel-discover-property-results-propertyCard-Paradisus-Palma-Real,"Bavaro, Dominican Republic",THE HOTEL COLLECTION,Paradisus by Meliá,Program,18.676526,-68.41241,"Av. Alemania, Punta Cana 23000, Dominican Republic",google_places,PLACE_DETAILS,ChIJkX-175bsqI4RxisWPEkPvj4,establishment;lodging;point_of_interest;spa,False,CACHED
PARADISUS LA PERLA,https://www.americanexpress.com/en-us/travel/discover/property/Quintana-Roo-MX/Playa-del-Carmen/Paradisus-La-Perla?intlink=US-travel-discover-property-results-propertyCard-Paradisus-La-Perla,"Playa del Carmen, Quintana Roo MX",THE HOTEL COLLECTION,Paradisus by Meliá,Program,20.6486852,-87.0554034,"Calle 88 Nte, Luis Donaldo Colosio, 77728 Playa del Carmen, Q.R., Mexico",google_places,PLACE_DETAILS,ChIJmZ4juy5dTo8RzWRzHDNsQiM,establishment;food;lodging;point_of_interest;restaurant;spa,False,CACHED
Paradisus Playa del Carmen,https://www.americanexpress.com/en-us/travel/discover/property/Quintana-Roo-MX/Playa-del-Carmen/Paradisus-Playa-Del-Carmen?intlink=US-travel-discover-property-results-propertyCard-Paradisus-Playa-Del-Carmen,"Playa del Carmen, Quintana Roo MX",THE HOTEL COLLECTION,Paradisus by Meliá,Program,20.6495613,-87.0534347,"5 Av. Nte., 77728 Playa del Carmen, Q.R., Mexico",google_places,PLACE_DETAILS,ChIJSRFJHCxdTo8RKz9VSAKfUWs,establishment;lodging;point_of_interest,False,CACHED
Paradisus Los Cabos Adults Only,https://www.americanexpress.com/en-us/travel/discover/property/Baja-California-Sur-MX/San-Jose-del-Cabo/Paradisus-Los-Cabos-Adults-Only?intlink=US-travel-discover-property-results-propertyCard-Paradisus-Los-Cabos-Adults-Only,"San Jose del Cabo, Baja California Sur MX",THE HOTEL COLLECTION,Paradisus by Meliá,Program,22.980533,-109.76642,"Carretera Cabo San Lucas-San José del Cabo, Tourist Corridor, 23400 San Jose Del Cabo, B.C.S., Mexico",google_places,PLACE_DETAILS,ChIJ32IT7V5ar4YRN_I_ktPEvys,establishment;lodging;point_of_interest,False,CACHED
Hyatt Hotel Canberra - A Park Hyatt Hotel,https://www.americanexpress.com/en-us/travel/discover/property/Australia/Canberra/Hyatt-Hotel-Canberra---A-Park-Hyatt-Hotel?intlink=US-travel-discover-property-results-propertyCard-Hyatt-Hotel-Canberra---A-Park-Hyatt-Hotel,"Canberra, Australia",THE HOTEL COLLECTION,Park Hyatt,Program,-35.2992782,149.1243286,"120 Commonwealth Ave, Yarralumla ACT 2600, Australia",google_places,PLACE_DETAILS,ChIJzbfWVyJNFmsRviY9tQ54-v0,establishment;lodging;point_of_interest,False,CACHED
Aspen Meadows Resort,https://www.americanexpress.com/en-us/travel/discover/property/Colorado-US/Aspen/Aspen-Meadows-Resort?intlink=US-travel-discover-property-results-propertyCard-Aspen-Meadows-Resort,"Aspen, Colorado US",THE HOTEL COLLECTION,Preferred Hotels & Resorts,Program,39.2010654,-106.8316458,"845 Meadows Rd, Aspen, CO 81611, USA",google_places,PLACE_DETAILS,ChIJaZEqfZs5QIcRWkxPlQZlPpw,establishment;lodging;point_of_interest,False,CACHED
NJV Athens Plaza,https://www.americanexpress.com/en-us/travel/discover/property/Greece/Athens/Njv-Athens-Plaza?intlink=US-travel-discover-property-results-propertyCard-Njv-Athens-Plaza,"Athens, Greece",THE HOTEL COLLECTION,Preferred Hotels & Resorts,Program,37.9762808,23.7346655,"2, Vasileos Georgiou A, Syntagma square str, Athina 105 64, Greece",google_places,PLACE_DETAILS,ChIJ08NXuT69oRQR3WmeXGPzsTw,bar;cafe;establishment;food;lodging;point_of_interest;restaurant,False,CACHED
The Laurel Hotel and Spa,https://www.americanexpress.com/en-us/travel/discover/property/Alabama-US/Auburn/The-Laurel-Hotel-And-Spa?intlink=US-travel-discover-property-results-propertyCard-The-Laurel-Hotel-And-Spa,"Auburn, Alabama US",THE HOTEL COLLECTION,Preferred Hotels & Resorts,Program,32.60404,-85.4806803,"130 E Thach Ave, Auburn, AL 36830, USA",google_places,PLACE_DETAILS,ChIJP3x4yH_zjIgRkz7tHz0FpwI,establishment;lodging;point_of_interest,False,CACHED
Serras Barcelona,https://www.americanexpress.com/en-us/travel/discover/property/Spain/Barcelona/Serras-Barcelona?intlink=US-travel-discover-property-results-propertyCard-Serras-Barcelona,"Barcelona, Spain",THE HOTEL COLLECTION,Preferred Hotels & Resorts,Program,41.3801834,2.1807974,"Pg. de Colom, 9, Ciutat Vella, 08002 Barcelona, Spain",google_places,PLACE_DETAILS,ChIJswKcjlWipBIRcXDvPKgkezo,establishment;food;lodging;point_of_interest;restaurant,False,CACHED
The Artist Grand Hotel of Art,https://www.americanexpress.com/en-us/travel/discover/property/Spain/Bilbao/The-Artist-Grand-Hotel-Of-Art?intlink=US-travel-discover-property-results-propertyCard-The-Artist-Grand-Hotel-Of-Art,"Bilbao, Spain",THE HOTEL COLLECTION,Preferred Hotels & Resorts,Program,43.2672551,-2.933896,"Mazarredo Zumarkalea, 61, Abando, 48009 Bilbao, Bizkaia, Spain",google_places,PLACE_DETAILS,ChIJOzHiNdlPTg0RDn_G-mhUwu8,bar;establishment;food;lodging;point_of_interest;restaurant,False,CACHED
Mystery Hotel Budapest,https://www.americanexpress.com/en-us/travel/discover/property/Hungary/Budapest/Mystery-Hotel-Budapest?intlink=US-travel-discover-property-results-propertyCard-Mystery-Hotel-Budapest,"Budapest, Hungary",THE HOTEL COLLECTION,Preferred Hotels & Resorts,Program,47.5107967,19.0616291,"Budapest, Podmaniczky u. 45, 1064 Hungary",google_places,PLACE_DETAILS,ChIJJb7uFnPcQUcRKEQLnDMGqBQ,establishment;food;lodging;point_of_interest;restaurant,False,CACHED
Garza Blanca Resort & Spa Los Cabos,https://www.americanexpress.com/en-us/travel/discover/property/Baja-California-Sur-MX/Cabo-San-Lucas/Garza-Blanca-Resort--Spa-Los-Cabos?intlink=US-travel-discover-property-results-propertyCard-Garza-Blanca-Resort--Spa-Los-Cabos,"Cabo San Lucas, Baja California Sur MX",THE HOTEL COLLECTION,Preferred Hotels & Resorts,Program,22.9700122,-109.7887836,"Carretera Transpeninsular Km. 17.5, Corredor Turístico, Tourist Corridor, 23405 Cabo San Lucas, B.C.S., Mexico",google_places,PLACE_DETAILS,ChIJG7c0MthPr4YRRxWMBYt7HME,establishment;food;lodging;point_of_interest;restaurant;spa,False,CACHED
The Lake House on Canandaigua,https://www.americanexpress.com/en-us/travel/discover/property/New-York-US/Canandaigua/The-Lake-House-On-Canandaigua?intlink=US-travel-discover-property-results-propertyCard-The-Lake-House-On-Canandaigua,"Canandaigua, New York US",THE HOTEL COLLECTION,Preferred Hotels & Resorts,Program,42.8745123,-77.27508619999999,"770 S Main St, Canandaigua, NY 14424, USA",google_places,PLACE_DETAILS,ChIJPyad68Qn0YkRhwlLL8iGFnk,establishment;lodging;point_of_interest,False,CACHED
Locanda Rossa,https://www.americanexpress.com/en-us/travel/discover/property/Italy/Capalbio/Locanda-Rossa?intlink=US-travel-discover-property-results-propertyCard-Locanda-Rossa,"Capalbio, Italy",THE HOTEL COLLECTION,Preferred Hotels & Resorts,Program,42.4460993,11.4579839,"Strada Capalbio Pescia Fiorentina, 11b, 58011 Capalbio GR, Italy",google_places,PLACE_DETAILS,ChIJk5PCSYfwKBMRvoHQtWTO0dk,establishment;food;lodging;point_of_interest;restaurant;spa,False,CACHED
Inn by the Sea,https://www.americanexpress.com/en-us/travel/discover/property/Maine-US/Cape-Elizabeth/Inn-By-The-Sea?intlink=US-travel-discover-property-results-propertyCard-Inn-By-The-Sea,"Cape Elizabeth, Maine US",THE HOTEL COLLECTION,Preferred Hotels & Resorts,Program,43.567281,-70.227882,"40 Bowery Beach Rd, Cape Elizabeth, ME 04107, USA",google_places,PLACE_DETAILS,ChIJ_dFV4ARgrUwRMH3ofSbS5rk,establishment;food;lodging;point_of_interest;restaurant,False,CACHED
Villa Marina Capri Hotel & Spa,https://www.americanexpress.com/en-us/travel/discover/property/Italy/Capri/Villa-Marina-Capri-Hotel--Spa?intlink=US-travel-discover-property-results-propertyCard-Villa-Marina-Capri-Hotel--Spa,"Capri, Italy",THE HOTEL COLLECTION,Preferred Hotels & Resorts,Program,40.5563594,14.2360544,"Via Marina Grande, 191, 80073 Capri NA, Italy",google_places,PLACE_DETAILS,ChIJYV8xJ353OxMRphS68ceKE5g,establishment;food;lodging;point_of_interest;restaurant;spa,False,CACHED
Capellan de Getsemani,https://www.americanexpress.com/en-us/travel/discover/property/Colombia/Cartagena/Capellan-De-Getsemani?intlink=US-travel-discover-property-results-propertyCard-Capellan-De-Getsemani,"Cartagena, Colombia",THE HOTEL COLLECTION,Preferred Hotels & Resorts,Program,10.4219705,-75.5463572,"Cl. de la Sierpe #29-52, Getsemaní, Cartagena de Indias, Bolívar, Colombia",google_places,PLACE_DETAILS,ChIJ_QwBx3Uv9o4RfMuV3v87uBQ,establishment;lodging;point_of_interest,False,CACHED
Farol Hotel,https://www.americanexpress.com/en-us/travel/discover/property/Portugal/Cascais/Farol-Hotel?intlink=US-travel-discover-property-results-propertyCard-Farol-Hotel,"Cascais, Portugal",THE HOTEL COLLECTION,Preferred Hotels & Resorts,Program,38.69014900000001,-9.421752,"Av. Rei Humberto II de Itália 7, 2750-800 Cascais, Portugal",google_places,PLACE_DETAILS,ChIJzRkNr4LGHg0RpLlSR5B7iJ4,establishment;lodging;point_of_interest,False,CACHED
Admiral Hotel,https://www.americanexpress.com/en-us/travel/discover/property/Denmark/Copenhagen/Admiral-Hotel?intlink=US-travel-discover-property-results-propertyCard-Admiral-Hotel,"Copenhagen, Denmark",THE HOTEL COLLECTION,Preferred Hotels & Resorts,Program,14.5653008,120.9850956,"2138 Roxas Blvd, Malate, Manila, 1004 Metro Manila, Philippines",google_places,PLACE_DETAILS,ChIJVwM4ldXLlzMRvSUhW5FSKuA,establishment;lodging;point_of_interest,False,PLACES:Admiral Hotel Preferred Hotels & Resorts Hotel
Virgin Hotels Dallas,https://www.americanexpress.com/en-us/travel/discover/property/Texas-US/Dallas/Virgin-Hotels-Dallas?intlink=US-travel-discover-property-results-propertyCard-Virgin-Hotels-Dallas,"Dallas, Texas US",THE HOTEL COLLECTION,Preferred Hotels & Resorts,Program,32.7969467,-96.8218754,"1445 Turtle Creek Blvd, Dallas, TX 75207, USA",google_places,PLACE_DETAILS,ChIJ5-hQ2u2ZToYRZLhtpdYZoE0,establishment;lodging;point_of_interest,False,CACHED
The Fitzwilliam,https://www.americanexpress.com/en-us/travel/discover/property/Ireland/Dublin/The-Fitzwilliam?intlink=US-travel-discover-property-results-propertyCard-The-Fitzwilliam,"Dublin, Ireland",THE HOTEL COLLECTION,Preferred Hotels & Resorts,Program,53.3394027,-6.2614196,"The Fitzwilliam Hotel, 127/128 St Stephen's Green, Dublin 2, D02 HE18, Ireland",google_places,PLACE_DETAILS,ChIJ4cbHq54OZ0gR-nvSqo6_BpM,establishment;lodging;point_of_interest,False,CACHED
Virgin Hotels Edinburgh,https://www.americanexpress.com/en-us/travel/discover/property/Scotland/Edinburgh/Virgin-Hotels-Edinburgh?intlink=US-travel-discover-property-results-propertyCard-Virgin-Hotels-Edinburgh,"Edinburgh, Scotland",THE HOTEL COLLECTION,Preferred Hotels & Resorts,Program,55.9486259,-3.1929921,"1, India Buildings, Victoria St, Edinburgh EH1 2EX, UK",google_places,PLACE_DETAILS,ChIJ-Sp00JrHh0gREHtsNoB6SQo,establishment;lodging;point_of_interest,False,CACHED
The Sense Experience Resort,https://www.americanexpress.com/en-us/travel/discover/property/Italy/Follonica/The-Sense-Experience-Resort?intlink=US-travel-discover-property-results-propertyCard-The-Sense-Experience-Resort,"Follonica, Italy",THE HOTEL COLLECTION,Preferred Hotels & Resorts,Program,42.9402997,10.7132768,"Viale Italia, 315, 58022 Follonica GR, Italy",google_places,PLACE_DETAILS,ChIJL1d9aizcKRMRtea-rhsukYg,establishment;lodging;point_of_interest,False,CACHED
Fox Harbr Resort,https://www.americanexpress.com/en-us/travel/discover/property/Nova-Scotia-CA/Fox-Harbour/Fox-Harbr-Resort?intlink=US-travel-discover-property-results-propertyCard-Fox-Harbr-Resort,"Fox Harbour, Nova Scotia CA",THE HOTEL COLLECTION,Preferred Hotels & Resorts,Program,45.8681,-63.45388639999999,"1337 Fox Harbour Rd, Fox Harbour, NS B0K 1L0, Canada",google_places,PLACE_DETAILS,ChIJ3cT_vCTeXksRpseBIZLXtuM,establishment;lodging;point_of_interest,False,CACHED
The Garden City Hotel,https://www.americanexpress.com/en-us/travel/discover/property/New-York-US/Garden-City/The-Garden-City-Hotel?intlink=US-travel-discover-property-results-propertyCard-The-Garden-City-Hotel,"Garden City, New York US",THE HOTEL COLLECTION,Preferred Hotels & Resorts,Program,40.7245263,-73.640608,"45 7th St, Garden City, NY 11530, USA",google_places,PLACE_DETAILS,ChIJa_yyXDh9wokRgxoEQsQrw_8,establishment;lodging;point_of_interest,False,CACHED
Hotel Metropole Geneve,https://www.americanexpress.com/en-us/travel/discover/property/Switzerland/Geneva/Hotel-Metropole-Geneve?intlink=US-travel-discover-property-results-propertyCard-Hotel-Metropole-Geneve,"Geneva, Switzerland",THE HOTEL COLLECTION,Preferred Hotels & Resorts,Program,46.20363070000001,6.1519733,"Quai du Général-Guisan 34, 1204 Genève, Switzerland",google_places,PLACE_DETAILS,ChIJaSrMJi5ljEcRG-E8seRKkQM,establishment;lodging;point_of_interest,False,CACHED
Hotel Manapany,https://www.americanexpress.com/en-us/travel/discover/property/Saint-Barthelemy/Gustavia/Hotel-Manapany?intlink=US-travel-discover-property-results-propertyCard-Hotel-Manapany,"Gustavia, Saint Barthelemy",THE HOTEL COLLECTION,Preferred Hotels & Resorts,Program,17.9110541,-62.84436899999999,"97133, St Barthélemy",google_places,PLACE_DETAILS,ChIJw2K2dEZ1DowRjcVJeth3Cyc,bar;establishment;food;gym;health;lodging;point_of_interest;restaurant;spa,False,PLACES:Hotel Manapany Preferred Hotels & Resorts Hotel
Liora Estate,https://www.americanexpress.com/en-us/travel/discover/property/California-US/Healdsburg/Liora-Estate?intlink=US-travel-discover-property-results-propertyCard-Liora-Estate,"Healdsburg, California US",THE HOTEL COLLECTION,Preferred Hotels & Resorts,Program,38.6121017,-122.871554,"27 North St, Healdsburg, CA 95448, USA",google_places,PLACE_DETAILS,ChIJpzN3ZjQXhIAR_gVBDtZ-C1c,establishment;lodging;point_of_interest,False,CACHED
Hotel Lilla Roberts,https://www.americanexpress.com/en-us/travel/discover/property/Finland/Helsinki/Hotel-Lilla-Roberts?intlink=US-travel-discover-property-results-propertyCard-Hotel-Lilla-Roberts,"Helsinki, Finland",THE HOTEL COLLECTION,Preferred Hotels & Resorts,Program,60.16458950000001,24.947162,"Pieni Roobertinkatu 1-3, 00130 Helsinki, Finland",google_places,PLACE_DETAILS,ChIJsWf-5MgLkkYRTb0WgSrsLTE,establishment;lodging;point_of_interest,False,CACHED
'Alohilani Resort Waikiki Beach,https://www.americanexpress.com/en-us/travel/discover/property/Hawaii-US/Honolulu/alohilani-Resort-Waikiki-Beach?intlink=US-travel-discover-property-results-propertyCard-alohilani-Resort-Waikiki-Beach,"Honolulu, Hawaii US",THE HOTEL COLLECTION,Preferred Hotels & Resorts,Program,21.2747071,-157.8233668,"2490 Kalākaua Ave, Honolulu, HI 96815, USA",google_places,PLACE_DETAILS,ChIJSUFT-_gOVHkRgGh5rZLyBgw,establishment;lodging;point_of_interest,False,CACHED
Halepuna Waikiki by Halekulani,https://www.americanexpress.com/en-us/travel/discover/property/Hawaii-US/Honolulu/Halepuna-Waikiki-By-Halekulani?intlink=US-travel-discover-property-results-propertyCard-Halepuna-Waikiki-By-Halekulani,"Honolulu, Hawaii US",THE HOTEL COLLECTION,Preferred Hotels & Resorts,Program,21.2782572,-157.831802,"2199 Kālia Rd, Honolulu, HI 96815, USA",google_places,PLACE_DETAILS,ChIJJVGzGXVyAHwRI2_9brEI5UU,establishment;lodging;point_of_interest,False,CACHED
The Houstonian Hotel Club & Spa,https://www.americanexpress.com/en-us/travel/discover/property/Texas-US/Houston/The-Houstonian-Hotel-Club--Spa?intlink=US-travel-discover-property-results-propertyCard-The-Houstonian-Hotel-Club--Spa,"Houston, Texas US",THE HOTEL COLLECTION,Preferred Hotels & Resorts,Program,29.76756409999999,-95.4603551,"111 N Post Oak Ln, Houston, TX 77024, USA",google_places,PLACE_DETAILS,ChIJ3_Hpw0rBQIYRsYcKgCYVm1o,establishment;lodging;point_of_interest,False,CACHED
The Lancaster Hotel,https://www.americanexpress.com/en-us/travel/discover/property/Texas-US/Houston/The-Lancaster-Hotel?intlink=US-travel-discover-property-results-propertyCard-The-Lancaster-Hotel,"Houston, Texas US",THE HOTEL COLLECTION,Preferred Hotels & Resorts,Program,29.76149999999999,-95.3648,"701 Texas Ave, Houston, TX 77002, USA",google_places,PLACE_DETAILS,ChIJpXTqeDC_QIYRWTBSOg3rarM,establishment;lodging;point_of_interest,False,CACHED
Camp Creek Inn,https://www.americanexpress.com/en-us/travel/discover/property/Florida-US/Inlet-Beach/Camp-Creek-Inn?intlink=US-travel-discover-property-results-propertyCard-Camp-Creek-Inn,"Inlet Beach, Florida US",THE HOTEL COLLECTION,Preferred Hotels & Resorts,Program,30.2972555,-86.0401065,"684 Fazio Dr, Inlet Beach, FL 32461, USA",google_places,PLACE_DETAILS,ChIJrXUioSTuk4gRseJBowUN_dM,establishment;lodging;point_of_interest,False,CACHED
ette hotel,https://www.americanexpress.com/en-us/travel/discover/property/Florida-US/Kissimmee/Ette-Hotel?intlink=US-travel-discover-property-results-propertyCard-Ette-Hotel,"Kissimmee, Florida US",THE HOTEL COLLECTION,Preferred Hotels & Resorts,Program,28.3368014,-81.5901871,"3001 Sherberth Rd, Kissimmee, FL 34747, USA",google_places,PLACE_DETAILS,ChIJXYA4DiN_3YgRfeIfHeDVCb0,establishment;lodging;point_of_interest;spa,False,CACHED
Royal Hideaway Corales Suites,https://www.americanexpress.com/en-us/travel/discover/property/Spain/La-Caleta/Royal-Hideaway-Corales-Suites?intlink=US-travel-discover-property-results-propertyCard-Royal-Hideaway-Corales-Suites,"La Caleta, Spain",THE HOTEL COLLECTION,Preferred Hotels & Resorts,Program,28.1019709,-16.7538939,"Avenida Virgen de Guadalupe, Playa La Enramada, 21, 38679, Santa Cruz de Tenerife, Spain",google_places,PLACE_DETAILS,ChIJsRwD4cuQagwRhlM-M1HRgKI,establishment;food;lodging;point_of_interest;restaurant,False,CACHED
La Valencia Hotel,https://www.americanexpress.com/en-us/travel/discover/property/California-US/La-Jolla/La-Valencia-Hotel?intlink=US-travel-discover-property-results-propertyCard-La-Valencia-Hotel,"La Jolla, California US",THE HOTEL COLLECTION,Preferred Hotels & Resorts,Program,32.8486381,-117.2736945,"1132 Prospect St, La Jolla, CA 92037, USA",google_places,PLACE_DETAILS,ChIJX5Ni8_sD3IARH-y6VbelRzg,bar;establishment;food;lodging;point_of_interest;restaurant,False,CACHED
The Ranch at Laguna Beach,https://www.americanexpress.com/en-us/travel/discover/property/California-US/Laguna-Beach/The-Ranch-At-Laguna-Beach?intlink=US-travel-discover-property-results-propertyCard-The-Ranch-At-Laguna-Beach,"Laguna Beach, California US",THE HOTEL COLLECTION,Preferred Hotels & Resorts,Program,33.5135866,-117.7482051,"The Ranch at Laguna Beach, 31106 Coast Hwy, Laguna Beach, CA 92651, USA",google_places,PLACE_DETAILS,ChIJDfgX_Gjl3IAROllSDvs9ydo,bar;establishment;food;lodging;point_of_interest;restaurant;spa,False,CACHED
Durango Casino & Resort,https://www.americanexpress.com/en-us/travel/discover/property/Nevada-US/Las-Vegas/Durango-Casino--Resort?intlink=US-travel-discover-property-results-propertyCard-Durango-Casino--Resort,"Las Vegas, Nevada US",THE HOTEL COLLECTION,Preferred Hotels & Resorts,Program,36.0633509,-115.2827454,"6915 S Durango Dr, Las Vegas, NV 89113, USA",google_places,PLACE_DETAILS,ChIJT9oUI1vHyIARZtXQOmkT94Y,casino;establishment;food;lodging;point_of_interest;restaurant,False,CACHED
Red Rock Casino Resort & Spa,https://www.americanexpress.com/en-us/travel/discover/property/Nevada-US/Las-Vegas/Red-Rock-Casino-Resort--Spa?intlink=US-travel-discover-property-results-propertyCard-Red-Rock-Casino-Resort--Spa,"Las Vegas, Nevada US",THE HOTEL COLLECTION,Preferred Hotels & Resorts,Program,36.1555791,-115.3320097,"11011 W Charleston Blvd, Las Vegas, NV 89135, USA",google_places,PLACE_DETAILS,ChIJPyboc06-yIAR_JCJkTTID9M,establishment;lodging;point_of_interest,False,CACHED
Hotel Angleterre,https://www.americanexpress.com/en-us/travel/discover/property/Switzerland/Lausanne/Hotel-Angleterre?intlink=US-travel-discover-property-results-propertyCard-Hotel-Angleterre,"Lausanne, Switzerland",THE HOTEL COLLECTION,Preferred Hotels & Resorts,Program,46.5071613,6.6283135,"Pl. du Port 11, 1006 Lausanne, Switzerland",google_places,PLACE_DETAILS,ChIJM7F8XcUvjEcRhMXlkaSUxR4,establishment;food;lodging;point_of_interest;restaurant,False,CACHED
Epic Sana Marques,https://www.americanexpress.com/en-us/travel/discover/property/Portugal/Lisbon/Epic-Sana-Marques?intlink=US-travel-discover-property-results-propertyCard-Epic-Sana-Marques,"Lisbon, Portugal",THE HOTEL COLLECTION,Preferred Hotels & Resorts,Program,38.7275232,-9.1484312,"Avenida Fontes Pereira de Melo, Pç do Marquês de Pombal 8, 1069-310 Lisboa, Portugal",google_places,PLACE_DETAILS,ChIJCbE3YXYzGQ0R0nfxKhVoD7k,establishment;lodging;point_of_interest;spa,False,CACHED
Guardsman Hotel & Residences,https://www.americanexpress.com/en-us/travel/discover/property/England/London/Guardsman-Hotel--Residences?intlink=US-travel-discover-property-results-propertyCard-Guardsman-Hotel--Residences,"London, England",THE HOTEL COLLECTION,Preferred Hotels & Resorts,Program,51.517801,-0.1439928,"1C Portland Pl, London W1B 1JA, UK",google_places,PLACE_DETAILS,ChIJj375B9UadkgRkmFrWaFBXww,establishment;lodging;point_of_interest,False,CACHED
The Newman,https://www.americanexpress.com/en-us/travel/discover/property/England/London/The-Newman?intlink=US-travel-discover-property-results-propertyCard-The-Newman,"London, England",THE HOTEL COLLECTION,Preferred Hotels & Resorts,Program,51.5185369,-0.1364637,"50 Newman St, London W1T 3EB, UK",google_places,PLACE_DETAILS,ChIJCcPG3fYbdkgREeKitgKwD_0,establishment;lodging;point_of_interest,False,CACHED
Virgin Hotels London Shoreditch,https://www.americanexpress.com/en-us/travel/discover/property/England/London/Virgin-Hotels-London-Shoreditch?intlink=US-travel-discover-property-results-propertyCard-Virgin-Hotels-London-Shoreditch,"London, England",THE HOTEL COLLECTION,Preferred Hotels & Resorts,Program,51.5236884,-0.08054689999999999,"45 Curtain Rd, London EC2A 3PT, UK",google_places,PLACE_DETAILS,ChIJN2kOR7AcdkgRYBf3A8ebWhQ,establishment;lodging;point_of_interest,False,CACHED
Hollywood Roosevelt,https://www.americanexpress.com/en-us/travel/discover/property/California-US/Los-Angeles/Hollywood-Roosevelt?intlink=US-travel-discover-property-results-propertyCard-Hollywood-Roosevelt,"Los Angeles, California US",THE HOTEL COLLECTION,Preferred Hotels & Resorts,Program,34.1011504,-118.3417817,"7000 Hollywood Blvd, Los Angeles, CA 90028, USA",google_places,PLACE_DETAILS,ChIJazD_QyG_woARwKuHsRqY0nU,establishment;lodging;point_of_interest,False,CACHED
Wellington Hotel & Spa Madrid,https://www.americanexpress.com/en-us/travel/discover/property/Spain/Madrid/Wellington-Hotel--Spa-Madrid?intlink=US-travel-discover-property-results-propertyCard-Wellington-Hotel--Spa-Madrid,"Madrid, Spain",THE HOTEL COLLECTION,Preferred Hotels & Resorts,Program,40.4221783,-3.6840927,"Calle Velázquez, 8, Salamanca, 28001 Madrid, Spain",google_places,PLACE_DETAILS,ChIJgxuJ1vYpQg0RRRS3XEjkn7A,establishment;lodging;point_of_interest,False,CACHED
Volga Hotel,https://www.americanexpress.com/en-us/travel/discover/property/Mexico-City-MX/Mexico-City/Volga-Hotel?intlink=US-travel-discover-property-results-propertyCard-Volga-Hotel,"Mexico City, Mexico City MX",THE HOTEL COLLECTION,Preferred Hotels & Resorts,Program,19.4269476,-99.1707066,"Río Volga 105, Cuauhtémoc, 06500 Ciudad de México, CDMX, Mexico",google_places,PLACE_DETAILS,ChIJJTsEZaL_0YURO8tE3vacT4g,establishment;lodging;point_of_interest,False,CACHED
The Palms Hotel & Spa,https://www.americanexpress.com/en-us/travel/discover/property/Florida-US/Miami-Beach/The-Palms-Hotel--Spa?intlink=US-travel-discover-property-results-propertyCard-The-Palms-Hotel--Spa,"Miami Beach, Florida US",THE HOTEL COLLECTION,Preferred Hotels & Resorts,Program,25.806117,-80.1240562,"3025 Collins Ave, Miami Beach, FL 33140, USA",google_places,PLACE_DETAILS,ChIJvdMUxmaz2YgROsVpRcV4658,establishment;lodging;point_of_interest,False,CACHED
EAST Miami,https://www.americanexpress.com/en-us/travel/discover/property/Florida-US/Miami/East-Miami?intlink=US-travel-discover-property-results-propertyCard-East-Miami,"Miami, Florida US",THE HOTEL COLLECTION,Preferred Hotels & Resorts,Program,25.7666736,-80.1927482,"788 Brickell Plaza, Miami, FL 33131, USA",google_places,PLACE_DETAILS,ChIJMUSwboO22YgRDFlX6qQGxrE,establishment;lodging;point_of_interest,False,CACHED
Mayfair House Hotel & Garden,https://www.americanexpress.com/en-us/travel/discover/property/Florida-US/Miami/Mayfair-House-Hotel--Garden?intlink=US-travel-discover-property-results-propertyCard-Mayfair-House-Hotel--Garden,"Miami, Florida US",THE HOTEL COLLECTION,Preferred Hotels & Resorts,Program,25.7289547,-80.2413687,"3000 Florida Ave, Miami, FL 33133, USA",google_places,PLACE_DETAILS,ChIJvxlzmgO32YgRvIVYWTPrDkk,establishment;lodging;point_of_interest,False,CACHED
Monte-Carlo Bay Hotel & Resort,https://www.americanexpress.com/en-us/travel/discover/property/Monaco/Monte-Carlo/Monte-carlo-Bay-Hotel--Resort?intlink=US-travel-discover-property-results-propertyCard-Monte-carlo-Bay-Hotel--Resort,"Monte-Carlo, Monaco",THE HOTEL COLLECTION,Preferred Hotels & Resorts,Program,43.74881509999999,7.438724199999999,"40 Av. Princesse Grâce, 98000 Monaco",google_places,PLACE_DETAILS,ChIJfwGc-9fpzRIRJxtMa-2nlWQ,casino;establishment;lodging;point_of_interest;tourist_attraction,False,CACHED
Hotel Munchen Palace,https://www.americanexpress.com/en-us/travel/discover/property/Germany/Munich/Hotel-Munchen-Palace?intlink=US-travel-discover-property-results-propertyCard-Hotel-Munchen-Palace,"Munich, Germany",THE HOTEL COLLECTION,Preferred Hotels & Resorts,Program,48.1400421,11.6011849,"Trogerstraße 21, 81675 München, Germany",google_places,PLACE_DETAILS,ChIJfTVNiYJ1nkcRyFsj0MCs2AE,establishment;lodging;point_of_interest,False,CACHED
Myconian Villa Collection,https://www.americanexpress.com/en-us/travel/discover/property/Greece/Mykonos/Myconian-Villa-Collection?intlink=US-travel-discover-property-results-propertyCard-Myconian-Villa-Collection,"Mykonos, Greece",THE HOTEL COLLECTION,Preferred Hotels & Resorts,Program,37.4222262,25.3949312,"Elia Beach, Mikonos 846 00, Greece",google_places,PLACE_DETAILS,ChIJYyX2XCa5ohQRUOMWqGBOmQY,establishment;lodging;point_of_interest,False,CACHED
Mykonos Blanc Hotel,https://www.americanexpress.com/en-us/travel/discover/property/Greece/Mykonos/Mykonos-Blanc-Hotel?intlink=US-travel-discover-property-results-propertyCard-Mykonos-Blanc-Hotel,"Mykonos, Greece",THE HOTEL COLLECTION,Preferred Hotels & Resorts,Program,37.4227143,25.3253155,"Ornos 846 00, Greece",google_places,PLACE_DETAILS,ChIJ-19U1l2-ohQRrp_egUVLdjY,establishment;lodging;point_of_interest,False,CACHED
Only YOU Hotel Malaga,https://www.americanexpress.com/en-us/travel/discover/property/Spain/Málaga/Only-You-Hotel-Malaga?intlink=US-travel-discover-property-results-propertyCard-Only-You-Hotel-Malaga,"Málaga, Spain",THE HOTEL COLLECTION,Preferred Hotels & Resorts,Program,36.71772,-4.4210658,"Alameda Principal, 1, Distrito Centro, 29001 Málaga, Spain",google_places,PLACE_DETAILS,ChIJNaGuXT33cg0RbKul6j7RK5g,establishment;lodging;point_of_interest,False,CACHED
Las Brisas Merida,https://www.americanexpress.com/en-us/travel/discover/property/Yucatán-MX/Mérida/Las-Brisas-Merida?intlink=US-travel-discover-property-results-propertyCard-Las-Brisas-Merida,"Mérida, Yucatán MX",THE HOTEL COLLECTION,Preferred Hotels & Resorts,Program,20.9865555,-89.6254036,"Av. Colón 508, García Ginerés, 97070 Mérida, Yuc., Mexico",google_places,PLACE_DETAILS,ChIJM-QOm4RzVo8R-FPPAnFNVSI,establishment;lodging;point_of_interest,False,CACHED
The Social House Nairobi,https://www.americanexpress.com/en-us/travel/discover/property/Kenya/Nairobi/The-Social-House-Nairobi?intlink=US-travel-discover-property-results-propertyCard-The-Social-House-Nairobi,"Nairobi, Kenya",THE HOTEL COLLECTION,Preferred Hotels & Resorts,Program,-1.280746,36.7680528,"154 James Gichuru Road, Nairobi, Kenya",google_places,PLACE_DETAILS,ChIJ8-pV1isbLxgRkxZakN8v4Ao,establishment;food;lodging;point_of_interest;restaurant,False,CACHED
The Nash,https://www.americanexpress.com/en-us/travel/discover/property/Tennessee-US/Nashville/The-Nash?intlink=US-travel-discover-property-results-propertyCard-The-Nash,"Nashville, Tennessee US",THE HOTEL COLLECTION,Preferred Hotels & Resorts,Program,42.7945948,-74.61721399999999,"204 Main St, Sharon Springs, NY 13459, USA",google_places,PLACE_DETAILS,ChIJ__-v5beh3okRI9S86c92amw,establishment;lodging;point_of_interest,False,CACHED
Virgin Hotels Nashville,https://www.americanexpress.com/en-us/travel/discover/property/Tennessee-US/Nashville/Virgin-Hotels-Nashville?intlink=US-travel-discover-property-results-propertyCard-Virgin-Hotels-Nashville,"Nashville, Tennessee US",THE HOTEL COLLECTION,Preferred Hotels & Resorts,Program,36.1517388,-86.79313719999999,"1 Music Square W, Nashville, TN 37203, USA",google_places,PLACE_DETAILS,ChIJGY2CYwFnZIgRMwv2cBJBNac,establishment;lodging;point_of_interest,False,CACHED
Virgin Hotels New Orleans,https://www.americanexpress.com/en-us/travel/discover/property/Louisiana-US/New-Orleans/Virgin-Hotels-New-Orleans?intlink=US-travel-discover-property-results-propertyCard-Virgin-Hotels-New-Orleans,"New Orleans, Louisiana US",THE HOTEL COLLECTION,Preferred Hotels & Resorts,Program,29.9491069,-90.07331889999999,"550 Baronne St, New Orleans, LA 70113, USA",google_places,PLACE_DETAILS,ChIJkSe-u7mnIIYRukKFn2AJWMM,establishment;lodging;point_of_interest,False,CACHED
ModernHaus SoHo,https://www.americanexpress.com/en-us/travel/discover/property/New-York-US/New-York/Modernhaus-Soho?intlink=US-travel-discover-property-results-propertyCard-Modernhaus-Soho,"New York, New York US",THE HOTEL COLLECTION,Preferred Hotels & Resorts,Program,40.71981419999999,-74.00007339999999,"9 Crosby St, New York, NY 10013, USA",google_places,PLACE_DETAILS,ChIJM8mGj4lZwokRSbZBvNOVNKM,establishment;lodging;point_of_interest,False,CACHED
Park Lane New York,https://www.americanexpress.com/en-us/travel/discover/property/New-York-US/New-York/Park-Lane-New-York?intlink=US-travel-discover-property-results-propertyCard-Park-Lane-New-York,"New York, New York US",THE HOTEL COLLECTION,Preferred Hotels & Resorts,Program,40.7650735,-73.9752633,"36 Central Park S South, New York, NY 10019, USA",google_places,PLACE_DETAILS,ChIJmU5P6vBYwokRO73p8vAMXUE,bar;establishment;food;lodging;point_of_interest;restaurant,False,CACHED
Smyth Tribeca,https://www.americanexpress.com/en-us/travel/discover/property/New-York-US/New-York/Smyth-Tribeca?intlink=US-travel-discover-property-results-propertyCard-Smyth-Tribeca,"New York, New York US",THE HOTEL COLLECTION,Preferred Hotels & Resorts,Program,40.7152566,-74.0091255,"85 W Broadway, New York, NY 10007, USA",google_places,PLACE_DETAILS,ChIJ_1qwJx9awokRl0bFrNhhRBs,establishment;lodging;point_of_interest,False,CACHED
Balboa Bay Resort,https://www.americanexpress.com/en-us/travel/discover/property/California-US/Newport-Beach/Balboa-Bay-Resort?intlink=US-travel-discover-property-results-propertyCard-Balboa-Bay-Resort,"Newport Beach, California US",THE HOTEL COLLECTION,Preferred Hotels & Resorts,Program,33.6154595,-117.9144142,"1221 West Coast Hwy, Newport Beach, CA 92663, USA",google_places,PLACE_DETAILS,ChIJ_b92Q_3f3IARf660HltguwA,establishment;lodging;point_of_interest,False,CACHED
Maison Albar - Le Victoria,https://www.americanexpress.com/en-us/travel/discover/property/France/Nice/Maison-Albar---Le-Victoria?intlink=US-travel-discover-property-results-propertyCard-Maison-Albar---Le-Victoria,"Nice, France",THE HOTEL COLLECTION,Preferred Hotels & Resorts,Program,43.6964057,7.266587599999999,"6 Av. de Suède, 06000 Nice, France",google_places,PLACE_DETAILS,ChIJ0-le9X7bzRIRev-Y-CitExI,bar;establishment;food;lodging;point_of_interest;restaurant;spa,False,CACHED
Amerikalinjen,https://www.americanexpress.com/en-us/travel/discover/property/Norway/Oslo/Amerikalinjen?intlink=US-travel-discover-property-results-propertyCard-Amerikalinjen,"Oslo, Norway",THE HOTEL COLLECTION,Preferred Hotels & Resorts,Program,59.9107151,10.749652,"Jernbanetorget 2, 0154 Oslo, Norway",google_places,PLACE_DETAILS,ChIJMQcEghpvQUYR30pou3Zdv-M,establishment;lodging;point_of_interest,False,CACHED
Hammock Beach Golf Resort & Spa,https://www.americanexpress.com/en-us/travel/discover/property/Florida-US/Palm-Coast/Hammock-Beach-Golf-Resort--Spa?intlink=US-travel-discover-property-results-propertyCard-Hammock-Beach-Golf-Resort--Spa,"Palm Coast, Florida US",THE HOTEL COLLECTION,Preferred Hotels & Resorts,Program,29.6056444,-81.18868890000002,"200 Ocean Crest Dr, Palm Coast, FL 32137, USA",google_places,PLACE_DETAILS,ChIJK16ofmyW5ogR-DHslzVelQk,establishment;lodging;point_of_interest,False,CACHED
Castille Paris,https://www.americanexpress.com/en-us/travel/discover/property/France/Paris/Castille-Paris?intlink=US-travel-discover-property-results-propertyCard-Castille-Paris,"Paris, France",THE HOTEL COLLECTION,Preferred Hotels & Resorts,Program,48.8683896,2.326849,"33-37 Rue Cambon, 75001 Paris, France",google_places,PLACE_DETAILS,ChIJyyyZRjJu5kcRiVEp4-OqivU,establishment;food;lodging;point_of_interest;restaurant,False,CACHED
Hotel Dame des Arts,https://www.americanexpress.com/en-us/travel/discover/property/France/Paris/Hotel-Dame-Des-Arts?intlink=US-travel-discover-property-results-propertyCard-Hotel-Dame-Des-Arts,"Paris, France",THE HOTEL COLLECTION,Preferred Hotels & Resorts,Program,48.8528473,2.3422929,"4 Rue Danton, 75006 Paris, France",google_places,PLACE_DETAILS,ChIJYaawVP5x5kcRwNZchueeJaQ,establishment;lodging;point_of_interest,False,CACHED
Hotel Xcaret Arte,https://www.americanexpress.com/en-us/travel/discover/property/Quintana-Roo-MX/Playa-del-Carmen/Hotel-Xcaret-Arte?intlink=US-travel-discover-property-results-propertyCard-Hotel-Xcaret-Arte,"Playa del Carmen, Quintana Roo MX",THE HOTEL COLLECTION,Preferred Hotels & Resorts,Program,20.5888234,-87.1090862,"Carretera Chetumal-Puerto Juárez, Km. 282 L21-3 Colonia Rancho Xcaret, 77710 Playa del Carmen, Q.R., Mexico",google_places,PLACE_DETAILS,ChIJ95dnvQBFTo8RQTHT4FBKBtg,establishment;lodging;point_of_interest,False,CACHED
Hotel Xcaret Mexico,https://www.americanexpress.com/en-us/travel/discover/property/Quintana-Roo-MX/Playa-del-Carmen/Hotel-Xcaret-Mexico?intlink=US-travel-discover-property-results-propertyCard-Hotel-Xcaret-Mexico,"Playa del Carmen, Quintana Roo MX",THE HOTEL COLLECTION,Preferred Hotels & Resorts,Program,20.5851316,-87.11657269999999,"Camino a Xcaret Carretera Federal Chetumal - Puerto, Avenida Benito Juárez, 282, 77710 Playa del Carmen, Q.R., Mexico",google_places,PLACE_DETAILS,ChIJs5ZWsXFETo8Rt8idHR--4IY,establishment;lodging;point_of_interest,False,CACHED
Jungala Hotel at VidantaWorld Riviera Maya,https://www.americanexpress.com/en-us/travel/discover/property/Quintana-Roo-MX/Playa-del-Carmen/Jungala-Hotel-At-Vidantaworld-Riviera-Maya?intlink=US-travel-discover-property-results-propertyCard-Jungala-Hotel-At-Vidantaworld-Riviera-Maya,"Playa del Carmen, Quintana Roo MX",THE HOTEL COLLECTION,Preferred Hotels & Resorts,Program,20.7718961,-86.95621109999999,"Carr. Cancún - Tulum KM 48, 77710 Mayan Palace, Q.R., Mexico",google_places,PLACE_DETAILS,ChIJJ9DyhWVhTo8RxsEoh5-P7ZY,establishment;lodging;point_of_interest,False,PLACES:Jungala Hotel at VidantaWorld Riviera Maya Preferred Hotels & Resorts Hotel
Haven Riviera Cancun Resort & Spa,https://www.americanexpress.com/en-us/travel/discover/property/Quintana-Roo-MX/Puerto-Morelos/Haven-Riviera-Cancun-Resort--Spa?intlink=US-travel-discover-property-results-propertyCard-Haven-Riviera-Cancun-Resort--Spa,"Puerto Morelos, Quintana Roo MX",THE HOTEL COLLECTION,Preferred Hotels & Resorts,Program,20.9662914,-86.8325271,"Carretera Federal #307 km. 335, Juárez, 77569 Chetumal, Q.R., Mexico",google_places,PLACE_DETAILS,ChIJz_VDTq2GTo8R8NS17UO24Do,establishment;lodging;point_of_interest,False,PLACES:Haven Riviera Cancun Resort & Spa Preferred Hotels & Resorts Hotel
Hotel Mousai Puerto Vallarta,https://www.americanexpress.com/en-us/travel/discover/property/Jalisco-MX/Puerto-Vallarta/Hotel-Mousai-Puerto-Vallarta?intlink=US-travel-discover-property-results-propertyCard-Hotel-Mousai-Puerto-Vallarta,"Puerto Vallarta, Jalisco MX",THE HOTEL COLLECTION,Preferred Hotels & Resorts,Program,20.5529429,-105.2632103,"Carr. a Barra de Navidad Km. 7.5-Torre 6, 48390 Puerto Vallarta, Jal., Mexico",google_places,PLACE_DETAILS,ChIJdWUX-f5aIYQRtgYDMVAiibE,establishment;food;health;lodging;point_of_interest;restaurant;spa,False,CACHED
Parco dei Principi Grand Hotel & Spa Roma,https://www.americanexpress.com/en-us/travel/discover/property/Italy/Rome/Parco-Dei-Principi-Grand-Hotel--Spa-Roma?intlink=US-travel-discover-property-results-propertyCard-Parco-Dei-Principi-Grand-Hotel--Spa-Roma,"Rome, Italy",THE HOTEL COLLECTION,Preferred Hotels & Resorts,Program,41.9177836,12.4916535,"Via Gerolamo Frescobaldi, 5, 00198 Roma RM, Italy",google_places,PLACE_DETAILS,ChIJYxlGORthLxMRbSbnT_Qc2As,establishment;food;gym;health;lodging;point_of_interest;restaurant;spa,False,CACHED
The First Dolce,https://www.americanexpress.com/en-us/travel/discover/property/Italy/Rome/The-First-Dolce?intlink=US-travel-discover-property-results-propertyCard-The-First-Dolce,"Rome, Italy",THE HOTEL COLLECTION,Preferred Hotels & Resorts,Program,41.9071503,12.4779437,"Via del Corso, 63, 00187 Roma RM, Italy",google_places,PLACE_DETAILS,ChIJn7xddFZgLxMRXMJwmIDY4pM,establishment;lodging;point_of_interest,False,CACHED
The First Musica,https://www.americanexpress.com/en-us/travel/discover/property/Italy/Rome/The-First-Musica?intlink=US-travel-discover-property-results-propertyCard-The-First-Musica,"Rome, Italy",THE HOTEL COLLECTION,Preferred Hotels & Resorts,Program,41.9070262,12.4731701,"Lungotevere dei Mellini, 26E - 27, 00193 Roma RM, Italy",google_places,PLACE_DETAILS,ChIJK_IU0NphLxMRWMf2MIOsqAk,establishment;lodging;point_of_interest,False,CACHED
Hotel Stein,https://www.americanexpress.com/en-us/travel/discover/property/Austria/Salzburg/Hotel-Stein?intlink=US-travel-discover-property-results-propertyCard-Hotel-Stein,"Salzburg, Austria",THE HOTEL COLLECTION,Preferred Hotels & Resorts,Program,47.8012948,13.0452792,"Giselakai 3, 5020 Salzburg, Austria",google_places,PLACE_DETAILS,ChIJozeEpGOQdkcRIj60ngZcFa8,establishment;lodging;point_of_interest,False,CACHED
Rancho Bernardo Inn,https://www.americanexpress.com/en-us/travel/discover/property/California-US/San-Diego/Rancho-Bernardo-Inn?intlink=US-travel-discover-property-results-propertyCard-Rancho-Bernardo-Inn,"San Diego, California US",THE HOTEL COLLECTION,Preferred Hotels & Resorts,Program,33.0314554,-117.0669235,"17550 Bernardo Oaks Dr, San Diego, CA 92128, USA",google_places,PLACE_DETAILS,ChIJfTZyLCbx24ARvu0mdyJ7goY,establishment;lodging;point_of_interest,False,CACHED
Huntley Santa Monica Beach Hotel,https://www.americanexpress.com/en-us/travel/discover/property/California-US/Santa-Monica/Huntley-Santa-Monica-Beach-Hotel?intlink=US-travel-discover-property-results-propertyCard-Huntley-Santa-Monica-Beach-Hotel,"Santa Monica, California US",THE HOTEL COLLECTION,Preferred Hotels & Resorts,Program,34.01884220000001,-118.5011584,"1111 2nd St, Santa Monica, CA 90401, USA",google_places,PLACE_DETAILS,ChIJ-7aagsakwoARdvlTj8hL97c,bar;establishment;food;lodging;night_club;point_of_interest;restaurant,False,CACHED
Vinarosa Resort & Spa,https://www.americanexpress.com/en-us/travel/discover/property/California-US/Santa-Rosa/Vinarosa-Resort--Spa?intlink=US-travel-discover-property-results-propertyCard-Vinarosa-Resort--Spa,"Santa Rosa, California US",THE HOTEL COLLECTION,Preferred Hotels & Resorts,Program,38.49557679999999,-122.7593962,"4350 Barnes Rd, Santa Rosa, CA 95403, USA",google_places,PLACE_DETAILS,ChIJv2ii0tU4hIARkocdtRAl0KQ,cafe;establishment;food;lodging;point_of_interest;restaurant,False,CACHED
Hotel Magnolia,https://www.americanexpress.com/en-us/travel/discover/property/Chile/Santiago/Hotel-Magnolia?intlink=US-travel-discover-property-results-propertyCard-Hotel-Magnolia,"Santiago, Chile",THE HOTEL COLLECTION,Preferred Hotels & Resorts,Program,-33.4488928,-70.6692793,"8370042 Santiago, Santiago Metropolitan Region, Chile",google_places,PLACE_DETAILS,ChIJkTSSWgDFYpYRnS52o9lHigI,establishment;lodging;point_of_interest,False,CACHED
The Adelphi Hotel,https://www.americanexpress.com/en-us/travel/discover/property/New-York-US/Saratoga-Springs/The-Adelphi-Hotel?intlink=US-travel-discover-property-results-propertyCard-The-Adelphi-Hotel,"Saratoga Springs, New York US",THE HOTEL COLLECTION,Preferred Hotels & Resorts,Program,43.0806724,-73.78623,"365 Broadway, Saratoga Springs, NY 12866, USA",google_places,PLACE_DETAILS,ChIJ8-3j4NA53okRa0pzQ7_e_Dk,establishment;lodging;point_of_interest,False,CACHED
The Pridwin Hotel,https://www.americanexpress.com/en-us/travel/discover/property/New-York-US/Shelter-Island/The-Pridwin-Hotel?intlink=US-travel-discover-property-results-propertyCard-The-Pridwin-Hotel,"Shelter Island, New York US",THE HOTEL COLLECTION,Preferred Hotels & Resorts,Program,41.0696792,-72.3752441,"81 Shore Rd, Shelter Island, NY 11964, USA",google_places,PLACE_DETAILS,ChIJcVzChP6Y6IkRW-eViTD_M94,establishment;lodging;point_of_interest,False,CACHED
Hotel Diplomat,https://www.americanexpress.com/en-us/travel/discover/property/Sweden/Stockholm/Hotel-Diplomat?intlink=US-travel-discover-property-results-propertyCard-Hotel-Diplomat,"Stockholm, Sweden",THE HOTEL COLLECTION,Preferred Hotels & Resorts,Program,59.33198890000001,18.080275,"Strandvägen 7C, 114 56 Stockholm, Sweden",google_places,PLACE_DETAILS,ChIJYUeGE1qdX0YRJ-HgR8m9r2o,establishment;lodging;point_of_interest,False,CACHED
Grand Hotel San Pietro Taormina,https://www.americanexpress.com/en-us/travel/discover/property/Italy/Taormina/Grand-Hotel-San-Pietro-Taormina?intlink=US-travel-discover-property-results-propertyCard-Grand-Hotel-San-Pietro-Taormina,"Taormina, Italy",THE HOTEL COLLECTION,Preferred Hotels & Resorts,Program,37.8504621,15.2949201,"Via Luigi Pirandello, 50, 98039 Taormina ME, Italy",google_places,PLACE_DETAILS,ChIJh40GQ5kRFBMRAMwCNtXEjRs,establishment;lodging;point_of_interest,False,CACHED
The Capitol Hotel Tokyu,https://www.americanexpress.com/en-us/travel/discover/property/Japan/Tokyo/The-Capitol-Hotel-Tokyu?intlink=US-travel-discover-property-results-propertyCard-The-Capitol-Hotel-Tokyu,"Tokyo, Japan",THE HOTEL COLLECTION,Preferred Hotels & Resorts,Program,35.6739689,139.7407736,"2-chōme-10-3 Nagatachō, Chiyoda City, Tokyo 100-0014, Japan",google_places,PLACE_DETAILS,ChIJpZM3l4eLGGARzA8KN9anTP4,establishment;lodging;point_of_interest,False,CACHED
The Prince Park Tower Tokyo,https://www.americanexpress.com/en-us/travel/discover/property/Japan/Tokyo/The-Prince-Park-Tower-Tokyo?intlink=US-travel-discover-property-results-propertyCard-The-Prince-Park-Tower-Tokyo,"Tokyo, Japan",THE HOTEL COLLECTION,Preferred Hotels & Resorts,Program,35.655449,139.7470914,"Japan, 〒105-8563 Tokyo, Minato City, Shibakōen, 4-chōme−8−１ ザ・プリンス パークタワー東京",google_places,PLACE_DETAILS,ChIJ9fTLo0TsGGAR9hOYI9J4Bus,bar;establishment;food;lodging;point_of_interest;restaurant,False,CACHED
Principi di Piemonte UNA Esperienze,https://www.americanexpress.com/en-us/travel/discover/property/Italy/Torino/Principi-Di-Piemonte-Una-Esperienze?intlink=US-travel-discover-property-results-propertyCard-Principi-Di-Piemonte-Una-Esperienze,"Torino, Italy",THE HOTEL COLLECTION,Preferred Hotels & Resorts,Program,45.0649945,7.6817011,"Via Piero Gobetti, 15, 10123 Torino TO, Italy",google_places,PLACE_DETAILS,ChIJG8JRQk0UiEcR5Mc4PIkD7ik,establishment;lodging;point_of_interest,False,CACHED
SoHo Hotel Toronto,https://www.americanexpress.com/en-us/travel/discover/property/Ontario-CA/Toronto/Soho-Hotel-Toronto?intlink=US-travel-discover-property-results-propertyCard-Soho-Hotel-Toronto,"Toronto, Ontario CA",THE HOTEL COLLECTION,Preferred Hotels & Resorts,Program,43.6447222,-79.39222219999999,"318 Wellington St W, Toronto, ON M5V 3T4, Canada",google_places,PLACE_DETAILS,ChIJT1vL_Nk0K4gRvHuHoFhS-Xc,establishment;lodging;point_of_interest,False,CACHED
Hacienda Del Sol Guest Ranch Resort,https://www.americanexpress.com/en-us/travel/discover/property/Arizona-US/Tucson/Hacienda-Del-Sol-Guest-Ranch-Resort?intlink=US-travel-discover-property-results-propertyCard-Hacienda-Del-Sol-Guest-Ranch-Resort,"Tucson, Arizona US",THE HOTEL COLLECTION,Preferred Hotels & Resorts,Program,32.308016,-110.914444,"5501 N Hacienda Del Sol Rd, Tucson, AZ 85718, USA",google_places,PLACE_DETAILS,ChIJe5FRH25y1oYRSxfPouGi-dE,establishment;food;lodging;point_of_interest;restaurant;spa,False,CACHED
Borgo Scopeto Wine & Country Relais,https://www.americanexpress.com/en-us/travel/discover/property/Italy/Vagliagli/Borgo-Scopeto-Wine--Country-Relais?intlink=US-travel-discover-property-results-propertyCard-Borgo-Scopeto-Wine--Country-Relais,"Vagliagli, Italy",THE HOTEL COLLECTION,Preferred Hotels & Resorts,Program,43.3928286,11.3699695,"Località Borgo Scopeto, 53019 Vagliagli SI, Italy",google_places,PLACE_DETAILS,ChIJD_lobdTMKxMRXtg6O-HRCGM,establishment;lodging;point_of_interest,False,CACHED
Hotel Sans Souci Wien,https://www.americanexpress.com/en-us/travel/discover/property/Austria/Vienna/Hotel-Sans-Souci-Wien?intlink=US-travel-discover-property-results-propertyCard-Hotel-Sans-Souci-Wien,"Vienna, Austria",THE HOTEL COLLECTION,Preferred Hotels & Resorts,Program,48.2047201,16.3565247,"Burggasse 2, 1070 Wien, Austria",google_places,PLACE_DETAILS,ChIJ8_JZQZAHbUcRfOCRCB4Q_n4,bar;establishment;food;lodging;point_of_interest;restaurant;spa,False,CACHED
The Dupont Circle Hotel,https://www.americanexpress.com/en-us/travel/discover/property/District-of-Columbia-US/Washington/The-Dupont-Circle-Hotel?intlink=US-travel-discover-property-results-propertyCard-The-Dupont-Circle-Hotel,"Washington, District of Columbia US",THE HOTEL COLLECTION,Preferred Hotels & Resorts,Program,38.9105439,-77.0429082,"1500 New Hampshire Ave NW, Washington, DC 20036, USA",google_places,PLACE_DETAILS,ChIJl-57Rsa3t4kRSyUVymKgvEU,establishment;lodging;point_of_interest,False,CACHED
Avalon Beverly Hills,https://www.americanexpress.com/en-us/travel/discover/property/California-US/Beverly-Hills/Avalon-Beverly-Hills?intlink=US-travel-discover-property-results-propertyCard-Avalon-Beverly-Hills,"Beverly Hills, California US",THE HOTEL COLLECTION,Proper Hospitality,Program,34.0590157,-118.3972801,"9400 W Olympic Blvd, Beverly Hills, CA 90212, USA",google_places,PLACE_DETAILS,ChIJGdDgP-O7woAR9NrM6OSh2fI,establishment;lodging;point_of_interest,False,CACHED
San Francisco Proper Hotel,https://www.americanexpress.com/en-us/travel/discover/property/California-US/San-Francisco/San-Francisco-Proper-Hotel?intlink=US-travel-discover-property-results-propertyCard-San-Francisco-Proper-Hotel,"San Francisco, California US",THE HOTEL COLLECTION,Proper Hospitality,Program,37.780882,-122.4126728,"45 McAllister St, San Francisco, CA 94102, USA",google_places,PLACE_DETAILS,ChIJw-FJ0oSAhYARCwH4NNWTliw,establishment;lodging;point_of_interest,False,CACHED
"Radisson Blu Hotel Reussen, Andermatt",https://www.americanexpress.com/en-us/travel/discover/property/Switzerland/Andermatt/Radisson-Blu-Hotel-Reussen-Andermatt?intlink=US-travel-discover-property-results-propertyCard-Radisson-Blu-Hotel-Reussen-Andermatt,"Andermatt, Switzerland",THE HOTEL COLLECTION,Radisson Hotel Group,Program,46.6399113,8.591309299999999,"Bärengasse 1, 6490 Andermatt, Switzerland",google_places,PLACE_DETAILS,ChIJEXU14Y1xhUcRemiWSzOod5A,establishment;lodging;point_of_interest,False,CACHED
"Radisson Collection Hotel, Waterfront Cape Town",https://www.americanexpress.com/en-us/travel/discover/property/South-Africa/Cape-Town/Radisson-Collection-Hotel-Waterfront-Cape-Town?intlink=US-travel-discover-property-results-propertyCard-Radisson-Collection-Hotel-Waterfront-Cape-Town,"Cape Town, South Africa",THE HOTEL COLLECTION,Radisson Hotel Group,Program,-33.8992879,18.4124603,"100 Beach Road, Granger Bay Blvd, Mouille Point, Cape Town, 8002, South Africa",google_places,PLACE_DETAILS,ChIJjR7VqBdpzB0RVaaTHMY_lrk,establishment;lodging;point_of_interest,False,CACHED
"Palazzo San Gottardo Lake Como, Radisson Collection Hotel",https://www.americanexpress.com/en-us/travel/discover/property/Italy/Como/Palazzo-San-Gottardo-Lake-Como-Radisson-Collection-Hotel?intlink=US-travel-discover-property-results-propertyCard-Palazzo-San-Gottardo-Lake-Como-Radisson-Collection-Hotel,"Como, Italy",THE HOTEL COLLECTION,Radisson Hotel Group,Program,45.8122275,9.0800416,"Via Fratelli Cairoli, 2, 22100 Como CO, Italy",google_places,PLACE_DETAILS,ChIJsUN8mLadhkcRjpSAMADl-aI,establishment;lodging;point_of_interest,False,CACHED
art'otel London Battersea Power Station,https://www.americanexpress.com/en-us/travel/discover/property/England/London/Artotel-London-Battersea-Power-Station?intlink=US-travel-discover-property-results-propertyCard-Artotel-London-Battersea-Power-Station,"London, England",THE HOTEL COLLECTION,Radisson Hotel Group,Program,51.48039989999999,-0.14459,"1 Electric Blvd, Nine Elms, London SW11 8BJ, UK",google_places,PLACE_DETAILS,ChIJIbF8ClYFdkgROOS7LjJBJ8I,bar;establishment;food;lodging;point_of_interest;restaurant,False,CACHED
The May Fair Hotel London,https://www.americanexpress.com/en-us/travel/discover/property/England/London/The-May-Fair-Hotel-London?intlink=US-travel-discover-property-results-propertyCard-The-May-Fair-Hotel-London,"London, England",THE HOTEL COLLECTION,Radisson Hotel Group,Program,51.50822180000001,-0.1442488,"Stratton St, London W1J 8LT, UK",google_places,PLACE_DETAILS,ChIJoTCUACkFdkgRkl6kRfcE6h0,establishment;lodging;point_of_interest,False,CACHED
The Edwardian Manchester,https://www.americanexpress.com/en-us/travel/discover/property/England/Manchester/The-Edwardian-Manchester?intlink=US-travel-discover-property-results-propertyCard-The-Edwardian-Manchester,"Manchester, England",THE HOTEL COLLECTION,Radisson Hotel Group,Program,53.47771239999999,-2.2472234,"Free Trade Hall, Peter St, Manchester M2 5GP, UK",google_places,PLACE_DETAILS,ChIJ3c88fcKxe0gRh4gMbV_isc4,establishment;lodging;point_of_interest,False,CACHED
Radisson Blu Hotel Nice,https://www.americanexpress.com/en-us/travel/discover/property/France/Nice/Radisson-Blu-Hotel-Nice?intlink=US-travel-discover-property-results-propertyCard-Radisson-Blu-Hotel-Nice,"Nice, France",THE HOTEL COLLECTION,Radisson Hotel Group,Program,43.6844138,7.234897800000001,"223 Prom. des Anglais, 06200 Nice, France",google_places,PLACE_DETAILS,ChIJ0dLsIVvQzRIRb622bpLdyAc,establishment;lodging;point_of_interest,False,CACHED
"Radisson Collection Hotel, Magdalena Plaza Sevilla",https://www.americanexpress.com/en-us/travel/discover/property/Spain/Sevilla/Radisson-Collection-Hotel-Magdalena-Plaza-Sevilla?intlink=US-travel-discover-property-results-propertyCard-Radisson-Collection-Hotel-Magdalena-Plaza-Sevilla,"Sevilla, Spain",THE HOTEL COLLECTION,Radisson Hotel Group,Program,37.3911664,-5.9968222,"Pl. de la Magdalena, 1, Casco Antiguo, 41001 Sevilla, Spain",google_places,PLACE_DETAILS,ChIJV6Ba74NtEg0R3re-F7TI7Co,establishment;lodging;point_of_interest,False,CACHED
"Radisson Blu Resort & Spa, Split",https://www.americanexpress.com/en-us/travel/discover/property/Croatia/Split/Radisson-Blu-Resort--Spa-Split?intlink=US-travel-discover-property-results-propertyCard-Radisson-Blu-Resort--Spa-Split,"Split, Croatia",THE HOTEL COLLECTION,Radisson Hotel Group,Program,43.5028917,16.4701457,"Put Trstenika 19, 21000, Split, Croatia",google_places,PLACE_DETAILS,ChIJIWvtIideNRMRRGYQuYye4mM,establishment;lodging;point_of_interest,False,CACHED
"Palazzo Nani Venice, a Radisson Collection Hotel",https://www.americanexpress.com/en-us/travel/discover/property/Italy/Venice/Palazzo-Nani-Venice-a-Radisson-Collection-Hotel?intlink=US-travel-discover-property-results-propertyCard-Palazzo-Nani-Venice-a-Radisson-Collection-Hotel,"Venice, Italy",THE HOTEL COLLECTION,Radisson Hotel Group,Program,45.4445296,12.324591,"Fondamenta Cannaregio, 1105, 30121 Venezia VE, Italy",google_places,PLACE_DETAILS,ChIJfbQyGwyxfkcRcDY0pBqGILA,establishment;lodging;point_of_interest,False,CACHED
Torre Vella,https://www.americanexpress.com/en-us/travel/discover/property/Spain/Alaior/Torre-Vella?intlink=US-travel-discover-property-results-propertyCard-Torre-Vella,"Alaior, Spain",THE HOTEL COLLECTION,Relais & Châteaux,Program,39.8921144,4.1043119,"Finca, Torre Vella, Camí de Llucalari, 07730 Alaior, Illes Balears, Spain",google_places,PLACE_DETAILS,ChIJ5RIbMHiLlRIRiZbOPDVigQk,establishment;food;lodging;point_of_interest;restaurant,False,CACHED
Hotel Caesar Augustus,https://www.americanexpress.com/en-us/travel/discover/property/Italy/Anacapri/Hotel-Caesar-Augustus?intlink=US-travel-discover-property-results-propertyCard-Hotel-Caesar-Augustus,"Anacapri, Italy",THE HOTEL COLLECTION,Relais & Châteaux,Program,40.5587616,14.2232046,"Via Giuseppe Orlandi, 4, 80071 Anacapri NA, Italy",google_places,PLACE_DETAILS,ChIJg-7nCGJ3OxMRJ-PsLAyWi-0,bar;establishment;food;lodging;point_of_interest;restaurant,False,CACHED
Amberley Castle,https://www.americanexpress.com/en-us/travel/discover/property/England/Arundel/Amberley-Castle?intlink=US-travel-discover-property-results-propertyCard-Amberley-Castle,"Arundel, England",THE HOTEL COLLECTION,Relais & Châteaux,Program,50.9090386,-0.5402237,"Amberley Castle, Amberley, Arundel BN18 9LT, UK",google_places,PLACE_DETAILS,ChIJ6-E78BK6dUgRnWiNhXeGS6o,establishment;food;lodging;point_of_interest;restaurant,False,CACHED
Cashel Palace Hotel,https://www.americanexpress.com/en-us/travel/discover/property/Ireland/Cashel/Cashel-Palace-Hotel?intlink=US-travel-discover-property-results-propertyCard-Cashel-Palace-Hotel,"Cashel, Ireland",THE HOTEL COLLECTION,Relais & Châteaux,Program,52.51709959999999,-7.888967800000001,"Main St, Cashel, Co. Tipperary, E25 EF61, Ireland",google_places,PLACE_DETAILS,ChIJZRo-eA-rRUgRXdor_hFaGO8,establishment;lodging;point_of_interest,False,CACHED
Domaine de Verchant,https://www.americanexpress.com/en-us/travel/discover/property/France/Castelnau-Le-Lez/Domaine-De-Verchant?intlink=US-travel-discover-property-results-propertyCard-Domaine-De-Verchant,"Castelnau-Le-Lez, France",THE HOTEL COLLECTION,Relais & Châteaux,Program,43.6250115,3.9216186,"1 Bd Philippe Lamour, 34170 Castelnau-le-Lez, France",google_places,PLACE_DETAILS,ChIJP3Wgwn6vthIRkOLAiMsVbLc,establishment;food;lodging;point_of_interest;restaurant;spa,False,CACHED
The Idle Rocks,https://www.americanexpress.com/en-us/travel/discover/property/England/Cornwall/The-Idle-Rocks?intlink=US-travel-discover-property-results-propertyCard-The-Idle-Rocks,"Cornwall, England",THE HOTEL COLLECTION,Relais & Châteaux,Program,50.1590943,-5.0131675,"St Mawes, Harbourside TR2 5AN, UK",google_places,PLACE_DETAILS,ChIJu1dS6wo8a0gRudRyJY6NXyQ,bar;establishment;food;lodging;point_of_interest;restaurant,False,PLACES:The Idle Rocks Relais & Châteaux Hotel
Riad Fès - Relais & Châteaux,https://www.americanexpress.com/en-us/travel/discover/property/Morocco/Fez/Riad-Fes---Relais--Chateaux?intlink=US-travel-discover-property-results-propertyCard-Riad-Fes---Relais--Chateaux,"Fez, Morocco",THE HOTEL COLLECTION,Relais & Châteaux,Program,34.0616095,-4.9798231,"5 Derb Zerbtana, Fès 30100, Morocco",google_places,PLACE_DETAILS,ChIJvdHxwqj0nw0RIE9vZAILnbE,bar;establishment;food;lodging;night_club;point_of_interest;restaurant;spa,False,CACHED
Coquillade Provence,https://www.americanexpress.com/en-us/travel/discover/property/France/Gargas/Coquillade-Provence?intlink=US-travel-discover-property-results-propertyCard-Coquillade-Provence,"Gargas, France",THE HOTEL COLLECTION,Relais & Châteaux,Program,43.8794751,5.316382000000001,"Rte du Perrotet, 84400 Gargas, France",google_places,PLACE_DETAILS,ChIJl4hzibYWyhIRmBaiScqvNdE,establishment;food;lodging;point_of_interest;restaurant;spa,False,CACHED
Glenapp Castle,https://www.americanexpress.com/en-us/travel/discover/property/Scotland/Girvan/Glenapp-Castle?intlink=US-travel-discover-property-results-propertyCard-Glenapp-Castle,"Girvan, Scotland",THE HOTEL COLLECTION,Relais & Châteaux,Program,55.0841533,-4.9882693,"Glenapp Castle, Ballantrae, Girvan KA26 0NZ, UK",google_places,PLACE_DETAILS,ChIJT1A_OEwUYkgR0CxPrRE1w4w,establishment;food;lodging;point_of_interest;restaurant,False,CACHED
Hotel del Parque,https://www.americanexpress.com/en-us/travel/discover/property/Ecuador/Guayaquil/Hotel-Del-Parque?intlink=US-travel-discover-property-results-propertyCard-Hotel-Del-Parque,"Guayaquil, Ecuador",THE HOTEL COLLECTION,Relais & Châteaux,Program,-2.1449373,-79.8696473,"Km 1½ vía a Samborondón, Av. Los Arcos y Río Guayas Samborondón – Guayaquil, Samborondón 092301, Ecuador",google_places,PLACE_DETAILS,ChIJbRbtD_xsLZARsAPu9PG5cHg,establishment;lodging;point_of_interest,False,CACHED
La Ferme Saint Simeon,https://www.americanexpress.com/en-us/travel/discover/property/France/Honfleur/La-Ferme-Saint-Simeon?intlink=US-travel-discover-property-results-propertyCard-La-Ferme-Saint-Simeon,"Honfleur, France",THE HOTEL COLLECTION,Relais & Châteaux,Program,49.4240226,0.224943,"20 Rte Adolphe Marais, 14600 Honfleur, France",google_places,PLACE_DETAILS,ChIJJ-ERY7Yz4EcRVt32RymnHmw,establishment;food;lodging;point_of_interest;restaurant;spa;travel_agency,False,CACHED
San Montano Resort & Spa,https://www.americanexpress.com/en-us/travel/discover/property/Italy/Lacco-Ameno/San-Montano-Resort--Spa?intlink=US-travel-discover-property-results-propertyCard-San-Montano-Resort--Spa,"Lacco Ameno, Italy",THE HOTEL COLLECTION,Relais & Châteaux,Program,40.7561866,13.8822448,"Via Nuova Montevico, 26, 80076 Lacco Ameno NA, Italy",google_places,PLACE_DETAILS,ChIJaXiAH3dAOxMRopME7p-SNJA,establishment;lodging;point_of_interest,False,CACHED
The Inn at Hastings Park,https://www.americanexpress.com/en-us/travel/discover/property/Massachusetts-US/Lexington/The-Inn-At-Hastings-Park?intlink=US-travel-discover-property-results-propertyCard-The-Inn-At-Hastings-Park,"Lexington, Massachusetts US",THE HOTEL COLLECTION,Relais & Châteaux,Program,42.4495315,-71.2364845,"2027 Massachusetts Ave, Lexington, MA 02421, USA",google_places,PLACE_DETAILS,ChIJ7yOWfNKd44kRL8fjuNGxV6I,establishment;lodging;point_of_interest,False,CACHED
Quintessence Hotel,https://www.americanexpress.com/en-us/travel/discover/property/Anguilla/Long-Bay-Village/Quintessence-Hotel?intlink=US-travel-discover-property-results-propertyCard-Quintessence-Hotel,"Long Bay Village, Anguilla",THE HOTEL COLLECTION,Relais & Châteaux,Program,18.1899807,-63.1315393,"Long Bay Village, Anguilla AI-2640, Anguilla",google_places,PLACE_DETAILS,ChIJcYKv3DBnDowR42lv592Xm04,establishment;lodging;point_of_interest,False,CACHED
Chateau Neercanne,https://www.americanexpress.com/en-us/travel/discover/property/Netherlands/Maastricht/Chateau-Neercanne?intlink=US-travel-discover-property-results-propertyCard-Chateau-Neercanne,"Maastricht, Netherlands",THE HOTEL COLLECTION,Relais & Châteaux,Program,50.8187369,5.6674034,"Von Dopfflaan 10, 6213 NG Maastricht, Netherlands",google_places,PLACE_DETAILS,ChIJueerN-LowEcRt2mMhYhmkvk,establishment;food;lodging;point_of_interest;restaurant,False,CACHED
Cataloochee Ranch,https://www.americanexpress.com/en-us/travel/discover/property/North-Carolina-US/Maggie-Valley/Cataloochee-Ranch?intlink=US-travel-discover-property-results-propertyCard-Cataloochee-Ranch,"Maggie Valley, North Carolina US",THE HOTEL COLLECTION,Relais & Châteaux,Program,35.5490264,-83.0924604,"119 Ranch Dr, Maggie Valley, NC 28751, USA",google_places,PLACE_DETAILS,ChIJlS-0zFtlWYgRZnUfBC4CR70,establishment;food;lodging;point_of_interest;restaurant,False,CACHED
La Fonda Heritage Hotel,https://www.americanexpress.com/en-us/travel/discover/property/Spain/Marbella/La-Fonda-Heritage-Hotel?intlink=US-travel-discover-property-results-propertyCard-La-Fonda-Heritage-Hotel,"Marbella, Spain",THE HOTEL COLLECTION,Relais & Châteaux,Program,36.5122208,-4.885222499999999,"Pl. Santo Cristo, 9 & 10, 29601 Marbella, Málaga, Spain",google_places,PLACE_DETAILS,ChIJN0SiXXnZcg0Rmyk4-uiWYzM,establishment;lodging;point_of_interest,False,CACHED
Palais Ronsard,https://www.americanexpress.com/en-us/travel/discover/property/Morocco/Marrakech/Palais-Ronsard?intlink=US-travel-discover-property-results-propertyCard-Palais-Ronsard,"Marrakech, Morocco",THE HOTEL COLLECTION,Relais & Châteaux,Program,31.6792535,-7.9352045,"Propriété Salah 7 ABYAD, Marrakech 40016, Morocco",google_places,PLACE_DETAILS,ChIJGYuEgJvzrw0RpqSoQ0HdE-E,bar;establishment;food;lodging;point_of_interest;restaurant;spa,False,CACHED
Hotel Saint-Georges,https://www.americanexpress.com/en-us/travel/discover/property/France/Megève/Hotel-Saint-georges?intlink=US-travel-discover-property-results-propertyCard-Hotel-Saint-georges,"Megève, France",THE HOTEL COLLECTION,Relais & Châteaux,Program,45.8553191,6.6170993,"159 Rue Mgr Conseil, 74120 Megève, France",google_places,PLACE_DETAILS,ChIJkbKaAcbii0cRbbuRSTAnSlA,establishment;food;lodging;point_of_interest;restaurant;spa,False,CACHED
Castel Fragsburg,https://www.americanexpress.com/en-us/travel/discover/property/Italy/Merano/Castel-Fragsburg?intlink=US-travel-discover-property-results-propertyCard-Castel-Fragsburg,"Merano, Italy",THE HOTEL COLLECTION,Relais & Châteaux,Program,46.63753149999999,11.1914366,"Via Fragsburg, 3, 39012 Merano BZ, Italy",google_places,PLACE_DETAILS,ChIJGTh1tlu8gkcRavQ2fcnwtWk,bar;establishment;food;gym;health;lodging;point_of_interest;restaurant;spa,False,CACHED
"Il Bottaccio, Relais & Châteaux",https://www.americanexpress.com/en-us/travel/discover/property/Italy/Montignoso/Il-Bottaccio-Relais--Chateaux?intlink=US-travel-discover-property-results-propertyCard-Il-Bottaccio-Relais--Chateaux,"Montignoso, Italy",THE HOTEL COLLECTION,Relais & Châteaux,Program,44.0149732,10.1690241,"Via Bottaccio, 1, 54038 Montignoso MS, Italy",google_places,PLACE_DETAILS,ChIJK2nxOFYJ1RIRwX7ciYOJcVo,establishment;lodging;point_of_interest,False,CACHED
Grand Hotel Parker's,https://www.americanexpress.com/en-us/travel/discover/property/Italy/Naples/Grand-Hotel-Parkers?intlink=US-travel-discover-property-results-propertyCard-Grand-Hotel-Parkers,"Naples, Italy",THE HOTEL COLLECTION,Relais & Châteaux,Program,40.8371067,14.2299864,"C.so Vittorio Emanuele, 135, 80121 Napoli NA, Italy",google_places,PLACE_DETAILS,ChIJ74VFrFkIOxMRpjzKgywb-Ng,establishment;lodging;point_of_interest,False,CACHED
Avaton Luxury Beach Resort,https://www.americanexpress.com/en-us/travel/discover/property/Greece/Nea-Roda/Avaton-Luxury-Beach-Resort?intlink=US-travel-discover-property-results-propertyCard-Avaton-Luxury-Beach-Resort,"Nea Roda, Greece",THE HOTEL COLLECTION,Relais & Châteaux,Program,40.3761419,23.9684721,"Koumitsa 630 75, Greece",google_places,PLACE_DETAILS,ChIJp8jct7LIqBQReL_xPeQq93k,bar;establishment;food;lodging;point_of_interest;restaurant,False,CACHED
Villa Crespi,https://www.americanexpress.com/en-us/travel/discover/property/Italy/Orta-San-Giulio/Villa-Crespi?intlink=US-travel-discover-property-results-propertyCard-Villa-Crespi,"Orta San Giulio, Italy",THE HOTEL COLLECTION,Relais & Châteaux,Program,45.7964103,8.416053699999999,"Via Giuseppe Fava, 18, 28016 Orta San Giulio NO, Italy",google_places,PLACE_DETAILS,ChIJCbA4Ku4MhkcRDYaPQYuwaCI,establishment;food;lodging;point_of_interest;restaurant,False,CACHED
Hotel Balzac,https://www.americanexpress.com/en-us/travel/discover/property/France/Paris/Hotel-Balzac?intlink=US-travel-discover-property-results-propertyCard-Hotel-Balzac,"Paris, France",THE HOTEL COLLECTION,Relais & Châteaux,Program,48.8732946,2.300488,"6 Rue Balzac, 75008 Paris, France",google_places,PLACE_DETAILS,ChIJn82-Depv5kcRVtw33lEC4is,establishment;lodging;point_of_interest,False,CACHED
Hotel Raphael,https://www.americanexpress.com/en-us/travel/discover/property/Italy/Rome/Hotel-Raphael?intlink=US-travel-discover-property-results-propertyCard-Hotel-Raphael,"Rome, Italy",THE HOTEL COLLECTION,Relais & Châteaux,Program,41.8999364,12.4720937,"Largo Febo, 2, 00186 Roma RM, Italy",google_places,PLACE_DETAILS,ChIJZaLdOiphLxMRtkwRrllbMGo,establishment;lodging;point_of_interest,False,CACHED
A Quinta da Auga,https://www.americanexpress.com/en-us/travel/discover/property/Spain/Santiago-de-Compostela/A-Quinta-Da-Auga?intlink=US-travel-discover-property-results-propertyCard-A-Quinta-Da-Auga,"Santiago de Compostela, Spain",THE HOTEL COLLECTION,Relais & Châteaux,Program,42.87032960000001,-8.5825816,"Paseo da Amaia, 23B, 15706 Santiago de Compostela, A Coruña, Spain",google_places,PLACE_DETAILS,ChIJkzmplOf9Lg0RwNjh0iNOtGs,establishment;food;lodging;point_of_interest;restaurant;spa,False,CACHED
The Drisco,https://www.americanexpress.com/en-us/travel/discover/property/Israel/Tel-Aviv/The-Drisco?intlink=US-travel-discover-property-results-propertyCard-The-Drisco,"Tel Aviv, Israel",THE HOTEL COLLECTION,Relais & Châteaux,Program,32.0568582,34.7625935,"Auerbach St 6, Tel Aviv-Yafo, 6811911, Israel",google_places,PLACE_DETAILS,ChIJ17ISVr1MHRURDV4n3peAEws,establishment;food;lodging;point_of_interest;restaurant,False,CACHED
The Kitano Hotel Tokyo,https://www.americanexpress.com/en-us/travel/discover/property/Japan/Tokyo/The-Kitano-Hotel-Tokyo?intlink=US-travel-discover-property-results-propertyCard-The-Kitano-Hotel-Tokyo,"Tokyo, Japan",THE HOTEL COLLECTION,Relais & Châteaux,Program,35.67923,139.7410452,"2-chōme-16-15 Hirakawachō, Chiyoda City, Tokyo 102-0093, Japan",google_places,PLACE_DETAILS,ChIJd8p4wHmMGGAR3F9ZZ3n2wsg,establishment;lodging;point_of_interest,False,CACHED
Park Hotel Sonnenhof,https://www.americanexpress.com/en-us/travel/discover/property/Liechtenstein/Vaduz/Park-Hotel-Sonnenhof?intlink=US-travel-discover-property-results-propertyCard-Park-Hotel-Sonnenhof,"Vaduz, Liechtenstein",THE HOTEL COLLECTION,Relais & Châteaux,Program,47.147138,9.52332,"Mareestrasse 29, 9490 Vaduz, Liechtenstein",google_places,PLACE_DETAILS,ChIJ52H84EExm0cRq91gcg62_q4,establishment;food;lodging;point_of_interest;restaurant,False,CACHED
Chateau St. Gerlach,https://www.americanexpress.com/en-us/travel/discover/property/Netherlands/Valkenburg/Chateau-St-Gerlach?intlink=US-travel-discover-property-results-propertyCard-Chateau-St-Gerlach,"Valkenburg, Netherlands",THE HOTEL COLLECTION,Relais & Châteaux,Program,50.86921479999999,5.7993917,"Joseph Corneli Allee 1, 6301 KK Valkenburg, Netherlands",google_places,PLACE_DETAILS,ChIJo3PPcifAwEcRNSc5Bxu0raA,establishment;lodging;point_of_interest,False,CACHED
Wedgewood Hotel and Spa,https://www.americanexpress.com/en-us/travel/discover/property/British-Columbia-CA/Vancouver/Wedgewood-Hotel-And-Spa?intlink=US-travel-discover-property-results-propertyCard-Wedgewood-Hotel-And-Spa,"Vancouver, British Columbia CA",THE HOTEL COLLECTION,Relais & Châteaux,Program,49.282234,-123.122663,"845 Hornby St, Vancouver, BC V6Z 1V1, Canada",google_places,PLACE_DETAILS,ChIJC-yI8X9xhlQRW_dizpXab-A,bar;establishment;food;lodging;point_of_interest;restaurant;spa,False,CACHED
Grand Hotel du Lac,https://www.americanexpress.com/en-us/travel/discover/property/Switzerland/Vevey/Grand-Hotel-Du-Lac?intlink=US-travel-discover-property-results-propertyCard-Grand-Hotel-Du-Lac,"Vevey, Switzerland",THE HOTEL COLLECTION,Relais & Châteaux,Program,46.45765069999999,6.8518061,"Rue d'Italie 1, 1800 Vevey, Switzerland",google_places,PLACE_DETAILS,ChIJ0T0N9sicjkcRXfnduZdn7f0,establishment;food;lodging;parking;point_of_interest;restaurant;spa,False,CACHED
Renaissance Worthington,https://www.americanexpress.com/en-us/travel/discover/property/Texas-US/Fort-Worth/Renaissance-Worthington?intlink=US-travel-discover-property-results-propertyCard-Renaissance-Worthington,"Fort Worth, Texas US",THE HOTEL COLLECTION,Renaissance Hotels,Program,32.7557667,-97.3323475,"200 Main St, Fort Worth, TX 76102, USA",google_places,PLACE_DETAILS,ChIJseD95kBxToYR7ambmEKVEHc,establishment;lodging;point_of_interest,False,CACHED
St Pancras London,https://www.americanexpress.com/en-us/travel/discover/property/England/London/St-Pancras-London?intlink=US-travel-discover-property-results-propertyCard-St-Pancras-London,"London, England",THE HOTEL COLLECTION,Renaissance Hotels,Program,51.52973249999999,-0.1259119,"Euston Rd., London NW1 2AR, UK",google_places,PLACE_DETAILS,ChIJbSikmDsbdkgR-nC2sxkGYpg,establishment;lodging;point_of_interest,False,CACHED
"Hotel de la Poste - French Quarter, a Renaissance Hotel",https://www.americanexpress.com/en-us/travel/discover/property/Louisiana-US/New-Orleans/Hotel-De-La-Poste---French-Quarter-a-Renaissance-Hotel?intlink=US-travel-discover-property-results-propertyCard-Hotel-De-La-Poste---French-Quarter-a-Renaissance-Hotel,"New Orleans, Louisiana US",THE HOTEL COLLECTION,Renaissance Hotels,Program,29.9545358,-90.06635999999999,"316 Chartres St, New Orleans, LA 70130, USA",google_places,PLACE_DETAILS,ChIJ23_l41enIIYRebC6T_Cz06w,establishment;lodging;point_of_interest,False,CACHED
Rixos Premium Dubai,https://www.americanexpress.com/en-us/travel/discover/property/United-Arab-Emirates/Dubai/Rixos-Premium-Dubai?intlink=US-travel-discover-property-results-propertyCard-Rixos-Premium-Dubai,"Dubai, United Arab Emirates",THE HOTEL COLLECTION,Rixos,Program,25.080075,55.13585399999999,The Walk Jbr - Al Mamsha St - Marsa Dubai - Jumeirah Beach Residence - Dubai - United Arab Emirates,google_places,PLACE_DETAILS,ChIJOaJqF6sUXz4RxzbhQU9vSas,establishment;lodging;point_of_interest,False,CACHED
Rixos Premium Dubrovnik,https://www.americanexpress.com/en-us/travel/discover/property/Croatia/Dubrovnik/Rixos-Premium-Dubrovnik?intlink=US-travel-discover-property-results-propertyCard-Rixos-Premium-Dubrovnik,"Dubrovnik, Croatia",THE HOTEL COLLECTION,Rixos,Program,42.64537139999999,18.0909505,"Liechtensteinov put 3, 20000, Dubrovnik, Croatia",google_places,PLACE_DETAILS,ChIJwYElwdQKTBMRkx9NRmVOra0,casino;establishment;health;lodging;point_of_interest,False,CACHED
Rixos Tersane Istanbul,https://www.americanexpress.com/en-us/travel/discover/property/Turkey/Istanbul/Rixos-Tersane-Istanbul?intlink=US-travel-discover-property-results-propertyCard-Rixos-Tersane-Istanbul,"Istanbul, Turkey",THE HOTEL COLLECTION,Rixos,Program,41.0346963,28.9561649,"Camiikebir, Taşkızak Tersanesi Caddesi No:23/1, 34440 Beyoğlu/İstanbul, Türkiye",google_places,PLACE_DETAILS,ChIJsStCbGK5yhQRZujrP9ButZk,establishment;lodging;point_of_interest,False,PLACES:Rixos Tersane Istanbul Rixos Hotel
The Asbury Hotel,https://www.americanexpress.com/en-us/travel/discover/property/New-Jersey-US/Asbury-Park/The-Asbury-Hotel?intlink=US-travel-discover-property-results-propertyCard-The-Asbury-Hotel,"Asbury Park, New Jersey US",THE HOTEL COLLECTION,Sage Hospitality,Program,40.2236111,-74.0016667,"210 Fifth Ave, Asbury Park, NJ 07712, USA",google_places,PLACE_DETAILS,ChIJr8YzRmomwokRdaBbTNbnz-U,establishment;lodging;point_of_interest,False,CACHED
Hotel Van Zandt,https://www.americanexpress.com/en-us/travel/discover/property/Texas-US/Austin/Hotel-Van-Zandt?intlink=US-travel-discover-property-results-propertyCard-Hotel-Van-Zandt,"Austin, Texas US",THE HOTEL COLLECTION,Sage Hospitality,Program,30.2600521,-97.7391114,"605 Davis St, Austin, TX 78701, USA",google_places,PLACE_DETAILS,ChIJe0EXdam1RIYRH8zri9A4zqY,establishment;lodging;point_of_interest,False,CACHED
The Maven Hotel at Dairy Block,https://www.americanexpress.com/en-us/travel/discover/property/Colorado-US/Denver/The-Maven-Hotel-At-Dairy-Block?intlink=US-travel-discover-property-results-propertyCard-The-Maven-Hotel-At-Dairy-Block,"Denver, Colorado US",THE HOTEL COLLECTION,Sage Hospitality,Program,39.7536438,-104.9965777,"1850 Wazee St, Denver, CO 80202, USA",google_places,PLACE_DETAILS,ChIJ8c0qxtx4bIcRfUmoF4wfrl0,establishment;lodging;point_of_interest,False,CACHED
The Rally Hotel at McGregor Square,https://www.americanexpress.com/en-us/travel/discover/property/Colorado-US/Denver/The-Rally-Hotel-At-Mcgregor-Square?intlink=US-travel-discover-property-results-propertyCard-The-Rally-Hotel-At-Mcgregor-Square,"Denver, Colorado US",THE HOTEL COLLECTION,Sage Hospitality,Program,39.75512459999999,-104.9960755,"1600 20th St, Denver, CO 80202, USA",google_places,PLACE_DETAILS,ChIJjaSvHN14bIcRIF3Gvt1krJ8,establishment;lodging;point_of_interest,False,CACHED
The Pierside Hotel Santa Monica,https://www.americanexpress.com/en-us/travel/discover/property/California-US/Santa-Monica/The-Pierside-Hotel-Santa-Monica?intlink=US-travel-discover-property-results-propertyCard-The-Pierside-Hotel-Santa-Monica,"Santa Monica, California US",THE HOTEL COLLECTION,Sage Hospitality,Program,34.011824,-118.4941119,"120 Colorado Ave, Santa Monica, CA 90401, USA",google_places,PLACE_DETAILS,ChIJf_5jkbKlwoARu5m_2jkvTFM,establishment;lodging;point_of_interest,False,CACHED
The Hotel Landing,https://www.americanexpress.com/en-us/travel/discover/property/Minnesota-US/Wayzata/The-Hotel-Landing?intlink=US-travel-discover-property-results-propertyCard-The-Hotel-Landing,"Wayzata, Minnesota US",THE HOTEL COLLECTION,Sage Hospitality,Program,44.9680578,-93.5054621,"925 Lake St E, Wayzata, MN 55391, USA",google_places,PLACE_DETAILS,ChIJpVt9gZxMs1IRNHpzOa5Ituo,establishment;lodging;point_of_interest,False,CACHED
"Kerry Hotel, Hong Kong",https://www.americanexpress.com/en-us/travel/discover/property/China/Hong-Kong/Kerry-Hotel-Hong-Kong?intlink=US-travel-discover-property-results-propertyCard-Kerry-Hotel-Hong-Kong,"Hong Kong, China",THE HOTEL COLLECTION,Shangri-La Hotels and Resorts,Program,22.297137,114.1770839,"64 Mody Rd, Tsim Sha Tsui, Hong Kong",google_places,PLACE_DETAILS,ChIJzQS8v-8ABDQRoe-qYHorP0g,establishment;lodging;point_of_interest,False,CACHED
Shangri-La Lhasa,https://www.americanexpress.com/en-us/travel/discover/property/China/Lhasa/Shangri-la-Lhasa?intlink=US-travel-discover-property-results-propertyCard-Shangri-la-Lhasa,"Lhasa, China",THE HOTEL COLLECTION,Shangri-La Hotels and Resorts,Program,29.652319,91.10025,"China, Xi Zang Zi Zhi Qu, La Sa Shi, Cheng Guan Qu, 罗布林卡路19号 邮政编码: 850015",google_places,PLACE_DETAILS,ChIJdRNMwQMxYTcRyOCVdO4tUGI,establishment;lodging;point_of_interest,False,CACHED
"Shangri-La Eros, New Delhi",https://www.americanexpress.com/en-us/travel/discover/property/India/New-Delhi/Shangri-la-Eros-New-Delhi?intlink=US-travel-discover-property-results-propertyCard-Shangri-la-Eros-New-Delhi,"New Delhi, India",THE HOTEL COLLECTION,Shangri-La Hotels and Resorts,Program,28.6209501,77.21816799999999,"19, Ashoka Rd, Janpath, Connaught Place, New Delhi, Delhi 110001, India",google_places,PLACE_DETAILS,ChIJ0R_nhcriDDkRDN1R9jpuGKM,establishment;lodging;point_of_interest,False,CACHED
"Shangri-La Rasa Sentosa, Singapore",https://www.americanexpress.com/en-us/travel/discover/property/Singapore/Singapore/Shangri-la-Rasa-Sentosa-Singapore?intlink=US-travel-discover-property-results-propertyCard-Shangri-la-Rasa-Sentosa-Singapore,"Singapore, Singapore",THE HOTEL COLLECTION,Shangri-La Hotels and Resorts,Program,1.2577323,103.8097962,"101 Siloso Rd, Singapore 098970",google_places,PLACE_DETAILS,ChIJ7aFemPAb2jERQTmgdV0wbLM,establishment;lodging;point_of_interest,False,CACHED
Signia by Hilton Diplomat Beach Resort,https://www.americanexpress.com/en-us/travel/discover/property/Florida-US/Hollywood/Signia-By-Hilton-Diplomat-Beach-Resort?intlink=US-travel-discover-property-results-propertyCard-Signia-By-Hilton-Diplomat-Beach-Resort,"Hollywood, Florida US",THE HOTEL COLLECTION,Signia by Hilton,Program,25.9916936,-80.1179417,"3555 S Ocean Dr, Hollywood, FL 33019, USA",google_places,PLACE_DETAILS,ChIJdegypsir2YgRhe4rbEB80oU,establishment;lodging;point_of_interest,False,CACHED
Signia by Hilton Orlando Bonnet Creek,https://www.americanexpress.com/en-us/travel/discover/property/Florida-US/Orlando/Signia-By-Hilton-Orlando-Bonnet-Creek?intlink=US-travel-discover-property-results-propertyCard-Signia-By-Hilton-Orlando-Bonnet-Creek,"Orlando, Florida US",THE HOTEL COLLECTION,Signia by Hilton,Program,28.3558228,-81.5347968,"14100 Bonnet Creek Resort Ln, Orlando, FL 32821, USA",google_places,PLACE_DETAILS,ChIJObirUnJ_3YgRgKoJdbtSzWQ,establishment;lodging;point_of_interest,False,CACHED
Signia by Hilton La Cantera Resort & Spa,https://www.americanexpress.com/en-us/travel/discover/property/Texas-US/San-Antonio/Signia-By-Hilton-La-Cantera-Resort--Spa?intlink=US-travel-discover-property-results-propertyCard-Signia-By-Hilton-La-Cantera-Resort--Spa,"San Antonio, Texas US",THE HOTEL COLLECTION,Signia by Hilton,Program,29.6028861,-98.6224536,"16641 La Cantera Pkwy, San Antonio, TX 78256, USA",google_places,PLACE_DETAILS,ChIJ9ectyNVlXIYR3JGJAHxo5rE,establishment;lodging;point_of_interest;spa,False,CACHED
Signia by Hilton San Jose,https://www.americanexpress.com/en-us/travel/discover/property/California-US/San-Jose/Signia-By-Hilton-San-Jose?intlink=US-travel-discover-property-results-propertyCard-Signia-By-Hilton-San-Jose,"San Jose, California US",THE HOTEL COLLECTION,Signia by Hilton,Program,37.3328802,-121.8893056,"170 S Market St, San Jose, CA 95113, USA",google_places,PLACE_DETAILS,ChIJTaXXJLvMj4AR17y9GP41Dkc,establishment;lodging;point_of_interest,False,CACHED
SLS Puerto Madero,https://www.americanexpress.com/en-us/travel/discover/property/Argentina/Buenos-Aires/Sls-Puerto-Madero?intlink=US-travel-discover-property-results-propertyCard-Sls-Puerto-Madero,"Buenos Aires, Argentina",THE HOTEL COLLECTION,SLS,Program,-34.6186251,-58.3621881,"Juana Manso 1725, C1107CHI Cdad. Autónoma de Buenos Aires, Argentina",google_places,PLACE_DETAILS,ChIJrR5F-zw1o5UR44_VjRd9hXY,establishment;lodging;point_of_interest,False,CACHED
SLS Playa Mujeres,https://www.americanexpress.com/en-us/travel/discover/property/Quintana-Roo-MX/Cancún/Sls-Playa-Mujeres?intlink=US-travel-discover-property-results-propertyCard-Sls-Playa-Mujeres,"Cancún, Quintana Roo MX",THE HOTEL COLLECTION,SLS,Program,21.2356031,-86.80350450000002,"Paseo Mujeres, Manzana 1 Supermanzana 3 Cancún, 77400 Cancun, Q.R., Mexico",google_places,PLACE_DETAILS,ChIJX3mPBhYuTI8RadrYrI1on3Y,establishment;lodging;point_of_interest,False,CACHED
SLS Dubai Hotel and Residences,https://www.americanexpress.com/en-us/travel/discover/property/United-Arab-Emirates/Dubai/Sls-Dubai-Hotel-And-Residences?intlink=US-travel-discover-property-results-propertyCard-Sls-Dubai-Hotel-And-Residences,"Dubai, United Arab Emirates",THE HOTEL COLLECTION,SLS,Program,25.1846151,55.2923476,Marasi Dr - Business Bay - Dubai - United Arab Emirates,google_places,PLACE_DETAILS,ChIJdd8SeO1pXz4R4BUPbTuiWGc,establishment;lodging;point_of_interest,False,CACHED
SLS LUX Brickell,https://www.americanexpress.com/en-us/travel/discover/property/Florida-US/Miami/Sls-Lux-Brickell?intlink=US-travel-discover-property-results-propertyCard-Sls-Lux-Brickell,"Miami, Florida US",THE HOTEL COLLECTION,SLS,Program,25.7660465,-80.19298049999999,"805 S Miami Ave, Miami, FL 33130, USA",google_places,PLACE_DETAILS,ChIJRZ5GYmy32YgRgfL7St6wqNU,establishment;lodging;point_of_interest,False,CACHED
SLS Baha Mar,https://www.americanexpress.com/en-us/travel/discover/property/The-Bahamas/Nassau/Sls-Baha-Mar?intlink=US-travel-discover-property-results-propertyCard-Sls-Baha-Mar,"Nassau, The Bahamas",THE HOTEL COLLECTION,SLS,Program,25.0718057,-77.39749540000001,"1 Baha Mar Blvd, Nassau, The Bahamas",google_places,PLACE_DETAILS,ChIJmSPGIiJjL4kR88iR82yTwSU,establishment;lodging;point_of_interest,False,CACHED
Hotel Le Pigonnet,https://www.americanexpress.com/en-us/travel/discover/property/France/Aix-en-Provence/Hotel-Le-Pigonnet?intlink=US-travel-discover-property-results-propertyCard-Hotel-Le-Pigonnet,"Aix-en-Provence, France",THE HOTEL COLLECTION,Small Luxury Hotels of the World,Program,43.5179058,5.4420338,"5 Av. du Pigonnet, 13090 Aix-en-Provence, France",google_places,PLACE_DETAILS,ChIJC7vJFJuNyRIR57A8-fKQRXc,bar;establishment;food;gym;health;lodging;point_of_interest;restaurant;spa,False,CACHED
Villa della Pergola,https://www.americanexpress.com/en-us/travel/discover/property/Italy/Alassio/Villa-Della-Pergola?intlink=US-travel-discover-property-results-propertyCard-Villa-Della-Pergola,"Alassio, Italy",THE HOTEL COLLECTION,Small Luxury Hotels of the World,Program,44.01146,8.172369,"Via Privata Montagu, 9/1, 17021 Alassio SV, Italy",google_places,PLACE_DETAILS,ChIJg1lHd7Vd0hIRJZC3wWctQUQ,establishment;lodging;point_of_interest,False,CACHED
"The Roundtree, Amagansett",https://www.americanexpress.com/en-us/travel/discover/property/New-York-US/Amagansett/The-Roundtree-Amagansett?intlink=US-travel-discover-property-results-propertyCard-The-Roundtree-Amagansett,"Amagansett, New York US",THE HOTEL COLLECTION,Small Luxury Hotels of the World,Program,40.9763509,-72.1399757,"273 Main St, Amagansett, NY 11930, USA",google_places,PLACE_DETAILS,ChIJdz_tOwiw6IkRk4ewE_z7EpI,establishment;lodging;point_of_interest,False,CACHED
Miramonti Boutique Hotel,https://www.americanexpress.com/en-us/travel/discover/property/Italy/Avelengo/Miramonti-Boutique-Hotel?intlink=US-travel-discover-property-results-propertyCard-Miramonti-Boutique-Hotel,"Avelengo, Italy",THE HOTEL COLLECTION,Small Luxury Hotels of the World,Program,46.6497706,11.2090779,"Via S. Caterina, 14, 39010 Avelengo BZ, Italy",google_places,PLACE_DETAILS,ChIJRSjJqo28gkcRIhn3JbwyEY4,establishment;food;lodging;point_of_interest;restaurant;spa,False,CACHED
137 Pillars Suites Bangkok,https://www.americanexpress.com/en-us/travel/discover/property/Thailand/Bangkok/137-Pillars-Suites-Bangkok?intlink=US-travel-discover-property-results-propertyCard-137-Pillars-Suites-Bangkok,"Bangkok, Thailand",THE HOTEL COLLECTION,Small Luxury Hotels of the World,Program,13.7376811,100.5723094,"59/1 Soi Sukhumvit 39, Khwaeng Khlong Tan Nuea, Watthana, Krung Thep Maha Nakhon 10110, Thailand",google_places,PLACE_DETAILS,ChIJDdCqIP-e4jARxR8vNaxyt9U,establishment;lodging;point_of_interest,False,CACHED
Claris Hotel & Spa,https://www.americanexpress.com/en-us/travel/discover/property/Spain/Barcelona/Claris-Hotel--Spa?intlink=US-travel-discover-property-results-propertyCard-Claris-Hotel--Spa,"Barcelona, Spain",THE HOTEL COLLECTION,Small Luxury Hotels of the World,Program,41.3944154,2.1652648,"Carrer de Pau Claris, 150, Eixample, 08009 Barcelona, Spain",google_places,PLACE_DETAILS,ChIJ9WP3y-yipBIRHF1rHOaq5Y4,establishment;lodging;point_of_interest,False,CACHED
Grand Hotel Central,https://www.americanexpress.com/en-us/travel/discover/property/Spain/Barcelona/Grand-Hotel-Central?intlink=US-travel-discover-property-results-propertyCard-Grand-Hotel-Central,"Barcelona, Spain",THE HOTEL COLLECTION,Small Luxury Hotels of the World,Program,41.3849706,2.1777654,"Via Laietana, 30, Ciutat Vella, 08003 Barcelona, Spain",google_places,PLACE_DETAILS,ChIJg1-2b_mipBIRirLgoXI-GXU,bar;establishment;food;lodging;point_of_interest;restaurant;spa,False,CACHED
Wittmore Hotel,https://www.americanexpress.com/en-us/travel/discover/property/Spain/Barcelona/Wittmore-Hotel?intlink=US-travel-discover-property-results-propertyCard-Wittmore-Hotel,"Barcelona, Spain",THE HOTEL COLLECTION,Small Luxury Hotels of the World,Program,41.380947,2.1796175,"Carrer de Riudarenes, 7, Ciutat Vella, 08002 Barcelona, Spain",google_places,PLACE_DETAILS,ChIJoeF3VP-ipBIRpjdaHk-xhgk,establishment;lodging;point_of_interest,False,CACHED
Homewood,https://www.americanexpress.com/en-us/travel/discover/property/England/Bath/Homewood?intlink=US-travel-discover-property-results-propertyCard-Homewood,"Bath, England",THE HOTEL COLLECTION,Small Luxury Hotels of the World,Program,51.33592300000001,-2.318309,"Abbey Ln, Freshford, Bath BA2 7TB, UK",google_places,PLACE_DETAILS,ChIJpahZdW2AcUgRMjgvMGROHgA,establishment;lodging;point_of_interest;spa,False,CACHED
Yndo Hotel,https://www.americanexpress.com/en-us/travel/discover/property/France/Bordeaux/Yndo-Hotel?intlink=US-travel-discover-property-results-propertyCard-Yndo-Hotel,"Bordeaux, France",THE HOTEL COLLECTION,Small Luxury Hotels of the World,Program,44.844218,-0.5834085999999999,"108 Rue Abbé de l'Épée, 33000 Bordeaux, France",google_places,PLACE_DETAILS,ChIJSc_1SucnVQ0RVXwBzmmWmhc,establishment;lodging;point_of_interest,False,CACHED
Kozmo Hotel Suites And Spa,https://www.americanexpress.com/en-us/travel/discover/property/Hungary/Budapest/Kozmo-Hotel-Suites-And-Spa?intlink=US-travel-discover-property-results-propertyCard-Kozmo-Hotel-Suites-And-Spa,"Budapest, Hungary",THE HOTEL COLLECTION,Small Luxury Hotels of the World,Program,47.4900199,19.0747825,"Budapest, Horváth Mihály tér 17, 1082 Hungary",google_places,PLACE_DETAILS,ChIJbyrtH1_dQUcRrf9JBGG_Z_M,establishment;lodging;point_of_interest;spa,False,CACHED
Camden Harbour Inn,https://www.americanexpress.com/en-us/travel/discover/property/Maine-US/Camden/Camden-Harbour-Inn?intlink=US-travel-discover-property-results-propertyCard-Camden-Harbour-Inn,"Camden, Maine US",THE HOTEL COLLECTION,Small Luxury Hotels of the World,Program,44.20586110000001,-69.0615981,"83 Bay View St, Camden, ME 04843, USA",google_places,PLACE_DETAILS,ChIJPaHztw_XrUwRg8ZuVjUJbW0,establishment;lodging;point_of_interest,False,CACHED
Ka'ana Resort,https://www.americanexpress.com/en-us/travel/discover/property/Belize/Cayo/Kaana-Resort?intlink=US-travel-discover-property-results-propertyCard-Kaana-Resort,"Cayo, Belize",THE HOTEL COLLECTION,Small Luxury Hotels of the World,Program,17.1223959,-89.10072559999999,"Mile 69 1, 4 George Price Hwy, San Ignacio, Belize",google_places,PLACE_DETAILS,ChIJmd_xppRZXI8Rwwst4HOKYbU,establishment;health;lodging;point_of_interest;spa,False,CACHED
Villa Petriolo Tuscany,https://www.americanexpress.com/en-us/travel/discover/property/Italy/Cerreto-Guidi/Villa-Petriolo-Tuscany?intlink=US-travel-discover-property-results-propertyCard-Villa-Petriolo-Tuscany,"Cerreto Guidi, Italy",THE HOTEL COLLECTION,Small Luxury Hotels of the World,Program,43.7425731,10.8485728,"V. di Petriolo, 7, 50050 Cerreto Guidi FI, Italy",google_places,PLACE_DETAILS,ChIJs1VKtv1lKhMRV0A-eBDUSUs,establishment;food;lodging;point_of_interest;restaurant;school,False,CACHED
AMANOR Hotel Chiang Mai,https://www.americanexpress.com/en-us/travel/discover/property/Thailand/Chiang-Mai/Amanor-Hotel-Chiang-Mai?intlink=US-travel-discover-property-results-propertyCard-Amanor-Hotel-Chiang-Mai,"Chiang Mai, Thailand",THE HOTEL COLLECTION,Small Luxury Hotels of the World,Program,18.7973897,98.96938730000001,"22/2 Nimmana Haeminda Rd Lane 9, Tambon Su Thep, Amphoe Mueang Chiang Mai, Chang Wat Chiang Mai 50200, Thailand",google_places,PLACE_DETAILS,ChIJGzYE0Ik62jARg0q0KolYlAU,establishment;lodging;point_of_interest,False,CACHED
The George,https://www.americanexpress.com/en-us/travel/discover/property/New-Zealand/Christchurch/The-George?intlink=US-travel-discover-property-results-propertyCard-The-George,"Christchurch, New Zealand",THE HOTEL COLLECTION,Small Luxury Hotels of the World,Program,-43.5259392,172.6287928,"50 Park Terrace, Christchurch Central City, Christchurch 8013, New Zealand",google_places,PLACE_DETAILS,ChIJzc9RPziKMW0RNic3FiHgkE0,establishment;food;lodging;point_of_interest;restaurant,False,CACHED
NIMB Hotel,https://www.americanexpress.com/en-us/travel/discover/property/Denmark/Copenhagen/Nimb-Hotel?intlink=US-travel-discover-property-results-propertyCard-Nimb-Hotel,"Copenhagen, Denmark",THE HOTEL COLLECTION,Small Luxury Hotels of the World,Program,55.68037529999999,12.5613464,"Gyldenløvesgade 19, 1600 København V, Denmark",google_places,PLACE_DETAILS,ChIJL9i32AhTUkYRQQAPZPtt0lg,establishment;lodging;point_of_interest;spa,False,CACHED
The Montenotte - Woodland Suite Experience,https://www.americanexpress.com/en-us/travel/discover/property/Ireland/Cork/The-Montenotte---Woodland-Suite-Experience?intlink=US-travel-discover-property-results-propertyCard-The-Montenotte---Woodland-Suite-Experience,"Cork, Ireland",THE HOTEL COLLECTION,Small Luxury Hotels of the World,Program,51.904415,-8.451702,"The Montenotte, Middle Glanmire Rd, Tivoli, Cork, Ireland",google_places,PLACE_DETAILS,ChIJf0lP_aOaREgRHH5PkUe-HJQ,establishment;lodging;point_of_interest,False,CACHED
Villa di Piazzano,https://www.americanexpress.com/en-us/travel/discover/property/Italy/Cortona/Villa-Di-Piazzano?intlink=US-travel-discover-property-results-propertyCard-Villa-Di-Piazzano,"Cortona, Italy",THE HOTEL COLLECTION,Small Luxury Hotels of the World,Program,43.2424478,12.0405687,"Loc. Piazzano, 7, 06069 Tuoro sul Trasimeno PG, Italy",google_places,PLACE_DETAILS,ChIJWY_chdz4KxMRSuI2G57gRow,establishment;food;lodging;point_of_interest;restaurant,False,CACHED
Le Marne Relais,https://www.americanexpress.com/en-us/travel/discover/property/Italy/Costigliole-d'Asti/Le-Marne-Relais?intlink=US-travel-discover-property-results-propertyCard-Le-Marne-Relais,"Costigliole d'Asti, Italy",THE HOTEL COLLECTION,Small Luxury Hotels of the World,Program,44.7862867,8.2166365,"Str. Pasquana, 5, 14055 Costigliole d'Asti AT, Italy",google_places,PLACE_DETAILS,ChIJoTASJKKNh0cRZYfzO36qfvI,establishment;lodging;point_of_interest,False,CACHED
Cosmopolitan Suites,https://www.americanexpress.com/en-us/travel/discover/property/Greece/Fira/Cosmopolitan-Suites?intlink=US-travel-discover-property-results-propertyCard-Cosmopolitan-Suites,"Fira, Greece",THE HOTEL COLLECTION,Small Luxury Hotels of the World,Program,36.419914,25.4307519,"Fira 847 00 SANTORINI, Greece",google_places,PLACE_DETAILS,ChIJyYZYDtLNmRQR7hexuQF5fSE,establishment;lodging;point_of_interest,False,CACHED
"Hotel Regency, Firenze",https://www.americanexpress.com/en-us/travel/discover/property/Italy/Florence/Hotel-Regency-Firenze?intlink=US-travel-discover-property-results-propertyCard-Hotel-Regency-Firenze,"Florence, Italy",THE HOTEL COLLECTION,Small Luxury Hotels of the World,Program,43.77533,11.268173,"P.za Massimo D'Azeglio, 3, 50121 Firenze FI, Italy",google_places,PLACE_DETAILS,ChIJW7xrGA5UKhMR56K12x9BE_U,establishment;food;lodging;point_of_interest;restaurant,False,CACHED
Glenlo Abbey Hotel & Estate,https://www.americanexpress.com/en-us/travel/discover/property/Ireland/Galway/Glenlo-Abbey-Hotel--Estate?intlink=US-travel-discover-property-results-propertyCard-Glenlo-Abbey-Hotel--Estate,"Galway, Ireland",THE HOTEL COLLECTION,Small Luxury Hotels of the World,Program,53.3003083,-9.098625,"Kentfield, Galway, H91 XD8K, Ireland",google_places,PLACE_DETAILS,ChIJfeTMeXCWW0gRBYSPEA92HRU,bar;establishment;food;lodging;point_of_interest;restaurant;spa,False,CACHED
The Stavrand Russian River Valley,https://www.americanexpress.com/en-us/travel/discover/property/California-US/Guerneville/The-Stavrand-Russian-River-Valley?intlink=US-travel-discover-property-results-propertyCard-The-Stavrand-Russian-River-Valley,"Guerneville, California US",THE HOTEL COLLECTION,Small Luxury Hotels of the World,Program,38.4995473,-122.988888,"13555 CA-116, Guerneville, CA 95446, USA",google_places,PLACE_DETAILS,ChIJAQDsYf8hhIARhHyY_671lk0,establishment;lodging;point_of_interest,False,CACHED
The Fortress Resort & Spa,https://www.americanexpress.com/en-us/travel/discover/property/Sri-Lanka/Habaraduwa/The-Fortress-Resort--Spa?intlink=US-travel-discover-property-results-propertyCard-The-Fortress-Resort--Spa,"Habaraduwa, Sri Lanka",THE HOTEL COLLECTION,Small Luxury Hotels of the World,Program,5.986595899999999,80.32644429999999,"Koggala, Habaraduwa, Galle 80000, Sri Lanka",google_places,PLACE_DETAILS,ChIJXyChDtRs4ToRNxj-6Fd8kes,establishment;lodging;point_of_interest,False,CACHED
Park Lane Copenhagen,https://www.americanexpress.com/en-us/travel/discover/property/Denmark/Hellerup/Park-Lane-Copenhagen?intlink=US-travel-discover-property-results-propertyCard-Park-Lane-Copenhagen,"Hellerup, Denmark",THE HOTEL COLLECTION,Small Luxury Hotels of the World,Program,55.737462,12.575096,"Strandvejen 203, 2900 Hellerup, Denmark",google_places,PLACE_DETAILS,ChIJp9DtXH9SUkYRB9svYTu4o8E,establishment;lodging;point_of_interest,False,CACHED
"Lanson Place Causeway Bay, Hong Kong",https://www.americanexpress.com/en-us/travel/discover/property/China/Hong-Kong/Lanson-Place-Causeway-Bay-Hong-Kong?intlink=US-travel-discover-property-results-propertyCard-Lanson-Place-Causeway-Bay-Hong-Kong,"Hong Kong, China",THE HOTEL COLLECTION,Small Luxury Hotels of the World,Program,22.2786873,114.18678,"133 Leighton Rd, Causeway Bay, Hong Kong",google_places,PLACE_DETAILS,ChIJjRi9C1QABDQR1WUxnGE76gU,establishment;lodging;point_of_interest,False,CACHED
San Antonio,https://www.americanexpress.com/en-us/travel/discover/property/Greece/Imerovigli/San-Antonio?intlink=US-travel-discover-property-results-propertyCard-San-Antonio,"Imerovigli, Greece",THE HOTEL COLLECTION,Small Luxury Hotels of the World,Program,29.4274372,-98.48950160000001,"300 E Travis St, San Antonio, TX 78205, USA",google_places,PLACE_DETAILS,ChIJYZ1VfVNfXIYRBPzhpCTxRgI,establishment;lodging;point_of_interest,False,PLACES:San Antonio Small Luxury Hotels of the World Hotel
Rusty Parrot Lodge and Spa,https://www.americanexpress.com/en-us/travel/discover/property/Wyoming-US/Jackson/Rusty-Parrot-Lodge-And-Spa?intlink=US-travel-discover-property-results-propertyCard-Rusty-Parrot-Lodge-And-Spa,"Jackson, Wyoming US",THE HOTEL COLLECTION,Small Luxury Hotels of the World,Program,43.4815139,-110.7666781,"175 N Jackson St, Jackson, WY 83001, USA",google_places,PLACE_DETAILS,ChIJya08C2caU1MRMnBQwKj8Cxg,establishment;food;lodging;point_of_interest;restaurant;spa,False,CACHED
The Lodge at St. Edward State Park Seattle/Kirkland,https://www.americanexpress.com/en-us/travel/discover/property/Washington-US/Kenmore/The-Lodge-At-St-Edward-State-Park-Seattlekirkland?intlink=US-travel-discover-property-results-propertyCard-The-Lodge-At-St-Edward-State-Park-Seattlekirkland,"Kenmore, Washington US",THE HOTEL COLLECTION,Small Luxury Hotels of the World,Program,47.7330749,-122.2572517,"14477 Juanita Dr NE, Kenmore, WA 98028, USA",google_places,PLACE_DETAILS,ChIJFQeb1C4RkFQRd3knhyY2DDU,bar;establishment;food;lodging;point_of_interest;restaurant,False,CACHED
ULUM Moab,https://www.americanexpress.com/en-us/travel/discover/property/Utah-US/La-Sal/Ulum-Moab?intlink=US-travel-discover-property-results-propertyCard-Ulum-Moab,"La Sal, Utah US",THE HOTEL COLLECTION,Small Luxury Hotels of the World,Program,38.2758332,-109.3992072,"147 Looking Glass Rd, Moab, UT 84532, USA",google_places,PLACE_DETAILS,ChIJX5WcljAEOIcRhowr9IIZo3I,establishment;lodging;point_of_interest,False,CACHED
Pousada de Lisboa - Praça do Comercio,https://www.americanexpress.com/en-us/travel/discover/property/Portugal/Lisbon/Pousada-De-Lisboa---Praca-Do-Comercio?intlink=US-travel-discover-property-results-propertyCard-Pousada-De-Lisboa---Praca-Do-Comercio,"Lisbon, Portugal",THE HOTEL COLLECTION,Small Luxury Hotels of the World,Program,38.708285,-9.137668999999999,"Praça do Comércio 31 34, 1100-148 Lisboa, Portugal",google_places,PLACE_DETAILS,ChIJCwpQv3A0GQ0RMdLtcXXgSBM,clothing_store;establishment;food;lodging;point_of_interest;restaurant;school;store,False,CACHED
The Ampersand Hotel,https://www.americanexpress.com/en-us/travel/discover/property/England/London/The-Ampersand-Hotel?intlink=US-travel-discover-property-results-propertyCard-The-Ampersand-Hotel,"London, England",THE HOTEL COLLECTION,Small Luxury Hotels of the World,Program,51.4942571,-0.1755379,"10 Harrington Rd, South Kensington, London SW7 3ER, UK",google_places,PLACE_DETAILS,ChIJm_BvYl0FdkgR5-qNzNVoA3M,establishment;lodging;point_of_interest,False,CACHED
"The Capital Hotel, Apartments & Townhouse",https://www.americanexpress.com/en-us/travel/discover/property/England/London/The-Capital-Hotel-Apartments--Townhouse?intlink=US-travel-discover-property-results-propertyCard-The-Capital-Hotel-Apartments--Townhouse,"London, England",THE HOTEL COLLECTION,Small Luxury Hotels of the World,Program,51.4999836,-0.1616576,"22-24 Basil St, London SW3 1AT, UK",google_places,PLACE_DETAILS,ChIJAWxP2DgFdkgRyH1FaVHvJGA,establishment;food;lodging;point_of_interest;restaurant,False,CACHED
The Prince Akatoki London,https://www.americanexpress.com/en-us/travel/discover/property/England/London/The-Prince-Akatoki-London?intlink=US-travel-discover-property-results-propertyCard-The-Prince-Akatoki-London,"London, England",THE HOTEL COLLECTION,Small Luxury Hotels of the World,Program,51.5159138,-0.1598896,"50 Great Cumberland Pl, Marble Arch, London W1H 7FD, UK",google_places,PLACE_DETAILS,ChIJC9CFqlwbdkgRq4TEEiHHUrA,establishment;lodging;point_of_interest,False,CACHED
Vintry & Mercer,https://www.americanexpress.com/en-us/travel/discover/property/England/London/Vintry--Mercer?intlink=US-travel-discover-property-results-propertyCard-Vintry--Mercer,"London, England",THE HOTEL COLLECTION,Small Luxury Hotels of the World,Program,51.5113341,-0.09384809999999999,"19-20 Garlick Hill, London EC4V 2AU, UK",google_places,PLACE_DETAILS,ChIJO_tg8qYDdkgRIxzamRsDDws,establishment;lodging;point_of_interest,False,CACHED
Hotel Unico Madrid,https://www.americanexpress.com/en-us/travel/discover/property/Spain/Madrid/Hotel-Unico-Madrid?intlink=US-travel-discover-property-results-propertyCard-Hotel-Unico-Madrid,"Madrid, Spain",THE HOTEL COLLECTION,Small Luxury Hotels of the World,Program,40.428537,-3.6863313,"C. de Claudio Coello, 67, Salamanca, 28001 Madrid, Spain",google_places,PLACE_DETAILS,ChIJtYDFnpYoQg0RxCiQnrXRZcc,establishment;food;lodging;point_of_interest;restaurant,False,CACHED
Hotel Urso,https://www.americanexpress.com/en-us/travel/discover/property/Spain/Madrid/Hotel-Urso?intlink=US-travel-discover-property-results-propertyCard-Hotel-Urso,"Madrid, Spain",THE HOTEL COLLECTION,Small Luxury Hotels of the World,Program,40.4269116,-3.6981081,"C. de Mejía Lequerica, 8, Centro, 28004 Madrid, Spain",google_places,PLACE_DETAILS,ChIJE-j1NokoQg0R7vIOKm0HNOk,establishment;lodging;point_of_interest,False,CACHED
The Principal Madrid Hotel,https://www.americanexpress.com/en-us/travel/discover/property/Spain/Madrid/The-Principal-Madrid-Hotel?intlink=US-travel-discover-property-results-propertyCard-The-Principal-Madrid-Hotel,"Madrid, Spain",THE HOTEL COLLECTION,Small Luxury Hotels of the World,Program,40.4193064,-3.6972346,"C. del Marqués de Valdeiglesias, 1, Centro, 28004 Madrid, Spain",google_places,PLACE_DETAILS,ChIJz271F4QoQg0Rj7DZUDQ7UNE,establishment;lodging;point_of_interest,False,CACHED
Los Altos Resort,https://www.americanexpress.com/en-us/travel/discover/property/Costa-Rica/Manuel-Antonio/Los-Altos-Resort?intlink=US-travel-discover-property-results-propertyCard-Los-Altos-Resort,"Manuel Antonio, Costa Rica",THE HOTEL COLLECTION,Small Luxury Hotels of the World,Program,9.4053955,-84.1579742,"Kilometer 4 on main road to, National Park, Puntarenas Province, Quepos, Manuel Antonio, 60601, Costa Rica",google_places,PLACE_DETAILS,ChIJq1QjfgN0oY8RDQ09rs58XOU,cafe;establishment;food;lodging;point_of_interest;restaurant;spa;store,False,CACHED
La Sultana Marrakech,https://www.americanexpress.com/en-us/travel/discover/property/Morocco/Marrakech/La-Sultana-Marrakech?intlink=US-travel-discover-property-results-propertyCard-La-Sultana-Marrakech,"Marrakech, Morocco",THE HOTEL COLLECTION,Small Luxury Hotels of the World,Program,31.6168679,-7.9891879,"403 Rue de La Kasbah, 63-67 rue Boutouille, Marrakesh 40000, Morocco",google_places,PLACE_DETAILS,ChIJYT8Lek_urw0RT6FVfQmA1UU,bar;establishment;food;lodging;point_of_interest;restaurant;spa,False,CACHED
Nobu Hotel Marrakech,https://www.americanexpress.com/en-us/travel/discover/property/Morocco/Marrakech/Nobu-Hotel-Marrakech?intlink=US-travel-discover-property-results-propertyCard-Nobu-Hotel-Marrakech,"Marrakech, Morocco",THE HOTEL COLLECTION,Small Luxury Hotels of the World,Program,31.6223435,-8.0007004,"Av. Echouhada et, Rue du Temple, Marrakesh 40000, Morocco",google_places,PLACE_DETAILS,ChIJGcWQoyrvrw0RF2d7vv-pVRA,establishment;food;lodging;point_of_interest;restaurant;spa,False,CACHED
La Valise Mazunte,https://www.americanexpress.com/en-us/travel/discover/property/Oaxaca-MX/Mazunte/La-Valise-Mazunte?intlink=US-travel-discover-property-results-propertyCard-La-Valise-Mazunte,"Mazunte, Oaxaca MX",THE HOTEL COLLECTION,Small Luxury Hotels of the World,Program,15.6704718,-96.57298279999999,"Reserva El Toron, 70947 Mazunte, Oax., Mexico",google_places,PLACE_DETAILS,ChIJR0eT2i4puYURb0EwZmABrUI,establishment;lodging;point_of_interest,False,CACHED
Villa La Madonna,https://www.americanexpress.com/en-us/travel/discover/property/Italy/Monastero-Bormida/Villa-La-Madonna?intlink=US-travel-discover-property-results-propertyCard-Villa-La-Madonna,"Monastero Bormida, Italy",THE HOTEL COLLECTION,Small Luxury Hotels of the World,Program,44.6514381,8.3395339,"Regione Madonna, 21, 14058 Monastero Bormida AT, Italy",google_places,PLACE_DETAILS,ChIJjytwV1rS0hIRTyxLeZIot0Q,establishment;food;lodging;point_of_interest;restaurant,False,CACHED
S Hotel Montego Bay,https://www.americanexpress.com/en-us/travel/discover/property/Jamaica/Montego-Bay/S-Hotel-Montego-Bay?intlink=US-travel-discover-property-results-propertyCard-S-Hotel-Montego-Bay,"Montego Bay, Jamaica",THE HOTEL COLLECTION,Small Luxury Hotels of the World,Program,18.4875646,-77.9286338,"7 Jimmy Cliff Boulevard, Montego Bay, Jamaica",google_places,PLACE_DETAILS,ChIJ4QCKtCgq2o4R1nSNorhpsnk,establishment;lodging;point_of_interest,False,CACHED
Mykonos Riviera Hotel & Spa,https://www.americanexpress.com/en-us/travel/discover/property/Greece/Mykonos/Mykonos-Riviera-Hotel--Spa?intlink=US-travel-discover-property-results-propertyCard-Mykonos-Riviera-Hotel--Spa,"Mykonos, Greece",THE HOTEL COLLECTION,Small Luxury Hotels of the World,Program,37.4637236,25.328659,"Tourlos 846 00, Greece",google_places,PLACE_DETAILS,ChIJ5yWH-fG_ohQRHb6UxrEhH2I,establishment;lodging;point_of_interest,False,CACHED
"Palacio Solecio, Malaga",https://www.americanexpress.com/en-us/travel/discover/property/Spain/Málaga/Palacio-Solecio-Malaga?intlink=US-travel-discover-property-results-propertyCard-Palacio-Solecio-Malaga,"Málaga, Spain",THE HOTEL COLLECTION,Small Luxury Hotels of the World,Program,36.7222964,-4.4178463,"C. Granada, 61, Distrito Centro, 29015 Málaga, Spain",google_places,PLACE_DETAILS,ChIJWXmw7tT3cg0RtHXyL3CJhCc,establishment;lodging;point_of_interest,False,CACHED
Grove Narberth,https://www.americanexpress.com/en-us/travel/discover/property/Wales/Narberth/Grove-Narberth?intlink=US-travel-discover-property-results-propertyCard-Grove-Narberth,"Narberth, Wales",THE HOTEL COLLECTION,Small Luxury Hotels of the World,Program,51.7828293,-4.765211,"Grove of, Molleston, Narberth SA67 8BX, UK",google_places,PLACE_DETAILS,ChIJwdSzpszSbkgRabYnKRdRV5s,establishment;lodging;point_of_interest,False,CACHED
Goldwynn Resort & Residences,https://www.americanexpress.com/en-us/travel/discover/property/The-Bahamas/Nassau/Goldwynn-Resort--Residences?intlink=US-travel-discover-property-results-propertyCard-Goldwynn-Resort--Residences,"Nassau, The Bahamas",THE HOTEL COLLECTION,Small Luxury Hotels of the World,Program,25.0709099,-77.3845836,"Cable Beach, 340 W Bay St, Nassau, The Bahamas",google_places,PLACE_DETAILS,ChIJa4xrKtBjL4kROrMJfoMT_XI,establishment;lodging;point_of_interest,False,CACHED
Via Regia Cappadocia,https://www.americanexpress.com/en-us/travel/discover/property/Turkey/Nevsehir/Via-Regia-Cappadocia?intlink=US-travel-discover-property-results-propertyCard-Via-Regia-Cappadocia,"Nevsehir, Turkey",THE HOTEL COLLECTION,Small Luxury Hotels of the World,Program,38.6303293,34.8022589,"Tekelli, Mezitoğlu Sk No: 14, 50240 Uçhisar/Nevşehir Merkez/Nevşehir, Türkiye",google_places,PLACE_DETAILS,ChIJHxM_n1BpKhURW8DI2KMRPpg,establishment;lodging;point_of_interest,False,PLACES:Via Regia Cappadocia Small Luxury Hotels of the World Hotel
Refinery Hotel,https://www.americanexpress.com/en-us/travel/discover/property/New-York-US/New-York/Refinery-Hotel?intlink=US-travel-discover-property-results-propertyCard-Refinery-Hotel,"New York, New York US",THE HOTEL COLLECTION,Small Luxury Hotels of the World,Program,40.7522226,-73.9853755,"63 W 38th St, New York, NY 10018, USA",google_places,PLACE_DETAILS,ChIJl6r9TqpZwokRqsh-zI3NRs0,establishment;lodging;point_of_interest,False,CACHED
The Retreat Elcot Park,https://www.americanexpress.com/en-us/travel/discover/property/England/Newbury/The-Retreat-Elcot-Park?intlink=US-travel-discover-property-results-propertyCard-The-Retreat-Elcot-Park,"Newbury, England",THE HOTEL COLLECTION,Small Luxury Hotels of the World,Program,51.4205106,-1.4285744,"Elcot, Newbury RG20 8NJ, UK",google_places,PLACE_DETAILS,ChIJ5VqkO_-rdkgRLnjKX7pki_M,establishment;food;lodging;point_of_interest;restaurant;spa,False,CACHED
Canaves Ena,https://www.americanexpress.com/en-us/travel/discover/property/Greece/Oia/Canaves-Ena?intlink=US-travel-discover-property-results-propertyCard-Canaves-Ena,"Oia, Greece",THE HOTEL COLLECTION,Small Luxury Hotels of the World,Program,36.4617187,25.3831366,"Main Street, Oía 847 02, Greece",google_places,PLACE_DETAILS,ChIJFQPn9-6VoRQRRwjF3grceTc,establishment;lodging;point_of_interest;spa,False,CACHED
Chateau des Fleurs,https://www.americanexpress.com/en-us/travel/discover/property/France/Paris/Chateau-Des-Fleurs?intlink=US-travel-discover-property-results-propertyCard-Chateau-Des-Fleurs,"Paris, France",THE HOTEL COLLECTION,Small Luxury Hotels of the World,Program,48.8718263,2.2983964,"19 Rue Vernet, 75008 Paris, France",google_places,PLACE_DETAILS,ChIJCZhohOlv5kcRnrqBWeFld6I,establishment;lodging;point_of_interest,False,CACHED
Hotel Bowmann,https://www.americanexpress.com/en-us/travel/discover/property/France/Paris/Hotel-Bowmann?intlink=US-travel-discover-property-results-propertyCard-Hotel-Bowmann,"Paris, France",THE HOTEL COLLECTION,Small Luxury Hotels of the World,Program,48.8748166,2.3179367,"99 Bd Haussmann, 75008 Paris, France",google_places,PLACE_DETAILS,ChIJgys0KMpv5kcR8pd0djjKo5o,establishment;lodging;point_of_interest,False,CACHED
Norman Paris,https://www.americanexpress.com/en-us/travel/discover/property/France/Paris/Norman-Paris?intlink=US-travel-discover-property-results-propertyCard-Norman-Paris,"Paris, France",THE HOTEL COLLECTION,Small Luxury Hotels of the World,Program,48.873694,2.3002975,"9 Rue Balzac, 75008 Paris, France",google_places,PLACE_DETAILS,ChIJXaHrhLVv5kcRU4v758J9j5w,establishment;lodging;point_of_interest,False,CACHED
San Regis,https://www.americanexpress.com/en-us/travel/discover/property/France/Paris/San-Regis?intlink=US-travel-discover-property-results-propertyCard-San-Regis,"Paris, France",THE HOTEL COLLECTION,Small Luxury Hotels of the World,Program,48.8664796,2.3084964,"12 Rue Jean Goujon, 75008 Paris, France",google_places,PLACE_DETAILS,ChIJr8GOKNtv5kcRuZLn6IlEOxY,establishment;food;lodging;point_of_interest;restaurant,False,CACHED
Twinpalms Phuket,https://www.americanexpress.com/en-us/travel/discover/property/Thailand/Phuket/Twinpalms-Phuket?intlink=US-travel-discover-property-results-propertyCard-Twinpalms-Phuket,"Phuket, Thailand",THE HOTEL COLLECTION,Small Luxury Hotels of the World,Program,7.9775024,98.2806128,"106, 46 Moo3 Surin Beach Road, Tambon Choeng Thale, Amphoe Thalang, Chang Wat Phuket 83110, Thailand",google_places,PLACE_DETAILS,ChIJA0L7dJE5UDARY7pPbjjEs1U,establishment;lodging;point_of_interest,False,CACHED
Itzana Resort & Residences,https://www.americanexpress.com/en-us/travel/discover/property/Belize/Placencia/Itzana-Resort--Residences?intlink=US-travel-discover-property-results-propertyCard-Itzana-Resort--Residences,"Placencia, Belize",THE HOTEL COLLECTION,Small Luxury Hotels of the World,Program,16.561407,-88.3641433,"Mile 20 Placencia Rd, Placencia, Belize",google_geocoding,ROOFTOP,ChIJA2iIhpOJXY8Rw0MqUREhtr4,establishment;lodging;point_of_interest,True,CACHED
The Plettenberg Hotel & Spa,https://www.americanexpress.com/en-us/travel/discover/property/South-Africa/Plettenberg-Bay/The-Plettenberg-Hotel--Spa?intlink=US-travel-discover-property-results-propertyCard-The-Plettenberg-Hotel--Spa,"Plettenberg Bay, South Africa",THE HOTEL COLLECTION,Small Luxury Hotels of the World,Program,-34.0607519,23.3797478,"Beacon Isle Dr, Plettenberg Bay, 6600, South Africa",google_places,PLACE_DETAILS,ChIJNYku2XTieB4RE-OSq08zD28,establishment;lodging;point_of_interest,False,CACHED
La Roqqa,https://www.americanexpress.com/en-us/travel/discover/property/Italy/Porto-Ercole/La-Roqqa?intlink=US-travel-discover-property-results-propertyCard-La-Roqqa,"Porto Ercole, Italy",THE HOTEL COLLECTION,Small Luxury Hotels of the World,Program,42.3897853,11.2089577,"Via Panoramica, 7, 58018 Porto Ercole GR, Italy",google_places,PLACE_DETAILS,ChIJwbf3mqVdKBMR8yRCHZagbDg,establishment;lodging;point_of_interest,False,CACHED
Casa Colonial Beach and Spa,https://www.americanexpress.com/en-us/travel/discover/property/Dominican-Republic/Puerto-Plata/Casa-Colonial-Beach-And-Spa?intlink=US-travel-discover-property-results-propertyCard-Casa-Colonial-Beach-And-Spa,"Puerto Plata, Dominican Republic",THE HOTEL COLLECTION,Small Luxury Hotels of the World,Program,19.7694418,-70.63922649999999,"Puerto Plata 57000, Dominican Republic",google_places,PLACE_DETAILS,ChIJJyA6B3bvsY4R_6LMczPbP_8,establishment;food;lodging;point_of_interest;restaurant;spa,False,CACHED
The Inn at Rancho Santa Fe,https://www.americanexpress.com/en-us/travel/discover/property/California-US/Rancho-Santa-Fe/The-Inn-At-Rancho-Santa-Fe?intlink=US-travel-discover-property-results-propertyCard-The-Inn-At-Rancho-Santa-Fe,"Rancho Santa Fe, California US",THE HOTEL COLLECTION,Small Luxury Hotels of the World,Program,33.01902159999999,-117.2051964,"5951 Linea Del Cielo, Rancho Santa Fe, CA 92067, USA",google_places,PLACE_DETAILS,ChIJQZxSaZYJ3IARvAPHECB0L3c,establishment;lodging;point_of_interest,False,CACHED
Grand Hotel Bristol Spa Resort,https://www.americanexpress.com/en-us/travel/discover/property/Italy/Rapallo/Grand-Hotel-Bristol-Spa-Resort?intlink=US-travel-discover-property-results-propertyCard-Grand-Hotel-Bristol-Spa-Resort,"Rapallo, Italy",THE HOTEL COLLECTION,Small Luxury Hotels of the World,Program,44.34347,9.244588,"Via Aurelia Orientale, 369, 16035 Rapallo GE, Italy",google_places,PLACE_DETAILS,ChIJX-L8ZMih1BIRo9uzIIuGAFY,bar;establishment;food;lodging;point_of_interest;restaurant;spa,False,CACHED
"Hotel d'Inghilterra, Starhotels Collezione",https://www.americanexpress.com/en-us/travel/discover/property/Italy/Rome/Hotel-Dinghilterra-Starhotels-Collezione?intlink=US-travel-discover-property-results-propertyCard-Hotel-Dinghilterra-Starhotels-Collezione,"Rome, Italy",THE HOTEL COLLECTION,Small Luxury Hotels of the World,Program,41.9047114,12.4806045,"V. Bocca di Leone, 14, 00187 Roma RM, Italy",google_places,PLACE_DETAILS,ChIJXwZhXlRgLxMRBk-k6U2rTaA,bar;establishment;food;lodging;point_of_interest;restaurant,False,CACHED
Maalot Roma,https://www.americanexpress.com/en-us/travel/discover/property/Italy/Rome/Maalot-Roma?intlink=US-travel-discover-property-results-propertyCard-Maalot-Roma,"Rome, Italy",THE HOTEL COLLECTION,Small Luxury Hotels of the World,Program,41.9004208,12.4820302,"Via delle Muratte, 78, 00187 Roma RM, Italy",google_places,PLACE_DETAILS,ChIJR8gFBF1hLxMRESyoulbnhJk,establishment;lodging;point_of_interest,False,CACHED
The Lodge Mallorca,https://www.americanexpress.com/en-us/travel/discover/property/Spain/Sa-Pobla/The-Lodge-Mallorca?intlink=US-travel-discover-property-results-propertyCard-The-Lodge-Mallorca,"Sa Pobla, Spain",THE HOTEL COLLECTION,Small Luxury Hotels of the World,Program,39.7907426,2.9959447,"Vía de servicio a Pollensa Km1 Salida 37, Ma-13, 07420 Sa Pobla, Illes Balears, Spain",google_places,PLACE_DETAILS,ChIJN_TytqXRlxIRE3ukhWkS45w,establishment;food;lodging;point_of_interest;restaurant,False,CACHED
Hotel El Convento,https://www.americanexpress.com/en-us/travel/discover/property/Puerto-Rico/San-Juan/Hotel-El-Convento?intlink=US-travel-discover-property-results-propertyCard-Hotel-El-Convento,"San Juan, Puerto Rico",THE HOTEL COLLECTION,Small Luxury Hotels of the World,Program,18.4660531,-66.118534,"100 Calle del Cristo, San Juan, 00901, Puerto Rico",google_places,PLACE_DETAILS,ChIJofSvr7huA4wRdtB2Wx1-g98,establishment;lodging;point_of_interest,False,CACHED
Chalet Ivy Jozankei,https://www.americanexpress.com/en-us/travel/discover/property/Japan/Sapporo/Chalet-Ivy-Jozankei?intlink=US-travel-discover-property-results-propertyCard-Chalet-Ivy-Jozankei,"Sapporo, Japan",THE HOTEL COLLECTION,Small Luxury Hotels of the World,Program,42.9664191,141.1654432,"3-chōme-231 Jōzankeionsenhigashi, Minami Ward, Sapporo, Hokkaido 061-2302, Japan",google_places,PLACE_DETAILS,ChIJq8CHViLSCl8R06nDD5SaDuU,establishment;lodging;point_of_interest,False,CACHED
Cavalta Boutique Hotel,https://www.americanexpress.com/en-us/travel/discover/property/Spain/Seville/Cavalta-Boutique-Hotel?intlink=US-travel-discover-property-results-propertyCard-Cavalta-Boutique-Hotel,"Seville, Spain",THE HOTEL COLLECTION,Small Luxury Hotels of the World,Program,37.3812372,-6.0084826,"C. San Jacinto, 89, 41010 Sevilla, Spain",google_places,PLACE_DETAILS,ChIJxfoJP2psEg0Rx9xN6z3rwPo,bar;establishment;food;lodging;point_of_interest;restaurant,False,CACHED
The Barracks Hotel Sentosa,https://www.americanexpress.com/en-us/travel/discover/property/Singapore/Singapore/The-Barracks-Hotel-Sentosa?intlink=US-travel-discover-property-results-propertyCard-The-Barracks-Hotel-Sentosa,"Singapore, Singapore",THE HOTEL COLLECTION,Small Luxury Hotels of the World,Program,1.2519692,103.8209931,"2 Gunner Ln, Singapore 099567",google_places,PLACE_DETAILS,ChIJ0cN3jf8b2jERUFt9yXd1Rws,establishment;lodging;point_of_interest,False,CACHED
Hotel Tannenhof,https://www.americanexpress.com/en-us/travel/discover/property/Austria/St.-Anton-am-Arlberg/Hotel-Tannenhof?intlink=US-travel-discover-property-results-propertyCard-Hotel-Tannenhof,"St. Anton am Arlberg, Austria",THE HOTEL COLLECTION,Small Luxury Hotels of the World,Program,47.1395648,10.2771101,"Nassereinerstraße 98, 6580 St. Anton am Arlberg, Austria",google_places,PLACE_DETAILS,ChIJp3yPrnCwnEcRBmvaWosulEo,establishment;lodging;point_of_interest,False,CACHED
Bank Hotel,https://www.americanexpress.com/en-us/travel/discover/property/Sweden/Stockholm/Bank-Hotel?intlink=US-travel-discover-property-results-propertyCard-Bank-Hotel,"Stockholm, Sweden",THE HOTEL COLLECTION,Small Luxury Hotels of the World,Program,59.33138899999999,18.0746518,"Arsenalsgatan 6, 111 47 Stockholm, Sweden",google_places,PLACE_DETAILS,ChIJ1eMJfVmdX0YRcDd1tGoRP9E,bar;establishment;food;lodging;point_of_interest;restaurant,False,CACHED
Alex Lake Zurich,https://www.americanexpress.com/en-us/travel/discover/property/Switzerland/Thalwil/Alex-Lake-Zurich?intlink=US-travel-discover-property-results-propertyCard-Alex-Lake-Zurich,"Thalwil, Switzerland",THE HOTEL COLLECTION,Small Luxury Hotels of the World,Program,47.3012474,8.5624753,"Seestrasse 182, 8800 Thalwil, Switzerland",google_places,PLACE_DETAILS,ChIJFXMG3punmkcRHeZNKQhTD9A,establishment;lodging;point_of_interest,False,CACHED
Todos Santos Boutique Hotel,https://www.americanexpress.com/en-us/travel/discover/property/Baja-California-Sur-MX/Todos-Santos/Todos-Santos-Boutique-Hotel?intlink=US-travel-discover-property-results-propertyCard-Todos-Santos-Boutique-Hotel,"Todos Santos, Baja California Sur MX",THE HOTEL COLLECTION,Small Luxury Hotels of the World,Program,23.4154322,-110.2297819,"N° Km 54+ 23300 800, México 19, 23300 Todos Santos, B.C.S., Mexico",google_places,PLACE_DETAILS,ChIJAZCRTw4Er4YRFhSUp5Wce_E,establishment;lodging;point_of_interest,False,CACHED
Villa Santa Cruz,https://www.americanexpress.com/en-us/travel/discover/property/Baja-California-Sur-MX/Todos-Santos/Villa-Santa-Cruz?intlink=US-travel-discover-property-results-propertyCard-Villa-Santa-Cruz,"Todos Santos, Baja California Sur MX",THE HOTEL COLLECTION,Small Luxury Hotels of the World,Program,23.4925673,-110.2775241,"Calle, Camino A Las Playitas, 23300 Todos Santos, B.C.S., Mexico",google_places,PLACE_DETAILS,ChIJBZJFpv4Ar4YRuDLE53h1PBM,establishment;lodging;point_of_interest,False,CACHED
The Tokyo Station Hotel,https://www.americanexpress.com/en-us/travel/discover/property/Japan/Tokyo/The-Tokyo-Station-Hotel?intlink=US-travel-discover-property-results-propertyCard-The-Tokyo-Station-Hotel,"Tokyo, Japan",THE HOTEL COLLECTION,Small Luxury Hotels of the World,Program,35.6845024,139.7612295,"1-chōme-1-1 Marunouchi, Chiyoda City, Tokyo 100-0005, Japan",google_places,PLACE_DETAILS,ChIJq0s44BuMGGARvBtm78mmRRg,establishment;lodging;point_of_interest,False,CACHED
Bespoke Tulum,https://www.americanexpress.com/en-us/travel/discover/property/Quintana-Roo-MX/Tulum/Bespoke-Tulum?intlink=US-travel-discover-property-results-propertyCard-Bespoke-Tulum,"Tulum, Quintana Roo MX",THE HOTEL COLLECTION,Small Luxury Hotels of the World,Program,20.2610866,-87.3960786,"Tankah 3 M3 L-1 y 2 Ciudad Chemuyil, 77776 Tulum, Q.R., Mexico",google_places,PLACE_DETAILS,ChIJl-SpUQfTT48RSPK1zsi4i4o,establishment;lodging;point_of_interest,False,CACHED
La Valise Tulum,https://www.americanexpress.com/en-us/travel/discover/property/Quintana-Roo-MX/Tulum/La-Valise-Tulum?intlink=US-travel-discover-property-results-propertyCard-La-Valise-Tulum,"Tulum, Quintana Roo MX",THE HOTEL COLLECTION,Small Luxury Hotels of the World,Program,20.1402721,-87.4613449,"Carr. Tulum-Boca Paila Km 8.7, Tulum Beach, 77760 Tulum, Q.R., Mexico",google_places,PLACE_DETAILS,ChIJC1Z0_ZPZT48RldsiizJwSUs,establishment;lodging;point_of_interest,False,CACHED
La Zebra,https://www.americanexpress.com/en-us/travel/discover/property/Quintana-Roo-MX/Tulum/La-Zebra?intlink=US-travel-discover-property-results-propertyCard-La-Zebra,"Tulum, Quintana Roo MX",THE HOTEL COLLECTION,Small Luxury Hotels of the World,Program,20.145755,-87.45998399999999,"Carr. Tulum-Boca Paila 800, Tulum Beach, Zona Hotelera, 77780 Tulum, Q.R., Mexico",google_places,PLACE_DETAILS,ChIJv2GoULXQT48RSQG69AxwRw4,establishment;food;lodging;point_of_interest;restaurant;spa,False,CACHED
Mi Amor,https://www.americanexpress.com/en-us/travel/discover/property/Quintana-Roo-MX/Tulum/Mi-Amor?intlink=US-travel-discover-property-results-propertyCard-Mi-Amor,"Tulum, Quintana Roo MX",THE HOTEL COLLECTION,Small Luxury Hotels of the World,Program,20.1942373,-87.43931649999999,"Carr. Tulum-Boca Paila Km. 4.1, Zona Hotelera Tulum, Zona Costera, 77780 Tulum, Q.R., Mexico",google_places,PLACE_DETAILS,ChIJ416AuGrRT48Rn4bSoE9Tr4Q,establishment;food;lodging;point_of_interest;restaurant,False,CACHED
Casia Lodge and Ranch Adults Only,https://www.americanexpress.com/en-us/travel/discover/property/Washington-US/Twisp/Casia-Lodge-And-Ranch-Adults-Only?intlink=US-travel-discover-property-results-propertyCard-Casia-Lodge-And-Ranch-Adults-Only,"Twisp, Washington US",THE HOTEL COLLECTION,Small Luxury Hotels of the World,Program,48.33710780000001,-120.0577103,"20556 State Rte 20, Twisp, WA 98856, USA",google_places,PLACE_DETAILS,ChIJEVEbjZajnFQRGJzJpys1ac0,establishment;food;health;lodging;point_of_interest;restaurant,False,CACHED
Gdas Bali Health & Wellness Resort,https://www.americanexpress.com/en-us/travel/discover/property/Indonesia/Ubud/Gdas-Bali-Health--Wellness-Resort?intlink=US-travel-discover-property-results-propertyCard-Gdas-Bali-Health--Wellness-Resort,"Ubud, Indonesia",THE HOTEL COLLECTION,Small Luxury Hotels of the World,Program,-8.5373424,115.2682847,"Jl. Cempaka, Banjar Kumbuh, Mas, Kecamatan Ubud, Kabupaten Gianyar, Bali 80571, Indonesia",google_places,PLACE_DETAILS,ChIJ_adMRWs90i0RlnrMnk7f6X0,establishment;lodging;point_of_interest,False,CACHED
Viceroy Bali,https://www.americanexpress.com/en-us/travel/discover/property/Indonesia/Ubud/Viceroy-Bali?intlink=US-travel-discover-property-results-propertyCard-Viceroy-Bali,"Ubud, Indonesia",THE HOTEL COLLECTION,Small Luxury Hotels of the World,Program,-8.494038,115.2774636,"Br. Nagi, Jl. Lanyahan, Petulu, Kecamatan Ubud, Kabupaten Gianyar, Bali 80571, Indonesia",google_places,PLACE_DETAILS,ChIJySXvVVc90i0RAgfraVT_sws,establishment;lodging;point_of_interest,False,CACHED
Hotel Ai Reali,https://www.americanexpress.com/en-us/travel/discover/property/Italy/Venice/Hotel-Ai-Reali?intlink=US-travel-discover-property-results-propertyCard-Hotel-Ai-Reali,"Venice, Italy",THE HOTEL COLLECTION,Small Luxury Hotels of the World,Program,45.4370793,12.3377864,"Calle Seconda de la Fava, 5527, 30122 Venezia VE, Italy",google_places,PLACE_DETAILS,ChIJGWgKhNmxfkcRHlTmglTj8pY,establishment;lodging;point_of_interest,False,CACHED
Sina Centurion Palace,https://www.americanexpress.com/en-us/travel/discover/property/Italy/Venice/Sina-Centurion-Palace?intlink=US-travel-discover-property-results-propertyCard-Sina-Centurion-Palace,"Venice, Italy",THE HOTEL COLLECTION,Small Luxury Hotels of the World,Program,45.4307917,12.3337139,"Dorsoduro, 173, 30123 Venezia VE, Italy",google_places,PLACE_DETAILS,ChIJEZrvWNGxfkcRf50Y2Ik6MZU,establishment;lodging;point_of_interest,False,CACHED
Nobu Hotel Warsaw,https://www.americanexpress.com/en-us/travel/discover/property/Poland/Warsaw/Nobu-Hotel-Warsaw?intlink=US-travel-discover-property-results-propertyCard-Nobu-Hotel-Warsaw,"Warsaw, Poland",THE HOTEL COLLECTION,Small Luxury Hotels of the World,Program,52.2231401,21.0078677,"Wilcza 73, 00-670 Warszawa, Poland",google_places,PLACE_DETAILS,ChIJKS8BRLPNHkcRxeoTK8N8CyU,establishment;lodging;point_of_interest,False,CACHED
Cliff House Hotel,https://www.americanexpress.com/en-us/travel/discover/property/Ireland/Waterford/Cliff-House-Hotel?intlink=US-travel-discover-property-results-propertyCard-Cliff-House-Hotel,"Waterford, Ireland",THE HOTEL COLLECTION,Small Luxury Hotels of the World,Program,51.9487528,-7.715162500000001,"Middle Road, Dysert, Ardmore, Co. Waterford, P36 DK38, Ireland",google_places,PLACE_DETAILS,ChIJiaHPag4SQ0gRPUUXBkU8krw,establishment;food;lodging;point_of_interest;restaurant;spa,False,CACHED
The Quoin Hotel,https://www.americanexpress.com/en-us/travel/discover/property/Delaware-US/Wilmington/The-Quoin-Hotel?intlink=US-travel-discover-property-results-propertyCard-The-Quoin-Hotel,"Wilmington, Delaware US",THE HOTEL COLLECTION,Small Luxury Hotels of the World,Program,39.7418341,-75.5504862,"519 N Market St, Wilmington, DE 19801, USA",google_places,PLACE_DETAILS,ChIJH367LVH9xokRPmeIAvX4Av4,establishment;lodging;point_of_interest,False,CACHED
Wylder Hotel Windham,https://www.americanexpress.com/en-us/travel/discover/property/New-York-US/Windham/Wylder-Hotel-Windham?intlink=US-travel-discover-property-results-propertyCard-Wylder-Hotel-Windham,"Windham, New York US",THE HOTEL COLLECTION,Small Luxury Hotels of the World,Program,42.3074537,-74.2310469,"19 NY-296, Windham, NY 12496, USA",google_places,PLACE_DETAILS,ChIJ8W5JaIJN3IkRcMdgzgMK3hU,bakery;establishment;food;lodging;point_of_interest;store,False,CACHED
Smiths Beach Resort,https://www.americanexpress.com/en-us/travel/discover/property/Australia/Yallingup/Smiths-Beach-Resort?intlink=US-travel-discover-property-results-propertyCard-Smiths-Beach-Resort,"Yallingup, Australia",THE HOTEL COLLECTION,Small Luxury Hotels of the World,Program,-33.6618847,115.0154317,"67 Smiths Beach Rd, Yallingup WA 6282, Australia",google_places,PLACE_DETAILS,ChIJ5wCw3zNcLioRq7-g9T5adg0,establishment;lodging;point_of_interest,False,CACHED
Das Posthotel,https://www.americanexpress.com/en-us/travel/discover/property/Austria/Zell-am-Ziller/Das-Posthotel?intlink=US-travel-discover-property-results-propertyCard-Das-Posthotel,"Zell am Ziller, Austria",THE HOTEL COLLECTION,Small Luxury Hotels of the World,Program,47.2338975,11.8831122,"Rohrerstraße 4, 6280 Zell am Ziller, Austria",google_places,PLACE_DETAILS,ChIJ-SAiWFvbd0cR2PNjngvUMF8,establishment;lodging;point_of_interest;spa,False,CACHED
Schweizerhof Zermatt,https://www.americanexpress.com/en-us/travel/discover/property/Switzerland/Zermatt/Schweizerhof-Zermatt?intlink=US-travel-discover-property-results-propertyCard-Schweizerhof-Zermatt,"Zermatt, Switzerland",THE HOTEL COLLECTION,Small Luxury Hotels of the World,Program,46.0229244,7.7477744,"Bahnhofstrasse 5, 3920 Zermatt, Switzerland",google_places,PLACE_DETAILS,ChIJ7zXQUN81j0cR2dTiGr51od0,establishment;food;lodging;point_of_interest;restaurant,False,CACHED
La Casa Que Canta,https://www.americanexpress.com/en-us/travel/discover/property/Guerrero-MX/Zihuatanejo/La-Casa-Que-Canta?intlink=US-travel-discover-property-results-propertyCard-La-Casa-Que-Canta,"Zihuatanejo, Guerrero MX",THE HOTEL COLLECTION,Small Luxury Hotels of the World,Program,17.635327,-101.5498233,"Camino Escénico a, Playa La Ropa S/N, Playa la Ropa, 40880 Zihuatanejo, Gro., Mexico",google_places,PLACE_DETAILS,ChIJz4pb0T93NIQRp9jmjNYIXTo,establishment;lodging;point_of_interest,False,CACHED
SO/ Auckland,https://www.americanexpress.com/en-us/travel/discover/property/New-Zealand/Auckland/So-Auckland?intlink=US-travel-discover-property-results-propertyCard-So-Auckland,"Auckland, New Zealand",THE HOTEL COLLECTION,SO/,Program,-36.8455026,174.7685929,"67 Customs Street East, Auckland Central, Auckland 1010, New Zealand",google_places,PLACE_DETAILS,ChIJTwARD_xHDW0R1NuVFjz96N4,establishment;lodging;point_of_interest,False,CACHED
SO/ Bangkok,https://www.americanexpress.com/en-us/travel/discover/property/Thailand/Bangkok/So-Bangkok?intlink=US-travel-discover-property-results-propertyCard-So-Bangkok,"Bangkok, Thailand",THE HOTEL COLLECTION,SO/,Program,13.7262378,100.5431816,"2 N Sathon Rd, Si Lom, Khet Bang Rak, Krung Thep Maha Nakhon 10500, Thailand",google_places,PLACE_DETAILS,ChIJB_E1riWf4jARilydpG0yaD0,establishment;lodging;point_of_interest,False,CACHED
SO/ Hua Hin,https://www.americanexpress.com/en-us/travel/discover/property/Thailand/Petchaburi/So-Hua-Hin?intlink=US-travel-discover-property-results-propertyCard-So-Hua-Hin,"Petchaburi, Thailand",THE HOTEL COLLECTION,SO/,Program,12.8359269,99.99707199999999,"115, Tambon Bang Kao, Amphoe Cha-am, Chang Wat Phetchaburi 76120, Thailand",google_places,PLACE_DETAILS,ChIJ7zkJeXsb_TARZ-7nDZ2OcPs,establishment;lodging;point_of_interest,False,CACHED
SO/ Sotogrande Spa & Golf Resort hotel,https://www.americanexpress.com/en-us/travel/discover/property/Spain/Sotogrande/So-Sotogrande-Spa--Golf-Resort-Hotel?intlink=US-travel-discover-property-results-propertyCard-So-Sotogrande-Spa--Golf-Resort-Hotel,"Sotogrande, Spain",THE HOTEL COLLECTION,SO/,Program,36.275319,-5.3518643,"Av. Almenara, s/n, 11360 Sotogrande, Cádiz, Spain",google_places,PLACE_DETAILS,ChIJAZYT9DPDDA0Rh-6Gk7Mx7tA,establishment;lodging;point_of_interest,False,CACHED
SO/ Vienna,https://www.americanexpress.com/en-us/travel/discover/property/Austria/Vienna/So-Vienna?intlink=US-travel-discover-property-results-propertyCard-So-Vienna,"Vienna, Austria",THE HOTEL COLLECTION,SO/,Program,48.2130976,16.379885,"Praterstraße 1, 1020 Wien, Austria",google_places,PLACE_DETAILS,ChIJ1xLK7KAHbUcRcZPjrz6Lso4,establishment;lodging;point_of_interest,False,CACHED
Sofitel Abu Dhabi Corniche,https://www.americanexpress.com/en-us/travel/discover/property/United-Arab-Emirates/Abu-Dhabi/Sofitel-Abu-Dhabi-Corniche?intlink=US-travel-discover-property-results-propertyCard-Sofitel-Abu-Dhabi-Corniche,"Abu Dhabi, United Arab Emirates",THE HOTEL COLLECTION,Sofitel Hotels & Resorts,Program,24.4991793,54.3678277,Capital Plaza Complex - Corniche Rd E - Al Danah - E9 01 - Abu Dhabi - United Arab Emirates,google_places,PLACE_DETAILS,ChIJz0jXIWBmXj4Rhnvt7UJbqB8,establishment;lodging;point_of_interest,False,CACHED
Sofitel Adelaide,https://www.americanexpress.com/en-us/travel/discover/property/Australia/Adelaide/Sofitel-Adelaide?intlink=US-travel-discover-property-results-propertyCard-Sofitel-Adelaide,"Adelaide, Australia",THE HOTEL COLLECTION,Sofitel Hotels & Resorts,Program,-34.9242983,138.5957062,"108 Currie St, Adelaide SA 5000, Australia",google_places,PLACE_DETAILS,ChIJIfiu9CrPsGoR3ZhDVjGlwXg,establishment;lodging;point_of_interest,False,CACHED
Sofitel Bangkok Sukhumvit,https://www.americanexpress.com/en-us/travel/discover/property/Thailand/Bangkok/Sofitel-Bangkok-Sukhumvit?intlink=US-travel-discover-property-results-propertyCard-Sofitel-Bangkok-Sukhumvit,"Bangkok, Thailand",THE HOTEL COLLECTION,Sofitel Hotels & Resorts,Program,13.7394012,100.5577259,"189 Sukhumvit Rd, Khwaeng Khlong Toei Nuea, Watthana, Krung Thep Maha Nakhon 10110, Thailand",google_places,PLACE_DETAILS,ChIJW3-qd-ae4jARzIgMyGy195g,establishment;lodging;point_of_interest,False,CACHED
Sofitel Barcelona Skipper,https://www.americanexpress.com/en-us/travel/discover/property/Spain/Barcelona/Sofitel-Barcelona-Skipper?intlink=US-travel-discover-property-results-propertyCard-Sofitel-Barcelona-Skipper,"Barcelona, Spain",THE HOTEL COLLECTION,Sofitel Hotels & Resorts,Program,41.3860108,2.1947091,"Av. del Litoral, 10, Ciutat Vella, 08005 Barcelona, Spain",google_places,PLACE_DETAILS,ChIJ-5jLkW-jpBIRTotmXXy34L4,establishment;lodging;point_of_interest,False,CACHED
Sofitel Bogota Victoria Regia,https://www.americanexpress.com/en-us/travel/discover/property/Colombia/Bogotá/Sofitel-Bogota-Victoria-Regia?intlink=US-travel-discover-property-results-propertyCard-Sofitel-Bogota-Victoria-Regia,"Bogotá, Colombia",THE HOTEL COLLECTION,Sofitel Hotels & Resorts,Program,4.6700006,-74.0530644,"Kr 13 #85-80, Chapinero, Bogotá, Cundinamarca, Colombia",google_places,PLACE_DETAILS,ChIJdb54SYuaP44RJU9rzEo0U8o,establishment;lodging;point_of_interest,False,CACHED
Sofitel Brisbane Central,https://www.americanexpress.com/en-us/travel/discover/property/Australia/Brisbane/Sofitel-Brisbane-Central?intlink=US-travel-discover-property-results-propertyCard-Sofitel-Brisbane-Central,"Brisbane, Australia",THE HOTEL COLLECTION,Sofitel Hotels & Resorts,Program,-27.4656282,153.0260694,"249 Turbot St, Brisbane City QLD 4000, Australia",google_places,PLACE_DETAILS,ChIJ58YMywJakWsRZTPQpYSvBqQ,establishment;lodging;point_of_interest,False,CACHED
Sofitel Chicago Magnificent Mile,https://www.americanexpress.com/en-us/travel/discover/property/Illinois-US/Chicago/Sofitel-Chicago-Magnificent-Mile?intlink=US-travel-discover-property-results-propertyCard-Sofitel-Chicago-Magnificent-Mile,"Chicago, Illinois US",THE HOTEL COLLECTION,Sofitel Hotels & Resorts,Program,41.8987007,-87.62727029999999,"20 E Chestnut St, Chicago, IL 60611, USA",google_places,PLACE_DETAILS,ChIJP-iYaVLTD4gRwrAZlmMMyp0,establishment;lodging;point_of_interest,False,CACHED
Sofitel London St James,https://www.americanexpress.com/en-us/travel/discover/property/England/London/Sofitel-London-St-James?intlink=US-travel-discover-property-results-propertyCard-Sofitel-London-St-James,"London, England",THE HOTEL COLLECTION,Sofitel Hotels & Resorts,Program,51.507633,-0.1323427,"6 Waterloo Pl, London SW1Y 4AN, UK",google_places,PLACE_DETAILS,ChIJKU7H_9AEdkgR4yo4FD1eNXc,establishment;food;lodging;point_of_interest;restaurant,False,CACHED
Sofitel Los Angeles at Beverly Hills,https://www.americanexpress.com/en-us/travel/discover/property/California-US/Los-Angeles/Sofitel-Los-Angeles-At-Beverly-Hills?intlink=US-travel-discover-property-results-propertyCard-Sofitel-Los-Angeles-At-Beverly-Hills,"Los Angeles, California US",THE HOTEL COLLECTION,Sofitel Hotels & Resorts,Program,34.0764178,-118.3775087,"8555 Beverly Blvd #90048, Los Angeles, CA 90048, USA",google_places,PLACE_DETAILS,ChIJmx2s2LK-woARtBxHw7Ial9I,establishment;lodging;point_of_interest,False,CACHED
Sofitel Melbourne Collins,https://www.americanexpress.com/en-us/travel/discover/property/Australia/Melbourne/Sofitel-Melbourne-Collins?intlink=US-travel-discover-property-results-propertyCard-Sofitel-Melbourne-Collins,"Melbourne, Australia",THE HOTEL COLLECTION,Sofitel Hotels & Resorts,Program,-37.8139965,144.9728921,"25 Collins St, Melbourne VIC 3000, Australia",google_places,PLACE_DETAILS,ChIJAwLSzMdC1moRLo-qConKZd4,establishment;lodging;point_of_interest,False,CACHED
Sofitel Montevideo Casino Carasco & Spa,https://www.americanexpress.com/en-us/travel/discover/property/Uruguay/Montevideo/Sofitel-Montevideo-Casino-Carasco--Spa?intlink=US-travel-discover-property-results-propertyCard-Sofitel-Montevideo-Casino-Carasco--Spa,"Montevideo, Uruguay",THE HOTEL COLLECTION,Sofitel Hotels & Resorts,Program,-34.8905846,-56.0553743,"Rambla República de México 6451, 11500 Montevideo, Departamento de Montevideo, Uruguay",google_places,PLACE_DETAILS,ChIJkx5tTG6Gn5URO318hwAW1Ao,establishment;lodging;point_of_interest,False,CACHED
Sofitel Montreal Golden Mile,https://www.americanexpress.com/en-us/travel/discover/property/Québec-CA/Montréal/Sofitel-Montreal-Golden-Mile?intlink=US-travel-discover-property-results-propertyCard-Sofitel-Montreal-Golden-Mile,"Montréal, Québec CA",THE HOTEL COLLECTION,Sofitel Hotels & Resorts,Program,45.5014991,-73.5775264,"1155 Rue Sherbrooke O, Montréal, QC H3A 2N3, Canada",google_places,PLACE_DETAILS,ChIJbSKD3kAayUwRwpyEz40SSls,establishment;lodging;point_of_interest,False,CACHED
Sofitel Mumbai BKC,https://www.americanexpress.com/en-us/travel/discover/property/India/Mumbai/Sofitel-Mumbai-Bkc?intlink=US-travel-discover-property-results-propertyCard-Sofitel-Mumbai-Bkc,"Mumbai, India",THE HOTEL COLLECTION,Sofitel Hotels & Resorts,Program,19.0674785,72.8690412,"C 57, G Block BKC, Bandra Kurla Complex, Bandra East, Mumbai, Maharashtra 400098, India",google_places,PLACE_DETAILS,ChIJ____C9_I5zsR2230MdoS4xo,establishment;lodging;point_of_interest,False,CACHED
Sofitel Munich Bayerpost,https://www.americanexpress.com/en-us/travel/discover/property/Germany/Munich/Sofitel-Munich-Bayerpost?intlink=US-travel-discover-property-results-propertyCard-Sofitel-Munich-Bayerpost,"Munich, Germany",THE HOTEL COLLECTION,Sofitel Hotels & Resorts,Program,48.1394594,11.5567813,"Bayerstraße 12, 80335 München, Germany",google_places,PLACE_DETAILS,ChIJvSMRL_l1nkcRIQuiN5lygpA,establishment;lodging;point_of_interest,False,CACHED
Sofitel New York,https://www.americanexpress.com/en-us/travel/discover/property/New-York-US/New-York/Sofitel-New-York?intlink=US-travel-discover-property-results-propertyCard-Sofitel-New-York,"New York, New York US",THE HOTEL COLLECTION,Sofitel Hotels & Resorts,Program,40.7557007,-73.9818422,"45 W 44th St, New York, NY 10036, USA",google_places,PLACE_DETAILS,ChIJ5Zpl7_9YwokRFePhP7971nc,establishment;lodging;point_of_interest,False,CACHED
Sofitel Le Scribe Paris Opera,https://www.americanexpress.com/en-us/travel/discover/property/France/Paris/Sofitel-Le-Scribe-Paris-Opera?intlink=US-travel-discover-property-results-propertyCard-Sofitel-Le-Scribe-Paris-Opera,"Paris, France",THE HOTEL COLLECTION,Sofitel Hotels & Resorts,Program,48.8705685,2.3297304,"1 Rue Scribe, 75009 Paris, France",google_places,PLACE_DETAILS,ChIJz7k5yzZu5kcRRdYVAr48Zv8,establishment;lodging;point_of_interest,False,CACHED
Sofitel Paris Arc de Triomphe,https://www.americanexpress.com/en-us/travel/discover/property/France/Paris/Sofitel-Paris-Arc-De-Triomphe?intlink=US-travel-discover-property-results-propertyCard-Sofitel-Paris-Arc-De-Triomphe,"Paris, France",THE HOTEL COLLECTION,Sofitel Hotels & Resorts,Program,48.87504209999999,2.3012929,"14 Rue Beaujon, 75008 Paris, France",google_places,PLACE_DETAILS,ChIJVavV3CB0w0cRfrfrPN6zI1Q,establishment;lodging;point_of_interest,False,CACHED
Sofitel Paris Baltimore Tour Eiffel,https://www.americanexpress.com/en-us/travel/discover/property/France/Paris/Sofitel-Paris-Baltimore-Tour-Eiffel?intlink=US-travel-discover-property-results-propertyCard-Sofitel-Paris-Baltimore-Tour-Eiffel,"Paris, France",THE HOTEL COLLECTION,Sofitel Hotels & Resorts,Program,48.8664218,2.289296,"88 Bis Av. Kléber, 75116 Paris, France",google_places,PLACE_DETAILS,ChIJszUBSeVv5kcRzUUySrscBGY,establishment;lodging;point_of_interest,False,CACHED
Sofitel Paris Le Faubourg,https://www.americanexpress.com/en-us/travel/discover/property/France/Paris/Sofitel-Paris-Le-Faubourg?intlink=US-travel-discover-property-results-propertyCard-Sofitel-Paris-Le-Faubourg,"Paris, France",THE HOTEL COLLECTION,Sofitel Hotels & Resorts,Program,48.8684103,2.3213484,"15 Rue Boissy d'Anglas, 75008 Paris, France",google_places,PLACE_DETAILS,ChIJBSnGF81v5kcRSU9hG8JRAAw,establishment;lodging;point_of_interest,False,CACHED
Sofitel Philadelphia at Rittenhouse Square,https://www.americanexpress.com/en-us/travel/discover/property/Pennsylvania-US/Philadelphia/Sofitel-Philadelphia-At-Rittenhouse-Square?intlink=US-travel-discover-property-results-propertyCard-Sofitel-Philadelphia-At-Rittenhouse-Square,"Philadelphia, Pennsylvania US",THE HOTEL COLLECTION,Sofitel Hotels & Resorts,Program,39.950907,-75.169482,"120 S 17th St, Philadelphia, PA 19103, USA",google_places,PLACE_DETAILS,ChIJrQbSYzDGxokR2TCy3fjNWoQ,establishment;lodging;point_of_interest,False,CACHED
Sofitel Phnom Penh Phokeethra,https://www.americanexpress.com/en-us/travel/discover/property/Cambodia/Phnom-Penh/Sofitel-Phnom-Penh-Phokeethra?intlink=US-travel-discover-property-results-propertyCard-Sofitel-Phnom-Penh-Phokeethra,"Phnom Penh, Cambodia",THE HOTEL COLLECTION,Sofitel Hotels & Resorts,Program,11.5459975,104.9332665,"Old August Site, 26 Samdach Sothearos Blvd (3), Phnom Penh 12301, Cambodia",google_places,PLACE_DETAILS,ChIJ42tqxz1RCTERedMmxOa9G3U,establishment;lodging;point_of_interest,False,CACHED
Sofitel Rome Villa Borghese,https://www.americanexpress.com/en-us/travel/discover/property/Italy/Rome/Sofitel-Rome-Villa-Borghese?intlink=US-travel-discover-property-results-propertyCard-Sofitel-Rome-Villa-Borghese,"Rome, Italy",THE HOTEL COLLECTION,Sofitel Hotels & Resorts,Program,41.9076439,12.4866398,"Via Lombardia, 47, 00187 Roma RM, Italy",google_places,PLACE_DETAILS,ChIJ6xPAgaphLxMRRNFYnP_XYdM,establishment;food;lodging;point_of_interest;restaurant,False,CACHED
Sofitel Ambassador Seoul,https://www.americanexpress.com/en-us/travel/discover/property/South-Korea/Seoul/Sofitel-Ambassador-Seoul?intlink=US-travel-discover-property-results-propertyCard-Sofitel-Ambassador-Seoul,"Seoul, South Korea",THE HOTEL COLLECTION,Sofitel Hotels & Resorts,Program,37.5137247,127.1061375,"209 Jamsil-ro, Songpa District, Seoul, South Korea",google_places,PLACE_DETAILS,ChIJlZ-1mH6lfDUR63jmyM72D2k,establishment;lodging;point_of_interest,False,CACHED
Sofitel Angkor Phokeethra Golf & Spa Resort,https://www.americanexpress.com/en-us/travel/discover/property/Cambodia/Siem-Reap/Sofitel-Angkor-Phokeethra-Golf--Spa-Resort?intlink=US-travel-discover-property-results-propertyCard-Sofitel-Angkor-Phokeethra-Golf--Spa-Resort,"Siem Reap, Cambodia",THE HOTEL COLLECTION,Sofitel Hotels & Resorts,Program,13.3738429,103.8606022,"Khum, Vithei Preah Sihanouk Ave, Krong Siem Reap 17259, Cambodia",google_places,PLACE_DETAILS,ChIJkQWiNXEXEDERPkMlH4KA2mQ,establishment;lodging;point_of_interest,False,CACHED
Sofitel Strasbourg Grande Ile,https://www.americanexpress.com/en-us/travel/discover/property/France/Strasbourg/Sofitel-Strasbourg-Grande-Ile?intlink=US-travel-discover-property-results-propertyCard-Sofitel-Strasbourg-Grande-Ile,"Strasbourg, France",THE HOTEL COLLECTION,Sofitel Hotels & Resorts,Program,48.58518000000001,7.7460779,"4 Pl. Saint-Pierre-le-Jeune, 67000 Strasbourg, France",google_places,PLACE_DETAILS,ChIJ_ecXE07IlkcR-TndJQuTfJs,establishment;lodging;point_of_interest,False,CACHED
Sofitel Sydney Wentworth,https://www.americanexpress.com/en-us/travel/discover/property/Australia/Sydney/Sofitel-Sydney-Wentworth?intlink=US-travel-discover-property-results-propertyCard-Sofitel-Sydney-Wentworth,"Sydney, Australia",THE HOTEL COLLECTION,Sofitel Hotels & Resorts,Program,-33.8653817,151.2111873,"Sofitel Sydney Wentworth 61, 101 Phillip St, Sydney NSW 2000, Australia",google_places,PLACE_DETAILS,ChIJOdOLbGquEmsR6oPJgVpzjxg,establishment;lodging;point_of_interest,False,CACHED
Sofitel Washington DC Lafayette Square,https://www.americanexpress.com/en-us/travel/discover/property/District-of-Columbia-US/Washington/Sofitel-Washington-Dc-Lafayette-Square?intlink=US-travel-discover-property-results-propertyCard-Sofitel-Washington-Dc-Lafayette-Square,"Washington, District of Columbia US",THE HOTEL COLLECTION,Sofitel Hotels & Resorts,Program,38.90047819999999,-77.03400599999999,"806 15th St NW, Washington, DC 20005, USA",google_places,PLACE_DETAILS,ChIJebAi-b23t4kRJFpCQl0YtiY,establishment;lodging;point_of_interest,False,CACHED
Sofitel Wellington,https://www.americanexpress.com/en-us/travel/discover/property/New-Zealand/Wellington/Sofitel-Wellington?intlink=US-travel-discover-property-results-propertyCard-Sofitel-Wellington,"Wellington, New Zealand",THE HOTEL COLLECTION,Sofitel Hotels & Resorts,Program,-41.27972320000001,174.774705,"11 Bolton Street, Wellington Central, Wellington 6011, New Zealand",google_places,PLACE_DETAILS,ChIJoUevaCquOG0R2f38YPFpFro,establishment;lodging;point_of_interest,False,CACHED
Swissotel The Bosphorus,https://www.americanexpress.com/en-us/travel/discover/property/Turkey/Istanbul/Swissotel-The-Bosphorus?intlink=US-travel-discover-property-results-propertyCard-Swissotel-The-Bosphorus,"Istanbul, Turkey",THE HOTEL COLLECTION,Swissôtel,Program,41.0411641,28.9976787,"Vişnezade, Acısu Sk. NO 19, 34357 Beşiktaş/İstanbul, Türkiye",google_geocoding,ROOFTOP,ChIJm9zzJnW3yhQRHmF9bN2hrZI,establishment;food;lodging;point_of_interest;restaurant,True,GEOCODE:Swissotel The Bosphorus Swissôtel Hotel
Swissotel Lima,https://www.americanexpress.com/en-us/travel/discover/property/Peru/Lima/Swissotel-Lima?intlink=US-travel-discover-property-results-propertyCard-Swissotel-Lima,"Lima, Peru",THE HOTEL COLLECTION,Swissôtel,Program,-12.0974807,-77.03844699999999,"Via Central 150 Centro, Av. Santo Toribio 173, LIMA 15073, Peru",google_places,PLACE_DETAILS,ChIJ0WQdT0PIBZERrXRZjbUtaOs,establishment;food;lodging;point_of_interest;restaurant,False,CACHED
Taj Cape Town,https://www.americanexpress.com/en-us/travel/discover/property/South-Africa/Cape-Town/Taj-Cape-Town?intlink=US-travel-discover-property-results-propertyCard-Taj-Cape-Town,"Cape Town, South Africa",THE HOTEL COLLECTION,Taj Hotels Palaces Resorts Safaris,Program,-33.9244079,18.4197954,"1 Wale Street corner Saint Georges Mall, Wale St, Cape Town City Centre, Cape Town, 8000, South Africa",google_places,PLACE_DETAILS,ChIJf87R9mRnzB0RYL4W8SzIR28,bar;establishment;food;lodging;point_of_interest;restaurant;spa,False,CACHED
"Taj Madikeri Resort & Spa, Coorg",https://www.americanexpress.com/en-us/travel/discover/property/India/Coorg/Taj-Madikeri-Resort--Spa-Coorg?intlink=US-travel-discover-property-results-propertyCard-Taj-Madikeri-Resort--Spa-Coorg,"Coorg, India",THE HOTEL COLLECTION,Taj Hotels Palaces Resorts Safaris,Program,12.4459092,75.68501429999999,"1st Monnangeri, Post, Galibeedu, Madikeri, Karnataka 571202, India",google_places,PLACE_DETAILS,ChIJtQjFRnUApTsR4CyeHBIrAEU,establishment;lodging;point_of_interest,False,CACHED
Taj Dubai,https://www.americanexpress.com/en-us/travel/discover/property/United-Arab-Emirates/Dubai/Taj-Dubai?intlink=US-travel-discover-property-results-propertyCard-Taj-Dubai,"Dubai, United Arab Emirates",THE HOTEL COLLECTION,Taj Hotels Palaces Resorts Safaris,Program,25.1924238,55.26725,Burj Khalifa St - Business Bay - Dubai - United Arab Emirates,google_places,PLACE_DETAILS,ChIJyer95yhoXz4Rwl9l67jIHT4,establishment;lodging;point_of_interest,False,CACHED
Taj Malabar Resort & Spa,https://www.americanexpress.com/en-us/travel/discover/property/India/Kochi/Taj-Malabar-Resort--Spa?intlink=US-travel-discover-property-results-propertyCard-Taj-Malabar-Resort--Spa,"Kochi, India",THE HOTEL COLLECTION,Taj Hotels Palaces Resorts Safaris,Program,9.968885000000002,76.2582596,"Taj Malabar Resort & Spa, Indira Gandhi Rd, Willingdon Island, Kochi, Kerala 682009, India",google_places,PLACE_DETAILS,ChIJoa1FvU1tCDsR0XkVsrehmd4,establishment;lodging;point_of_interest,False,CACHED
The Hoxton Lloyd Amsterdam,https://www.americanexpress.com/en-us/travel/discover/property/Netherlands/Amsterdam/The-Hoxton-Lloyd-Amsterdam?intlink=US-travel-discover-property-results-propertyCard-The-Hoxton-Lloyd-Amsterdam,"Amsterdam, Netherlands",THE HOTEL COLLECTION,The Hoxton,Program,52.3742414,4.934660099999999,"Oostelijke Handelskade 34, 1019 BN Amsterdam, Netherlands",google_places,PLACE_DETAILS,ChIJ5WeQe00JxkcRuu1F6aUBHW0,establishment;lodging;point_of_interest,False,CACHED
"The Hoxton, Poblenou",https://www.americanexpress.com/en-us/travel/discover/property/Spain/Barcelona/The-Hoxton-Poblenou?intlink=US-travel-discover-property-results-propertyCard-The-Hoxton-Poblenou,"Barcelona, Spain",THE HOTEL COLLECTION,The Hoxton,Program,41.4037672,2.1902532,"Av. Diagonal, 205, Sant Martí, 08018 Barcelona, Spain",google_places,PLACE_DETAILS,ChIJ-SuFFkKjpBIRj3AX8n2hyc0,establishment;lodging;point_of_interest,False,CACHED
"The Hoxton, Charlottenburg",https://www.americanexpress.com/en-us/travel/discover/property/Germany/Berlin/The-Hoxton-Charlottenburg?intlink=US-travel-discover-property-results-propertyCard-The-Hoxton-Charlottenburg,"Berlin, Germany",THE HOTEL COLLECTION,The Hoxton,Program,52.5008373,13.3290966,"Meinekestraße 18-19, 10719 Berlin, Germany",google_places,PLACE_DETAILS,ChIJb4J8oNhRqEcRQL3-cjY6X-8,bar;cafe;establishment;food;lodging;point_of_interest;restaurant,False,CACHED
"The Hoxton, Williamsburg",https://www.americanexpress.com/en-us/travel/discover/property/New-York-US/Brooklyn/The-Hoxton-Williamsburg?intlink=US-travel-discover-property-results-propertyCard-The-Hoxton-Williamsburg,"Brooklyn, New York US",THE HOTEL COLLECTION,The Hoxton,Program,40.720831,-73.9587603,"97 Wythe Ave, Brooklyn, NY 11249, USA",google_places,PLACE_DETAILS,ChIJuSLgZ11ZwokRdHegOodYXOs,bar;establishment;food;lodging;point_of_interest;restaurant,False,CACHED
The Hoxton Brussels,https://www.americanexpress.com/en-us/travel/discover/property/Belgium/Brussels/The-Hoxton-Brussels?intlink=US-travel-discover-property-results-propertyCard-The-Hoxton-Brussels,"Brussels, Belgium",THE HOTEL COLLECTION,The Hoxton,Program,50.8557157,4.3632744,"Sq. Victoria Régina 1, 1210 Bruxelles, Belgium",google_places,PLACE_DETAILS,ChIJe_sbj4LDw0cRJDoTaasdDz4,bar;establishment;food;lodging;point_of_interest;restaurant,False,CACHED
The Hoxton Chicago,https://www.americanexpress.com/en-us/travel/discover/property/Illinois-US/Chicago/The-Hoxton-Chicago?intlink=US-travel-discover-property-results-propertyCard-The-Hoxton-Chicago,"Chicago, Illinois US",THE HOTEL COLLECTION,The Hoxton,Program,41.8858582,-87.6490525,"200 N Green St, Chicago, IL 60607, USA",google_places,PLACE_DETAILS,ChIJA1oYjFwtDogR0-bfSStw0Yk,establishment;lodging;point_of_interest,False,CACHED
The Hoxton Dublin,https://www.americanexpress.com/en-us/travel/discover/property/Ireland/Dublin/The-Hoxton-Dublin?intlink=US-travel-discover-property-results-propertyCard-The-Hoxton-Dublin,"Dublin, Ireland",THE HOTEL COLLECTION,The Hoxton,Program,53.3430942,-6.2639136,"1-5 Exchequer St, Dublin, D02 E044, Ireland",google_places,PLACE_DETAILS,ChIJSfAcncUPZ0gRFjv_dAE_B18,establishment;lodging;point_of_interest,False,CACHED
The Hoxton Edinburgh,https://www.americanexpress.com/en-us/travel/discover/property/Scotland/Edinburgh/The-Hoxton-Edinburgh?intlink=US-travel-discover-property-results-propertyCard-The-Hoxton-Edinburgh,"Edinburgh, Scotland",THE HOTEL COLLECTION,The Hoxton,Program,55.9471462,-3.2172911,"5-21 Grosvenor St, Edinburgh EH12 5EF, UK",google_places,PLACE_DETAILS,ChIJRTyLVADHh0gRuEWXnrRYuUo,establishment;lodging;point_of_interest,False,CACHED
The Hoxton Florence,https://www.americanexpress.com/en-us/travel/discover/property/Italy/Florence/The-Hoxton-Florence?intlink=US-travel-discover-property-results-propertyCard-The-Hoxton-Florence,"Florence, Italy",THE HOTEL COLLECTION,The Hoxton,Program,43.7824694,11.2598681,"Via delle Mantellate, 2, 50129 Firenze FI, Italy",google_places,PLACE_DETAILS,ChIJVZvtBQBVKhMRrTqhoWgBkCk,establishment;lodging;point_of_interest,False,CACHED
The Hoxton Holborn,https://www.americanexpress.com/en-us/travel/discover/property/England/London/The-Hoxton-Holborn?intlink=US-travel-discover-property-results-propertyCard-The-Hoxton-Holborn,"London, England",THE HOTEL COLLECTION,The Hoxton,Program,51.51722909999999,-0.1220019,"199-206 High Holborn, London WC1V 7BD, UK",google_places,PLACE_DETAILS,ChIJq--bjDQbdkgR6P4fcGkOnGI,establishment;lodging;point_of_interest,False,CACHED
"The Hoxton, Shoreditch",https://www.americanexpress.com/en-us/travel/discover/property/England/London/The-Hoxton-Shoreditch?intlink=US-travel-discover-property-results-propertyCard-The-Hoxton-Shoreditch,"London, England",THE HOTEL COLLECTION,The Hoxton,Program,51.5255754,-0.0828845,"81 Great Eastern St, London EC2A 3HU, UK",google_places,PLACE_DETAILS,ChIJJ43m-K8cdkgR16GR7K-QIhQ,establishment;lodging;point_of_interest,False,CACHED
"The Hoxton, Southwark",https://www.americanexpress.com/en-us/travel/discover/property/England/London/The-Hoxton-Southwark?intlink=US-travel-discover-property-results-propertyCard-The-Hoxton-Southwark,"London, England",THE HOTEL COLLECTION,The Hoxton,Program,51.5058894,-0.1048681,"40 Blackfriars Rd, London SE1 8NY, UK",google_places,PLACE_DETAILS,ChIJ7VdXawcFdkgRrLjdOogTz2I,establishment;lodging;point_of_interest,False,CACHED
"The Hoxton, Downtown LA",https://www.americanexpress.com/en-us/travel/discover/property/California-US/Los-Angeles/The-Hoxton-Downtown-La?intlink=US-travel-discover-property-results-propertyCard-The-Hoxton-Downtown-La,"Los Angeles, California US",THE HOTEL COLLECTION,The Hoxton,Program,34.0397452,-118.2585327,"1060 S Broadway, Los Angeles, CA 90015, USA",google_places,PLACE_DETAILS,ChIJE33xBEjHwoAR1mr3P5avZ5A,bar;cafe;establishment;food;lodging;night_club;point_of_interest;restaurant;store,False,CACHED
"The Hoxton, Paris",https://www.americanexpress.com/en-us/travel/discover/property/France/Paris/The-Hoxton-Paris?intlink=US-travel-discover-property-results-propertyCard-The-Hoxton-Paris,"Paris, France",THE HOTEL COLLECTION,The Hoxton,Program,48.8702063,2.3465669,"30-32 Rue du Sentier, 75002 Paris, France",google_places,PLACE_DETAILS,ChIJq-4_FRZu5kcR3Y1uASNU3Uw,establishment;lodging;point_of_interest,False,CACHED
The Hoxton Rome,https://www.americanexpress.com/en-us/travel/discover/property/Italy/Rome/The-Hoxton-Rome?intlink=US-travel-discover-property-results-propertyCard-The-Hoxton-Rome,"Rome, Italy",THE HOTEL COLLECTION,The Hoxton,Program,41.9182612,12.4974987,"L.go Benedetto Marcello, 220, 00198 Roma RM, Italy",google_places,PLACE_DETAILS,ChIJZ6MdWhBhLxMRUFmhKnvlnE8,bar;establishment;lodging;point_of_interest,False,CACHED
Hotel Okura Amsterdam,https://www.americanexpress.com/en-us/travel/discover/property/Netherlands/Amsterdam/Hotel-Okura-Amsterdam?intlink=US-travel-discover-property-results-propertyCard-Hotel-Okura-Amsterdam,"Amsterdam, Netherlands",THE HOTEL COLLECTION,The Leading Hotels of the World,Program,52.3486159,4.893009699999999,"Ferdinand Bolstraat 333, 1072 LH Amsterdam, Netherlands",google_places,PLACE_DETAILS,ChIJMzqLEIsJxkcRp0BQroIzgGc,establishment;lodging;point_of_interest,False,CACHED
Villa Bokeh,https://www.americanexpress.com/en-us/travel/discover/property/Guatemala/Antigua-Guatemala/Villa-Bokeh?intlink=US-travel-discover-property-results-propertyCard-Villa-Bokeh,"Antigua Guatemala, Guatemala",THE HOTEL COLLECTION,The Leading Hotels of the World,Program,14.5425224,-90.739761,"San Pedro Panorama, Sacatepequez. Lote C3, Entrada a Finca San Nicolás, Antigua Guatemala, Guatemala",google_places,PLACE_DETAILS,ChIJbbcJqXMPiYURAL4cNrsWyRQ,establishment;lodging;point_of_interest,False,CACHED
METT Barcelona,https://www.americanexpress.com/en-us/travel/discover/property/Spain/Barcelona/Mett-Barcelona?intlink=US-travel-discover-property-results-propertyCard-Mett-Barcelona,"Barcelona, Spain",THE HOTEL COLLECTION,The Leading Hotels of the World,Program,41.4257107,2.1204463,"Ctra. de Vallvidrera al Tibidabo, 83-93, Sarrià-Sant Gervasi, 08035 Barcelona, Spain",google_places,PLACE_DETAILS,ChIJRUNWX4mXpBIRdlfk7PMBpCY,establishment;lodging;point_of_interest,False,CACHED
Hotel Schweizerhof Bern & Spa,https://www.americanexpress.com/en-us/travel/discover/property/Switzerland/Bern/Hotel-Schweizerhof-Bern--Spa?intlink=US-travel-discover-property-results-propertyCard-Hotel-Schweizerhof-Bern--Spa,"Bern, Switzerland",THE HOTEL COLLECTION,The Leading Hotels of the World,Program,46.948691,7.440901999999999,"Bahnhofpl. 11, 3001 Bern, Switzerland",google_places,PLACE_DETAILS,ChIJcy0hSL85jkcR3ofY6EvhfZk,establishment;lodging;point_of_interest,False,CACHED
Nobu Hotel Los Cabos,https://www.americanexpress.com/en-us/travel/discover/property/Baja-California-Sur-MX/Cabo-San-Lucas/Nobu-Hotel-Los-Cabos?intlink=US-travel-discover-property-results-propertyCard-Nobu-Hotel-Los-Cabos,"Cabo San Lucas, Baja California Sur MX",THE HOTEL COLLECTION,The Leading Hotels of the World,Program,22.8849373,-109.9835661,"Polígono 1. Fracción D. Fraccionamiento Diamante, Los Cangrejos, 23473 Cabo San Lucas, B.C.S., Mexico",google_places,PLACE_DETAILS,ChIJ10lh6Pg1r4YRrvtcw6IZmu4,establishment;lodging;point_of_interest,False,CACHED
Capri Tiberio Palace,https://www.americanexpress.com/en-us/travel/discover/property/Italy/Capri/Capri-Tiberio-Palace?intlink=US-travel-discover-property-results-propertyCard-Capri-Tiberio-Palace,"Capri, Italy",THE HOTEL COLLECTION,The Leading Hotels of the World,Program,40.55096229999999,14.2470503,"Via Croce, 11-15, 80073 Capri NA, Italy",google_places,PLACE_DETAILS,ChIJL8HpOCl4OxMRnd6pclJPops,establishment;lodging;point_of_interest,False,CACHED
Villa Mara,https://www.americanexpress.com/en-us/travel/discover/property/California-US/Carmel/Villa-Mara?intlink=US-travel-discover-property-results-propertyCard-Villa-Mara,"Carmel, California US",THE HOTEL COLLECTION,The Leading Hotels of the World,Program,36.5439376,-121.9303782,"2408 Bay View Ave, Carmel, CA 93923, USA",google_places,PLACE_DETAILS,ChIJk9CaJDLnjYARix0B51F2jpQ,establishment;lodging;point_of_interest,False,CACHED
Grande Real Villa Italia Hotel & Spa,https://www.americanexpress.com/en-us/travel/discover/property/Portugal/Cascais/Grande-Real-Villa-Italia-Hotel--Spa?intlink=US-travel-discover-property-results-propertyCard-Grande-Real-Villa-Italia-Hotel--Spa,"Cascais, Portugal",THE HOTEL COLLECTION,The Leading Hotels of the World,Program,38.6910849,-9.4240862,"R. Frei Nicolau de Oliveira 100, 2750-319 Cascais, Portugal",google_places,PLACE_DETAILS,ChIJuZcrXp3GHg0RS1mEgQTIPow,establishment;lodging;point_of_interest;spa,False,CACHED
Windjammer Landing Resort & Residences,https://www.americanexpress.com/en-us/travel/discover/property/Saint-Lucia/Castries/Windjammer-Landing-Resort--Residences?intlink=US-travel-discover-property-results-propertyCard-Windjammer-Landing-Resort--Residences,"Castries, Saint Lucia",THE HOTEL COLLECTION,The Leading Hotels of the World,Program,14.0590096,-60.9741993,"1504, Labrelotte Bay, St Lucia",google_places,PLACE_DETAILS,ChIJ61G-cBRoQIwRUHTtBQPFLAg,establishment;lodging;point_of_interest,False,CACHED
Aleenta Retreat Chiang Mai,https://www.americanexpress.com/en-us/travel/discover/property/Thailand/Chiang-Mai/Aleenta-Retreat-Chiang-Mai?intlink=US-travel-discover-property-results-propertyCard-Aleenta-Retreat-Chiang-Mai,"Chiang Mai, Thailand",THE HOTEL COLLECTION,The Leading Hotels of the World,Program,18.7864386,98.9530782,"189 Suthep Alley, Tambon Su Thep, Muang, Chang Wat Chiang Mai 50200, Thailand",google_places,PLACE_DETAILS,ChIJCWNmRhQ72jAR2ZJkWRcgGds,establishment;health;lodging;point_of_interest;spa,False,CACHED
Nayara Hangaroa,https://www.americanexpress.com/en-us/travel/discover/property/Chile/Easter-Island/Nayara-Hangaroa?intlink=US-travel-discover-property-results-propertyCard-Nayara-Hangaroa,"Easter Island, Chile",THE HOTEL COLLECTION,The Leading Hotels of the World,Program,-27.1509399,-109.4390029,"Pont S/N, Hanga Roa, Isla de Pascua, Valparaíso, Chile",google_places,PLACE_DETAILS,ChIJ95zX7KX7R5kRocTMLBxcqZA,establishment;lodging;point_of_interest,False,CACHED
Botania Relais & Spa,https://www.americanexpress.com/en-us/travel/discover/property/Italy/Forio/Botania-Relais--Spa?intlink=US-travel-discover-property-results-propertyCard-Botania-Relais--Spa,"Forio, Italy",THE HOTEL COLLECTION,The Leading Hotels of the World,Program,40.7527634,13.8797411,"Via Provinciale Lacco - Fango, 284, 80075 Forio NA, Italy",google_places,PLACE_DETAILS,ChIJE4NQgmtAOxMRP_zzdP4h27w,establishment;food;lodging;point_of_interest;restaurant;spa,False,CACHED
Palacio de los Angeles La Rioja,https://www.americanexpress.com/en-us/travel/discover/property/Spain/Haro/Palacio-De-Los-Angeles-La-Rioja?intlink=US-travel-discover-property-results-propertyCard-Palacio-De-Los-Angeles-La-Rioja,"Haro, Spain",THE HOTEL COLLECTION,The Leading Hotels of the World,Program,42.57605299999999,-2.8476614,"Pl. de la Cruz, 4, 26200 Haro, La Rioja, Spain",google_geocoding,ROOFTOP,ChIJm93H24mLTw0R9GstVt116lA,establishment;lodging;point_of_interest,True,CACHED
Hotel Granduca Houston,https://www.americanexpress.com/en-us/travel/discover/property/Texas-US/Houston/Hotel-Granduca-Houston?intlink=US-travel-discover-property-results-propertyCard-Hotel-Granduca-Houston,"Houston, Texas US",THE HOTEL COLLECTION,The Leading Hotels of the World,Program,29.7575809,-95.4582464,"1080 Uptown Park Blvd, Houston, TX 77056, USA",google_places,PLACE_DETAILS,ChIJgXm-dUjBQIYR8G2hu60SQlM,bar;establishment;food;lodging;point_of_interest;restaurant,False,CACHED
Royal Savoy Hotel & Spa Lausanne,https://www.americanexpress.com/en-us/travel/discover/property/Switzerland/Lausanne/Royal-Savoy-Hotel--Spa-Lausanne?intlink=US-travel-discover-property-results-propertyCard-Royal-Savoy-Hotel--Spa-Lausanne,"Lausanne, Switzerland",THE HOTEL COLLECTION,The Leading Hotels of the World,Program,46.5113676,6.6284904,"Av. d'Ouchy 40, 1006 Lausanne, Switzerland",google_places,PLACE_DETAILS,ChIJuzSvIs4vjEcRi8sg1wgYbtU,establishment;food;lodging;point_of_interest;restaurant;spa,False,CACHED
The Landmark London,https://www.americanexpress.com/en-us/travel/discover/property/England/London/The-Landmark-London?intlink=US-travel-discover-property-results-propertyCard-The-Landmark-London,"London, England",THE HOTEL COLLECTION,The Leading Hotels of the World,Program,51.5214599,-0.1626027,"222 Marylebone Rd, London NW1 6JQ, UK",google_places,PLACE_DETAILS,ChIJjV7c58kadkgRKxmfETsEywI,establishment;lodging;point_of_interest,False,CACHED
Bless Hotel Madrid,https://www.americanexpress.com/en-us/travel/discover/property/Spain/Madrid/Bless-Hotel-Madrid?intlink=US-travel-discover-property-results-propertyCard-Bless-Hotel-Madrid,"Madrid, Spain",THE HOTEL COLLECTION,The Leading Hotels of the World,Program,40.4281561,-3.6836653,"Calle Velázquez, 62, Salamanca, 28001 Madrid, Spain",google_places,PLACE_DETAILS,ChIJebMBrI8pQg0RrYwzYAAz9GI,establishment;lodging;point_of_interest,False,CACHED
Malibu Beach Inn,https://www.americanexpress.com/en-us/travel/discover/property/California-US/Malibu/Malibu-Beach-Inn?intlink=US-travel-discover-property-results-propertyCard-Malibu-Beach-Inn,"Malibu, California US",THE HOTEL COLLECTION,The Leading Hotels of the World,Program,34.0380561,-118.674532,"22878 Pacific Coast Hwy, Malibu, CA 90265, USA",google_places,PLACE_DETAILS,ChIJw1C0bioe6IARsawVhVmINis,establishment;lodging;point_of_interest,False,CACHED
Santavenere,https://www.americanexpress.com/en-us/travel/discover/property/Italy/Maratea/Santavenere?intlink=US-travel-discover-property-results-propertyCard-Santavenere,"Maratea, Italy",THE HOTEL COLLECTION,The Leading Hotels of the World,Program,39.9934361,15.7026893,"Via Conte Stefano Rivetti, 1, 85046 Maratea PZ, Italy",google_places,PLACE_DETAILS,ChIJv6_l2nPZPhMR_vsVbQXTR_Q,establishment;food;lodging;point_of_interest;restaurant;spa,False,CACHED
Jackalope Hotel,https://www.americanexpress.com/en-us/travel/discover/property/Australia/Melbourne/Jackalope-Hotel?intlink=US-travel-discover-property-results-propertyCard-Jackalope-Hotel,"Melbourne, Australia",THE HOTEL COLLECTION,The Leading Hotels of the World,Program,-38.344479,145.100645,"166 Balnarring Rd, Merricks North VIC 3926, Australia",google_places,PLACE_DETAILS,ChIJJeDva-fC1WoRxokRS_zmOmE,bar;establishment;food;lodging;point_of_interest;restaurant,False,CACHED
Maison Albar - Amoure,https://www.americanexpress.com/en-us/travel/discover/property/Portugal/Moure/Maison-Albar---Amoure?intlink=US-travel-discover-property-results-propertyCard-Maison-Albar---Amoure,"Moure, Portugal",THE HOTEL COLLECTION,The Leading Hotels of the World,Program,41.6374963,-8.476974199999999,"Av. da Câmara 22, 4730-304, Portugal",google_places,PLACE_DETAILS,ChIJqxPQQ3oAJQ0RSq334t-I6pE,bar;establishment;food;lodging;point_of_interest;restaurant;spa,False,CACHED
Avant Mar,https://www.americanexpress.com/en-us/travel/discover/property/Greece/Naoussa/Avant-Mar?intlink=US-travel-discover-property-results-propertyCard-Avant-Mar,"Naoussa, Greece",THE HOTEL COLLECTION,The Leading Hotels of the World,Program,37.121944,25.2324715,"Piperi, Naousa 844 01, Greece",google_places,PLACE_DETAILS,ChIJeUwpRIp1mBQRkLHy8f5-os4,establishment;lodging;point_of_interest,False,CACHED
Masseria Donna Menga,https://www.americanexpress.com/en-us/travel/discover/property/Italy/Nardò/Masseria-Donna-Menga?intlink=US-travel-discover-property-results-propertyCard-Masseria-Donna-Menga,"Nardò, Italy",THE HOTEL COLLECTION,The Leading Hotels of the World,Program,40.2894462,17.8881416,"Strada Donna Domenica, 73048 Nardò LE, Italy",google_places,PLACE_DETAILS,ChIJ6U4d4iObRhMRkOin3js7nkk,establishment;food;lodging;point_of_interest;restaurant,False,CACHED
The Knickerbocker Hotel,https://www.americanexpress.com/en-us/travel/discover/property/New-York-US/New-York/The-Knickerbocker-Hotel?intlink=US-travel-discover-property-results-propertyCard-The-Knickerbocker-Hotel,"New York, New York US",THE HOTEL COLLECTION,The Leading Hotels of the World,Program,40.7555831,-73.9862701,"6 Times Sq, New York, NY 10036, USA",google_places,PLACE_DETAILS,ChIJHW6u1FRYwokRg9rrxRT-DP8,establishment;lodging;point_of_interest,False,CACHED
Maison Albar - L'Imperator,https://www.americanexpress.com/en-us/travel/discover/property/France/Nimes/Maison-Albar---Limperator?intlink=US-travel-discover-property-results-propertyCard-Maison-Albar---Limperator,"Nimes, France",THE HOTEL COLLECTION,The Leading Hotels of the World,Program,43.838609,4.353194999999999,"15 Rue Gaston Boissier, 30900 Nîmes, France",google_places,PLACE_DETAILS,ChIJqTOK36AttBIREVHVYDy8oRk,bar;establishment;food;lodging;point_of_interest;restaurant;spa,False,CACHED
Es Princep Hotel,https://www.americanexpress.com/en-us/travel/discover/property/Spain/Palma/Es-Princep-Hotel?intlink=US-travel-discover-property-results-propertyCard-Es-Princep-Hotel,"Palma, Spain",THE HOTEL COLLECTION,The Leading Hotels of the World,Program,39.5656525,2.6552605,"Carrer de Bala Roja, 1, Centre, 07001 Palma, Illes Balears, Spain",google_places,PLACE_DETAILS,ChIJAUubbkySlxIRsQVKMISNrBA,establishment;lodging;point_of_interest,False,CACHED
Hotel Splendide Royal Roma,https://www.americanexpress.com/en-us/travel/discover/property/Italy/Rome/Hotel-Splendide-Royal-Roma?intlink=US-travel-discover-property-results-propertyCard-Hotel-Splendide-Royal-Roma,"Rome, Italy",THE HOTEL COLLECTION,The Leading Hotels of the World,Program,41.9079116,12.4867411,"Via di Porta Pinciana, 14, 00187 Roma RM, Italy",google_places,PLACE_DETAILS,ChIJ3yLYfQBhLxMRHZtDqn639zc,establishment;food;lodging;point_of_interest;restaurant,False,CACHED
Fonteverde Thermal Spa Resort,https://www.americanexpress.com/en-us/travel/discover/property/Italy/San-Casciano-dei-Bagni/Fonteverde-Thermal-Spa-Resort?intlink=US-travel-discover-property-results-propertyCard-Fonteverde-Thermal-Spa-Resort,"San Casciano dei Bagni, Italy",THE HOTEL COLLECTION,The Leading Hotels of the World,Program,42.86160599999999,11.876531,"Località Terme, 1, 53040 San Casciano dei Bagni SI, Italy",google_places,PLACE_DETAILS,ChIJZXCYIjROKhMR8rR4unjmLUk,establishment;food;lodging;point_of_interest;restaurant;spa,False,CACHED
Royal Hotel Sanremo,https://www.americanexpress.com/en-us/travel/discover/property/Italy/Sanremo/Royal-Hotel-Sanremo?intlink=US-travel-discover-property-results-propertyCard-Royal-Hotel-Sanremo,"Sanremo, Italy",THE HOTEL COLLECTION,The Leading Hotels of the World,Program,43.8140335,7.768209399999999,"Corso Imperatrice, 80, 18038 Sanremo IM, Italy",google_places,PLACE_DETAILS,ChIJu-Vx7mr1zRIRPnGIYP1Hya4,establishment;lodging;point_of_interest,False,CACHED
"Imperial Floors, Imperial Hotel, Tokyo",https://www.americanexpress.com/en-us/travel/discover/property/Japan/Tokyo/Imperial-Floors-Imperial-Hotel-Tokyo?intlink=US-travel-discover-property-results-propertyCard-Imperial-Floors-Imperial-Hotel-Tokyo,"Tokyo, Japan",THE HOTEL COLLECTION,The Leading Hotels of the World,Program,35.672454,139.7579015,"1-chōme-1-1 Uchisaiwaichō, Chiyoda City, Tokyo 100-8558, Japan",google_places,PLACE_DETAILS,ChIJT7wVXe6LGGARpg6sWitWN8Y,establishment;food;lodging;point_of_interest;restaurant;store,False,CACHED
Hotel Las Arenas,https://www.americanexpress.com/en-us/travel/discover/property/Spain/Valencia/Hotel-Las-Arenas?intlink=US-travel-discover-property-results-propertyCard-Hotel-Las-Arenas,"Valencia, Spain",THE HOTEL COLLECTION,The Leading Hotels of the World,Program,39.4664455,-0.3245659,"C/ d'Eugènia Viñes, 22, 24, Poblados Marítimos, 46011 València, Valencia, Spain",google_places,PLACE_DETAILS,ChIJD1guwWlIYA0REfH09cBlg5o,establishment;food;lodging;point_of_interest;restaurant;spa,False,CACHED
AZUR Legacy Collection Hotel,https://www.americanexpress.com/en-us/travel/discover/property/British-Columbia-CA/Vancouver/Azur-Legacy-Collection-Hotel?intlink=US-travel-discover-property-results-propertyCard-Azur-Legacy-Collection-Hotel,"Vancouver, British Columbia CA",THE HOTEL COLLECTION,The Leading Hotels of the World,Program,49.2857792,-123.1163804,"833 W Pender St, Vancouver, BC V6C 1K7, Canada",google_places,PLACE_DETAILS,ChIJH5vy1zZxhlQRPvIobQXI8Qw,establishment;lodging;point_of_interest,False,CACHED
Due Torri Hotel,https://www.americanexpress.com/en-us/travel/discover/property/Italy/Verona/Due-Torri-Hotel?intlink=US-travel-discover-property-results-propertyCard-Due-Torri-Hotel,"Verona, Italy",THE HOTEL COLLECTION,The Leading Hotels of the World,Program,45.4448458,10.9996046,"Piazza Sant'anastasia, 4, 37121 Verona VR, Italy",google_places,PLACE_DETAILS,ChIJOaiWLUpff0cR6p4A0AEwiTM,establishment;food;lodging;point_of_interest;restaurant,False,CACHED
Divani Apollon Palace & Thalasso,https://www.americanexpress.com/en-us/travel/discover/property/Greece/Vouliagmeni/Divani-Apollon-Palace--Thalasso?intlink=US-travel-discover-property-results-propertyCard-Divani-Apollon-Palace--Thalasso,"Vouliagmeni, Greece",THE HOTEL COLLECTION,The Leading Hotels of the World,Program,37.8282379,23.7714143,"Agiou Nikolaou 10, Vouliagmeni 166 71, Greece",google_places,PLACE_DETAILS,ChIJx5WbviW9oRQRhR2sCTDLQYY,establishment;lodging;point_of_interest;spa,False,CACHED
"The Laguna, a Luxury Collection Resort & Spa, Bali",https://www.americanexpress.com/en-us/travel/discover/property/Indonesia/Badung/The-Laguna-a-Luxury-Collection-Resort--Spa-Bali?intlink=US-travel-discover-property-results-propertyCard-The-Laguna-a-Luxury-Collection-Resort--Spa-Bali,"Badung, Indonesia",THE HOTEL COLLECTION,The Luxury Collection,Program,-8.7969315,115.2319667,"Kawasan Pariwisata, Jl. Nusa Dua No.2 Lot N, Benoa, Kec. Kuta Sel., Kabupaten Badung, Bali 80363, Indonesia",google_places,PLACE_DETAILS,ChIJGVcbnCZD0i0Rgr93Q2UcMds,establishment;lodging;point_of_interest,False,CACHED
"Pazziella, a Luxury Collection Hotel, Capri",https://www.americanexpress.com/en-us/travel/discover/property/Italy/Capri/Pazziella-a-Luxury-Collection-Hotel-Capri?intlink=US-travel-discover-property-results-propertyCard-Pazziella-a-Luxury-Collection-Hotel-Capri,"Capri, Italy",THE HOTEL COLLECTION,The Luxury Collection,Program,40.550776,14.2455443,"Via Fuorlovado, 36, 80073 Capri NA, Italy",google_places,PLACE_DETAILS,ChIJKT3401l5OxMRLfJp6Q0KJRI,establishment;lodging;point_of_interest,False,CACHED
"The Gwen, a Luxury Collection Hotel",https://www.americanexpress.com/en-us/travel/discover/property/Illinois-US/Chicago/The-Gwen-a-Luxury-Collection-Hotel?intlink=US-travel-discover-property-results-propertyCard-The-Gwen-a-Luxury-Collection-Hotel,"Chicago, Illinois US",THE HOTEL COLLECTION,The Luxury Collection,Program,41.8912584,-87.62512389999999,"521 N Rush St, Chicago, IL 60611, USA",google_places,PLACE_DETAILS,ChIJjXrGOawsDogRd96agC8dUDg,establishment;lodging;point_of_interest,False,CACHED
"Almare, a Luxury Collection Resort, Isla Mujeres Cancun, Adult All-Inclusive",https://www.americanexpress.com/en-us/travel/discover/property/Quintana-Roo-MX/Isla-Mujeres/Almare-a-Luxury-Collection-Resort-Isla-Mujeres-Cancun-Adult-All-inclusive?intlink=US-travel-discover-property-results-propertyCard-Almare-a-Luxury-Collection-Resort-Isla-Mujeres-Cancun-Adult-All-inclusive,"Isla Mujeres, Quintana Roo MX",THE HOTEL COLLECTION,The Luxury Collection,Program,21.2183086,-86.7287101,"Carretera Garrafon-Vista Alegre, Supermanzana 007 Manzana 63 Lote 1, 77400 Isla Mujeres, Q.R., Mexico",google_places,PLACE_DETAILS,ChIJyxgZm1ElTI8R6rP2UtuIQ5s,establishment;lodging;point_of_interest,False,CACHED
"SLS Hotel, a Luxury Collection Hotel, Beverly Hills",https://www.americanexpress.com/en-us/travel/discover/property/California-US/Los-Angeles/Sls-Hotel-a-Luxury-Collection-Hotel-Beverly-Hills?intlink=US-travel-discover-property-results-propertyCard-Sls-Hotel-a-Luxury-Collection-Hotel-Beverly-Hills,"Los Angeles, California US",THE HOTEL COLLECTION,The Luxury Collection,Program,34.0700076,-118.3768816,"465 La Cienega Blvd, Los Angeles, CA 90048, USA",google_places,PLACE_DETAILS,ChIJZ1tYo065woARyyXIPJsJCJg,establishment;lodging;point_of_interest,False,CACHED
"The Brickell Arch, Luxury Collection by Marriott",https://www.americanexpress.com/en-us/travel/discover/property/Florida-US/Miami/The-Brickell-Arch-Luxury-Collection-By-Marriott?intlink=US-travel-discover-property-results-propertyCard-The-Brickell-Arch-Luxury-Collection-By-Marriott,"Miami, Florida US",THE HOTEL COLLECTION,The Luxury Collection,Program,25.7604352,-80.1916854,"1395 Brickell Ave, Miami, FL 33131, USA",google_places,PLACE_DETAILS,ChIJ9WF3GoG22YgRXEvIGy5Z4s8,establishment;lodging;point_of_interest,False,CACHED
"Sanctuary Cap Cana, a Luxury Collection Resort, Dominican Republic, Adult All-Inclusive",https://www.americanexpress.com/en-us/travel/discover/property/Dominican-Republic/Punta-Cana/Sanctuary-Cap-Cana-a-Luxury-Collection-Resort-Dominican-Republic-Adult-All-inclusive?intlink=US-travel-discover-property-results-propertyCard-Sanctuary-Cap-Cana-a-Luxury-Collection-Resort-Dominican-Republic-Adult-All-inclusive,"Punta Cana, Dominican Republic",THE HOTEL COLLECTION,The Luxury Collection,Program,18.4728065,-68.3997176,"Proximo A Alta Bella, Punta Cana 23302, Dominican Republic",google_places,PLACE_DETAILS,ChIJdzaEI5yQqI4RUvY1cgZq38w,establishment;lodging;point_of_interest,False,CACHED
"Bisha, a Luxury Collection Hotel, Toronto",https://www.americanexpress.com/en-us/travel/discover/property/Ontario-CA/Toronto/Bisha-a-Luxury-Collection-Hotel-Toronto?intlink=US-travel-discover-property-results-propertyCard-Bisha-a-Luxury-Collection-Hotel-Toronto,"Toronto, Ontario CA",THE HOTEL COLLECTION,The Luxury Collection,Program,43.6452961,-79.3924474,"80 Blue Jays Way, Toronto, ON M5V 0L7, Canada",google_places,PLACE_DETAILS,ChIJiTuiAto0K4gRcsMSKhnVjVw,establishment;lodging;point_of_interest,False,CACHED
"The Standard, Bangkok Mahanakhon",https://www.americanexpress.com/en-us/travel/discover/property/Thailand/Bangkok/The-Standard-Bangkok-Mahanakhon?intlink=US-travel-discover-property-results-propertyCard-The-Standard-Bangkok-Mahanakhon,"Bangkok, Thailand",THE HOTEL COLLECTION,The Standard,Program,13.7234101,100.5285794,"114 Thanon Naradhiwat Rajanagarindra, Si Lom, Khet Bang Rak, Krung Thep Maha Nakhon 10500, Thailand",google_places,PLACE_DETAILS,ChIJNZjBvcCf4jARzphih4xO9jc,establishment;lodging;point_of_interest,False,CACHED
"The Standard, Pattaya Na Jomtien",https://www.americanexpress.com/en-us/travel/discover/property/Thailand/Chon-Buri/The-Standard-Pattaya-Na-Jomtien?intlink=US-travel-discover-property-results-propertyCard-The-Standard-Pattaya-Na-Jomtien,"Chon Buri, Thailand",THE HOTEL COLLECTION,The Standard,Program,12.8480564,100.9046106,"8, 12, Tambon Na Chom Thian, Amphoe Sattahip, Chang Wat Chon Buri 20250, Thailand",google_places,PLACE_DETAILS,ChIJ_7EIDwCTAjERIdudjMx1E9k,establishment;lodging;point_of_interest,False,CACHED
"The Standard, Ibiza",https://www.americanexpress.com/en-us/travel/discover/property/Spain/Eivissa/The-Standard-Ibiza?intlink=US-travel-discover-property-results-propertyCard-The-Standard-Ibiza,"Eivissa, Spain",THE HOTEL COLLECTION,The Standard,Program,38.9098865,1.4340948,"Carrer de Bartomeu Vicent Ramon, 9, 07800 Eivissa, Illes Balears, Spain",google_places,PLACE_DETAILS,ChIJhfCGobBGmRIR6z_fbmgs4no,establishment;lodging;point_of_interest,False,CACHED
"The Standard, London",https://www.americanexpress.com/en-us/travel/discover/property/England/London/The-Standard-London?intlink=US-travel-discover-property-results-propertyCard-The-Standard-London,"London, England",THE HOTEL COLLECTION,The Standard,Program,51.5295373,-0.1243078,"10 Argyle St, London WC1H 8EG, UK",google_places,PLACE_DETAILS,ChIJcW4KxmEbdkgRrRNkLIHuQ2c,establishment;lodging;point_of_interest,False,CACHED
The StandardX Melbourne,https://www.americanexpress.com/en-us/travel/discover/property/Australia/Melbourne/The-Standardx-Melbourne?intlink=US-travel-discover-property-results-propertyCard-The-Standardx-Melbourne,"Melbourne, Australia",THE HOTEL COLLECTION,The Standard,Program,-37.7960459,144.9774903,"62 Rose St, Fitzroy VIC 3065, Australia",google_places,PLACE_DETAILS,ChIJKTNweHtD1moRl1bOZnhFS4c,establishment;lodging;point_of_interest,False,CACHED
"The Standard Spa, Miami Beach",https://www.americanexpress.com/en-us/travel/discover/property/Florida-US/Miami-Beach/The-Standard-Spa-Miami-Beach?intlink=US-travel-discover-property-results-propertyCard-The-Standard-Spa-Miami-Beach,"Miami Beach, Florida US",THE HOTEL COLLECTION,The Standard,Program,25.79175,-80.149086,"40 Island Ave, Miami Beach, FL 33139, USA",google_places,PLACE_DETAILS,ChIJi3iJenu02YgRFrHZlqynfjg,establishment;lodging;point_of_interest;spa,False,CACHED
"The Standard, East Village",https://www.americanexpress.com/en-us/travel/discover/property/New-York-US/New-York/The-Standard-East-Village?intlink=US-travel-discover-property-results-propertyCard-The-Standard-East-Village,"New York, New York US",THE HOTEL COLLECTION,The Standard,Program,40.7278896,-73.9907987,"25 Cooper Sq, New York, NY 10003, USA",google_places,PLACE_DETAILS,ChIJgWmjF5tZwokRiP8Uj3l8gXE,establishment;lodging;point_of_interest,False,CACHED
"The Standard, High Line",https://www.americanexpress.com/en-us/travel/discover/property/New-York-US/New-York/The-Standard-High-Line?intlink=US-travel-discover-property-results-propertyCard-The-Standard-High-Line,"New York, New York US",THE HOTEL COLLECTION,The Standard,Program,40.74081380000001,-74.00786339999999,"848 Washington St, New York, NY 10014, USA",google_places,PLACE_DETAILS,ChIJN-93ZsBZwokRKqmdupb-XFA,establishment;lodging;point_of_interest,False,CACHED
"The Standard, Hua Hin",https://www.americanexpress.com/en-us/travel/discover/property/Thailand/Prachuap-Khiri-Khan/The-Standard-Hua-Hin?intlink=US-travel-discover-property-results-propertyCard-The-Standard-Hua-Hin,"Prachuap Khiri Khan, Thailand",THE HOTEL COLLECTION,The Standard,Program,12.5659002,99.9601316,"59 Soi Naresdamri, Tambon Hua Hin, Amphoe Hua Hin, Chang Wat Prachuap Khiri Khan 77110, Thailand",google_places,PLACE_DETAILS,ChIJlVOmEc-r_TARYP26pc4_ggU,establishment;lodging;point_of_interest,False,CACHED
"The Standard, Huruvalhi Maldives",https://www.americanexpress.com/en-us/travel/discover/property/Maldives/Raa-Atoll/The-Standard-Huruvalhi-Maldives?intlink=US-travel-discover-property-results-propertyCard-The-Standard-Huruvalhi-Maldives,"Raa Atoll, Maldives",THE HOTEL COLLECTION,The Standard,Program,5.3922115,72.9789255,"Huruvalhi Island, Maldives",google_places,PLACE_DETAILS,ChIJ76lDAQ_kajsR4gCwNAxoVm8,establishment;lodging;point_of_interest,False,CACHED
"The Standard, Singapore",https://www.americanexpress.com/en-us/travel/discover/property/Singapore/Singapore/The-Standard-Singapore?intlink=US-travel-discover-property-results-propertyCard-The-Standard-Singapore,"Singapore, Singapore",THE HOTEL COLLECTION,The Standard,Program,1.3101799,103.8261714,"12 Orange Grove Rd, Singapore 258353",google_places,PLACE_DETAILS,ChIJzfcnKcAZ2jERv7TnhIwZHVE,establishment;lodging;point_of_interest,False,CACHED
The Driskill,https://www.americanexpress.com/en-us/travel/discover/property/Texas-US/Austin/The-Driskill?intlink=US-travel-discover-property-results-propertyCard-The-Driskill,"Austin, Texas US",THE HOTEL COLLECTION,The Unbound Collection,Program,30.2681502,-97.74175509999999,"604 Brazos St, Austin, TX 78701, USA",google_places,PLACE_DETAILS,ChIJ4yWPfKe1RIYRui8YMpjSzaA,establishment;lodging;point_of_interest,False,CACHED
Chicago Athletic Association,https://www.americanexpress.com/en-us/travel/discover/property/Illinois-US/Chicago/Chicago-Athletic-Association?intlink=US-travel-discover-property-results-propertyCard-Chicago-Athletic-Association,"Chicago, Illinois US",THE HOTEL COLLECTION,The Unbound Collection,Program,41.8816642,-87.62471769999999,"12 S Michigan Ave, Chicago, IL 60603, USA",google_places,PLACE_DETAILS,ChIJ3aVOQKQsDogRKqUuPtxhyRc,establishment;lodging;point_of_interest,False,CACHED
"The Eliza Jane, Autograph Collection",https://www.americanexpress.com/en-us/travel/discover/property/Louisiana-US/New-Orleans/The-Eliza-Jane-Autograph-Collection?intlink=US-travel-discover-property-results-propertyCard-The-Eliza-Jane-Autograph-Collection,"New Orleans, Louisiana US",THE HOTEL COLLECTION,The Unbound Collection,Program,29.9502773,-90.0680758,"315 Magazine St, New Orleans, LA 70130, USA",google_places,PLACE_DETAILS,ChIJ-99wKHOmIIYRbbnVXJ4sSCo,establishment;lodging;point_of_interest,False,CACHED
Hotel du Louvre,https://www.americanexpress.com/en-us/travel/discover/property/France/Paris/Hotel-Du-Louvre?intlink=US-travel-discover-property-results-propertyCard-Hotel-Du-Louvre,"Paris, France",THE HOTEL COLLECTION,The Unbound Collection,Program,48.8629906,2.3356856,"Pl. André Malraux, 75001 Paris, France",google_places,PLACE_DETAILS,ChIJX9h1uSVu5kcR-6dgllIRSrE,establishment;lodging;point_of_interest,False,CACHED
"The Cape, a Thompson Hotel",https://www.americanexpress.com/en-us/travel/discover/property/Baja-California-Sur-MX/Cabo-San-Lucas/The-Cape-a-Thompson-Hotel?intlink=US-travel-discover-property-results-propertyCard-The-Cape-a-Thompson-Hotel,"Cabo San Lucas, Baja California Sur MX",THE HOTEL COLLECTION,Thompson Hotels,Program,22.8987629,-109.8697323,"Carr. Transpeninsular km. 5, Tourist Corridor, 23455 Cabo San Lucas, B.C.S., Mexico",google_places,PLACE_DETAILS,ChIJ_UEptnBLr4YRJUI7AaOet3g,establishment;lodging;point_of_interest,False,CACHED
"Gild Hall, A Thompson Hotel",https://www.americanexpress.com/en-us/travel/discover/property/New-York-US/New-York/Gild-Hall-A-Thompson-Hotel?intlink=US-travel-discover-property-results-propertyCard-Gild-Hall-A-Thompson-Hotel,"New York, New York US",THE HOTEL COLLECTION,Thompson Hotels,Program,40.7079177,-74.0072143,"15 Gold St, New York, NY 10038, USA",google_places,PLACE_DETAILS,ChIJNfKP5xdawokRyCFSWap_ogE,establishment;lodging;point_of_interest,False,CACHED
Thompson Central Park New York,https://www.americanexpress.com/en-us/travel/discover/property/New-York-US/New-York/Thompson-Central-Park-New-York?intlink=US-travel-discover-property-results-propertyCard-Thompson-Central-Park-New-York,"New York, New York US",THE HOTEL COLLECTION,Thompson Hotels,Program,40.7641565,-73.9785205,"119 W 56th St, New York, NY 10019, USA",google_places,PLACE_DETAILS,ChIJwfFb4flYwokRa1Y4QKuhSwE,establishment;lodging;point_of_interest,False,CACHED
Thompson Seattle,https://www.americanexpress.com/en-us/travel/discover/property/Washington-US/Seattle/Thompson-Seattle?intlink=US-travel-discover-property-results-propertyCard-Thompson-Seattle,"Seattle, Washington US",THE HOTEL COLLECTION,Thompson Hotels,Program,47.61057599999999,-122.3412018,"110 Stewart St, Seattle, WA 98101, USA",google_places,PLACE_DETAILS,ChIJa3cZ2LJqkFQRLpPz5MZdJX4,establishment;lodging;point_of_interest,False,CACHED
Thompson Washington DC,https://www.americanexpress.com/en-us/travel/discover/property/District-of-Columbia-US/Washington/Thompson-Washington-Dc?intlink=US-travel-discover-property-results-propertyCard-Thompson-Washington-Dc,"Washington, District of Columbia US",THE HOTEL COLLECTION,Thompson Hotels,Program,38.874712,-77.002753,"221 Tingey St SE, Washington, DC 20003, USA",google_places,PLACE_DETAILS,ChIJdWhyGLG5t4kRIPDtM3C7Kos,establishment;lodging;point_of_interest,False,CACHED
Tivoli Carvoeiro Algarve Resort,https://www.americanexpress.com/en-us/travel/discover/property/Portugal/Carvoeiro/Tivoli-Carvoeiro-Algarve-Resort?intlink=US-travel-discover-property-results-propertyCard-Tivoli-Carvoeiro-Algarve-Resort,"Carvoeiro, Portugal",THE HOTEL COLLECTION,Tivoli Hotels & Resorts,Program,37.0939326,-8.4602881,"Praia do Vale Covo, 8400-526 Carvoeiro, Portugal",google_places,PLACE_DETAILS,ChIJ5c4OwwiyGg0RqfzaFEwalCc,establishment;lodging;point_of_interest,False,CACHED
Tivoli Palazzo Gaddi,https://www.americanexpress.com/en-us/travel/discover/property/Italy/Florence/Tivoli-Palazzo-Gaddi?intlink=US-travel-discover-property-results-propertyCard-Tivoli-Palazzo-Gaddi,"Florence, Italy",THE HOTEL COLLECTION,Tivoli Hotels & Resorts,Program,43.7741713,11.2514476,"Via del Giglio, 9, 50123 Firenze FI, Italy",google_places,PLACE_DETAILS,ChIJAdgMw6lWKhMREQeESzVptVY,establishment;lodging;point_of_interest,False,CACHED
Tivoli President Milano Hotel,https://www.americanexpress.com/en-us/travel/discover/property/Italy/Milan/Tivoli-President-Milano-Hotel?intlink=US-travel-discover-property-results-propertyCard-Tivoli-President-Milano-Hotel,"Milan, Italy",THE HOTEL COLLECTION,Tivoli Hotels & Resorts,Program,45.463112,9.197721999999999,"Largo Augusto, 10, 20122 Milano MI, Italy",google_places,PLACE_DETAILS,ChIJ3f8Dy6XGhkcRbwud_cDLgW4,establishment;lodging;point_of_interest,False,CACHED
Viceroy Chicago,https://www.americanexpress.com/en-us/travel/discover/property/Illinois-US/Chicago/Viceroy-Chicago?intlink=US-travel-discover-property-results-propertyCard-Viceroy-Chicago,"Chicago, Illinois US",THE HOTEL COLLECTION,Viceroy Hotels & Resorts,Program,41.9024809,-87.62870550000001,"1118 N State St, Chicago, IL 60610, USA",google_places,PLACE_DETAILS,ChIJh_G21VHTD4gRoxM2FR9qB-I,establishment;lodging;point_of_interest,False,CACHED
Viceroy Los Cabos,https://www.americanexpress.com/en-us/travel/discover/property/Baja-California-Sur-MX/San-Jose-del-Cabo/Viceroy-Los-Cabos?intlink=US-travel-discover-property-results-propertyCard-Viceroy-Los-Cabos,"San Jose del Cabo, Baja California Sur MX",THE HOTEL COLLECTION,Viceroy Hotels & Resorts,Program,23.0447242,-109.6983954,"P.º Malecon San Jose Lote 8, Zona Hotelera, 23405 San José del Cabo, B.C.S., Mexico",google_places,PLACE_DETAILS,ChIJybZMQJJQr4YRLgiYrTAy1Ms,establishment;lodging;point_of_interest,False,CACHED
Viceroy Santa Monica,https://www.americanexpress.com/en-us/travel/discover/property/California-US/Santa-Monica/Viceroy-Santa-Monica?intlink=US-travel-discover-property-results-propertyCard-Viceroy-Santa-Monica,"Santa Monica, California US",THE HOTEL COLLECTION,Viceroy Hotels & Resorts,Program,34.008046,-118.490338,"1819 Ocean Ave, Santa Monica, CA 90401, USA",google_places,PLACE_DETAILS,ChIJw50IuNWkwoAR3fGFM62emXk,establishment;lodging;point_of_interest,False,CACHED
Hotel Zena,https://www.americanexpress.com/en-us/travel/discover/property/District-of-Columbia-US/Washington/Hotel-Zena?intlink=US-travel-discover-property-results-propertyCard-Hotel-Zena,"Washington, District of Columbia US",THE HOTEL COLLECTION,Viceroy Hotels & Resorts,Program,38.9050701,-77.0315871,"1155 14th St NW, Washington, DC 20005, USA",google_places,PLACE_DETAILS,ChIJZw4ZOpW3t4kRsr6vCXF_SnM,establishment;lodging;point_of_interest,False,CACHED
Viceroy Washington D.C.,https://www.americanexpress.com/en-us/travel/discover/property/District-of-Columbia-US/Washington/Viceroy-Washington-Dc?intlink=US-travel-discover-property-results-propertyCard-Viceroy-Washington-Dc,"Washington, District of Columbia US",THE HOTEL COLLECTION,Viceroy Hotels & Resorts,Program,38.90815500000001,-77.0329235,"1430 Rhode Island Ave NW, Washington, DC 20005, USA",google_places,PLACE_DETAILS,ChIJ8Xo1hOq3t4kRrrjMUe7xx5k,establishment;lodging;point_of_interest,False,CACHED
W Amsterdam,https://www.americanexpress.com/en-us/travel/discover/property/Netherlands/Amsterdam/W-Amsterdam?intlink=US-travel-discover-property-results-propertyCard-W-Amsterdam,"Amsterdam, Netherlands",THE HOTEL COLLECTION,W Hotels,Program,52.3727871,4.890005899999999,"Spuistraat 175, 1012 RR Amsterdam, Netherlands",google_places,PLACE_DETAILS,ChIJQQnar8YJxkcRvUSlBsi-QTk,establishment;lodging;point_of_interest,False,CACHED
W Barcelona,https://www.americanexpress.com/en-us/travel/discover/property/Spain/Barcelona/W-Barcelona?intlink=US-travel-discover-property-results-propertyCard-W-Barcelona,"Barcelona, Spain",THE HOTEL COLLECTION,W Hotels,Program,41.368437,2.1901534,"Plaça Rosa Del Vents 1, Final, Pg. de Joan de Borbó, Ciutat Vella, 08039 Barcelona, Spain",google_places,PLACE_DETAILS,ChIJJVBihbGjpBIRCy9-D3gM6Fk,establishment;lodging;point_of_interest,False,CACHED
W Boston,https://www.americanexpress.com/en-us/travel/discover/property/Massachusetts-US/Boston/W-Boston?intlink=US-travel-discover-property-results-propertyCard-W-Boston,"Boston, Massachusetts US",THE HOTEL COLLECTION,W Hotels,Program,42.3508419,-71.0656551,"100 Stuart St, Boston, MA 02116, USA",google_places,PLACE_DETAILS,ChIJVecp-HZ644kRDjLB7UQdRrs,establishment;lodging;point_of_interest,False,CACHED
W Dallas,https://www.americanexpress.com/en-us/travel/discover/property/Texas-US/Dallas/W-Dallas?intlink=US-travel-discover-property-results-propertyCard-W-Dallas,"Dallas, Texas US",THE HOTEL COLLECTION,W Hotels,Program,32.7886837,-96.8092569,"2440 Victory Park Ln, Dallas, TX 75219, USA",google_places,PLACE_DETAILS,ChIJLRoSazmZToYRPrVY2tIYdhA,establishment;lodging;point_of_interest,False,CACHED
W Fort Lauderdale,https://www.americanexpress.com/en-us/travel/discover/property/Florida-US/Fort-Lauderdale/W-Fort-Lauderdale?intlink=US-travel-discover-property-results-propertyCard-W-Fort-Lauderdale,"Fort Lauderdale, Florida US",THE HOTEL COLLECTION,W Hotels,Program,26.1285006,-80.1041804,"401 N Fort Lauderdale Beach Blvd, Fort Lauderdale, FL 33304, USA",google_places,PLACE_DETAILS,ChIJGUenndMB2YgRXAv5v3k3YPg,establishment;lodging;point_of_interest,False,CACHED
W Hoboken,https://www.americanexpress.com/en-us/travel/discover/property/New-Jersey-US/Hoboken/W-Hoboken?intlink=US-travel-discover-property-results-propertyCard-W-Hoboken,"Hoboken, New Jersey US",THE HOTEL COLLECTION,W Hotels,Program,40.7393875,-74.0280172,"225 River St, Hoboken, NJ 07030, USA",google_places,PLACE_DETAILS,ChIJ67eiTOBZwokRvqTgL4UexRk,establishment;lodging;point_of_interest,False,CACHED
W Hong Kong,https://www.americanexpress.com/en-us/travel/discover/property/China/Hong-Kong/W-Hong-Kong?intlink=US-travel-discover-property-results-propertyCard-W-Hong-Kong,"Hong Kong, China",THE HOTEL COLLECTION,W Hotels,Program,22.3048255,114.1605667,"1 Austin Road West Kowloon Station, Tsim Sha Tsui, Hong Kong",google_places,PLACE_DETAILS,ChIJoxRfzJIABDQRl2mMd4PG1Ts,establishment;lodging;point_of_interest,False,CACHED
W Koh Samui,https://www.americanexpress.com/en-us/travel/discover/property/Thailand/Koh-Samui/W-Koh-Samui?intlink=US-travel-discover-property-results-propertyCard-W-Koh-Samui,"Koh Samui, Thailand",THE HOTEL COLLECTION,W Hotels,Program,9.5719696,100.0167472,"4, Tambol Maenam, 1, Tambon Mae Nam, Amphoe Ko Samui, Chang Wat Surat Thani 84330, Thailand",google_places,PLACE_DETAILS,ChIJa7vY1p7wVDARzXOFnsNEikI,establishment;lodging;point_of_interest,False,CACHED
W Montreal,https://www.americanexpress.com/en-us/travel/discover/property/Québec-CA/Montréal/W-Montreal?intlink=US-travel-discover-property-results-propertyCard-W-Montreal,"Montréal, Québec CA",THE HOTEL COLLECTION,W Hotels,Program,45.5020684,-73.56194789999999,"901 Rue du Square-Victoria, Montréal, QC H2Z 1J1, Canada",google_places,PLACE_DETAILS,ChIJGxuRr1sayUwRvL27KMjevwk,establishment;lodging;point_of_interest,False,CACHED
W Nashville,https://www.americanexpress.com/en-us/travel/discover/property/Tennessee-US/Nashville/W-Nashville?intlink=US-travel-discover-property-results-propertyCard-W-Nashville,"Nashville, Tennessee US",THE HOTEL COLLECTION,W Hotels,Program,36.15353959999999,-86.7853126,"300 12th Ave S, Nashville, TN 37203, USA",google_places,PLACE_DETAILS,ChIJq6rmFYtmZIgROmeeNb_tMLY,establishment;lodging;point_of_interest,False,CACHED
W Punta de Mita,https://www.americanexpress.com/en-us/travel/discover/property/Nayarit-MX/Punta-de-Mita/W-Punta-De-Mita?intlink=US-travel-discover-property-results-propertyCard-W-Punta-De-Mita,"Punta de Mita, Nayarit MX",THE HOTEL COLLECTION,W Hotels,Program,20.7486873,-105.4321982,"Carr. Federal la Cruz de Huanacaxtle - Punta de Mita Km 8.5, Desarrollo Costa Banderas, 63734 Desarrollo Punta Mita, Nay., Mexico",google_places,PLACE_DETAILS,ChIJT2qLJMdqIYQRZMX8o0ib_U8,establishment;lodging;point_of_interest,False,CACHED
W Ibiza,https://www.americanexpress.com/en-us/travel/discover/property/Spain/Santa-Eulalia-del-Rio/W-Ibiza?intlink=US-travel-discover-property-results-propertyCard-W-Ibiza,"Santa Eulalia del Rio, Spain",THE HOTEL COLLECTION,W Hotels,Program,38.981591,1.5312135,"Carrer Ricardo Curtoys Gotarredona, 37, 07840 Santa Eulària des Riu, Illes Balears, Spain",google_places,PLACE_DETAILS,ChIJ9ViugMYVmRIRwnsto3pfx1A,establishment;lodging;point_of_interest,False,CACHED
W Bali Seminyak,https://www.americanexpress.com/en-us/travel/discover/property/Indonesia/Seminyak/W-Bali-Seminyak?intlink=US-travel-discover-property-results-propertyCard-W-Bali-Seminyak,"Seminyak, Indonesia",THE HOTEL COLLECTION,W Hotels,Program,-8.6772946,115.1491632,"Jl. Petitenget, Kerobokan Kelod, Kec. Kuta Utara, Kabupaten Badung, Bali, Indonesia",google_places,PLACE_DETAILS,ChIJP7mL_wxH0i0R7pAAg_h9Zqo,establishment;lodging;point_of_interest,False,CACHED
W Shanghai The Bund,https://www.americanexpress.com/en-us/travel/discover/property/China/Shanghai/W-Shanghai-The-Bund?intlink=US-travel-discover-property-results-propertyCard-W-Shanghai-The-Bund,"Shanghai, China",THE HOTEL COLLECTION,W Hotels,Program,31.24873,121.49649,"66 Lv Shun Lu, 66, Hong Kou Qu, Shang Hai Shi, China, 200086",google_places,PLACE_DETAILS,ChIJ8YmKhAFxsjUR6py4-fAVEl0,establishment;lodging;point_of_interest,False,CACHED
W Singapore Sentosa Cove,https://www.americanexpress.com/en-us/travel/discover/property/Singapore/Singapore/W-Singapore-Sentosa-Cove?intlink=US-travel-discover-property-results-propertyCard-W-Singapore-Sentosa-Cove,"Singapore, Singapore",THE HOTEL COLLECTION,W Hotels,Program,1.2461106,103.8424732,"21 Ocean Way, Singapore 098374",google_places,PLACE_DETAILS,ChIJVV19ebYe2jERR-8J-QgvBlY,establishment;lodging;point_of_interest,False,CACHED
W Sao Paulo,https://www.americanexpress.com/en-us/travel/discover/property/Brazil/São-Paulo/W-Sao-Paulo?intlink=US-travel-discover-property-results-propertyCard-W-Sao-Paulo,"São Paulo, Brazil",THE HOTEL COLLECTION,W Hotels,Program,-23.5927293,-46.6872172,"R. Funchal, 65 - Vila Olímpia, São Paulo - SP, 04551-060, Brazil",google_places,PLACE_DETAILS,ChIJDeavdwBXzpQR_0OJK5n9uvM,establishment;lodging;point_of_interest,False,CACHED
W Toronto,https://www.americanexpress.com/en-us/travel/discover/property/Ontario-CA/Toronto/W-Toronto?intlink=US-travel-discover-property-results-propertyCard-W-Toronto,"Toronto, Ontario CA",THE HOTEL COLLECTION,W Hotels,Program,43.67087,-79.3845923,"90 Bloor St E, Toronto, ON M4W 1A7, Canada",google_places,PLACE_DETAILS,ChIJ51drNaw0K4gRC7eNrce6diE,establishment;lodging;point_of_interest,False,CACHED
W Xian,https://www.americanexpress.com/en-us/travel/discover/property/China/Xi'an/W-Xian?intlink=US-travel-discover-property-results-propertyCard-W-Xian,"Xi'an, China",THE HOTEL COLLECTION,W Hotels,Program,34.216908,108.958405,"66 Ci En Road, 雁塔区西安市 SA, China, 710063",google_places,PLACE_DETAILS,ChIJ1ZGrol1wYzYRkh8SgRi1XvM,establishment;lodging;point_of_interest,False,CACHED
"The Westin Copley Place, Boston",https://www.americanexpress.com/en-us/travel/discover/property/Massachusetts-US/Boston/The-Westin-Copley-Place-Boston?intlink=US-travel-discover-property-results-propertyCard-The-Westin-Copley-Place-Boston,"Boston, Massachusetts US",THE HOTEL COLLECTION,Westin Hotels & Resorts,Program,42.3483206,-71.0774615,"10 Huntington Ave, Boston, MA 02116, USA",google_places,PLACE_DETAILS,ChIJbX90TQx644kRGaWFkn19mH0,establishment;lodging;point_of_interest,False,CACHED
The Westin Grand Cayman Seven Mile Beach Resort & Spa,https://www.americanexpress.com/en-us/travel/discover/property/Cayman-Islands/Grand-Cayman/The-Westin-Grand-Cayman-Seven-Mile-Beach-Resort--Spa?intlink=US-travel-discover-property-results-propertyCard-The-Westin-Grand-Cayman-Seven-Mile-Beach-Resort--Spa,"Grand Cayman, Cayman Islands",THE HOTEL COLLECTION,Westin Hotels & Resorts,Program,19.339379,-81.3810194,"30620 Seven Mile Beach Grand Cayman, 8JQ9+HHX, West Bay KY1-1200, Cayman Islands",google_places,PLACE_DETAILS,ChIJC4qpyaGHJY8RxldH2eizxew,establishment;lodging;point_of_interest,False,CACHED
"Moana Surfrider, A Westin Resort & Spa",https://www.americanexpress.com/en-us/travel/discover/property/Hawaii-US/Honolulu/Moana-Surfrider-A-Westin-Resort--Spa?intlink=US-travel-discover-property-results-propertyCard-Moana-Surfrider-A-Westin-Resort--Spa,"Honolulu, Hawaii US",THE HOTEL COLLECTION,Westin Hotels & Resorts,Program,21.2765498,-157.8266319,"2365 Kalākaua Ave, Honolulu, HI 96815, USA",google_places,PLACE_DETAILS,ChIJzyVahnZyAHwRSexvrM_P95g,establishment;lodging;point_of_interest,False,CACHED
Westin Galleria Houston,https://www.americanexpress.com/en-us/travel/discover/property/Texas-US/Houston/Westin-Galleria-Houston?intlink=US-travel-discover-property-results-propertyCard-Westin-Galleria-Houston,"Houston, Texas US",THE HOTEL COLLECTION,Westin Hotels & Resorts,Program,29.738384,-95.4646465,"5060 W Alabama St, Houston, TX 77056, USA",google_places,PLACE_DETAILS,ChIJbaE2hW7BQIYRSV9pPLeMt4w,establishment;lodging;point_of_interest,False,CACHED
Westin Miyako Kyoto,https://www.americanexpress.com/en-us/travel/discover/property/Japan/Kyoto/Westin-Miyako-Kyoto?intlink=US-travel-discover-property-results-propertyCard-Westin-Miyako-Kyoto,"Kyoto, Japan",THE HOTEL COLLECTION,Westin Hotels & Resorts,Program,35.0081281,135.7874855,"Japan, 〒1 Kyoto, Higashiyama Ward, Awadaguchi Kachōchō, JP 605-0052, Keage Sanjo, Higashiyaman-Ku",google_places,PLACE_DETAILS,ChIJN1AzAd8IAWAR2hJ9wcsW4TE,establishment;lodging;point_of_interest,False,CACHED
The Westin London City,https://www.americanexpress.com/en-us/travel/discover/property/England/London/The-Westin-London-City?intlink=US-travel-discover-property-results-propertyCard-The-Westin-London-City,"London, England",THE HOTEL COLLECTION,Westin Hotels & Resorts,Program,51.5108155,-0.0953016,"60 Upper Thames St., London EC4V 3AD, UK",google_places,PLACE_DETAILS,ChIJ64e1nskDdkgRhynPWPKqIzY,establishment;lodging;point_of_interest,False,CACHED
The Westin Resort and Spa Himalayas,https://www.americanexpress.com/en-us/travel/discover/property/India/Narendra-Nagar/The-Westin-Resort-And-Spa-Himalayas?intlink=US-travel-discover-property-results-propertyCard-The-Westin-Resort-And-Spa-Himalayas,"Narendra Nagar, India",THE HOTEL COLLECTION,Westin Hotels & Resorts,Program,30.1611403,78.29926689999999,"Khasra No 605, Narendra Nagar, Sakalana, Uttarakhand 249192, India",google_places,PLACE_DETAILS,ChIJy3RXAiMXCTkRG0q3z4zcVY0,establishment;lodging;point_of_interest,False,CACHED
The Westin Kierland Resort & Spa,https://www.americanexpress.com/en-us/travel/discover/property/Arizona-US/Scottsdale/The-Westin-Kierland-Resort--Spa?intlink=US-travel-discover-property-results-propertyCard-The-Westin-Kierland-Resort--Spa,"Scottsdale, Arizona US",THE HOTEL COLLECTION,Westin Hotels & Resorts,Program,33.625679,-111.9325332,"6902 E Greenway Pkwy, Scottsdale, AZ 85254, USA",google_places,PLACE_DETAILS,ChIJ7eVz3foEK4cRNpYOHtfFivo,establishment;lodging;point_of_interest,False,CACHED
The Westin Seoul Parnas,https://www.americanexpress.com/en-us/travel/discover/property/South-Korea/Seoul/The-Westin-Seoul-Parnas?intlink=US-travel-discover-property-results-propertyCard-The-Westin-Seoul-Parnas,"Seoul, South Korea",THE HOTEL COLLECTION,Westin Hotels & Resorts,Program,37.51292919999999,127.0574461,"524 Bongeunsa-ro, Gangnam District, Seoul, South Korea",google_places,PLACE_DETAILS,ChIJDU-o62ukfDUR5wCiotfmeqA,establishment;lodging;point_of_interest,False,CACHED
The Westin Dragonara Resort,https://www.americanexpress.com/en-us/travel/discover/property/Malta/St.-Julian's/The-Westin-Dragonara-Resort?intlink=US-travel-discover-property-results-propertyCard-The-Westin-Dragonara-Resort,"St. Julian's, Malta",THE HOTEL COLLECTION,Westin Hotels & Resorts,Program,35.92539170000001,14.492265,"Dragonara Road St. Julian's, St Julian's STJ 3143, Malta",google_places,PLACE_DETAILS,ChIJL4gD5wVPDhMRmUiII41T51k,establishment;lodging;point_of_interest,False,CACHED
The Westin St. Thomas Beach Resort & Spa,https://www.americanexpress.com/en-us/travel/discover/property/U.S.-Virgin-Islands/St.-Thomas/The-Westin-St-Thomas-Beach-Resort--Spa?intlink=US-travel-discover-property-results-propertyCard-The-Westin-St-Thomas-Beach-Resort--Spa,"St. Thomas, U.S. Virgin Islands",THE HOTEL COLLECTION,Westin Hotels & Resorts,Program,18.3205224,-64.9220612,"5 Estate Bakkeroe, St Thomas 00801, USVI",google_places,PLACE_DETAILS,ChIJu-RezREbBYwRfDm0a0crmoI,establishment;lodging;point_of_interest,False,CACHED
"The Westin Bayshore, Vancouver",https://www.americanexpress.com/en-us/travel/discover/property/British-Columbia-CA/Vancouver/The-Westin-Bayshore-Vancouver?intlink=US-travel-discover-property-results-propertyCard-The-Westin-Bayshore-Vancouver,"Vancouver, British Columbia CA",THE HOTEL COLLECTION,Westin Hotels & Resorts,Program,49.2923317,-123.1291619,"1601 Bayshore Dr., Vancouver, BC V6G 2V4, Canada",google_places,PLACE_DETAILS,ChIJrxk4oohxhlQRf7dlfHOvbq8,establishment;lodging;point_of_interest,False,CACHED
The Westin DC Downtown,https://www.americanexpress.com/en-us/travel/discover/property/District-of-Columbia-US/Washington/The-Westin-Dc-Downtown?intlink=US-travel-discover-property-results-propertyCard-The-Westin-Dc-Downtown,"Washington, District of Columbia US",THE HOTEL COLLECTION,Westin Hotels & Resorts,Program,38.9052525,-77.0333279,"1400 M St NW, Washington, DC 20005, USA",google_places,PLACE_DETAILS,ChIJs3DrKLS3t4kRkuqA5WWkU48,establishment;lodging;point_of_interest,False,CACHED
"The Westin Yokohama, Greater Tokyo",https://www.americanexpress.com/en-us/travel/discover/property/Japan/Yokohama/The-Westin-Yokohama-Greater-Tokyo?intlink=US-travel-discover-property-results-propertyCard-The-Westin-Yokohama-Greater-Tokyo,"Yokohama, Japan",THE HOTEL COLLECTION,Westin Hotels & Resorts,Program,35.4573429,139.6271914,"4-chōme-2-8 Minatomirai, Nishi Ward, Yokohama, Kanagawa 220-0012, Japan",google_places,PLACE_DETAILS,ChIJOROhNRZdGGARuFsSrQgIUF0,establishment;lodging;point_of_interest,False,CACHED
